CASE_ID,ACCIDENT_YEAR,PROC_DATE,JURIS,COLLISION_DATE,COLLISION_TIME,OFFICER_ID,REPORTING_DISTRICT,DAY_OF_WEEK,CHP_SHIFT,POPULATION,CNTY_CITY_LOC,SPECIAL_COND,BEAT_TYPE,CHP_BEAT_TYPE,CITY_DIVISION_LAPD,CHP_BEAT_CLASS,BEAT_NUMBER,PRIMARY_RD,SECONDARY_RD,DISTANCE,DIRECTION,INTERSECTION,WEATHER_1,WEATHER_2,STATE_HWY_IND,CALTRANS_COUNTY,CALTRANS_DISTRICT,STATE_ROUTE,ROUTE_SUFFIX,POSTMILE_PREFIX,POSTMILE,LOCATION_TYPE,RAMP_INTERSECTION,SIDE_OF_HWY,TOW_AWAY,COLLISION_SEVERITY,NUMBER_KILLED,NUMBER_INJURED,PARTY_COUNT,PRIMARY_COLL_FACTOR,PCF_CODE_OF_VIOL,PCF_VIOL_CATEGORY,PCF_VIOLATION,PCF_VIOL_SUBSECTION,HIT_AND_RUN,TYPE_OF_COLLISION,MVIW,PED_ACTION,ROAD_SURFACE,ROAD_COND_1,ROAD_COND_2,LIGHTING,CONTROL_DEVICE,CHP_ROAD_TYPE,PEDESTRIAN_ACCIDENT,BICYCLE_ACCIDENT,MOTORCYCLE_ACCIDENT,TRUCK_ACCIDENT,NOT_PRIVATE_PROPERTY,ALCOHOL_INVOLVED,STWD_VEHTYPE_AT_FAULT,CHP_VEHTYPE_AT_FAULT,COUNT_SEVERE_INJ,COUNT_VISIBLE_INJ,COUNT_COMPLAINT_PAIN,COUNT_PED_KILLED,COUNT_PED_INJURED,COUNT_BICYCLIST_KILLED,COUNT_BICYCLIST_INJURED,COUNT_MC_KILLED,COUNT_MC_INJURED,PRIMARY_RAMP,SECONDARY_RAMP,LATITUDE,LONGITUDE,COUNTY,CITY,POINT_X,POINT_Y
7034739,2015,2015-08-22,3801,2015-02-26,1931,000985,RICHM,4,5,7,3801,0,0,0,,0,3G3D,"ARGUELLO BL","ANZA ST",0.00,,Y,A,-,N,,,,,,,,,,N,4,0,1,2,A,-,08,22107,,N,B,G,A,A,H,-,C,A,0,,Y,,,Y,,A,01,0,0,1,0,0,0,1,0,0,"- ","- ",,,"SAN FRANCISCO","SAN FRANCISCO",-122.45874994,37.7793499
7035304,2014,2015-08-24,3801,2014-12-25,2245,A09861,INGLE,4,5,7,3801,0,0,0,,0,3H16E,"SANTOS ST","BLYTHDALE AV",50.00,N,N,A,-,N,,,,,,,,,,N,4,0,1,2,A,-,07,21658,A,F,D,G,A,A,H,-,C,D,0,,Y,,,Y,,A,01,0,0,1,0,0,0,1,0,0,"- ","- ",,,"SAN FRANCISCO","SAN FRANCISCO",-122.41878752,37.71085489
7202472,2016,2016-03-09,3801,2016-02-11,1100,1572,,4,5,7,3801,0,0,0,,0,,"3RD ST","BRYANT ST",0.00,,Y,A,-,N,,,,,,,,,,N,3,0,1,2,A,-,07,21658,A,N,D,G,A,A,H,-,A,A,0,,Y,,,Y,,A,01,0,1,0,0,0,0,1,0,0,"- ","- ",,,"SAN FRANCISCO","SAN FRANCISCO",-122.39584993,37.781309890000003
8042422,2016,2016-05-16,3801,2016-04-13,1050,001588,CENTR,3,5,7,3801,0,0,0,,0,3A14A,"SACRAMENTO ST","BATTERY ST",140.00,E,N,A,-,N,,,,,,,,,,N,4,0,1,2,A,-,06,21750,,N,H,G,A,A,D,-,A,A,0,,Y,,,Y,,L,04,0,0,1,0,0,0,1,0,0,"- ","- ",,,"SAN FRANCISCO","SAN FRANCISCO",-122.39968154,37.794241339999999
8046723,2016,2016-05-18,3801,2016-04-16,1614,2472,MISIS,6,5,7,3801,0,0,0,,0,3D15D,"18TH ST","SANCHEZ ST",212.00,E,N,A,-,N,,,,,,,,,,N,3,0,1,2,A,-,17,22517,,N,B,G,A,A,H,-,A,A,0,,Y,,,Y,,A,01,0,1,0,0,0,0,1,0,0,"- ","- ",,,"SAN FRANCISCO","SAN FRANCISCO",-122.42983913,37.76120006
8079182,2016,2017-02-11,3801,2016-06-23,1318,27,TARAV,4,5,7,3801,0,0,0,,0,3I1A,"19TH AV","IRVING ST",98.00,N,N,A,-,Y,SF,4,1,-,-,3.950,H,-,N,N,4,0,1,2,A,-,05,21650,1,N,D,G,A,A,H,-,A,D,0,,Y,,,Y,,L,04,0,0,1,0,0,0,1,0,0,"- ","- ",,,"SAN FRANCISCO","SAN FRANCISCO",-122.47716386,37.76389683
9295599,2021,2021-07-30,3801,2021-06-30,0700,2709,PARK,3,5,7,3801,0,0,0,,0,3F13D,"POST ST","POST ST 2355",0.00,,-,B,-,N,,,,,,,,,,N,4,0,1,2,A,-,09,21801,,N,D,G,A,B,H,-,A,D,0,,Y,,,Y,,A,01,0,0,1,0,0,0,1,0,0,"- ","- ",,,"SAN FRANCISCO","SAN FRANCISCO",-122.40245819091797,37.789054870605469
9468620,2023,2023-09-22,3801,2023-08-20,1144,4283,RICHM,7,5,7,3801,0,0,0,,0,2CAR,"ARGUELLO BL","PRESIDIO TER",150.00,S,N,A,-,N,,,,,,,,,,N,3,0,1,2,A,-,08,22107,,N,B,G,A,A,H,-,A,-,0,,Y,,,Y,,A,07,0,1,0,0,0,0,1,0,0,"- ","- ",,,"SAN FRANCISCO","SAN FRANCISCO",-122.45935821533203,37.787929534912109
9481518,2022,2022-08-10,3801,2022-07-19,1914,2733,SOUTH,2,5,7,3801,0,0,0,,0,0B3,"BRANNAN ST","5TH ST",0.00,,Y,A,-,N,,,,,,,,,,N,4,0,1,2,A,-,17,22109,,F,C,G,A,A,H,-,A,D,0,,Y,,,Y,,A,01,0,0,1,0,0,0,1,0,0,"- ","- ",,,"SAN FRANCISCO","SAN FRANCISCO",-122.39875793457031,37.776573181152344
9506574,2022,2022-10-10,3801,2022-08-19,2025,1817,TENDE,5,5,7,3801,0,0,0,,0,COJ,"ELLIS ST","JONES ST",0.00,,Y,A,-,N,,,,,,,,,,N,2,0,1,2,A,-,04,21703,,F,-,G,A,-,H,-,C,A,0,,Y,,,Y,,A,01,1,0,0,0,0,0,1,0,0,"- ","- ",,,"SAN FRANCISCO","SAN FRANCISCO",-122.41278076171875,37.784896850585938
9522376,2022,2022-12-19,3801,2022-11-21,1114,4262,RICHM,1,5,7,3801,0,0,0,,0,901,"10TH AV","CALIFORNIA ST",13.00,E,N,A,-,N,,,,,,,,,,N,4,0,1,1,A,-,03,22350,,N,E,I,A,A,H,-,A,A,0,,Y,,,Y,,L,04,0,0,1,0,0,0,1,0,0,"- ","- ",,,"SAN FRANCISCO","SAN FRANCISCO",-122.46884155273438,37.784618377685547
9603692,2023,2023-09-06,3801,2023-07-13,1700,2400,BAYVI,4,5,7,3801,0,0,0,,0,3CAR,"INGALLS ST","PALOU AV",0.00,,Y,A,-,N,,,,,,,,,,N,2,0,1,2,A,-,05,21752,D,N,D,-,A,A,H,-,A,A,0,,Y,,,Y,,L,04,1,0,0,0,0,0,1,0,0,"- ","- ",,,"SAN FRANCISCO","SAN FRANCISCO",-122.38343811035156,37.729747772216797
8491217,2017,2017-12-05,3801,2017-10-10,0218,A21523,NORTH,2,5,7,3801,0,0,0,,0,3E15E,"POST ST","POLK ST",0.00,,Y,A,-,N,,,,,,,,,,N,3,0,1,2,D,-,00,,,N,D,G,A,A,H,-,C,A,0,,Y,,,Y,,-,"- ",0,1,0,0,0,0,1,0,0,"- ","- ",,,"SAN FRANCISCO","SAN FRANCISCO",-122.4198999,37.786829959999999
8698125,2018,2018-10-26,3801,2018-08-09,1812,4187,MISSI,4,5,7,3801,0,0,0,,0,,"24TH ST","VALENCIA ST",54.00,,N,A,-,N,,,,,,,,,,,4,0,1,1,D,-,00,,,N,H,-,A,A,H,-,A,D,0,,Y,,,Y,,-,"- ",0,0,1,0,0,0,1,0,0,"- ","- ",,,"SAN FRANCISCO","SAN FRANCISCO",-122.42064666748047,37.752109527587891
8698173,2018,2018-10-01,3801,2018-08-02,0834,453,TEND,4,5,7,3801,0,0,0,,0,3J107,"GOLDEN GATE",TAYLOR,109.00,W,N,A,B,N,,,,,,,,,,N,3,0,1,2,A,-,03,22350,,N,B,G,A,A,H,-,A,D,0,,Y,,,Y,,L,04,0,1,0,0,0,0,1,0,0,"- ","- ",,,"SAN FRANCISCO","SAN FRANCISCO",-122.41094207763672,37.782264709472656
8777242,2018,2019-01-25,3801,2018-12-15,1617,1306,MISSI,6,5,7,3801,0,0,0,,0,3D41D,"MISSION ST","16TH ST",308.00,S,N,A,-,N,,,,,,,,,,N,4,0,1,2,A,-,17,22517,,N,H,G,A,A,H,-,A,D,0,,Y,,,Y,,A,01,0,0,1,0,0,0,1,0,0,"- ","- ",,,"SAN FRANCISCO","SAN FRANCISCO",-122.41957855224609,37.764205932617188
8891873,2019,2019-10-28,3801,2019-09-24,1636,1402,TENDE,2,5,7,3801,0,0,0,,0,3J55C,"CHARLES J BRENHAM PL","MCALLISTER ST",0.00,,Y,A,-,N,,,,,,,,,,Y,3,0,1,2,A,-,17,22517,,N,B,G,A,A,H,-,A,A,0,,Y,,,Y,,-,,0,1,0,0,0,0,1,0,0,"- ","- ",,,"SAN FRANCISCO","SAN FRANCISCO",-122.41309356689453,37.780998229980469
9108253,2020,2020-08-03,3801,2020-04-28,1732,2450,INGLE,2,5,7,3801,0,0,0,,0,3H11C,"VALENCIA ST","17TH ST",76.00,N,N,A,-,N,,,,,,,,,,N,3,0,1,2,A,-,08,22107,,N,B,G,A,A,H,-,A,D,0,,Y,,,Y,,A,01,0,1,0,0,0,0,1,0,0,"- ","- ",,,"SAN FRANCISCO","SAN FRANCISCO",-122.42176055908203,37.763507843017578
6997502,2014,2015-08-06,3801,2014-09-20,2232,433,INGLE,6,5,7,3801,0,0,0,,0,3H90,"ALEMANY BL","PUTNAM ST",20.00,S,N,B,-,N,,,,,,,,,,,3,0,1,1,A,-,03,22350,,N,H,A,A,A,H,-,C,D,0,,Y,,,Y,,L,04,0,1,0,0,0,0,1,0,0,"- ","- ",,,"SAN FRANCISCO","SAN FRANCISCO",-122.41089576,37.734797469999997
8122119,2016,2016-09-14,3801,2016-08-23,1934,1752,CENTR,2,5,7,3801,0,0,0,,0,0A4,"NORTH POINT ST","EMBARCADERO NORTH",165.00,W,N,A,-,N,,,,,,,,,,N,2,0,1,2,A,-,08,22107,,N,D,G,A,A,H,-,A,D,0,,Y,,,Y,,A,01,1,0,0,0,0,0,1,0,0,"- ","- ",,,"SAN FRANCISCO","SAN FRANCISCO",-122.40788250999999,37.8072947
8389047,2017,2018-07-20,3801,2017-04-19,1515,242,,3,5,7,3801,0,0,0,,0,001,"GOLDEN GATE AV","STEINER ST",65.00,W,N,F,-,N,,,,,,,,,,N,4,0,1,1,C,-,18,,,N,H,I,A,-,A,-,A,-,0,,Y,,,Y,,-,"- ",0,0,1,0,0,0,1,0,0,"- ","- ",,,"SAN FRANCISCO","SAN FRANCISCO",-122.4338024,37.779323040000001
8444459,2017,2017-09-25,3801,2017-08-01,1745,293,NORTH,2,5,7,3801,0,0,0,,0,3E12D,"TURK ST","LEAVENWORTH ST",10.00,,N,A,-,N,,,,,,,,,,N,4,0,1,2,A,-,"- ",,,N,C,G,A,A,H,-,A,A,0,,Y,,,Y,,A,01,0,0,1,0,0,0,1,0,0,"- ","- ",,,"SAN FRANCISCO","SAN FRANCISCO",-122.41403986,37.782799910000001
8685841,2018,2018-09-06,3801,2018-07-12,1051,432,MISSI,4,5,7,3801,0,0,0,,0,3D11A,"GUERRERO ST","15TH ST",0.00,,Y,A,-,N,,,,,,,,,,N,4,0,1,2,A,-,07,21658,A,N,B,G,A,A,H,-,A,A,0,,Y,,,Y,,A,01,0,0,1,0,0,0,1,0,0,"- ","- ",,,"SAN FRANCISCO","SAN FRANCISCO",-122.42424011230469,37.766399383544922
8777269,2018,2019-01-25,3801,2018-12-25,1432,1938,NORTH,2,5,7,3801,0,0,0,,0,3E43C,"DIVISADERO ST","OAK ST",0.00,,Y,A,-,N,,,,,,,,,,N,2,0,1,2,A,-,12,21453,A,N,H,G,A,A,H,-,A,A,0,,Y,,,Y,,A,01,1,0,0,0,0,0,1,0,0,"- ","- ",,,"SAN FRANCISCO","SAN FRANCISCO",-122.43743133544922,37.773139953613281
8896094,2019,2019-10-31,3801,2019-09-16,0153,1104,MISSI,1,5,7,3801,0,0,0,,0,3D13E,BARTLETT,"21ST ST",34.00,S,N,C,-,N,,,,,,,,,,N,3,0,2,2,A,-,03,22350,,N,A,G,A,B,H,-,C,D,0,,Y,Y,,Y,Y,C,03,0,2,0,0,0,0,1,0,1,"- ","- ",,,"SAN FRANCISCO","SAN FRANCISCO",-122.41998291015625,37.756866455078125
9178395,2020,2021-01-06,3801,2020-10-14,1832,2419,RICHM,3,5,7,3801,0,0,0,,0,901,"ARGUELLO BL","BALBOA ST",0.00,,Y,A,-,N,,,,,,,,,,Y,4,0,1,2,A,-,09,21801,A,N,D,G,A,A,H,-,B,A,0,,Y,,,Y,,A,07,0,0,1,0,0,0,1,0,0,"- ","- ",,,"SAN FRANCISCO","SAN FRANCISCO",-122.45858764648438,37.777248382568359
9316665,2021,2021-09-11,3801,2021-07-09,1955,399,PARK,5,5,7,3801,0,0,0,,0,001,"KEZAR DR","JOHN F KENNEDY DR",0.00,,Y,A,-,N,,,,,,,,,,N,3,0,1,2,A,-,12,22450,A,N,D,G,A,A,H,-,A,D,0,,Y,,,Y,,L,04,0,1,0,0,0,0,1,0,0,"- ","- ",,,"SAN FRANCISCO","SAN FRANCISCO",-122.45532989501953,37.770858764648438
9453164,2022,2022-06-22,3801,2022-05-10,1250,2494,MISSI,2,5,7,3801,0,0,0,,0,3D45C,"15TH ST","MISSION ST",37.00,E,N,A,-,N,,,,,,,,,,N,3,0,1,2,A,-,06,21760,B,F,B,G,A,A,H,-,A,D,0,,Y,,Y,Y,,F,26,0,1,0,0,0,0,1,0,0,"- ","- ",,,"SAN FRANCISCO","SAN FRANCISCO",-122.41969299316406,37.766681671142578
9531199,2022,2022-12-22,3801,2022-11-02,1013,1826,CENTR,3,5,7,3801,0,0,0,,0,03C,"NORTH POINT ST","JONES ST",135.00,E,N,A,-,N,,,,,,,,,,N,4,0,1,2,A,-,17,21209,,N,B,G,A,A,H,-,A,D,0,,Y,,,Y,,-,,0,0,1,0,0,0,1,0,0,"- ","- ",,,"SAN FRANCISCO","SAN FRANCISCO",-122.41664123535156,37.806209564208984
6997907,2014,2015-08-05,3801,2014-08-05,1645,000779,SOUTH,2,5,7,3801,0,0,0,,0,3B115,"5TH ST","TEHAMA ST",0.00,,Y,B,-,N,,,,,,,,,,N,4,0,1,2,A,-,09,21801,A,N,D,G,A,A,H,-,A,A,0,,Y,,,Y,,A,01,0,0,1,0,0,0,1,0,0,"- ","- ",,,"SAN FRANCISCO","SAN FRANCISCO",-122.40439996000001,37.781089940000001
7010280,2014,2015-08-17,3801,2014-08-19,0822,000251,RICHM,2,5,7,3801,0,0,0,,0,3G61,"DR MARTIN LUTHER KING DR","CONCOURSE DR",143.00,E,N,B,-,N,,,,,,,,,,N,4,0,1,2,A,-,17,22517,,F,B,G,A,A,H,-,A,D,0,,Y,,,Y,,A,01,0,0,1,0,0,0,1,0,0,"- ","- ",,,"SAN FRANCISCO","SAN FRANCISCO",-122.46795951999999,37.768554930000001
7015238,2014,2015-08-19,3801,2014-10-04,1904,1014,MISSI,6,5,7,3801,0,0,0,,0,,"16TH ST","S VAN NESS AV",3.00,W,N,A,-,N,,,,,,,,,,N,4,0,1,2,A,-,17,21663,,N,A,G,A,A,H,-,A,A,0,,Y,,,Y,,L,04,0,0,1,0,0,0,1,0,0,"- ","- ",,,"SAN FRANCISCO","SAN FRANCISCO",-122.41750035,37.765179349999997
7027507,2015,2015-08-31,3801,2015-04-16,1844,000312,MISSI,4,5,7,3801,0,0,0,,0,901,"CESAR CHAVEZ ST","VALENCIA ST",0.00,,Y,A,-,N,,,,,,,,,,Y,2,0,1,2,A,-,12,21453,A,F,A,G,A,A,H,-,A,A,0,,Y,,,Y,,A,01,1,0,0,0,0,0,1,0,0,"- ","- ",,,"SAN FRANCISCO","SAN FRANCISCO",-122.42024995,37.748119950000003
7029300,2015,2015-09-01,3801,2015-06-18,2305,4314,RICHM,4,5,7,3801,0,0,0,,0,901,"POST ST","SCOTT ST",0.00,,Y,B,-,N,,,,,,,,,,N,2,0,1,2,A,-,08,22107,,N,D,G,A,A,H,-,C,A,0,,Y,,,Y,,A,07,1,0,0,0,0,0,1,0,0,"- ","- ",,,"SAN FRANCISCO","SAN FRANCISCO",-122.43799994,37.78452995
7044574,2015,2015-09-10,3801,2015-07-18,1835,001134,RICHM,6,5,7,3801,0,0,0,,0,5CAR,"CLEMENT ST","CLEMENT ST 3607",0.00,,Y,A,-,N,,,,,,,,,,N,4,0,1,1,-,-,"- ",,,N,H,A,A,A,H,-,A,D,0,,Y,,,Y,,-,"- ",0,0,1,0,0,0,1,0,0,"- ","- ",,,"SAN FRANCISCO","SAN FRANCISCO",-122.49778748,37.781406850000003
9636273,2023,2024-02-20,3801,2023-12-21,1856,2007,CENTR,4,5,7,3801,0,0,0,,0,3A11D,"GEARY ST","LARKIN ST",6.00,E,N,A,-,N,,,,,,,,,,N,4,0,1,2,A,-,05,21650,1,N,D,G,A,A,H,-,C,A,0,,Y,,,Y,,L,04,0,0,1,0,0,0,1,0,0,"- ","- ",,,"SAN FRANCISCO","SAN FRANCISCO",-122.4180908203125,37.786113739013672
9280868,2021,2021-07-01,3801,2021-05-13,1130,1118,SOUTH,4,5,7,3801,0,0,0,,0,3B13C,"MISSION ST","8TH ST",10.00,E,N,A,-,N,,,,,,,,,,N,3,0,2,2,A,-,00,22650,1,N,G,B,F,A,H,-,A,D,0,Y,Y,,,Y,,L,04,0,1,1,0,1,0,1,0,0,"- ","- ",,,"SAN FRANCISCO","SAN FRANCISCO",-122.41313171386719,37.777481079101562
9343284,2021,2021-10-08,3801,2021-08-17,1524,2050,NORTH,2,5,7,3801,0,0,0,,0,,"WEBSTER ST","JACKSON ST",0.00,,Y,A,-,N,,,,,,,,,,N,3,0,1,2,A,-,21,22106,,N,B,-,A,A,H,-,A,D,0,,Y,,,Y,,A,01,0,1,0,0,0,0,1,0,0,"- ","- ",,,"SAN FRANCISCO","SAN FRANCISCO",-122.43292236328125,37.792675018310547
9375701,2021,2021-12-31,3801,2021-11-18,1408,4020,MISSI,4,5,7,3801,0,0,0,,0,3D45C,"FOLSOM ST","15TH ST",0.00,,Y,B,-,N,,,,,,,,,,N,4,0,1,2,A,-,12,21453,A,N,D,G,A,A,H,-,A,A,0,,Y,,,Y,,L,04,0,0,1,0,0,0,1,0,0,"- ","- ",,,"SAN FRANCISCO","SAN FRANCISCO",-122.41545867919922,37.766933441162109
9468803,2023,2023-09-22,3801,2023-07-27,1422,2493,PARK,4,5,7,3801,0,0,0,,0,3F13A,"FELL ST","MASONIC AV",0.00,,Y,A,-,N,,,,,,,,,,N,3,0,1,2,A,-,08,22100,B,N,H,G,A,A,H,-,A,A,0,,Y,,,Y,,A,01,0,1,0,0,0,0,1,0,0,"- ","- ",,,"SAN FRANCISCO","SAN FRANCISCO",-122.44591522216797,37.772983551025391
9509971,2022,2022-12-16,3801,2022-11-03,2125,1144,RICHM,4,5,7,3801,0,0,0,,0,3G12E,"CALIFORNIA ST","ARGUELLO BL",0.00,,Y,A,-,N,,,,,,,,,,Y,2,0,1,2,A,-,12,21453,A,N,D,G,A,A,H,-,C,A,0,,Y,,,Y,,L,04,1,0,0,0,0,0,1,0,0,"- ","- ",,,"SAN FRANCISCO","SAN FRANCISCO",-122.45921325683594,37.785671234130859
9635985,2023,2024-02-12,3801,2023-12-12,1530,A09968,PARK,2,5,7,3801,0,0,0,,0,3F1D,"6TH AV","IRVING ST",0.00,,Y,A,-,N,,,,,,,,,,N,3,0,1,2,A,-,12,21453,A,N,D,G,A,A,H,-,A,A,0,,Y,,,Y,,L,04,0,1,0,0,0,0,1,0,0,"- ","- ",,,"SAN FRANCISCO","SAN FRANCISCO",-122.46309661865234,37.764190673828125
7101464,2015,2016-01-14,3801,2015-11-05,2006,1567,TENDE,4,5,7,3801,0,0,0,,0,3J41D,"GROVE ST","HYDE ST",0.00,,Y,A,-,N,,,,,,,,,,N,4,0,1,2,A,-,17,22517,,N,H,G,A,A,H,-,D,D,0,,Y,,,Y,,A,01,0,0,1,0,0,0,1,0,0,"- ","- ",,,"SAN FRANCISCO","SAN FRANCISCO",-122.4149,37.778859990000001
7173275,2016,2016-08-24,3801,2016-01-22,2008,001955,TARAV,5,5,7,3801,0,0,0,,0,3I16D,"40TH AV","VICENTE ST",0.00,,Y,B,C,N,,,,,,,,,,N,4,0,1,2,A,-,09,21802,B,N,D,G,A,B,H,-,C,A,0,,Y,,,Y,,A,01,0,0,1,0,0,0,1,0,0,"- ","- ",,,"SAN FRANCISCO","SAN FRANCISCO",-122.49790993000001,37.738339949999997
8307605,2017,2017-03-20,3801,2017-02-25,1239,2039,,6,5,7,3801,0,0,0,,0,001,"JOHN F KENNEDY DR","CONSERVATORY OF FLOWERS",329.00,W,N,A,-,N,,,,,,,,,,N,3,0,1,2,A,-,05,21460,A,F,A,G,A,A,H,-,A,D,0,,Y,,,Y,,A,01,0,1,0,0,0,0,1,0,0,"- ","- ",,,"SAN FRANCISCO","SAN FRANCISCO",-122.45930224999999,37.771315459999997
8594613,2018,2018-04-20,3801,2018-03-30,1720,233,MISSI,5,5,7,3801,0,0,0,,0,0D1,"VALENCIA ST","16TH ST",66.00,N,N,A,-,N,,,,,,,,,,N,3,0,1,2,A,-,03,22350,,N,C,G,A,A,H,-,A,A,0,,Y,,,Y,,L,04,0,1,0,0,0,0,1,0,0,"- ","- ",,,"SAN FRANCISCO","SAN FRANCISCO",-122.42190551757812,37.765090942382812
8969916,2019,2019-11-21,3801,2019-10-20,1744,1666,PARK,7,5,7,3801,0,0,0,,0,,"OAK ST","SHRADER ST",90.00,E,N,A,-,N,,,,,,,,,,N,3,0,1,2,A,-,06,21760,B,N,B,G,A,A,H,-,A,A,0,,Y,,,Y,,A,01,0,1,0,0,0,0,1,0,0,"- ","- ",,,"SAN FRANCISCO","SAN FRANCISCO",-122.45191192626953,37.771274566650391
9178368,2020,2020-12-21,3801,2020-10-07,1224,392,MISSI,3,5,7,3801,0,0,0,,0,3D14A,"DUBOCE AV","BUCHANAN ST",48.00,W,N,A,-,N,,,,,,,,,,N,4,0,1,2,A,-,17,21208,B,N,A,G,A,A,H,-,A,D,0,,Y,,,Y,,L,04,0,0,1,0,0,0,0,0,0,CN,"- ",,,"SAN FRANCISCO","SAN FRANCISCO",-122.42655181884766,37.769680023193359
7110776,2015,2015-11-16,3801,2015-10-22,2230,1788,MISSI,4,5,7,3801,0,0,0,,0,0D1,"SANCHEZ ST","16TH ST",130.00,N,N,A,-,N,,,,,,,,,,N,4,0,1,2,A,-,09,21801,A,N,A,G,A,A,H,-,C,D,0,,Y,,,Y,,-,,0,0,1,0,0,0,1,0,0,"- ","- ",,,"SAN FRANCISCO","SAN FRANCISCO",-122.43091102,37.76471626
7173631,2016,2016-02-12,3801,2016-01-07,1343,002399,,4,5,7,3801,0,0,0,,0,"CO J","MARKET ST","4TH ST",10.00,W,N,A,-,N,,,,,,,,,,N,4,0,1,2,A,-,08,22107,,N,B,G,A,A,H,-,A,A,0,,Y,,,Y,Y,L,04,0,0,1,0,0,0,1,0,0,"- ","- ",,,"SAN FRANCISCO","SAN FRANCISCO",-122.40591402,37.785680220000003
8305366,2017,2017-02-15,3801,2017-01-08,1929,000970,SOUTH,7,5,7,3801,0,0,0,,0,01B,"NEW MONTGOMERY","MINNA ST",10.00,S,N,A,B,N,,,,,,,,,,N,4,0,1,2,A,-,17,22517,,N,E,G,A,A,H,-,C,A,0,,Y,,,Y,,A,01,0,0,1,0,0,0,1,0,0,"- ","- ",,,"SAN FRANCISCO","SAN FRANCISCO",-122.39996634000001,37.787009939999997
8464237,2017,2017-10-16,3801,2017-09-28,2310,1061,NORHE,4,5,7,3801,0,0,0,,0,3R11E,"FRANKLIN ST","FELL ST",0.00,,Y,A,-,N,,,,,,,,,,N,2,0,1,2,A,-,12,21453,A,N,D,G,A,A,H,-,A,A,0,,Y,,,Y,,L,04,1,0,0,0,0,0,1,0,0,"- ","- ",,,"SAN FRANCISCO","SAN FRANCISCO",-122.42113997,37.776159900000003
8553241,2018,2018-02-15,3801,2018-01-02,2045,383,NORTH,2,5,7,3801,0,0,0,,0,3E12D,"POST ST","STEINER ST",0.00,,Y,A,-,N,,,,,,,,,,N,4,0,1,2,A,-,12,21453,A,N,D,G,A,A,H,-,C,A,0,,Y,,,Y,,L,04,0,0,1,0,0,0,1,0,0,"- ","- ",,,"SAN FRANCISCO","SAN FRANCISCO",-122.43472290039062,37.784938812255859
8803693,2019,2019-03-14,3801,2019-01-19,1718,71,RICHM,6,5,7,3801,0,0,0,,0,901,"CLEMENT ST","33RD AV",80.00,E,N,A,-,N,,,,,,,,,,N,4,0,1,2,A,-,03,22350,,N,C,G,A,A,H,-,B,D,0,,Y,,,Y,,L,04,0,0,1,0,0,0,1,0,0,"- ","- ",,,"SAN FRANCISCO","SAN FRANCISCO",-122.49315643310547,37.781623840332031
9543460,2022,2023-02-02,3801,2022-12-13,1606,4212,PARK,2,5,7,3801,0,0,0,,0,3F13D,"GOLDEN GATE AV","ANNAPOLIS TER",0.00,,Y,A,-,N,,,,,,,,,,N,3,0,1,2,A,-,08,22107,,N,D,G,A,A,H,-,A,D,0,,Y,,,Y,,A,01,0,1,0,0,0,0,1,0,0,"- ","- ",,,"SAN FRANCISCO","SAN FRANCISCO",-122.44779968261719,37.777553558349609
8900761,2019,2019-07-26,3801,2019-06-26,1354,268,MISSI,3,5,7,3801,0,0,0,,0,3D10,"MISSION ST","17TH ST",40.00,S,N,A,-,N,,,,,,,,,,N,3,0,2,2,A,-,09,21801,A,N,B,G,A,A,H,-,A,A,0,,Y,Y,,Y,,L,04,0,2,0,0,0,0,1,0,1,"- ","- ",,,"SAN FRANCISCO","SAN FRANCISCO",-122.41949462890625,37.763309478759766
9075047,2020,2020-05-16,3801,2020-02-16,1524,899,TENDE,7,5,7,3801,0,0,0,,0,3J14D,"HYDE ST","GROVE ST",0.00,,Y,A,-,N,,,,,,,,,,N,3,0,1,2,A,-,05,21650,1,F,H,G,A,A,H,-,A,D,0,,Y,,,Y,,L,04,0,1,0,0,0,0,1,0,0,"- ","- ",,,"SAN FRANCISCO","SAN FRANCISCO",-122.41490173339844,37.778858184814453
9087276,2020,2020-07-09,3801,2020-03-09,1220,282,TARAV,1,5,7,3801,0,0,0,,0,3I41,"IRVING ST","IRVING ST 1905",0.00,,Y,A,-,N,,,,,,,,,,N,3,0,1,2,A,-,06,21755,A,N,B,G,A,A,H,-,A,D,0,,Y,,,Y,,L,04,0,1,0,0,0,0,1,0,0,"- ","- ",,,"SAN FRANCISCO","SAN FRANCISCO",,
9111308,2020,2020-08-19,3801,2020-05-02,2035,2725,RICHM,6,5,7,3801,0,0,0,,0,,"BALBOA ST","4TH AV",0.00,,Y,B,-,N,,,,,,,,,,N,3,0,1,2,A,-,12,22450,A,N,D,G,A,A,H,-,C,A,0,,Y,,,Y,,L,04,0,1,0,0,0,0,1,0,0,"- ","- ",,,"SAN FRANCISCO","SAN FRANCISCO",-122.46189117431641,37.777320861816406