CASE_ID,ACCIDENT_YEAR,PROC_DATE,JURIS,COLLISION_DATE,COLLISION_TIME,OFFICER_ID,REPORTING_DISTRICT,DAY_OF_WEEK,CHP_SHIFT,POPULATION,CNTY_CITY_LOC,SPECIAL_COND,BEAT_TYPE,CHP_BEAT_TYPE,CITY_DIVISION_LAPD,CHP_BEAT_CLASS,BEAT_NUMBER,PRIMARY_RD,SECONDARY_RD,DISTANCE,DIRECTION,INTERSECTION,WEATHER_1,WEATHER_2,STATE_HWY_IND,CALTRANS_COUNTY,CALTRANS_DISTRICT,STATE_ROUTE,ROUTE_SUFFIX,POSTMILE_PREFIX,POSTMILE,LOCATION_TYPE,RAMP_INTERSECTION,SIDE_OF_HWY,TOW_AWAY,COLLISION_SEVERITY,NUMBER_KILLED,NUMBER_INJURED,PARTY_COUNT,PRIMARY_COLL_FACTOR,PCF_CODE_OF_VIOL,PCF_VIOL_CATEGORY,PCF_VIOLATION,PCF_VIOL_SUBSECTION,HIT_AND_RUN,TYPE_OF_COLLISION,MVIW,PED_ACTION,ROAD_SURFACE,ROAD_COND_1,ROAD_COND_2,LIGHTING,CONTROL_DEVICE,CHP_ROAD_TYPE,PEDESTRIAN_ACCIDENT,BICYCLE_ACCIDENT,MOTORCYCLE_ACCIDENT,TRUCK_ACCIDENT,NOT_PRIVATE_PROPERTY,ALCOHOL_INVOLVED,STWD_VEHTYPE_AT_FAULT,CHP_VEHTYPE_AT_FAULT,COUNT_SEVERE_INJ,COUNT_VISIBLE_INJ,COUNT_COMPLAINT_PAIN,COUNT_PED_KILLED,COUNT_PED_INJURED,COUNT_BICYCLIST_KILLED,COUNT_BICYCLIST_INJURED,COUNT_MC_KILLED,COUNT_MC_INJURED,PRIMARY_RAMP,SECONDARY_RAMP,LATITUDE,LONGITUDE,COUNTY,CITY,POINT_X,POINT_Y
8636901,2018,2018-11-09,3801,2018-05-24,0800,1572,SOUTH,4,5,7,3801,0,0,0,,0,3B4A,"11TH ST",NATOMA,0.00,,N,B,-,N,,,,,,,,,,N,3,0,1,2,A,-,07,21658,A,N,B,G,A,A,H,-,A,D,0,,Y,,,Y,,L,04,0,1,0,0,0,0,1,0,0,"- ","- ",,,"SAN FRANCISCO","SAN FRANCISCO",-122.41609954833984,37.773521423339844
8698521,2018,2018-10-01,3801,2018-07-27,1655,1994,TENDE,5,5,7,3801,0,0,0,,0,4B3G,"HYDE ST","MCCALLISTER ST",9.00,S,N,B,-,N,,,,,,,,,,N,3,0,1,2,A,-,17,21208,A,N,D,-,B,A,H,-,A,A,0,Y,Y,,,Y,,L,04,0,1,0,0,1,0,0,0,0,"- ","- ",,,"SAN FRANCISCO","SAN FRANCISCO",-122.41531372070312,37.780715942382812
8754723,2018,2018-12-13,3801,2018-10-12,1322,2200,NORTH,5,5,7,3801,0,0,0,,0,003,"LARKIN ST","POST ST",0.00,,Y,A,-,N,,,,,,,,,,N,3,0,1,2,A,-,12,21453,A,N,D,-,A,A,H,-,A,A,0,,Y,,,Y,,L,04,0,1,0,0,0,0,1,0,0,"- ","- ",,,"SAN FRANCISCO","SAN FRANCISCO",-122.41826629638672,37.787040710449219
8754734,2018,2018-12-11,3801,2018-10-07,0127,696,BAYVI,7,5,7,3801,0,0,0,,0,3C13E,"3RD ST","OAKDALE AV",0.00,,Y,A,-,N,,,,,,,,,,Y,2,0,1,2,A,-,08,22107,,N,-,G,A,A,H,-,C,A,0,,Y,,,Y,,A,01,1,0,0,0,0,0,1,0,0,"- ","- ",,,"SAN FRANCISCO","SAN FRANCISCO",-122.39076995849609,37.734828948974609
8756741,2018,2019-01-28,3801,2018-10-29,1135,2239,INGLE,1,5,7,3801,0,0,0,,0,3HILE,"SAN JOSE AV","SAINT MARYS AV",700.00,N,N,A,-,N,,,,,,,,,,N,4,0,1,2,A,-,17,27400,,N,A,E,A,A,H,-,A,D,0,,Y,,,Y,,L,04,0,0,1,0,0,0,1,0,0,"- ","- ",,,"SAN FRANCISCO","SAN FRANCISCO",-122.42662811279297,37.7362060546875
8758356,2018,2019-01-17,3801,2018-11-14,1650,386,MISSI,3,5,7,3801,0,0,0,,0,3L93D,"VALENCIA ST","18TH ST",55.00,N,N,A,-,N,,,,,,,,,,N,3,0,1,2,A,-,06,21760,,N,B,G,A,A,H,-,A,D,0,,Y,,,Y,,L,04,0,1,0,0,0,0,1,0,0,"- ","- ",,,"SAN FRANCISCO","SAN FRANCISCO",-122.42157745361328,37.761859893798828
8777434,2018,2019-01-31,3801,2018-12-19,1421,1469,SOUTH,3,5,7,3801,0,0,0,,0,3B13C,"BRANNAN ST","8TH ST",0.00,,Y,A,-,N,,,,,,,,,,N,3,0,1,2,A,-,09,21801,A,N,D,G,A,A,H,-,A,A,0,,Y,,,Y,,A,01,0,1,0,0,0,0,1,0,0,"- ","- ",,,"SAN FRANCISCO","SAN FRANCISCO",-122.40543365478516,37.771289825439453
8845492,2019,2019-05-01,3801,2019-03-21,0930,1190,TARAV,4,5,7,3801,0,0,0,,0,,"SKYLINE BL","SLOAT BL",0.00,,Y,A,-,N,,,,,,,,,,N,3,0,1,2,A,-,21,22106,,N,D,G,A,A,H,-,A,A,0,,Y,,,Y,,L,04,0,1,0,0,0,0,1,0,0,"- ","- ",,,"SAN FRANCISCO","SAN FRANCISCO",-122.49677276611328,37.733711242675781
8845772,2019,2019-04-30,3801,2019-03-31,1428,4040,CENTR,7,5,7,3801,0,0,0,,0,3A14D,"THE EMBARCADERO","BAY ST",275.00,S,N,A,-,N,,,,,,,,,,N,3,0,1,2,A,-,17,22517,,N,H,G,A,A,H,-,A,D,0,,Y,,,Y,Y,A,01,0,1,0,0,0,0,1,0,0,"- ","- ",,,"SAN FRANCISCO","SAN FRANCISCO",-122.40516662597656,37.806221008300781
8858034,2019,2019-05-21,3801,2019-04-09,1827,189,NORTH,2,5,7,3801,0,0,0,,0,001,"PAGE ST","WEBSTER ST",0.00,,Y,A,-,N,,,,,,,,,,N,3,0,1,2,A,-,04,21703,,N,C,G,A,A,H,-,B,D,0,,Y,,,Y,,A,01,0,1,0,0,0,0,1,0,0,"- ","- ",,,"SAN FRANCISCO","SAN FRANCISCO",-122.42897033691406,37.773250579833984
8892077,2019,2019-10-31,3801,2019-09-06,1349,1462,RICHM,5,5,7,3801,0,0,0,,0,3G2C,"SEAL ROCK DR","ALTA MAR WY",0.00,,Y,A,-,N,,,,,,,,,,N,3,0,1,1,A,-,03,22350,,N,F,A,A,A,H,-,A,D,0,,Y,,,Y,,L,04,0,1,0,0,0,0,1,0,0,"- ","- ",,,"SAN FRANCISCO","SAN FRANCISCO",-122.50787353515625,37.780731201171875
8892080,2019,2019-10-31,3801,2019-09-17,1313,4103,CENTR,2,5,7,3801,0,0,0,,0,3A12C,"SANSOME ST","CLAY ST",0.00,,Y,A,-,N,,,,,,,,,,N,4,0,1,2,A,-,12,21453,A,N,D,G,A,A,H,-,A,A,0,,Y,Y,,Y,,C,06,0,0,1,0,0,0,1,0,0,"- ","- ",,,"SAN FRANCISCO","SAN FRANCISCO",-122.40148162841797,37.794868469238281
8899293,2019,2019-07-26,3801,2019-06-21,0945,2316,SOUTH,5,5,7,3801,0,0,0,,0,0B2,"5TH ST","BRANNAN ST",0.00,,Y,A,-,N,,,,,,,,,,N,3,0,1,2,A,-,09,21801,,F,A,G,A,A,H,-,A,A,0,,Y,,,Y,Y,M,94,0,1,0,0,0,0,1,0,0,"- ","- ",,,"SAN FRANCISCO","SAN FRANCISCO",-122.39875793457031,37.776569366455078
8936882,2019,2019-09-18,3801,2019-08-11,1610,1861,TARAV,7,5,7,3801,0,0,0,,0,3I11D,"IRVING ST","32ND AV",0.00,,Y,A,-,N,,,,,,,,,,N,3,0,1,2,A,-,09,21801,A,N,D,G,A,A,H,-,A,D,0,,Y,,,Y,,A,01,0,1,0,0,0,0,1,0,0,"- ","- ",,,"SAN FRANCISCO","SAN FRANCISCO",-122.49105072021484,37.762958526611328
8995138,2019,2020-01-18,3801,2019-11-20,2003,654,PARK,3,5,7,3801,0,0,0,,0,3F11D,"KIRKHAM ST","5TH AV",75.00,E,N,A,-,N,,,,,,,,,,N,3,0,1,2,A,-,09,21801,A,N,D,G,A,A,-,-,C,D,0,,Y,,,Y,,A,01,0,1,0,0,0,0,1,0,0,"- ","- ",,,"SAN FRANCISCO","SAN FRANCISCO",-122.46151733398438,37.760501861572266
9047613,2020,2020-03-06,3801,2020-01-14,1450,1052,RICHM,2,5,7,3801,0,0,0,,0,3G13C,"ANZA ST","ARGUELLO BL",9.00,E,N,A,-,N,,,,,,,,,,N,3,0,1,2,A,-,08,22107,,N,B,G,A,A,H,-,A,B,0,,Y,,,Y,,A,01,0,1,0,0,0,0,1,0,0,"- ","- ",,,"SAN FRANCISCO","SAN FRANCISCO",-122.45871734619141,37.779354095458984
9194285,2020,2021-01-20,3801,2020-11-12,1446,2742,MISSI,4,5,7,3801,0,0,0,,0,,"FOLSOM ST","21ST ST",0.00,,Y,A,-,N,,,,,,,,,,N,4,0,1,2,A,-,09,21801,A,F,A,G,A,A,H,-,A,A,0,,Y,,,Y,,A,01,0,0,1,0,0,0,1,0,0,"- ","- ",,,"SAN FRANCISCO","SAN FRANCISCO",-122.41452026367188,37.757301330566406
9252807,2021,2021-04-27,3801,2021-03-30,1900,2008,MISSI,2,5,7,3801,0,0,0,,0,3D15D,"ALABAMA ST","18TH ST",0.00,,Y,A,-,N,,,,,,,,,,N,3,0,1,2,A,-,09,21802,A,N,D,G,A,A,H,-,A,A,0,,Y,,,Y,Y,L,04,0,1,0,0,0,0,1,0,0,"- ","- ",,,"SAN FRANCISCO","SAN FRANCISCO",-122.41201782226562,37.761661529541016
9262686,2021,2021-05-12,3801,2021-04-18,1829,2195,NORTH,7,5,7,3801,0,0,0,,0,003,"POLK ST","EDDY ST",0.00,,Y,A,-,N,,,,,,,,,,Y,2,0,1,2,A,-,08,22101,D,N,A,G,A,A,-,-,A,A,0,,Y,,,Y,,A,01,1,0,0,0,0,0,1,0,0,"- ","- ",,,"SAN FRANCISCO","SAN FRANCISCO",-122.41918182373047,37.7830810546875
9262917,2021,2021-05-17,3801,2021-04-06,1823,1666,PARK,2,5,7,3801,0,0,0,,0,4CAR,"SANCHEZ ST","14TH ST",183.00,N,N,A,-,N,,,,,,,,,,N,2,0,1,2,A,-,04,21703,,N,C,G,A,A,H,-,A,A,0,,Y,,,Y,,L,04,1,0,0,0,0,0,1,0,0,"- ","- ",,,"SAN FRANCISCO","SAN FRANCISCO",-122.43122863769531,37.768100738525391
9285675,2021,2021-06-30,3801,2021-05-28,1615,4356,INGLE,5,5,7,3801,0,0,0,,0,3H16C,"PLYMOUTH AV","MONTEREY BL",0.00,,Y,A,-,N,,,,,,,,,,N,3,0,1,2,A,-,12,22450,A,N,D,G,A,A,H,-,A,A,0,,Y,,,Y,,L,04,0,1,0,0,0,0,1,0,0,"- ","- ",,,"SAN FRANCISCO","SAN FRANCISCO",-122.45806121826172,37.730808258056641
9285699,2021,2021-07-14,3801,2021-05-22,0130,255,INGLE,6,5,7,3801,0,0,0,,0,3H11E,"SAN JOSE AV","30TH ST",0.00,,Y,A,-,N,,,,,,,,,,N,3,0,1,2,A,-,12,21453,A,N,D,G,A,A,H,-,C,A,0,,Y,,,Y,Y,L,04,0,1,0,0,0,0,1,0,0,"- ","- ",,,"SAN FRANCISCO","SAN FRANCISCO",-122.42333984375,37.742301940917969
9293072,2021,2021-08-20,3801,2021-06-11,1640,2111,MISSI,5,5,7,3801,0,0,0,,0,3D11D,"18TH ST","CHURCH ST",15.00,E,N,A,-,N,,,,,,,,,,N,3,0,1,2,A,-,08,22107,,F,D,G,A,A,H,-,A,A,0,,Y,,,Y,,A,01,0,1,0,0,0,0,1,0,0,"- ","- ",,,"SAN FRANCISCO","SAN FRANCISCO",-122.42832946777344,37.761302947998047
9293082,2021,2021-08-04,3801,2021-06-29,1139,2413,CENTR,2,5,7,3801,0,0,0,,0,,"JONES ST","POST ST",0.00,,Y,A,-,N,,,,,,,,,,,2,0,1,1,A,-,03,22350,,N,H,J,A,A,H,-,A,A,0,,Y,,,Y,,L,04,1,0,0,0,0,0,1,0,0,"- ","- ",,,"SAN FRANCISCO","SAN FRANCISCO",-122.41333770751953,37.787689208984375
9295586,2021,2021-07-30,3801,2021-06-06,1730,1911,RICHM,7,5,7,3801,0,0,0,,0,03G,"PRESIDIO ST","CLAY ST",0.00,,Y,A,-,N,,,,,,,,,,N,4,0,1,2,A,-,12,22450,A,N,D,G,A,A,H,-,A,A,0,,Y,,,Y,,A,01,0,0,1,0,0,0,1,0,0,"- ","- ",,,"SAN FRANCISCO","SAN FRANCISCO",-122.44715881347656,37.789073944091797
9345650,2021,2021-11-01,3801,2021-09-11,1911,713,CENTR,6,5,7,3801,0,0,0,,0,3A14D,"COLUMBUS AV",BROADWAY,28.00,N,N,A,-,N,,,,,,,,,,N,3,0,1,1,A,-,03,22350,,N,E,A,A,A,A,-,A,A,0,,Y,,,Y,,L,04,0,1,0,0,0,0,1,0,0,"- ","- ",,,"SAN FRANCISCO","SAN FRANCISCO",-122.40671539306641,37.797939300537109
9347324,2021,2021-10-28,3801,2021-09-01,1630,341,BAYVI,3,5,7,3801,0,0,0,,0,3C12D,"BAYSHORE BL","OAKDALE AV",0.00,,Y,A,-,N,,,,,,,,,,N,4,0,1,2,A,-,08,22107,,N,D,G,A,A,-,-,A,D,0,,Y,,,Y,,-,"- ",0,0,1,0,0,0,1,0,0,"- ","- ",,,"SAN FRANCISCO","SAN FRANCISCO",-122.40522003173828,37.743038177490234
9348955,2022,2022-06-15,3801,2022-05-14,1829,2008,MISSI,6,5,7,3801,0,0,0,,0,3D15D,"HARRISON ST","TREAT AV",0.00,,Y,A,-,N,,,,,,,,,,N,3,0,1,2,A,-,08,22107,,N,B,G,A,-,H,-,A,D,0,,Y,,,Y,,A,01,0,1,0,0,0,0,1,0,0,"- ","- ",,,"SAN FRANCISCO","SAN FRANCISCO",-122.41317749023438,37.76605224609375
9362538,2021,2021-11-30,3801,2021-10-23,1711,299,CENTR,6,5,7,3801,0,0,0,,0,3A4D,"BEACH ST","MASON ST",95.00,E,N,B,-,N,,,,,,,,,,N,3,0,1,2,A,-,09,21801,A,N,A,G,A,B,H,-,-,-,0,,Y,,,Y,,A,01,0,1,0,0,0,0,1,0,0,"- ","- ",,,"SAN FRANCISCO","SAN FRANCISCO",-122.41365814208984,37.807533264160156
9365784,2021,2021-12-13,3801,2021-10-29,1700,2342,NORTH,5,5,7,3801,0,0,0,,0,3E16D,"NORTH POINT ST","COLUMBUS AV",0.00,,Y,A,-,N,,,,,,,,,,N,4,0,1,2,A,-,09,21801,A,N,D,G,A,A,H,-,A,D,0,,Y,,,Y,,A,01,0,0,1,0,0,0,1,0,0,"- ","- ",,,"SAN FRANCISCO","SAN FRANCISCO",-122.41836547851562,37.805976867675781
9375877,2021,2021-12-29,3801,2021-11-30,0807,392,MISSI,2,5,7,3801,0,0,0,,0,3D14A,"FOLSOM ST","KAMILLE CT",15.00,W,N,A,-,N,,,,,,,,,,N,3,0,1,2,A,-,09,21801,A,N,D,G,A,A,H,-,A,D,0,,Y,,,Y,,D,72,0,1,0,0,0,0,1,0,0,"- ","- ",,,"SAN FRANCISCO","SAN FRANCISCO",-122.41374206542969,37.748882293701172
9376343,2021,2021-12-24,3801,2021-11-11,1546,1888,RICHM,4,5,7,3801,0,0,0,,0,,"CALIFORNIA ST",FUNSTON,0.00,,Y,A,-,N,,,,,,,,,,N,4,0,1,2,A,-,09,21800,A,N,D,G,A,A,H,-,A,D,0,,Y,,,Y,,A,01,0,0,1,0,0,0,1,0,0,"- ","- ",,,"SAN FRANCISCO","SAN FRANCISCO",-122.47206115722656,37.784465789794922
9376344,2021,2021-12-24,3801,2021-11-29,0813,392,MISSI,1,5,7,3801,0,0,0,,0,3D14A,"CLIPPER ST","DIAMOND ST",37.00,E,N,A,-,N,,,,,,,,,,N,3,0,1,2,A,-,07,21658,,F,A,G,A,A,-,-,A,A,0,,Y,,,Y,,A,01,0,1,0,0,0,0,1,0,0,"- ","- ",,,"SAN FRANCISCO","SAN FRANCISCO",-122.43594360351562,37.748786926269531
9396461,2022,2022-06-15,3801,2022-05-20,1708,2469,BAYVI,5,5,7,3801,0,0,0,,0,3C15D,"ILLINOIS ST","HUMBOLDT ST",0.00,,Y,A,-,N,,,,,,,,,,N,4,0,1,1,D,-,00,,,N,H,-,A,A,H,-,A,D,0,,Y,,,Y,,-,"- ",0,0,1,0,0,0,1,0,0,"- ","- ",,,"SAN FRANCISCO","SAN FRANCISCO",-122.38723754882812,37.756782531738281
9410056,2022,2022-03-17,3801,2022-02-03,1733,2718,BAYVI,4,5,7,3801,0,0,0,,0,3C11D,"3RD ST","24TH ST",0.00,,Y,A,-,N,,,,,,,,,,N,3,0,1,2,A,-,08,22100,B,N,D,G,A,A,H,-,A,A,0,,Y,,,Y,,L,04,0,1,0,0,0,0,1,0,0,"- ","- ",,,"SAN FRANCISCO","SAN FRANCISCO",-122.38800048828125,37.754119873046875
9427334,2022,2022-04-19,3801,2022-03-11,1816,1347,NORTH,5,5,7,3801,0,0,0,,0,004,"STEINER ST","CALIFORNIA ST",90.00,S,N,A,-,N,,,,,,,,,,N,3,0,1,2,A,-,09,21804,,N,D,G,A,A,H,-,B,D,0,,Y,,,Y,,A,01,0,1,0,0,0,0,1,0,0,"- ","- ",,,"SAN FRANCISCO","SAN FRANCISCO",-122.43544006347656,37.788467407226562
9427855,2022,2022-04-13,3801,2022-02-01,0635,1810,MISSI,2,5,7,3801,0,0,0,,0,3D00,"22ND ST","TREAT AV",0.00,,Y,-,-,N,,,,,,,,,,N,4,0,1,2,A,-,"- ",,,N,-,-,A,-,-,-,-,-,0,,Y,,,Y,,-,"- ",0,0,1,0,0,0,1,0,0,"- ","- ",,,"SAN FRANCISCO","SAN FRANCISCO",-122.41329193115234,37.755783081054688
9437536,2022,2022-05-13,3801,2022-04-22,1950,2239,INGLE,5,5,7,3801,0,0,0,,0,3H11D,"MISSION ST","VALENCIA ST",0.00,,N,A,-,N,,,,,,,,,,N,2,0,1,2,A,-,04,21703,,N,C,G,A,A,H,-,A,B,0,,Y,,,Y,,A,01,1,0,0,0,0,0,1,0,0,"- ","- ",,,"SAN FRANCISCO","SAN FRANCISCO",-122.41986846923828,37.745586395263672
9468674,2023,2023-09-08,3801,2023-08-17,1957,2390,MISSI,4,5,7,3801,0,0,0,,0,3D16D,"SHOTWELL ST","18TH ST",200.00,S,N,A,-,N,,,,,,,,,,N,3,0,1,2,A,-,09,21804,A,N,D,-,A,A,H,-,A,D,0,,Y,,,Y,,A,01,0,1,0,0,0,0,1,0,0,"- ","- ",,,"SAN FRANCISCO","SAN FRANCISCO",-122.416015625,37.761470794677734
9469542,2023,2023-10-03,3801,2023-08-23,1646,1215,MISSI,3,5,7,3801,0,0,0,,0,006,"HARRISON ST","18TH ST",0.00,,Y,A,-,N,,,,,,,,,,N,4,0,1,2,A,-,09,21801,A,N,D,G,A,A,H,-,A,-,0,,Y,,,Y,,A,01,0,0,1,0,0,0,1,0,0,"- ","- ",,,"SAN FRANCISCO","SAN FRANCISCO",-122.41284942626953,37.762252807617188
9472274,2022,2022-07-20,3801,2022-03-17,1050,1513,RICHM,4,5,7,3801,0,0,0,,0,3G11A,"CHAIN OF LAKES E","CHAIN OF LAKES",0.00,,Y,A,-,N,,,,,,,,,,N,4,0,1,2,A,-,09,21800,A,N,D,G,A,-,G,-,A,D,0,,Y,,,Y,,L,04,0,0,1,0,0,0,1,0,0,"- ","- ",,,"SAN FRANCISCO","SAN FRANCISCO",,
9481268,2022,2022-08-08,3801,2022-07-08,2220,740,MISSI,5,5,7,3801,0,0,0,,0,0D6,"16TH ST","S VAN NESS AV",66.00,E,N,A,B,N,,,,,,,,,,N,3,0,1,2,A,-,17,22517,,N,H,G,A,A,H,-,C,D,0,,Y,,,Y,,D,22,0,1,0,0,0,0,1,0,0,"- ","- ",,,"SAN FRANCISCO","SAN FRANCISCO",-122.41725921630859,37.765190124511719
9481909,2022,2022-08-08,3801,2022-02-12,1825,1148,MISSI,6,5,7,3801,0,0,0,,0,3D15D,"MISSION ST","ERIE ST",0.00,,Y,A,-,N,,,,,,,,,,N,3,0,1,2,A,-,08,22102,,N,B,G,A,A,H,-,C,D,0,,Y,,,Y,,-,"- ",0,1,0,0,0,0,1,0,0,"- ","- ",,,"SAN FRANCISCO","SAN FRANCISCO",-122.42003631591797,37.769065856933594
9503091,2022,2022-09-21,3801,2022-08-16,1314,892,SOUTH,2,5,7,3801,0,0,0,,0,0B3,"NATOMA ST","7TH ST",0.00,,Y,A,-,N,,,,,,,,,,N,3,0,1,2,A,-,11,21954,A,F,G,B,E,A,H,-,A,A,0,Y,Y,,,Y,,N,60,0,1,0,0,1,0,0,0,0,"- ","- ",,,"SAN FRANCISCO","SAN FRANCISCO",-122.40989685058594,37.778400421142578
9503118,2022,2022-09-21,3801,2022-08-12,1559,1113,PARK,5,5,7,3801,0,0,0,,0,3F13D,"MASONIC AV","GOLDEN GATE AV",0.00,,Y,A,-,N,,,,,,,,,,N,3,0,1,2,A,-,08,22107,,N,D,G,A,A,H,-,A,A,0,,Y,,,Y,,A,01,0,1,0,0,0,0,1,0,0,"- ","- ",,,"SAN FRANCISCO","SAN FRANCISCO",-122.44683837890625,37.777671813964844
9503245,2022,2022-09-21,3801,2022-08-09,0728,1339,NORTH,2,5,7,3801,0,0,0,,0,,"WEBSTER ST","FULTON ST",0.00,,Y,A,-,N,,,,,,,,,,Y,4,0,2,3,A,-,12,21453,A,N,D,C,A,A,H,-,A,A,0,,Y,,,Y,,A,01,0,0,2,0,0,0,1,0,0,"- ","- ",,,"SAN FRANCISCO","SAN FRANCISCO",-122.42990875244141,37.777912139892578
9505979,2022,2022-11-16,3801,2022-10-24,0902,2748,MISSI,1,5,7,3801,0,0,0,,0,005,"14TH ST","VALENCIA ST",0.00,,N,A,-,N,,,,,,,,,,N,3,0,1,2,-,-,"- ",,,N,B,G,A,A,H,-,A,D,0,,Y,,,Y,,-,"- ",0,1,0,0,0,0,1,0,0,"- ","- ",,,"SAN FRANCISCO","SAN FRANCISCO",-122.42218017578125,37.768150329589844
9506067,2022,2022-11-17,3801,2022-10-06,1420,LARA,CENTR,4,5,7,3801,0,0,0,,0,3A50A,"THE EMBARCADERO","BAY ST",0.00,,Y,A,-,N,,,,,,,,,,N,4,0,1,2,C,-,18,,,N,B,G,A,A,H,-,A,A,0,,Y,,,Y,,-,"- ",0,0,1,0,0,0,1,0,0,"- ","- ",,,"SAN FRANCISCO","SAN FRANCISCO",-122.40596771240234,37.806632995605469
9506484,2022,2022-10-10,3801,2022-09-13,1859,539,NORTH,2,5,7,3801,0,0,0,,0,5CAR,"MARINA GREEN DR","MARINA BL",74.00,N,N,A,-,N,,,,,,,,,,N,3,0,1,1,A,-,03,22350,,N,F,J,A,A,H,-,A,D,0,,Y,,,Y,,L,04,0,1,0,0,0,0,1,0,0,"- ","- ",,,"SAN FRANCISCO","SAN FRANCISCO",-122.43590545654297,37.806594848632812
9543170,2022,2023-02-02,3801,2022-12-05,0840,1825,SOUTH,1,5,7,3801,0,0,0,,0,3B12A,"5TH ST","CLARA ST",0.00,,Y,B,-,N,,,,,,,,,,N,3,0,1,2,A,-,05,21650,1,N,D,-,A,B,H,-,A,D,0,,Y,,,Y,,L,04,0,1,0,0,0,0,1,0,0,"- ","- ",,,"SAN FRANCISCO","SAN FRANCISCO",-122.40238189697266,37.779453277587891
9573342,2023,2023-05-13,3801,2023-04-09,1015,1897,TARAV,7,5,7,3801,0,0,0,,0,3113A,"KIRKHAM ST","30TH AV",0.00,,Y,A,-,N,,,,,,,,,,N,3,0,1,2,A,-,12,22450,A,N,H,G,A,A,H,-,A,D,0,,Y,,,Y,,L,04,0,1,0,0,0,0,1,0,0,"- ","- ",,,"SAN FRANCISCO","SAN FRANCISCO",-122.48863220214844,37.759311676025391
9610656,2023,2023-09-08,3801,2023-08-07,"815 ",283,MISSI,1,5,7,3801,0,0,0,,0,0D4,"CAPP ST","24TH ST",177.00,N,N,A,-,N,,,,,,,,,,N,4,0,1,2,A,-,04,21703,,N,C,G,A,A,H,-,A,A,0,,Y,,,Y,,L,04,0,0,1,0,0,0,1,0,0,"- ","- ",,,"SAN FRANCISCO","SAN FRANCISCO",-122.41738128662109,37.752796173095703
9624406,2023,2023-09-21,3801,2023-08-10,1331,1051,NORTH,4,5,7,3801,0,0,0,,0,3E13C,"HAYES ST","VAN NESS AV",150.00,E,N,A,-,N,,,,,,,,,,N,3,0,1,3,A,-,17,22517,,N,B,G,A,A,H,-,A,D,0,,Y,,Y,Y,,F,25,0,1,0,0,0,0,1,0,0,"- ","- ",,,"SAN FRANCISCO","SAN FRANCISCO",-122.41916656494141,37.777362823486328
9626269,2023,2023-10-11,3801,2023-09-06,1145,1580,SOUTH,3,5,7,3801,0,0,0,,0,3B12A,"FOLSOM ST","ESSEX ST",0.00,,Y,A,-,N,,,,,,,,,,N,3,0,1,2,A,-,17,21209,A,N,B,G,A,A,H,-,A,A,0,,Y,,,Y,,A,01,0,1,0,0,0,0,1,0,0,"- ","- ",,,"SAN FRANCISCO","SAN FRANCISCO",-122.39569091796875,37.786384582519531
9633717,2023,2023-11-13,3801,2023-10-12,1541,1931,NORTH,4,5,7,3801,0,0,0,,0,3E13D,"POLK ST","GROVE ST",0.00,,Y,A,-,N,,,,,,,,,,N,4,0,1,2,A,-,08,22107,,N,D,G,A,A,H,-,A,A,0,,Y,,,Y,Y,A,01,0,0,1,0,0,0,1,0,0,"- ","- ",,,"SAN FRANCISCO","SAN FRANCISCO",-122.41822052001953,37.778480529785156
9634758,2023,2023-12-20,3801,2023-11-11,1939,233,MISSI,6,5,7,3801,0,0,0,,0,03D,"VALENCIA ST","21ST ST",0.00,,Y,A,-,N,,,,,,,,,,N,4,0,1,2,A,-,08,22101,D,N,D,G,A,A,H,-,C,A,0,,Y,,,Y,,A,01,0,0,1,0,0,0,1,0,0,"- ","- ",,,"SAN FRANCISCO","SAN FRANCISCO",-122.42109680175781,37.756908416748047
9636251,2023,2024-02-12,3801,2023-12-23,2314,2431,,6,5,7,3801,0,0,0,,0,3E13E,"POLK ST","WILLOW ST",0.00,,Y,A,-,N,,,,,,,,,,N,4,0,1,2,A,-,12,22450,A,N,-,G,A,A,H,-,C,A,0,,Y,,,Y,,L,04,0,0,1,0,0,0,1,0,0,"- ","- ",,,"SAN FRANCISCO","SAN FRANCISCO",-122.41925811767578,37.783557891845703
9636303,2023,2024-02-14,3801,2023-12-15,1056,2124,MISSI,5,5,7,3801,0,0,0,,0,3D13A,"FOLSOM ST","16TH ST",0.00,,Y,A,-,N,,,,,,,,,,N,3,0,1,2,A,-,09,21801,A,N,D,G,A,A,H,-,A,A,0,,Y,,,Y,,A,01,0,1,0,0,0,0,1,0,0,"- ","- ",,,"SAN FRANCISCO","SAN FRANCISCO",-122.41529846191406,37.765312194824219
6555273,2014,2014-08-25,3801,2014-02-01,2325,2374,SOUTH,6,5,7,3801,0,0,0,,0,,"MARKET ST","5TH ST",0.00,,Y,A,-,N,,,,,,,,,,N,4,0,1,2,A,-,06,21755,,N,B,G,A,A,H,-,C,A,0,,Y,,,Y,,L,04,0,0,1,0,0,0,1,0,0,"- ","- ",,,"SAN FRANCISCO","SAN FRANCISCO",-122.40805989,37.783999919999999