CASE_ID,ACCIDENT_YEAR,PROC_DATE,JURIS,COLLISION_DATE,COLLISION_TIME,OFFICER_ID,REPORTING_DISTRICT,DAY_OF_WEEK,CHP_SHIFT,POPULATION,CNTY_CITY_LOC,SPECIAL_COND,BEAT_TYPE,CHP_BEAT_TYPE,CITY_DIVISION_LAPD,CHP_BEAT_CLASS,BEAT_NUMBER,PRIMARY_RD,SECONDARY_RD,DISTANCE,DIRECTION,INTERSECTION,WEATHER_1,WEATHER_2,STATE_HWY_IND,CALTRANS_COUNTY,CALTRANS_DISTRICT,STATE_ROUTE,ROUTE_SUFFIX,POSTMILE_PREFIX,POSTMILE,LOCATION_TYPE,RAMP_INTERSECTION,SIDE_OF_HWY,TOW_AWAY,COLLISION_SEVERITY,NUMBER_KILLED,NUMBER_INJURED,PARTY_COUNT,PRIMARY_COLL_FACTOR,PCF_CODE_OF_VIOL,PCF_VIOL_CATEGORY,PCF_VIOLATION,PCF_VIOL_SUBSECTION,HIT_AND_RUN,TYPE_OF_COLLISION,MVIW,PED_ACTION,ROAD_SURFACE,ROAD_COND_1,ROAD_COND_2,LIGHTING,CONTROL_DEVICE,CHP_ROAD_TYPE,PEDESTRIAN_ACCIDENT,BICYCLE_ACCIDENT,MOTORCYCLE_ACCIDENT,TRUCK_ACCIDENT,NOT_PRIVATE_PROPERTY,ALCOHOL_INVOLVED,STWD_VEHTYPE_AT_FAULT,CHP_VEHTYPE_AT_FAULT,COUNT_SEVERE_INJ,COUNT_VISIBLE_INJ,COUNT_COMPLAINT_PAIN,COUNT_PED_KILLED,COUNT_PED_INJURED,COUNT_BICYCLIST_KILLED,COUNT_BICYCLIST_INJURED,COUNT_MC_KILLED,COUNT_MC_INJURED,PRIMARY_RAMP,SECONDARY_RAMP,LATITUDE,LONGITUDE,COUNTY,CITY,POINT_X,POINT_Y
6557088,2014,2014-07-21,3801,2014-03-07,1600,004350,MISSI,5,5,7,3801,0,0,0,,0,3D13D,"MISSION ST","21ST ST",120.00,S,N,A,-,N,,,,,,,,,,N,4,0,1,2,A,-,17,22517,,N,E,G,A,A,H,-,A,D,0,,Y,,,Y,,A,01,0,0,1,0,0,0,1,0,0,"- ","- ",,,"SAN FRANCISCO","SAN FRANCISCO",-122.41888101000001,37.756691799999999
6563706,2014,2014-07-25,3801,2014-04-23,1656,4261,PARK,3,5,7,3801,0,0,0,,0,3F61,"MASONIC AV","FELL ST",0.00,,Y,A,-,N,,,,,,,,,,N,2,0,1,2,A,-,12,21453,A,N,D,G,A,A,H,-,A,A,0,,Y,,,Y,,L,04,1,0,0,0,0,0,1,0,0,"- ","- ",,,"SAN FRANCISCO","SAN FRANCISCO",-122.44591997000001,37.772979970000002
6565368,2014,2016-05-14,9350,2014-07-10,1735,020201,,4,2,7,3801,0,1,2,,1,120,"RT 101","SOUTH TOWER",528.00,S,N,A,-,Y,SF,4,101,-,-,10.280,H,-,S,N,2,0,1,2,B,-,22,,,N,B,G,A,A,H,-,A,D,1,,Y,,,Y,,-,"- ",1,0,0,0,0,0,1,0,0,"- ","- ",,,"SAN FRANCISCO","SAN FRANCISCO",-122.47788791000001,37.81257995
6565869,2014,2015-10-23,3801,2014-04-18,1308,2394,SOUTH,5,5,7,3801,0,0,0,,0,3B53C,"MISSION ST","5TH ST",0.00,,Y,A,-,N,,,,,,,,,,N,4,0,1,2,A,-,11,21453,D,N,D,G,A,A,H,-,A,A,0,,Y,,,Y,,L,04,0,0,1,0,0,0,1,0,0,"- ","- ",,,"SAN FRANCISCO","SAN FRANCISCO",-122.40648992,37.782739890000002
6854093,2014,2016-01-14,3801,2014-05-25,2113,1939,NORTH,7,5,7,3801,0,0,0,,0,4K6C,"LAGUNA ST",BROADWAY,93.00,N,N,A,-,N,,,,,,,,,,Y,1,1,0,2,A,-,03,22350,,N,D,G,A,A,H,-,C,D,0,,Y,,,Y,Y,L,04,0,0,0,0,0,1,0,0,0,"- ","- ",,,"SAN FRANCISCO","SAN FRANCISCO",-122.43002738,37.7951427
6937776,2014,2015-08-22,3801,2014-12-20,2129,1502,SOUTH,6,5,7,3801,0,0,0,,0,3811E,"MARKET ST","FREMONT ST",0.00,,Y,C,-,N,,,,,,,,,,N,2,0,1,2,A,-,10,21950,A,N,H,B,B,B,H,-,C,A,0,Y,Y,,,Y,,L,04,1,0,0,0,1,0,0,0,0,"- ","- ",,,"SAN FRANCISCO","SAN FRANCISCO",-122.39833993000001,37.791689890000001
6970945,2014,2015-08-11,3801,2014-07-14,1200,01542,TENDE,1,5,7,3801,0,0,0,,0,3J12D,"HYDE ST","OFARRELL ST",30.00,N,N,A,-,N,,,,,,,,,,N,3,0,1,2,A,-,06,21750,,F,B,G,A,A,H,-,A,A,0,,Y,,,Y,,D,22,0,1,0,0,0,0,1,0,0,"- ","- ",,,"SAN FRANCISCO","SAN FRANCISCO",-122.41627662,37.785471350000002
6997362,2014,2015-08-05,3801,2014-05-04,1520,170,MISSI,7,5,7,3801,0,0,0,,0,00D,"23RD ST","SHOTWELL ST",0.00,,Y,A,-,N,,,,,,,,,,N,4,0,1,2,A,-,12,22450,A,M,D,G,A,A,H,-,A,A,0,,Y,,,Y,,-,,0,0,1,0,0,0,1,0,0,"- ","- ",,,"SAN FRANCISCO","SAN FRANCISCO",-122.41532989,37.754049940000002
6997383,2014,2016-02-29,3801,2014-09-02,0900,01755,SOUTH,2,5,7,3801,0,0,0,,0,3B1C,"HOWARD ST","MAIN ST",30.00,W,N,A,-,N,,,,,,,,,,N,4,0,1,2,A,-,09,21804,A,F,B,G,A,A,H,-,A,D,0,,Y,,,Y,Y,A,01,0,0,1,0,0,0,1,0,0,"- ","- ",,,"SAN FRANCISCO","SAN FRANCISCO",-122.39347334999999,37.790561660000002
6997409,2014,2015-08-07,3801,2014-05-11,1700,1014,INGLE,7,5,7,3801,0,0,0,,0,3H9,"DIAMOND ST","BOSWORTH ST",0.00,,Y,A,-,N,,,,,,,,,,N,3,0,1,2,A,-,"- ",,,F,B,G,A,A,H,-,A,D,0,,Y,,,Y,Y,L,04,0,1,0,0,0,0,1,0,0,"- ","- ",,,"SAN FRANCISCO","SAN FRANCISCO",-122.43412995,37.733559929999998
6997448,2014,2015-08-11,3801,2014-09-12,1306,000251,RICHM,5,5,7,3801,0,0,0,,0,3G61,"POST ST","DIVISADERO ST",72.00,W,N,A,-,N,,,,,,,,,,N,4,0,1,2,A,-,17,21209,A,F,B,G,A,A,H,-,A,D,0,,Y,,,Y,,A,01,0,0,1,0,0,0,1,0,0,"- ","- ",,,"SAN FRANCISCO","SAN FRANCISCO",-122.43991489,37.78427327
7004057,2014,2015-08-08,3801,2014-10-13,1715,2299,,1,5,7,3801,0,0,0,,0,3A60,"COLUMBUS AV","CHESTNUT ST",0.00,,Y,A,-,N,,,,,,,,,,N,3,0,1,1,A,-,03,22350,,N,H,-,A,A,H,-,A,A,0,,Y,,,Y,,-,"- ",0,1,0,0,0,0,1,0,0,"- ","- ",,,"SAN FRANCISCO","SAN FRANCISCO",-122.41487986,37.803549940000003
7006832,2014,2015-08-17,3801,2014-06-12,0829,000315,SOUTH,4,5,7,3801,0,0,0,,0,,"EMBARCADERO ST","FOLSOM ST",10.00,S,N,A,-,N,,,,,,,,,,N,4,0,1,2,A,-,08,22107,,N,B,G,A,A,H,-,A,A,0,,Y,,,Y,,L,04,0,0,1,0,0,0,1,0,0,"- ","- ",,,"SAN FRANCISCO","SAN FRANCISCO",-122.38986969,37.790886399999998
7008073,2014,2015-08-06,3801,2014-09-28,2209,877,SOUTH,7,5,7,3801,0,0,0,,0,3B12E,"HARRISON ST","EMBARCADERO SOUTH ST",16.00,N,N,A,-,N,,,,,,,,,,N,3,0,1,2,A,-,05,21650,1,F,D,G,A,A,H,-,C,A,0,,Y,,,Y,,L,04,0,1,0,0,0,0,1,0,0,"- ","- ",,,"SAN FRANCISCO","SAN FRANCISCO",-122.38844453999999,37.78970082
7008110,2014,2015-08-11,3801,2014-05-12,1818,552,3B62,1,5,7,3801,0,0,0,,0,C0B,"FOLSOM ST","1ST ST",0.00,,Y,A,-,N,,,,,,,,,,N,4,0,1,2,A,-,08,22100,A,N,E,G,A,A,H,-,A,A,0,,Y,,,Y,,A,07,0,0,1,0,0,0,1,0,0,"- ","- ",,,"SAN FRANCISCO","SAN FRANCISCO",-122.39446989,37.787319889999999
7008134,2014,2015-08-08,3801,2014-05-13,1514,1582,NORTH,2,5,7,3801,0,0,0,,0,3E12C,"GOUGH ST","GROVE ST",0.00,,Y,A,-,N,,,,,,,,,,N,2,0,1,2,A,-,08,22107,,F,D,G,A,A,H,-,A,A,0,,Y,,,Y,,-,99,1,0,0,0,0,0,1,0,0,"- ","- ",,,"SAN FRANCISCO","SAN FRANCISCO",-122.42316,37.777809920000003
7014879,2014,2015-08-11,3801,2014-10-28,0834,004282,NORTH,2,5,7,3801,0,0,0,,0,3E61,"GOLDEN GATE AV","VAN NESS AV",0.00,,Y,A,-,N,,,,,,,,,,N,2,0,1,2,A,-,06,21755,,N,B,G,A,A,H,-,A,A,0,,Y,,,Y,,A,01,1,0,0,0,0,0,1,0,0,"- ","- ",,,"SAN FRANCISCO","SAN FRANCISCO",-122.42052988,37.781009959999999
7014889,2014,2015-08-11,3801,2014-07-18,0635,2116,,5,5,7,3801,0,0,0,,0,001,"STEINER ST","HERMANN ST",0.00,,Y,A,-,N,,,,,,,,,,N,2,0,1,2,A,-,17,21209,A,M,B,G,A,A,H,-,A,D,0,,Y,,,Y,,-,99,1,0,0,0,0,0,1,0,0,"- ","- ",,,"SAN FRANCISCO","SAN FRANCISCO",-122.43173985999999,37.770029899999997
7014898,2014,2015-08-12,3801,2014-07-29,1944,004260," SOUT",2,5,7,3801,0,0,0,,0,3B12D,"5TH ST","MISSION ST",0.00,,Y,A,-,N,,,,,,,,,,N,4,0,1,2,A,-,04,21703,,N,C,G,A,A,H,-,A,A,0,,Y,,,Y,,A,01,0,0,1,0,0,0,1,0,0,"- ","- ",,,"SAN FRANCISCO","SAN FRANCISCO",-122.40648992,37.782739890000002
7015163,2014,2015-09-02,3801,2014-10-16,0900,27,CENTR,4,5,7,3801,0,0,0,,0,3A2C,"BUSH ST","KEARNY ST",0.00,,Y,-,-,N,,,,,,,,,,N,2,0,1,2,A,-,"- ",,,N,C,G,A,A,H,-,A,A,0,,Y,,,Y,,-,"- ",1,0,0,0,0,0,1,0,0,"- ","- ",,,"SAN FRANCISCO","SAN FRANCISCO",-122.4040299,37.790769939999997
7025092,2015,2015-09-18,3801,2015-04-24,1626,1420,SOUTH,5,5,7,3801,0,0,0,,0,4B3A,"KING ST","2ND ST",263.00,E,N,A,-,N,,,,,,,,,,N,4,0,1,3,A,-,03,22350,,N,B,G,A,A,H,-,A,D,0,,Y,,Y,Y,,L,,0,0,1,0,0,0,1,0,0,"- ","- ",,,"SAN FRANCISCO","SAN FRANCISCO",-122.38925999999999,37.780279999999998
7025408,2015,2015-08-22,3801,2015-03-14,2038,2412,,6,5,7,3801,0,0,0,,0,3B63,"FOLSOM ST","3RD ST",0.00,,Y,A,-,N,,,,,,,,,,N,3,0,1,2,A,-,17,22517,,N,H,G,A,A,H,-,C,D,0,,Y,,,Y,,A,01,0,1,0,0,0,0,1,0,0,"- ","- ",,,"SAN FRANCISCO","SAN FRANCISCO",-122.39895997000001,37.783779989999999
7025487,2015,2015-08-22,3801,2015-03-13,0900,52,,5,5,7,3801,0,0,0,,0,0D2,"CESAR CHAVEZ ST","VALENCIA ST",204.00,W,N,A,-,N,,,,,,,,,,N,3,0,1,2,A,-,08,22107,,N,D,G,A,A,H,-,A,A,0,,Y,,,Y,,A,01,0,1,0,0,0,0,1,0,0,"- ","- ",,,"SAN FRANCISCO","SAN FRANCISCO",-122.42095449,37.748086049999998
7027589,2015,2015-09-08,3801,2015-04-14,2155,001817,NORTH,2,5,7,3801,0,0,0,,0,3E11E,"POST ST","POLK ST",90.00,W,N,A,-,N,,,,,,,,,,N,2,0,1,1,A,-,15,21201,A,N,E,I,A,A,H,-,C,A,0,,Y,,,Y,,L,04,1,0,0,0,0,0,1,0,0,"- ","- ",,,"SAN FRANCISCO","SAN FRANCISCO",-122.42020788000001,37.786792230000003
7029215,2015,2015-08-27,3801,2015-06-16,1930,2375,RICHM,2,5,7,3801,0,0,0,,0,3G11D,"DIVISADERO ST","POST ST",0.00,,Y,A,-,N,,,,,,,,,,N,3,0,1,2,A,-,12,21453,A,N,D,G,A,A,H,-,A,A,0,,Y,,,Y,,A,01,0,1,0,0,0,0,1,0,0,"- ","- ",,,"SAN FRANCISCO","SAN FRANCISCO",-122.43966997,37.784309980000003
7034541,2015,2015-08-22,3801,2015-01-01,1405,1053,TARAV,4,5,7,3801,0,0,0,,0,3I15A,"SKYLINE BL","HARDING RD",12.00,N,N,A,-,N,,,,,,,,,,N,4,0,1,2,A,-,09,21802,,N,D,G,A,A,H,-,A,A,0,,Y,,,Y,,L,04,0,0,1,0,0,0,1,0,0,"- ","- ",,,"SAN FRANCISCO","SAN FRANCISCO",-122.50250851,37.7266482
7034731,2015,2015-08-22,3801,2015-02-14,1003,000679,NORTH,6,5,7,3801,0,0,0,,0,0E3,"POLK ST","TURK ST",0.00,,Y,A,-,N,,,,,,,,,,,4,0,1,2,A,-,08,22102,,N,D,G,A,A,H,-,A,D,0,,Y,,,Y,,A,01,0,0,1,0,0,0,1,0,0,"- ","- ",,,"SAN FRANCISCO","SAN FRANCISCO",-122.41899994000001,37.782169969999998
7034742,2015,2015-08-22,3801,2015-02-07,1852,428,CENTR,6,5,7,3801,0,0,0,,0,03A,"BEACH ST","MASON ST",0.00,,Y,B,-,N,,,,,,,,,,N,4,0,1,2,A,-,05,21650,1,N,D,G,A,A,H,-,C,D,0,,Y,,,Y,,L,04,0,0,1,0,0,0,1,0,0,"- ","- ",,,"SAN FRANCISCO","SAN FRANCISCO",-122.4139799,37.807490000000001
7034863,2015,2015-09-18,3801,2015-02-19,0825,2127,SOUTH,4,5,7,3801,0,0,0,,0,4K101,"MAIN ST","MISSION ST",162.00,S,N,A,-,N,,,,,,,,,,N,2,0,1,2,A,-,06,21755,,N,B,G,A,A,H,-,A,D,0,,Y,,Y,Y,,L,04,1,0,0,0,0,0,1,0,0,"- ","- ",,,"SAN FRANCISCO","SAN FRANCISCO",-122.39457195999999,37.791546500000003
7035161,2014,2015-09-08,3801,2014-12-19,1810,001275,SOUTH,5,5,7,3801,0,0,0,,0,3B11D,"2ND ST","FOLSOM ST",52.00,S,N,B,-,N,,,,,,,,,,N,4,0,1,2,-,-,"- ",,,N,B,-,A,B,H,-,C,D,0,,Y,,,Y,,-,"- ",0,0,1,0,0,0,1,0,0,"- ","- ",,,"SAN FRANCISCO","SAN FRANCISCO",-122.39660345999999,37.785458409999997
7035326,2014,2016-02-29,3801,2014-12-20,1741,004353,MISSI,6,5,7,3801,0,0,0,,0,1600,"CASTRO ST","18TH ST",140.00,N,N,A,-,N,,,,,,,,,,N,4,0,1,2,A,-,04,21703,,N,C,G,A,A,H,-,C,A,0,,Y,,,Y,,L,04,0,0,1,0,0,0,1,0,0,"- ","- ",,,"SAN FRANCISCO","SAN FRANCISCO",-122.43503932,37.761273330000002
7035719,2014,2015-08-29,3801,2014-11-04,1046,01839,MISSI,2,5,7,3801,0,0,0,,0,3D13A,"VALENCIA ST","21ST ST",0.00,,Y,A,-,N,,,,,,,,,,N,4,0,1,2,A,-,08,22100,B,N,B,G,A,A,H,-,A,A,0,,Y,,Y,Y,,F,26,0,0,1,0,0,0,1,0,0,"- ","- ",,,"SAN FRANCISCO","SAN FRANCISCO",-122.42109988999999,37.756909960000002
7035928,2014,2015-08-21,3801,2014-11-01,1540,433,INGLE,6,5,7,3801,0,0,0,,0,3H12C,"SAN JOSE AV","LIGHTPOST #145",100.00,N,N,B,-,N,,,,,,,,,,N,3,0,1,2,A,-,03,22350,,F,C,G,A,A,H,-,A,D,0,,Y,,,Y,,A,08,0,1,0,0,0,0,1,0,0,"- ","- ",,,"SAN FRANCISCO","SAN FRANCISCO",,
7037673,2014,2015-08-26,3801,2014-11-17,0945,2334,SOUTH,1,5,7,3801,0,0,0,,0,,"MARKET ST","3RD ST",0.00,,Y,A,-,N,,,,,,,,,,N,2,0,1,2,A,-,11,21453,D,F,G,B,B,A,H,-,A,A,0,Y,Y,,,Y,,N,60,1,0,0,0,0,0,1,0,0,"- ","- ",,,"SAN FRANCISCO","SAN FRANCISCO",-122.40345987000001,37.78765989
7038562,2015,2015-08-27,3801,2015-07-07,0940,04272,MISSI,2,5,7,3801,0,0,0,,0,3D16A,"16TH ST","SAN BRUNO AV",0.00,,Y,A,-,N,,,,,,,,,,N,4,0,1,2,A,-,09,21802,A,F,D,G,A,A,H,-,A,A,0,,Y,,,Y,,A,01,0,0,1,0,0,0,1,0,0,"- ","- ",,,"SAN FRANCISCO","SAN FRANCISCO",-122.40556993,37.765889899999998
7038677,2015,2015-08-31,3801,2015-07-13,1925,4319,MISSI,1,5,7,3801,0,0,0,,0,,"DIVISION ST","9TH ST",0.00,,Y,A,-,N,,,,,,,,,,N,3,0,1,2,A,-,08,22107,,F,D,G,A,A,H,-,A,D,0,,Y,,,Y,,A,07,0,1,0,0,0,0,1,0,0,"- ","- ",,,"SAN FRANCISCO","SAN FRANCISCO",-122.40619997,37.769449889999997
7038689,2015,2015-08-31,3801,2015-07-14,1700,1518,,2,5,7,3801,0,0,0,,0,,"MISSION ST","6TH ST",0.00,,Y,A,-,N,,,,,,,,,,N,4,0,1,2,A,-,04,21703,,F,C,G,A,A,H,-,A,A,0,,Y,,,Y,,A,07,0,0,1,0,0,0,1,0,0,"- ","- ",,,"SAN FRANCISCO","SAN FRANCISCO",-122.40868999,37.78097992
7052200,2015,2015-09-18,3801,2015-08-09,1155,002076,,7,5,7,3801,0,0,0,,0,,"MARKET ST","MARKET ST 525",0.00,,N,A,-,N,,,,,,,,,,N,4,0,1,1,C,-,18,,,N,H,A,A,A,H,-,A,D,0,,Y,,,Y,,-,"- ",0,0,1,0,0,0,1,0,0,"- ","- ",,,"SAN FRANCISCO","SAN FRANCISCO",-122.39948541,37.790781840000001
7052216,2015,2015-09-18,3801,2015-08-08,2218,001110,RICHM,6,5,7,3801,0,0,0,,0,3G14E,"CABRILLO ST","21ST AV",0.00,,Y,A,-,N,,,,,,,,,,N,4,0,1,2,A,-,08,22107,,N,B,G,A,A,H,-,C,A,0,,Y,,,Y,,A,01,0,0,1,0,0,0,1,0,0,"- ","- ",,,"SAN FRANCISCO","SAN FRANCISCO",-122.48004997,37.774629959999999
7052251,2015,2015-09-24,3801,2015-08-05,2105,4316,,3,5,7,3801,0,0,0,,0,,"HUDSON AV","MENDELL ST",0.00,,Y,A,-,N,,,,,,,,,,N,4,0,1,1,A,-,03,22350,,N,A,I,A,A,H,-,C,D,0,,Y,,,Y,,-,"- ",0,0,1,0,0,0,1,0,0,"- ","- ",,,"SAN FRANCISCO","SAN FRANCISCO",-122.38639997,37.738969949999998
7059704,2015,2015-10-08,3801,2015-09-03,2245,01482,TENDE,4,5,7,3801,0,0,0,,0,3J14E,"6TH ST","MARKET ST",0.00,,Y,A,-,N,,,,,,,,,,N,4,0,1,2,A,-,12,21453,A,N,D,G,A,A,H,-,C,A,0,,Y,,,Y,,L,04,0,0,1,0,0,0,1,0,0,"- ","- ",,,"SAN FRANCISCO","SAN FRANCISCO",-122.41029991000001,37.78223989
7066591,2015,2015-09-21,3801,2015-01-10,2308,000382,CENTR,6,5,7,3801,0,0,0,,0,3A13E,"GEARY ST","LEAVENWORTH ST",180.00,E,N,A,-,N,,,,,,,,,,N,4,0,1,2,A,-,17,22517,,N,A,G,A,A,H,-,C,D,0,,Y,,,Y,,A,01,0,0,1,0,0,0,1,0,0,"- ","- ",,,"SAN FRANCISCO","SAN FRANCISCO",-122.41418505999999,37.786619600000002
7100044,2015,2015-10-09,3801,2015-09-13,0209,002173,MISSI,7,5,7,3801,0,0,0,,0,3D16A,"SOUTH VAN NESS AV","20TH ST",0.00,,Y,F,-,N,,,,,,,,,,N,3,0,1,2,A,-,01,23152,A,N,H,-,A,-,G,-,-,D,0,,Y,,,Y,Y,L,04,0,1,0,0,0,0,1,0,0,"- ","- ",,,"SAN FRANCISCO","SAN FRANCISCO",-122.41690989999999,37.758759910000002
7100297,2015,2015-10-08,3801,2015-09-22,0920,1054,RICHM,2,5,7,3801,0,0,0,,0,002,"ARGUELLO BL","MCAUISTER ST",0.00,,Y,B,-,N,,,,,,,,,,N,3,0,1,2,A,-,09,21801,A,N,B,G,A,A,H,-,A,D,0,,Y,,,Y,,-,,0,1,0,0,0,0,1,0,0,"- ","- ",,,"SAN FRANCISCO","SAN FRANCISCO",-122.45844150000001,37.775241000000001
7100862,2014,2015-12-16,3801,2014-04-09,1407,646,SOUTH,3,5,7,3801,0,0,0,,0,3B61,"3RD ST","MINNA ST",154.00,S,N,A,-,N,,,,,,,,,,N,3,0,1,2,A,-,17,22517,,N,B,G,A,A,H,-,A,D,0,,Y,,,Y,,A,01,0,1,0,0,0,0,1,0,0,"- ","- ",,,"SAN FRANCISCO","SAN FRANCISCO",-122.40111039999999,37.78553514
7100912,2014,2015-12-17,3801,2014-05-10,2311,52,,6,5,7,3801,0,0,0,,0,,"23RD ST","SHOTWELL ST",54.00,W,N,A,-,N,,,,,,,,,,N,3,0,1,1,A,-,01,21200,5,N,H,-,A,A,H,-,C,A,0,,Y,,,Y,Y,L,04,0,1,0,0,0,0,1,0,0,"- ","- ",,,"SAN FRANCISCO","SAN FRANCISCO",-122.41551586999999,37.754034930000003
7101018,2014,2015-12-23,3801,2014-06-14,1231,1108,MISSI,6,5,7,3801,0,0,0,,0,009,"14TH ST","FOLSOM ST",0.00,,Y,A,-,N,,,,,,,,,,N,4,0,1,2,A,-,08,22107,,N,D,G,A,A,H,-,A,A,0,,Y,,,Y,,A,01,0,0,1,0,0,0,1,0,0,"- ","- ",,,"SAN FRANCISCO","SAN FRANCISCO",-122.41560994,37.76853998
7101040,2014,2015-12-23,3801,2014-06-29,1245,000289,,7,5,7,3801,0,0,0,,0,3E3A,"VAN NESS AV","OFARRELL ST",8.00,N,N,A,-,N,,,,,,,,,,N,3,0,1,1,A,-,03,22350,,N,H,A,A,A,A,-,A,A,0,,Y,,,Y,,L,04,0,1,0,0,0,0,1,0,0,"- ","- ",,,"SAN FRANCISCO","SAN FRANCISCO",-122.42126492,37.784761629999998
7101157,2015,2016-01-08,3801,2015-11-19,1130,1942,,4,5,7,3801,0,0,0,,0,5CAR,"3RD ST","REVERE AV",0.00,,Y,A,-,N,,,,,,,,,,N,4,0,1,2,A,-,09,21802,B,N,D,G,A,A,H,-,A,A,0,,Y,,,Y,,A,01,0,0,1,0,0,0,1,0,0,"- ","- ",,,"SAN FRANCISCO","SAN FRANCISCO",-122.39160997,37.732439980000002
7101209,2015,2016-01-08,3801,2015-11-12,1520,1771,,4,5,7,3801,0,0,0,,0,,"THOMAS AV","3RD ST",1.00,E,N,A,-,N,,,,,,,,,,N,3,0,1,2,A,-,"- ",,,N,A,G,A,A,H,-,A,D,0,,Y,,,Y,,L,04,0,1,0,0,0,0,1,0,0,"- ","- ",,,"SAN FRANCISCO","SAN FRANCISCO",-122.39216666,37.730849280000001
7101313,2015,2016-01-11,3801,2015-11-13,1914,1108,SOUTH,5,5,7,3801,0,0,0,,0,1CAR,"THE EMBARCADERO","HOWARD ST",0.00,,Y,A,-,N,,,,,,,,,,N,3,0,1,2,A,-,17,22517,,N,H,G,A,A,H,-,C,A,0,,Y,,,Y,,A,01,0,1,0,0,0,0,1,0,0,"- ","- ",,,"SAN FRANCISCO","SAN FRANCISCO",-122.39119986,37.792329940000002
7101652,2015,2016-01-14,3801,2015-12-04,0915,1172,SOUTH,5,5,7,3801,0,0,0,,0,COB,"15TH ST","SOUTH VAN NESS AV",0.00,,Y,A,-,N,,,,,,,,,,N,4,0,1,2,A,-,17,22517,,N,H,G,A,A,H,-,A,A,0,,Y,,,Y,,A,01,0,0,1,0,0,0,1,0,0,"- ","- ",,,"SAN FRANCISCO","SAN FRANCISCO",-122.41763985999999,37.766799939999999
7101683,2015,2016-01-14,3801,2015-12-11,0844,351,,5,5,7,3801,0,0,0,,0,3B60,"4TH ST","BERRY ST",0.00,,Y,B,-,N,,,,,,,,,,N,3,0,1,2,A,-,11,21453,D,N,G,B,B,B,H,-,A,A,0,Y,Y,,,Y,,N,60,0,1,0,0,1,0,0,0,0,"- ","- ",,,"SAN FRANCISCO","SAN FRANCISCO",-122.39333999,37.775779970000002
7110794,2015,2015-11-16,3801,2015-10-24,2255,2146,NORTH,6,5,7,3801,0,0,0,,0,3E13E,"POLK ST","BUSH ST",0.00,,Y,A,-,N,,,,,,,,,,N,4,0,1,2,A,-,08,22107,,F,B,G,A,A,H,-,C,A,0,,Y,,,Y,,A,08,0,0,1,0,0,0,1,0,0,"- ","- ",,,"SAN FRANCISCO","SAN FRANCISCO",-122.42029993,37.788689890000001
7157806,2015,2016-01-19,3801,2015-12-17,1540,912,CENTR,4,5,7,3801,0,0,0,,0,3A30,"WASHINGTON ST","WAVERLY PL",0.00,,Y,B,-,N,,,,,,,,,,N,3,0,2,3,A,-,05,21650,,N,G,B,D,A,H,-,A,D,0,Y,Y,,,Y,,L,04,0,1,1,0,2,0,0,0,0,"- ","- ",,,"SAN FRANCISCO","SAN FRANCISCO",-122.40698996,37.795099950000001
7157808,2015,2016-01-20,3801,2015-12-06,1625,004353,MISSI,7,5,7,3801,0,0,0,,0,901,"VALENCIA ST","24TH ST",0.00,,Y,A,-,N,,,,,,,,,,N,4,0,1,2,A,-,08,22107,,N,B,G,A,B,H,-,A,A,0,,Y,,,Y,,A,08,0,0,1,0,0,0,1,0,0,"- ","- ",,,"SAN FRANCISCO","SAN FRANCISCO",-122.42064999,37.752109900000001
7157819,2015,2016-01-19,3801,2015-12-02,2318,2089,MISSI,3,5,7,3801,0,0,0,,0,3D14D,"17TH ST","CHURCH ST",100.00,W,N,A,-,N,,,,,,,,,,N,3,0,1,2,A,-,09,21801,A,N,D,G,A,A,H,-,C,D,0,,Y,,,Y,,A,01,0,1,0,0,0,0,1,0,0,"- ","- ",,,"SAN FRANCISCO","SAN FRANCISCO",-122.42885523,37.762861260000001
7161139,2014,2016-01-15,3801,2014-09-03,1740,4340,,3,5,7,3801,0,0,0,,0,,"POLK ST","CEDAR ST",0.00,,Y,A,-,N,,,,,,,,,,N,4,0,1,2,A,-,09,21801,A,N,D,G,A,A,H,-,A,A,0,,Y,,,Y,,L,04,0,0,1,0,0,0,1,0,0,"- ","- ",,,"SAN FRANCISCO","SAN FRANCISCO",-122.41982993000001,37.786369919999999
7173583,2016,2016-02-12,3801,2016-01-26,1730,004333,TARAV,2,5,7,3801,0,0,0,,0,3I11D,"VICENTE ST","34TH AV",0.00,,Y,A,-,N,,,,,,,,,,N,3,0,1,2,A,-,12,22450,A,N,D,G,A,A,H,-,A,A,0,,Y,,,Y,,L,04,0,1,0,0,0,0,1,0,0,"- ","- ",,,"SAN FRANCISCO","SAN FRANCISCO",-122.49152989,37.7386099
7173606,2016,2016-08-24,3801,2016-01-10,1514,2328,,7,5,7,3801,0,0,0,,0,3D74,"25TH ST","POTRERO AV",0.00,,Y,B,-,N,,,,,,,,,,N,4,0,1,2,A,-,05,21650,,N,D,G,A,A,H,-,A,A,0,,Y,,,Y,,L,04,0,0,1,0,0,0,1,0,0,"- ","- ",,,"SAN FRANCISCO","SAN FRANCISCO",-122.40619992000001,37.751739979999996
7202075,2016,2016-03-07,3801,2016-02-04,0736,2039,SOUTH,4,5,7,3801,0,0,0,,0,004,"13TH ST","SOUTH VAN NESS",0.00,,Y,A,-,N,,,,,,,,,,N,4,0,1,2,A,-,12,21453,A,N,D,G,A,A,H,-,A,A,0,,Y,,,Y,,L,04,0,0,1,0,0,0,1,0,0,"- ","- ",,,"SAN FRANCISCO","SAN FRANCISCO",-122.41776996,37.769719979999998