CASE_ID,ACCIDENT_YEAR,PROC_DATE,JURIS,COLLISION_DATE,COLLISION_TIME,OFFICER_ID,REPORTING_DISTRICT,DAY_OF_WEEK,CHP_SHIFT,POPULATION,CNTY_CITY_LOC,SPECIAL_COND,BEAT_TYPE,CHP_BEAT_TYPE,CITY_DIVISION_LAPD,CHP_BEAT_CLASS,BEAT_NUMBER,PRIMARY_RD,SECONDARY_RD,DISTANCE,DIRECTION,INTERSECTION,WEATHER_1,WEATHER_2,STATE_HWY_IND,CALTRANS_COUNTY,CALTRANS_DISTRICT,STATE_ROUTE,ROUTE_SUFFIX,POSTMILE_PREFIX,POSTMILE,LOCATION_TYPE,RAMP_INTERSECTION,SIDE_OF_HWY,TOW_AWAY,COLLISION_SEVERITY,NUMBER_KILLED,NUMBER_INJURED,PARTY_COUNT,PRIMARY_COLL_FACTOR,PCF_CODE_OF_VIOL,PCF_VIOL_CATEGORY,PCF_VIOLATION,PCF_VIOL_SUBSECTION,HIT_AND_RUN,TYPE_OF_COLLISION,MVIW,PED_ACTION,ROAD_SURFACE,ROAD_COND_1,ROAD_COND_2,LIGHTING,CONTROL_DEVICE,CHP_ROAD_TYPE,PEDESTRIAN_ACCIDENT,BICYCLE_ACCIDENT,MOTORCYCLE_ACCIDENT,TRUCK_ACCIDENT,NOT_PRIVATE_PROPERTY,ALCOHOL_INVOLVED,STWD_VEHTYPE_AT_FAULT,CHP_VEHTYPE_AT_FAULT,COUNT_SEVERE_INJ,COUNT_VISIBLE_INJ,COUNT_COMPLAINT_PAIN,COUNT_PED_KILLED,COUNT_PED_INJURED,COUNT_BICYCLIST_KILLED,COUNT_BICYCLIST_INJURED,COUNT_MC_KILLED,COUNT_MC_INJURED,PRIMARY_RAMP,SECONDARY_RAMP,LATITUDE,LONGITUDE,COUNTY,CITY,POINT_X,POINT_Y
7202107,2016,2016-03-07,3801,2016-02-14,1428,4372,RICHM,7,5,7,3801,0,0,0,,0,"1 CAR","JOHN F KENNEDY DR","STOW LAKE DR",0.00,,Y,A,-,N,,,,,,,,,,N,3,0,1,1,B,-,22,,,N,H,I,A,A,H,-,A,A,0,,Y,,,Y,,L,04,0,1,0,0,0,0,1,0,0,"- ","- ",,,"SAN FRANCISCO","SAN FRANCISCO",-122.47388997,37.771209949999999
8008954,2016,2016-06-08,3801,2016-05-13,1016,1944,,5,5,7,3801,0,0,0,,0,005,"GENEVA AV","CAYUGA AV",0.00,,Y,A,-,N,,,,,,,,,,N,3,0,1,2,A,-,12,21453,A,N,D,G,A,A,H,-,A,A,0,,Y,,,Y,,L,04,0,1,0,0,0,0,1,0,0,"- ","- ",,,"SAN FRANCISCO","SAN FRANCISCO",-122.44367987,37.71891995
8020309,2016,2016-04-13,3801,2016-03-28,0955,1513,RICHM,1,5,7,3801,0,0,0,,0,3G3A,"CALIFORNIA ST","6TH AV",2.00,W,N,A,-,N,,,,,,,,,,N,3,0,1,2,A,-,06,21750,,N,B,G,A,A,H,-,A,A,0,,Y,,,Y,,A,01,0,1,0,0,0,0,1,0,0,"- ","- ",,,"SAN FRANCISCO","SAN FRANCISCO",-122.46458684,37.784989160000002
8020416,2016,2016-04-14,3801,2016-03-17,1645,2168,CNTRL,4,5,7,3801,0,0,0,,0,3A12D,"KEARNY ST","BUSH ST",0.00,,Y,A,-,N,,,,,,,,,,N,3,0,1,2,A,-,11,21954,A,N,G,-,D,A,H,-,A,A,0,Y,Y,,,Y,,N,60,0,1,0,0,0,0,1,0,0,"- ","- ",,,"SAN FRANCISCO","SAN FRANCISCO",-122.4040299,37.790769939999997
8042445,2016,2016-05-16,3801,2016-04-14,1311,4182,SOUTH,4,5,7,3801,0,0,0,,0,3B2A,"HARRISON ST","4TH ST",225.00,E,N,A,-,N,,,,,,,,,,N,3,0,1,2,A,-,08,22107,,F,D,G,A,A,H,-,A,D,0,,Y,,,Y,,A,01,0,1,0,0,0,0,1,0,0,"- ","- ",,,"SAN FRANCISCO","SAN FRANCISCO",-122.39908004999999,37.78121763
8046743,2016,2016-05-18,3801,2016-04-23,1600,546,INGLE,6,5,7,3801,0,0,0,,0,4B7H,"ALEMANY BL","TINGLEY ST",77.00,S,N,A,-,N,,,,,,,,,,N,4,0,1,1,A,-,03,22350,,N,E,I,A,A,A,-,A,D,0,,Y,,,Y,,L,04,0,0,1,0,0,0,1,0,0,"- ","- ",37.729370000000003,-122.43379,"SAN FRANCISCO","SAN FRANCISCO",-122.43417427999999,37.729187570000001
8046752,2016,2016-05-17,3801,2016-04-26,1040,00670,SOUTH,2,5,7,3801,0,0,0,,0,3B13A,"3RD ST","HOWARD ST",45.00,N,N,A,-,N,,,,,,,,,,N,3,0,1,2,A,-,17,22517,,N,B,G,A,A,H,-,A,D,0,,Y,,,Y,,A,01,0,1,0,0,0,0,1,0,0,"- ","- ",,,"SAN FRANCISCO","SAN FRANCISCO",-122.40060324,37.785102559999999
8101281,2016,2016-09-02,3801,2016-07-12,1845,2241,MISSI,2,5,7,3801,0,0,0,,0,3D14D,"HARRISON ST","16TH ST",5.00,N,N,A,-,N,,,,,,,,,,N,3,0,1,2,A,-,08,22107,,N,B,G,A,A,H,-,A,A,0,,Y,,,Y,,-,"- ",0,1,0,0,0,0,1,0,0,"- ","- ",,,"SAN FRANCISCO","SAN FRANCISCO",-122.41315053,37.76546373
8122006,2016,2016-09-14,3801,2016-08-25,1819,1102,SOUTH,4,5,7,3801,0,0,0,,0,0B3,"HOWARD ST","7TH ST",0.00,,Y,A,-,N,,,,,,,,,,N,2,0,1,1,C,-,18,,,N,H,A,A,A,H,-,A,D,0,,Y,,,Y,,-,"- ",1,0,0,0,0,0,1,0,0,"- ","- ",,,"SAN FRANCISCO","SAN FRANCISCO",-122.40939992,37.777979969999997
8122017,2016,2016-09-14,3801,2016-08-12,0901,2228,SOUTH,5,5,7,3801,0,0,0,,0,901,"FOLSOM ST","4TH ST",0.00,,Y,A,-,N,,,,,,,,,,N,4,0,1,2,C,-,18,,,N,G,J,E,A,H,-,A,D,0,Y,Y,,,Y,,-,"- ",0,0,1,0,0,0,1,0,0,"- ","- ",,,"SAN FRANCISCO","SAN FRANCISCO",-122.40115994999999,37.782039939999997
8122061,2016,2016-11-09,3801,2016-08-15,1757,2446,MISSI,1,5,7,3801,0,0,0,,0,3D75,"HAMPSHIRE ST","CESAR CHAVEZ ST",0.00,,Y,A,-,N,,,,,,,,,,N,4,0,1,2,D,-,00,,,M,B,G,A,A,-,-,A,D,0,,Y,,,Y,,-,"- ",0,0,1,0,0,0,1,0,0,"- ","- ",,,"SAN FRANCISCO","SAN FRANCISCO",-122.40676995,37.748779919999997
8132603,2016,2016-12-10,3801,2016-09-19,1438,776,MISSI,1,5,7,3801,0,0,0,,0,3D17C,"BRYANT ST","17TH ST",0.00,,Y,A,-,N,,,,,,,,,,N,4,0,1,2,A,-,09,21800,A,N,D,G,A,A,H,-,A,A,0,,Y,,,Y,,-,,0,0,1,0,0,0,1,0,0,"- ","- ",,,"SAN FRANCISCO","SAN FRANCISCO",-122.41037987999999,37.764319929999999
8137345,2016,2016-10-11,3801,2016-09-16,0915,004223,INGLS,5,5,7,3801,0,0,0,,0,3H13A,"30TH ST","SAN JOSE ST",5.00,E,N,A,-,N,,,,,,,,,,N,4,0,1,2,A,-,03,22350,,N,D,G,A,A,B,-,A,A,0,,Y,,,Y,,L,04,0,0,1,0,0,0,1,0,0,"- ","- ",,,"SAN FRANCISCO","SAN FRANCISCO",-122.42327280000001,37.742281419999998
8137495,2016,2016-10-11,3801,2016-09-24,0200,1364,NORTH,6,5,7,3801,0,0,0,,0,3E4E,"POST ST","POST ST 1746",0.00,,N,A,-,N,,,,,,,,,,N,4,0,1,2,A,-,08,22102,,N,B,G,A,A,H,-,C,D,0,,Y,,,Y,,A,01,0,0,1,0,0,0,1,0,0,"- ","- ",,,"SAN FRANCISCO","SAN FRANCISCO",-122.43053466000001,37.785474809999997
8137602,2016,2016-12-05,3801,2016-09-07,1726,2216,BAYV,3,5,7,3801,0,0,0,,0,3C61,"LOOMIS ST","OAKDALE AV",0.00,,Y,A,-,N,,,,,,,,,,N,4,0,1,2,A,-,12,22450,A,F,D,G,A,A,H,-,A,A,0,,Y,,,Y,,A,08,0,0,1,0,0,0,1,0,0,"- ","- ",,,"SAN FRANCISCO","SAN FRANCISCO",-122.40430994,37.742529959999999
8166248,2016,2016-11-15,3801,2016-10-31,1440,837,CENTR,1,5,7,3801,0,0,0,,0,3A90C,"COLUMBUS AV","PACIFIC AV",0.00,,Y,A,-,N,,,,,,,,,,N,4,0,1,2,A,-,12,21453,A,F,G,B,B,A,H,-,A,A,0,Y,Y,,,Y,,L,04,0,0,1,0,1,0,0,0,0,"- ","- ",,,"SAN FRANCISCO","SAN FRANCISCO",-122.40538999,37.797059949999998
8166285,2016,2016-11-15,3801,2016-10-05,1342,379,RICHM,3,5,7,3801,0,0,0,,0,0G3,"JOHN F KENNEDY DR","8TH AV",528.00,E,N,A,-,N,,,,,,,,,,N,3,0,1,2,A,-,08,22107,,N,C,G,A,A,H,-,A,A,0,,Y,,,Y,,L,04,0,1,0,0,0,0,1,0,0,"- ","- ",,,"SAN FRANCISCO","SAN FRANCISCO",-122.46403721,37.772288140000001
8166338,2016,2017-03-03,3801,2016-10-18,2229,367,COB,2,5,7,3801,0,0,0,,0,3B13E,"HARRISON ST","8TH ST",64.00,E,N,A,-,Y,SF,4,80,-,-,4.490,R,4,W,N,4,0,1,2,A,-,08,22107,,F,B,G,A,A,H,-,C,D,0,,Y,,,Y,,A,01,0,0,1,0,0,0,1,0,0,"- ","- ",,,"SAN FRANCISCO","SAN FRANCISCO",-122.40445990000001,37.776517040000002
8183492,2016,2017-02-22,3801,2016-11-08,0951,1043,SOUTH,2,5,7,3801,0,0,0,,0,4B2C,"MARKET ST","RT 101",15.00,E,N,A,-,Y,SF,4,101,-,M,5.450,I,5,S,N,4,0,1,2,A,-,08,22101,D,N,D,G,A,A,H,-,A,A,0,,Y,,,Y,,A,01,0,0,1,0,0,0,1,0,0,"- ",SO,37.771819999999998,-122.42343,"SAN FRANCISCO","SAN FRANCISCO",-122.42345912,37.771865130000002
8184272,2016,2016-12-12,3801,2016-11-04,2032,001430,11042,5,5,7,3801,0,0,0,,0,3D13D,"MISSION ST","23RD ST",5.00,S,N,A,-,N,,,,,,,,,,N,4,0,1,2,A,-,12,21453,A,F,D,G,A,A,H,-,C,A,0,,Y,,,Y,,A,07,0,0,1,0,0,0,1,0,0,"- ","- ",,,"SAN FRANCISCO","SAN FRANCISCO",-122.41859899000001,37.753816290000003
8200807,2017,2017-08-01,3801,2017-02-17,1434,463,NORTH,5,5,7,3801,0,0,0,,0,3E11,"VAN NESS AV","BROADWAY ST",0.00,,Y,C,-,Y,SF,4,101,-,-,6.320,I,5,N,N,3,0,1,2,A,-,12,21453,A,N,D,G,A,B,H,-,A,A,0,,Y,,,Y,,L,04,0,1,0,0,0,0,1,0,0,"- ","- ",,,"SAN FRANCISCO","SAN FRANCISCO",-122.42332494,37.795758360000001
8201008,2017,2017-03-15,3801,2017-02-11,1500,545,NORTH,6,5,7,3801,0,0,0,,0,3E13D,"POLK ST","FERN ST",0.00,,Y,A,-,N,,,,,,,,,,N,4,0,1,2,A,-,17,21657,,N,D,G,A,A,H,-,A,D,0,,Y,,,Y,,A,01,0,0,1,0,0,0,1,0,0,"- ","- ",,,"SAN FRANCISCO","SAN FRANCISCO",-122.42018987,37.788209889999997
8201146,2017,2017-03-17,3801,2017-02-10,1214,0262,NORTH,5,5,7,3801,0,0,0,,0,3E11A,"SCOTT ST","TURK ST",55.00,N,N,A,-,N,,,,,,,,,,N,3,0,1,2,D,-,00,,,N,B,G,A,A,D,-,A,D,0,,Y,,,Y,Y,-,"- ",0,1,0,0,0,0,1,0,0,"- ","- ",,,"SAN FRANCISCO","SAN FRANCISCO",-122.4370917,37.780008979999998
8327379,2017,2017-03-17,3801,2017-02-24,1600,2305,NORTH,5,5,7,3801,0,0,0,,0,,"FULTON ST","SCOTT ST",113.00,E,N,A,-,N,,,,,,,,,,N,4,0,1,3,A,-,03,22350,,N,C,G,A,A,H,-,A,D,0,,Y,,,Y,,A,01,0,0,1,0,0,0,1,0,0,"- ","- ",37.77722,-122.43640000000001,"SAN FRANCISCO","SAN FRANCISCO",-122.43612462999999,37.777122939999998
8343036,2017,2017-04-18,3801,2017-03-25,1600,1564,INGLE,6,5,7,3801,0,0,0,,0,901,"OCEAN AV","ONONDAGA ST",35.00,W,N,A,-,N,,,,,,,,,,N,4,0,1,2,A,-,03,22350,,N,D,G,A,A,H,-,A,D,0,,Y,,,Y,,L,04,0,0,1,0,0,0,1,0,0,"- ","- ",,,"SAN FRANCISCO","SAN FRANCISCO",-122.44265985,37.723156500000002
8343091,2017,2017-04-12,3801,2017-03-15,0940,328,NORTH,3,5,7,3801,0,0,0,,0,3E13A,"GOLDEN GATE AV","LAGUNA ST",0.00,,Y,A,-,N,,,,,,,,,,N,4,0,1,2,A,-,08,22108,,N,H,G,A,A,H,-,A,A,0,,Y,,,Y,,A,01,0,0,1,0,0,0,1,0,0,"- ","- ",,,"SAN FRANCISCO","SAN FRANCISCO",-122.42701999000001,37.780199879999998
8344500,2017,2017-04-18,3801,2017-03-30,1800,A21369,SOUTH,4,5,7,3801,0,0,0,,0,0B5,"TOWNSEND ST","2ND ST",0.00,,Y,A,-,N,,,,,,,,,,N,3,0,1,3,A,-,17,22517,,N,B,G,A,A,H,-,A,A,0,,Y,,,Y,,-,,0,1,0,0,0,0,1,0,0,"- ","- ",,,"SAN FRANCISCO","SAN FRANCISCO",-122.39051993,37.780619989999998
8360211,2017,2017-05-11,3801,2017-04-09,2111,2228,TARAV,7,5,7,3801,0,0,0,,0,3I12E,"31ST AV","IRVING ST",0.00,,Y,A,-,N,,,,,,,,,,N,3,0,1,2,A,-,09,21802,A,N,D,G,A,A,H,-,C,A,0,,Y,,,Y,,A,01,0,1,0,0,0,0,1,0,0,"- ","- ",,,"SAN FRANCISCO","SAN FRANCISCO",-122.48997996,37.762999950000001
8378132,2017,2017-06-19,3801,2017-05-05,0850,2338,SOUTH,5,5,7,3801,0,0,0,,0,3B14A,"MARKET ST","12TH ST",0.00,,Y,A,-,N,,,,,,,,,,N,4,0,1,2,A,-,08,22107,,N,B,G,A,A,H,-,A,D,0,,Y,,,Y,,A,01,0,0,1,0,0,0,1,0,0,"- ","- ",,,"SAN FRANCISCO","SAN FRANCISCO",-122.42026,37.774399989999999
8406047,2017,2017-07-20,3801,2017-06-15,1317,766,NORTH,4,5,7,3801,0,0,0,,0,3E12C,"POST ST","POLK ST",0.00,,Y,A,-,N,,,,,,,,,,N,3,0,1,2,A,-,08,22107,,N,G,G,A,A,H,-,A,A,0,,Y,,,Y,,A,01,0,1,0,0,0,0,1,0,0,"- ","- ",,,"SAN FRANCISCO","SAN FRANCISCO",-122.4198999,37.786829959999999
8421283,2017,2017-10-24,3801,2017-07-31,1730,679,D4,1,5,7,3801,0,0,0,,0,,"MARKET ST","7TH ST",45.00,E,N,F,-,N,,,,,,,,,,N,3,0,1,3,A,-,17,22517,,F,G,G,D,-,G,-,A,-,0,Y,Y,,,Y,,N,60,0,1,0,0,0,0,1,0,0,"- ","- ",,,"SAN FRANCISCO","SAN FRANCISCO",-122.41240108,37.780568369999997
8423917,2017,2017-08-09,3801,2017-07-14,1615,A11409,SOUTH,5,5,7,3801,0,0,0,,0,0B5,"TERRY A FRANCOIS BL","TERRY A FRANCOIS BL 295",0.00,,-,A,-,N,,,,,,,,,,N,4,0,1,2,A,-,08,22107,,N,D,G,A,A,H,-,A,D,0,,Y,,,Y,Y,A,01,0,0,1,0,0,0,1,0,0,"- ","- ",,,"SAN FRANCISCO","SAN FRANCISCO",-122.38752633,37.774252560000001
8445895,2017,2017-09-14,3801,2017-08-16,1424,1344,MISSI,3,5,7,3801,0,0,0,,0,3D3C,"SOUTH VAN NESS AV","22ND ST",0.00,,Y,A,-,N,,,,,,,,,,N,3,0,1,3,A,-,03,22350,,M,B,G,A,A,H,-,A,D,0,,Y,,,Y,,A,01,0,1,0,0,0,0,1,0,0,"- ","- ",,,"SAN FRANCISCO","SAN FRANCISCO",-122.41658996,37.755569940000001
8445965,2017,2017-09-13,3801,2017-08-09,1811,A22019,RICHM,3,5,7,3801,0,0,0,,0,1811,"JOHN F KENNEDY DR","30TH AV",628.00,E,N,A,-,N,,,,,,,,,,N,4,0,1,2,A,-,09,21801,A,N,D,G,A,A,H,-,A,D,0,,Y,,,Y,,A,01,0,0,1,0,0,0,1,0,0,"- ","- ",,,"SAN FRANCISCO","SAN FRANCISCO",-122.48765113,37.770845479999998
8463999,2017,2017-11-01,3801,2017-09-14,0930,2376,,4,5,7,3801,0,0,0,,0,3B5A,"MISSION BAY N","3RD ST",0.00,,Y,A,-,N,,,,,,,,,,N,3,0,1,2,A,-,08,22101,D,N,D,G,A,A,H,-,A,A,0,,Y,,,Y,,L,04,0,1,0,0,0,0,1,0,0,"- ","- ",,,"SAN FRANCISCO","SAN FRANCISCO",-122.38961992999999,37.771069990000001
8464090,2017,2017-10-27,3801,2017-09-05,2024,A21782,TENDE,2,5,7,3801,0,0,0,,0,3J51D,"JONES ST","EDDY ST",25.00,N,N,A,-,N,,,,,,,,,,N,2,0,2,2,A,-,03,22350,,N,C,G,A,A,H,-,C,A,0,,Y,,,Y,,L,04,1,0,1,0,0,0,1,0,0,"- ","- ",,,"SAN FRANCISCO","SAN FRANCISCO",-122.41260357,37.78400783
8464097,2017,2017-10-12,3801,2017-09-12,1324,2465,TENDE,2,5,7,3801,0,0,0,,0,3J52C,"MARKET ST","5TH ST",280.00,E,N,A,-,N,,,,,,,,,,N,4,0,1,2,A,-,12,21453,A,N,G,B,C,A,H,-,A,A,0,Y,Y,,,Y,,L,04,0,0,1,0,1,0,0,0,0,"- ","- ",,,"SAN FRANCISCO","SAN FRANCISCO",-122.40736635,37.784537210000003
8485308,2017,2017-12-05,3801,2017-10-26,0820,801,NORTH,4,5,7,3801,0,0,0,,0,3E12A,"FULTON ST","WEBSTER ST",0.00,W,N,A,-,N,,,,,,,,,,N,4,0,1,2,A,-,03,22350,A,N,A,G,A,A,H,-,A,D,0,,Y,,,Y,,L,04,0,0,1,0,0,0,1,0,0,"- ","- ",,,"SAN FRANCISCO","SAN FRANCISCO",-122.42990991000001,37.77790993
8491230,2017,2017-12-06,3801,2017-10-27,1805,4086,PARK,5,5,7,3801,0,0,0,,0,3F12C,"TWIN PEAKS BL","BURNETT AV",0.00,,Y,A,-,N,,,,,,,,,,N,3,0,1,2,A,-,08,22107,,N,B,G,A,A,H,-,B,D,0,,Y,,,Y,,A,07,0,1,0,0,0,0,1,0,0,"- ","- ",,,"SAN FRANCISCO","SAN FRANCISCO",-122.44692997,37.756529960000002
8491253,2017,2017-12-06,3801,2017-10-12,1757,2111,MISSI,4,5,7,3801,0,0,0,,0,3D1D,"VALENCIA ST","14TH ST",0.00,,Y,A,-,N,,,,,,,,,,N,2,0,1,2,A,-,17,22517,,N,E,G,A,A,H,-,A,D,0,,Y,,,Y,,-,,1,0,0,0,0,0,1,0,0,"- ","- ",,,"SAN FRANCISCO","SAN FRANCISCO",-122.42217989,37.768149889999997
8491308,2017,2017-12-01,3801,2017-10-08,1657,A11409,,7,5,7,3801,0,0,0,,0,0B6,"AVENUE OF THE PALMS","9TH ST",0.00,,Y,A,-,N,,,,,,,,,,N,3,0,1,1,A,-,"- ",,,N,H,I,A,A,G,-,A,D,0,,Y,,,Y,,L,04,0,1,0,0,0,0,1,0,0,"- ","- ",,,"SAN FRANCISCO","SAN FRANCISCO",-122.37613678,37.822651299999997
8491392,2017,2017-11-28,3801,2017-10-15,1822,595,TENDE,7,5,7,3801,0,0,0,,0,3J13D,"LARKIN ST","EDDY ST",13.00,N,N,A,-,N,,,,,,,,,,N,4,0,1,2,A,-,03,22350,,N,D,G,A,A,H,-,B,A,0,,Y,,,Y,,L,04,0,0,1,0,0,0,1,0,0,"- ","- ",,,"SAN FRANCISCO","SAN FRANCISCO",-122.41752734000001,37.783335229999999
8491419,2017,2017-11-27,3801,2017-10-25,0742,4039,MISSI,3,5,7,3801,0,0,0,,0,3D11A,"GUERRERO ST","14TH ST",0.00,,Y,A,-,N,,,,,,,,,,N,4,0,1,2,A,-,12,21453,A,N,D,G,A,A,H,-,A,A,0,,Y,,,Y,,A,01,0,0,1,0,0,0,1,0,0,"- ","- ",,,"SAN FRANCISCO","SAN FRANCISCO",-122.42440985,37.768019940000002
8515323,2017,2017-12-27,3801,2017-11-14,0915,A11423,SOUTH,2,5,7,3801,0,0,0,,0,3B13A,"MINNA ST","JULIA ST",15.00,W,N,A,-,N,,,,,,,,,,N,4,0,1,2,A,-,17,22517,,N,B,G,A,A,H,-,A,A,0,,Y,,,Y,,I,11,0,0,1,0,0,0,1,0,0,"- ","- ",,,"SAN FRANCISCO","SAN FRANCISCO",-122.41189756999999,37.777581570000002
8515480,2017,2017-12-20,3801,2017-11-20,0837,859,TENDE,1,5,7,3801,0,0,0,,0,03J,"MARKET ST","7TH ST",0.00,,Y,B,-,N,,,,,,,,,,N,4,0,1,1,A,-,03,22350,,N,H,J,A,A,H,-,A,A,0,,Y,,,Y,,L,04,0,0,1,0,0,0,1,0,0,"- ","- ",,,"SAN FRANCISCO","SAN FRANCISCO",-122.4125099,37.780479900000003
8515593,2017,2017-12-21,3801,2017-11-07,0849,529,TARAV,2,5,7,3801,0,0,0,,0,3I13A,"SLOAT BL","39TH AV",265.00,W,N,A,-,N,,,,,,,,,,N,3,0,1,1,D,-,00,,,N,H,-,A,A,H,-,A,D,0,,Y,,,Y,,-,"- ",0,1,0,0,0,0,1,0,0,"- ","- ",,,"SAN FRANCISCO","SAN FRANCISCO",-122.49746526,37.733931499999997
8536832,2017,2018-01-30,3801,2017-12-19,1010,801,NORTH,2,5,7,3801,0,0,0,,0,3E12A,"PAGE ST","GOUGH ST",0.00,,Y,A,-,N,,,,,,,,,,N,4,0,1,1,A,-,04,21703,,N,H,A,A,A,H,-,A,A,0,,Y,,,Y,Y,L,04,0,0,1,0,0,0,1,0,0,"- ","- ",,,"SAN FRANCISCO","SAN FRANCISCO",-122.42240990000001,37.774069959999999
8539765,2017,2018-01-26,3801,2017-12-18,0955,1342,NORTH,1,5,7,3801,0,0,0,,0,3E14A,"DIVISADERO ST","POST ST",0.00,,Y,A,-,N,,,,,,,,,,N,3,0,1,2,A,-,12,21453,A,N,D,G,A,A,-,-,A,A,0,,Y,,,Y,,L,04,0,1,0,0,0,0,1,0,0,"- ","- ",,,"SAN FRANCISCO","SAN FRANCISCO",-122.43966997,37.784309980000003
8539996,2017,2018-01-27,3801,2017-12-29,1719,1766,CENTR,5,5,7,3801,0,0,0,,0,4B3C,"NORTHPOINT ST","POLK ST",127.00,E,N,A,-,N,,,,,,,,,,N,4,0,1,3,A,-,17,22517,,N,B,G,A,A,H,-,C,A,0,,Y,,,Y,,A,01,0,0,1,0,0,0,1,0,0,"- ","- ",,,"SAN FRANCISCO","SAN FRANCISCO",-122.42320687,37.805357059999999
8556686,2018,2018-02-27,3801,2018-01-08,0720,A09968,,1,5,7,3801,0,0,0,,0,3F61,"VALENCIA ST","CESAR CHAVEZ ST",0.00,,Y,B,C,N,,,,,,,,,,N,4,0,1,2,D,-,00,,,N,B,G,A,B,H,-,A,A,0,,Y,,,Y,,-,"- ",0,0,1,0,0,0,1,0,0,"- ","- ",,,"SAN FRANCISCO","SAN FRANCISCO",-122.42024993896484,37.748119354248047
8572852,2018,2018-03-21,3801,2018-02-05,2138,1239,MISSI,1,5,7,3801,0,0,0,,0,5CAR,"MISSION ST","16TH ST",160.00,N,N,A,-,N,,,,,,,,,,N,4,0,1,1,A,-,"- ",,,N,H,I,A,A,H,-,C,D,0,,Y,,,Y,,L,04,0,0,1,0,0,0,1,0,0,"- ","- ",,,"SAN FRANCISCO","SAN FRANCISCO",-122.41970825195312,37.765487670898438
8573799,2018,2018-03-14,3801,2018-02-24,1132,1340,RICHM,6,5,7,3801,0,0,0,,0,3G12A,"JOHN F KENNEDY DR","HAGIWARA TEA GARDEN DR",1056.00,W,N,A,-,N,,,,,,,,,,N,4,0,1,2,A,-,17,21208,A,N,F,A,A,A,H,-,A,D,0,,Y,,,Y,,L,04,0,0,1,0,0,0,1,0,0,"- ","- ",,,"SAN FRANCISCO","SAN FRANCISCO",-122.46729278564453,37.772548675537109
8573866,2018,2018-03-14,3801,2018-02-10,1710,1927,RICHM,6,5,7,3801,0,0,0,,0,3G2D,"GEARY BL","WOOD ST",87.00,E,N,A,-,N,,,,,,,,,,,4,0,1,2,A,-,17,22517,,M,H,G,A,A,H,-,B,D,0,,Y,,,Y,,A,01,0,0,1,0,0,0,1,0,0,"- ","- ",,,"SAN FRANCISCO","SAN FRANCISCO",-122.44879913330078,37.782382965087891
8574099,2018,2018-03-22,3801,2018-02-11,1419,2392,MISSI,7,5,7,3801,0,0,0,,0,801,"18TH ST","VALENCIA ST",0.00,,Y,A,-,N,,,,,,,,,,N,3,0,1,2,A,-,09,21801,A,N,D,G,A,A,H,-,A,A,0,,Y,,,Y,,A,01,0,1,0,0,0,0,1,0,0,"- ","- ",,,"SAN FRANCISCO","SAN FRANCISCO",-122.42156219482422,37.761711120605469
8594480,2018,2018-05-15,3801,2018-03-02,1751,1306,,5,5,7,3801,0,0,0,,0,3D15D,"MISSION ST","15TH ST",0.00,,Y,A,-,N,,,,,,,,,,N,4,0,1,2,A,-,12,21453,A,M,H,-,-,A,H,-,A,A,0,Y,Y,,,Y,,L,04,0,0,1,0,1,0,0,0,0,"- ","- ",,,"SAN FRANCISCO","SAN FRANCISCO",-122.41982269287109,37.766670227050781
8619231,2018,2018-05-21,3801,2018-04-25,1036,2059,CENTR,3,5,7,3801,0,0,0,,0,3A15A,"SANSOME ST","BUSH ST",0.00,,Y,A,-,N,,,,,,,,,,N,4,0,1,2,A,-,09,21801,A,N,B,G,A,A,H,-,A,D,0,,Y,,,Y,,A,01,0,0,1,0,0,0,1,0,0,"- ","- ",,,"SAN FRANCISCO","SAN FRANCISCO",-122.40071105957031,37.79119873046875
8624059,2018,2018-05-22,3801,2018-04-04,1947,2108,TENDE,3,5,7,3801,0,0,0,,0,3J52D,"MARKET ST","KEARNEY ST",246.00,W,N,A,-,N,,,,,,,,,,N,4,0,1,4,A,-,17,22517,,N,H,G,A,A,H,-,C,A,0,,Y,,,Y,,N,60,0,0,1,0,0,0,1,0,0,"- ","- ",,,"SAN FRANCISCO","SAN FRANCISCO",-122.40406036376953,37.787181854248047
8636819,2018,2018-06-22,3801,2018-05-01,1916,1923,BAYVI,2,5,7,3801,0,0,0,,0,3C11E,"HARRISON ST","10TH ST",0.00,,Y,A,-,N,,,,,,,,,,N,3,0,1,2,A,-,12,21453,A,N,D,G,A,A,-,-,C,A,0,,Y,,,Y,Y,A,01,0,1,0,0,0,0,1,0,0,"- ","- ",,,"SAN FRANCISCO","SAN FRANCISCO",-122.41124725341797,37.771598815917969
8636853,2018,2018-08-22,3801,2018-05-06,1154,2028,INGLE,7,5,7,3801,0,0,0,,0,3H4C,"OCEAN AV","RT 280",110.00,E,N,A,-,Y,SF,4,280,-,R,1.924,R,4,N,N,3,0,2,1,A,-,03,22350,,N,H,I,A,A,A,-,A,A,0,,Y,,,Y,,L,04,0,2,0,0,0,0,2,0,0,"- ",NO,,,"SAN FRANCISCO","SAN FRANCISCO",-122.44673156738281,37.725086212158203