CASE_ID,ACCIDENT_YEAR,PROC_DATE,JURIS,COLLISION_DATE,COLLISION_TIME,OFFICER_ID,REPORTING_DISTRICT,DAY_OF_WEEK,CHP_SHIFT,POPULATION,CNTY_CITY_LOC,SPECIAL_COND,BEAT_TYPE,CHP_BEAT_TYPE,CITY_DIVISION_LAPD,CHP_BEAT_CLASS,BEAT_NUMBER,PRIMARY_RD,SECONDARY_RD,DISTANCE,DIRECTION,INTERSECTION,WEATHER_1,WEATHER_2,STATE_HWY_IND,CALTRANS_COUNTY,CALTRANS_DISTRICT,STATE_ROUTE,ROUTE_SUFFIX,POSTMILE_PREFIX,POSTMILE,LOCATION_TYPE,RAMP_INTERSECTION,SIDE_OF_HWY,TOW_AWAY,COLLISION_SEVERITY,NUMBER_KILLED,NUMBER_INJURED,PARTY_COUNT,PRIMARY_COLL_FACTOR,PCF_CODE_OF_VIOL,PCF_VIOL_CATEGORY,PCF_VIOLATION,PCF_VIOL_SUBSECTION,HIT_AND_RUN,TYPE_OF_COLLISION,MVIW,PED_ACTION,ROAD_SURFACE,ROAD_COND_1,ROAD_COND_2,LIGHTING,CONTROL_DEVICE,CHP_ROAD_TYPE,PEDESTRIAN_ACCIDENT,BICYCLE_ACCIDENT,MOTORCYCLE_ACCIDENT,TRUCK_ACCIDENT,NOT_PRIVATE_PROPERTY,ALCOHOL_INVOLVED,STWD_VEHTYPE_AT_FAULT,CHP_VEHTYPE_AT_FAULT,COUNT_SEVERE_INJ,COUNT_VISIBLE_INJ,COUNT_COMPLAINT_PAIN,COUNT_PED_KILLED,COUNT_PED_INJURED,COUNT_BICYCLIST_KILLED,COUNT_BICYCLIST_INJURED,COUNT_MC_KILLED,COUNT_MC_INJURED,PRIMARY_RAMP,SECONDARY_RAMP,LATITUDE,LONGITUDE,COUNTY,CITY,POINT_X,POINT_Y
8636862,2018,2018-06-22,3801,2018-05-12,1512,A10333,NORTH,6,5,7,3801,0,0,0,,0,3E1C,"MARINA GREEN DR","MARINA BL",6.00,N,N,A,-,N,,,,,,,,,,N,3,0,1,2,A,-,03,22350,,N,F,G,A,A,H,-,A,D,0,,Y,,,Y,,L,04,0,1,0,0,0,0,1,0,0,"- ","- ",,,"SAN FRANCISCO","SAN FRANCISCO",-122.43605041503906,37.806442260742188
8636894,2018,2018-06-25,3801,2018-05-06,1205,717,NORTH,7,5,7,3801,0,0,0,,0,2CAR,"ELLIS ST","STEINER ST",140.00,W,N,A,-,N,,,,,,,,,,N,3,0,1,1,A,-,03,22350,,N,E,I,A,A,G,-,A,D,0,,Y,,,Y,,L,04,0,1,0,0,0,0,1,0,0,"- ","- ",,,"SAN FRANCISCO","SAN FRANCISCO",-122.43463897705078,37.782089233398438
8636903,2018,2018-06-22,3801,2018-05-16,1720,892,SOUTH,3,5,7,3801,0,0,0,,0,3B15D,"TOWNSEND ST","STANFORD ST",0.00,,Y,A,-,N,,,,,,,,,,N,3,0,1,2,A,-,09,21801,A,N,D,G,A,A,H,-,A,A,0,,Y,,,Y,,A,01,0,1,0,0,0,0,1,0,0,"- ","- ",,,"SAN FRANCISCO","SAN FRANCISCO",-122.39108276367188,37.780200958251953
8636921,2018,2018-06-25,3801,2018-05-22,1804,2342,NORTH,2,5,7,3801,0,0,0,,0,3E13D,"BROADWAY ST","FRANKLIN ST",190.00,E,N,A,-,N,,,,,,,,,,N,2,0,1,2,C,-,18,,,N,H,G,A,A,H,-,B,D,0,,Y,,,Y,,-,"- ",1,0,0,0,0,0,1,0,0,"- ","- ",,,"SAN FRANCISCO","SAN FRANCISCO",-122.42437744140625,37.795616149902344
8637008,2018,2018-06-25,3801,2018-05-31,1114,1973,CENTR,4,5,7,3801,0,0,0,,0,,"THE EMBARCADERO","LOMBARD ST",0.00,,Y,A,-,N,,,,,,,,,,Y,3,0,2,2,A,-,12,21453,A,N,D,G,A,A,H,-,A,A,0,,Y,Y,,Y,,L,04,0,1,1,0,0,0,1,0,1,"- ","- ",,,"SAN FRANCISCO","SAN FRANCISCO",-122.40220642089844,37.804168701171875
8637019,2018,2018-06-22,3801,2018-05-28,2244,2353,NORTH,1,5,7,3801,0,0,0,,0,"3 CAR","POLK ST","BUSH ST",5.00,N,N,A,-,N,,,,,,,,,,N,3,0,1,2,A,-,03,22350,,F,G,B,A,A,H,-,C,D,0,,Y,,,Y,Y,A,01,0,1,0,0,0,0,1,0,0,"- ","- ",,,"SAN FRANCISCO","SAN FRANCISCO",-122.42030334472656,37.788703918457031
8663329,2018,2018-07-17,3801,2018-05-21,1002,351,TRA,1,5,7,3801,0,0,0,,0,,"TOWNSEND ST","LUSK ST",0.00,,Y,A,-,N,,,,,,,,,,N,4,0,1,2,A,-,09,21801,A,N,D,G,A,A,H,-,A,A,0,,Y,,,Y,,A,08,0,0,1,0,0,0,1,0,0,"- ","- ",,,"SAN FRANCISCO","SAN FRANCISCO",-122.39389801025391,37.777950286865234
8666881,2017,2018-07-20,3801,2017-12-05,1230,1165,,2,5,7,3801,0,0,0,,0,3E13A,"POLK ST","TURK ST",0.00,,Y,A,-,N,,,,,,,,,,N,3,0,1,2,A,-,08,22107,,N,B,J,A,A,H,-,A,A,0,,Y,,,Y,,A,01,0,1,0,0,0,0,1,0,0,"- ","- ",,,"SAN FRANCISCO","SAN FRANCISCO",-122.41899994000001,37.782169969999998
8667385,2018,2018-07-23,3801,2018-06-09,2027,685,NORTH,6,5,7,3801,0,0,0,,0,3E14D,"GROVE ST","FRANKLIN ST",30.00,W,N,A,-,N,,,,,,,,,,N,3,0,1,2,A,-,08,22102,,N,H,G,A,A,H,-,A,A,0,,Y,,,Y,,A,01,0,1,0,0,0,0,1,0,0,"- ","- ",,,"SAN FRANCISCO","SAN FRANCISCO",-122.42162322998047,37.778007507324219
8667429,2018,2018-08-06,3801,2018-06-12,1813,1279,BAYVI,2,5,7,3801,0,0,0,,0,3C11D,"3RD ST","22ND ST",0.00,,Y,A,-,N,,,,,,,,,,Y,4,0,1,2,A,-,08,22107,,N,B,G,A,A,H,-,A,A,0,,Y,,,Y,,A,01,0,0,1,0,0,0,1,0,0,"- ","- ",,,"SAN FRANCISCO","SAN FRANCISCO",-122.388427734375,37.757949829101562
8683687,2018,2018-08-31,3801,2018-07-23,0855,A22887,CENTR,1,5,7,3801,0,0,0,,0,3A12A,"MONTGOMERY ST","SUTTER ST",25.00,S,N,A,-,N,,,,,,,,,,N,2,0,1,3,A,-,17,22517,,N,B,G,A,A,H,-,A,D,0,,Y,,,Y,,-,,1,0,0,0,0,0,1,0,0,"- ","- ",,,"SAN FRANCISCO","SAN FRANCISCO",-122.40215301513672,37.789943695068359
8693149,2018,2018-09-27,3801,2018-08-03,1300,1096,CENTR,5,5,7,3801,0,0,0,,0,3A60,"THE EMBARCADERO","GRANT AV",0.00,,Y,A,-,N,,,,,,,,,,N,4,0,1,2,A,-,04,21703,,F,B,G,A,A,H,-,A,A,0,,Y,,,Y,,-,,0,0,1,0,0,0,1,0,0,"- ","- ",,,"SAN FRANCISCO","SAN FRANCISCO",-122.40908050537109,37.808128356933594
8716540,2018,2018-10-19,3801,2018-09-20,1313,1511,BAYVI,4,5,7,3801,0,0,0,,0,3C1C,"22ND ST","ILLINOIS ST",0.00,,Y,A,-,N,,,,,,,,,,N,3,0,1,1,A,-,"- ",,,N,H,G,A,A,H,-,A,D,0,,Y,,,Y,,L,04,0,1,0,0,0,0,1,0,0,"- ","- ",,,"SAN FRANCISCO","SAN FRANCISCO",-122.38733673095703,37.757980346679688
8716585,2018,2018-10-19,3801,2018-09-30,2249,970,SOUTH,7,5,7,3801,0,0,0,,0,3B14D,"3RD ST","CHINA BASIN ST",0.00,,Y,A,-,N,,,,,,,,,,N,4,0,1,1,A,-,17,21200,,N,E,I,A,A,H,-,C,A,0,,Y,,,Y,Y,L,04,0,0,1,0,0,0,1,0,0,"- ","- ",,,"SAN FRANCISCO","SAN FRANCISCO",-122.38970947265625,37.772018432617188
8724507,2018,2018-10-30,3801,2018-09-06,2155,781,PARK,4,5,7,3801,0,0,0,,0,0F3,"OFARRELL ST","MASONIC AV",8.00,E,N,A,-,N,,,,,,,,,,N,3,0,1,2,A,-,17,21200,,N,B,G,A,A,H,-,C,A,0,,Y,,,Y,Y,L,04,0,1,0,0,0,0,1,0,0,"- ","- ",,,"SAN FRANCISCO","SAN FRANCISCO",-122.447509765625,37.781044006347656
8754866,2018,2018-12-07,3801,2018-10-27,2205,1060,,6,5,7,3801,0,0,0,,0,,"MARKET ST","OCTAVIA ST",95.00,W,N,A,-,N,,,,,,,,,,N,4,0,1,2,A,-,12,22450,A,N,D,G,A,A,H,-,C,A,0,,Y,,,Y,,L,04,0,0,1,0,0,0,1,0,0,"- ","- ",,,"SAN FRANCISCO","SAN FRANCISCO",-122.42382049560547,37.771591186523438
8754869,2018,2018-12-07,3801,2018-10-04,0911,143,CENTR,4,5,7,3801,0,0,0,,0,03A,EMBARCADERO,"BAY ST",200.00,S,N,A,-,N,,,,,,,,,,N,4,0,1,2,A,-,17,22517,,N,G,-,A,A,H,-,A,A,0,,Y,,,Y,,A,01,0,0,1,0,0,0,1,0,0,"- ","- ",,,"SAN FRANCISCO","SAN FRANCISCO",-122.40519714355469,37.806465148925781
8758079,2018,2018-12-28,3801,2018-11-13,2030,555,PARK,2,5,7,3801,0,0,0,,0,3F11D,"KEZAR DR","JOHN F KENNEDY DR",0.00,,Y,A,-,N,,,,,,,,,,N,4,0,1,2,D,-,00,,,N,D,G,A,A,H,-,C,D,0,,Y,,,Y,,-,"- ",0,0,1,0,0,0,1,0,0,"- ","- ",,,"SAN FRANCISCO","SAN FRANCISCO",-122.45532989501953,37.770858764648438
8758183,2018,2019-01-24,3801,2018-11-28,1150,2378,SOUTH,3,5,7,3801,0,0,0,,0,3B13B,"MISSION ST","7TH ST",0.00,,Y,B,-,N,,,,,,,,,,N,3,0,1,2,A,-,09,21800,A,N,B,G,A,B,H,-,A,A,0,,Y,,,Y,,L,04,0,1,0,0,0,0,1,0,0,"- ","- ",,,"SAN FRANCISCO","SAN FRANCISCO",-122.41089630126953,37.779209136962891
8758185,2018,2019-01-23,3801,2018-11-02,0905,915,COJ,5,5,7,3801,0,0,0,,0,3J12A,"MARKET ST","OFARRELL ST",0.00,,Y,A,-,N,,,,,,,,,,N,3,0,1,2,A,-,12,21453,A,N,H,-,-,A,H,-,A,A,0,Y,Y,,,Y,,L,04,0,1,0,0,1,0,0,0,0,"- ","- ",,,"SAN FRANCISCO","SAN FRANCISCO",-122.40458,37.786769999999997
8758206,2018,2019-01-24,3801,2018-11-08,1705,2334,SOUTH,4,5,7,3801,0,0,0,,0,0B1,"EMBARCADERO ST","BRYANT ST",0.00,,Y,B,-,N,,,,,,,,,,N,4,0,1,2,A,-,08,22107,,F,D,G,A,A,H,-,A,A,0,,Y,,,Y,,A,01,0,0,1,0,0,0,1,0,0,"- ","- ",,,"SAN FRANCISCO","SAN FRANCISCO",-122.38800999999999,37.787089999999999
8758225,2018,2019-01-23,3801,2018-11-01,1130,1917,TARAV,4,5,7,3801,0,0,0,,0,3I16A,"LINCOLN WY","41ST AV",0.00,,Y,A,-,N,,,,,,,,,,N,3,0,1,2,A,-,09,21801,A,N,B,G,A,A,H,-,A,A,0,,Y,,,Y,,A,01,0,1,0,0,0,0,1,0,0,"- ","- ",,,"SAN FRANCISCO","SAN FRANCISCO",-122.50084686279297,37.764408111572266
8758299,2018,2019-02-14,3801,2018-11-21,0810,746,INGLE,3,5,7,3801,0,0,0,,0,3H74,"17TH ST","ISLAND ST",0.00,,Y,C,-,N,,,,,,,,,,N,3,0,1,2,A,-,06,21750,A,N,B,G,A,B,H,-,A,D,0,,Y,,,Y,,L,04,0,1,0,0,0,0,1,0,0,"- ","- ",,,"SAN FRANCISCO","SAN FRANCISCO",,
8777100,2018,2019-01-25,3801,2018-12-02,1738,2705,,7,5,7,3801,0,0,0,,0,,"ILLINOIS ST","AMADOR ST",140.00,N,N,A,-,N,,,,,,,,,,,4,0,1,1,A,-,05,21202,A,N,H,-,A,D,H,-,C,D,0,,Y,,,Y,Y,L,04,0,0,1,0,0,0,1,0,0,"- ","- ",,,"SAN FRANCISCO","SAN FRANCISCO",-122.38607788085938,37.74615478515625
8803775,2019,2019-03-01,3801,2019-01-15,1845,2431,COG,2,5,7,3801,0,0,0,,0,003,"JOHN F KENNEDY DR","MARX MEADOW DR",25.00,W,N,C,-,N,,,,,,,,,,N,3,0,1,2,A,-,09,21801,A,N,D,G,A,B,H,-,C,D,0,,Y,,,Y,,A,01,0,1,0,0,0,0,1,0,0,"- ","- ",,,"SAN FRANCISCO","SAN FRANCISCO",-122.48663330078125,37.770763397216797
8803807,2019,2019-03-01,3801,2019-01-06,1431,2132,MISSI,7,5,7,3801,0,0,0,,0,3D15C,"BRYANT ST","DIVISION ST",0.00,,Y,C,-,N,,,,,,,,,,N,3,0,1,2,A,-,12,21453,A,N,D,G,A,B,H,-,A,A,0,,Y,,,Y,,L,04,0,1,0,0,0,0,1,0,0,"- ","- ",,,"SAN FRANCISCO","SAN FRANCISCO",-122.41082000732422,37.769309997558594
8845788,2019,2019-04-30,3801,2019-03-29,1750,2209,MISSI,5,5,7,3801,0,0,0,,0,3D2D,"18TH ST","SANCHEZ ST",80.00,W,N,A,-,N,,,,,,,,,,N,3,0,1,2,A,-,08,22107,,N,D,G,A,A,-,-,A,D,0,,Y,,,Y,,L,04,0,1,0,0,0,0,1,0,0,"- ","- ",,,"SAN FRANCISCO","SAN FRANCISCO",-122.43084716796875,37.761131286621094
8850717,2019,2019-04-30,3801,2019-02-23,0045,817,MISSI,6,5,7,3801,0,0,0,,0,3D15E,"SOUTH VAN NESS AV","13TH ST",0.00,,Y,A,-,N,,,,,,,,,,N,3,0,1,2,A,-,05,21650,1,N,A,G,A,A,H,-,C,A,0,,Y,,,Y,,L,04,0,1,0,0,0,0,1,0,0,"- ","- ",,,"SAN FRANCISCO","SAN FRANCISCO",-122.41777038574219,37.769718170166016
8857803,2019,2019-05-22,3801,2019-04-23,1856,812,PARK,2,5,7,3801,0,0,0,,0,003,"FULTON ST","MASONIC AV",0.00,,Y,A,-,N,,,,,,,,,,N,3,0,1,2,A,-,08,22107,,F,D,G,A,A,H,-,A,A,0,,Y,,,Y,,A,07,0,1,0,0,0,0,1,0,0,"- ","- ",,,"SAN FRANCISCO","SAN FRANCISCO",-122.44647216796875,37.775791168212891
8857864,2019,2019-05-22,3801,2019-04-29,1033,826,"BAY V",1,5,7,3801,0,0,0,,0,003,"3RD ST","OAKDALE AV",40.00,N,N,A,-,N,,,,,,,,,,Y,2,0,1,2,A,-,05,21651,C,F,C,G,A,A,H,-,A,A,0,,Y,,,Y,,A,01,1,0,0,0,0,0,1,0,0,"- ","- ",,,"SAN FRANCISCO","SAN FRANCISCO",-122.39073181152344,37.734935760498047
8857936,2019,2019-05-21,3801,2019-04-25,0845,878,CENTR,4,5,7,3801,0,0,0,,0,SOUTHE,"2ND ST","FOLSOM ST",20.00,S,N,A,-,N,,,,,,,,,,N,3,0,1,2,C,-,18,,,N,B,G,A,A,H,-,A,D,0,,Y,,,Y,,-,"- ",0,1,0,0,0,0,1,0,0,"- ","- ",,,"SAN FRANCISCO","SAN FRANCISCO",-122.39668273925781,37.7855224609375
8857939,2019,2019-05-21,3801,2019-04-03,1456,1580,SOUTH,3,5,7,3801,0,0,0,,0,3B15B,"BRANNAN ST","9TH ST",0.00,,Y,B,-,N,,,,,,,,,,N,3,0,1,2,A,-,17,22517,,N,B,G,A,A,H,-,A,A,0,,Y,,,Y,,A,01,0,1,0,0,0,0,1,0,0,"- ","- ",,,"SAN FRANCISCO","SAN FRANCISCO",-122.40699005126953,37.770061492919922
8858077,2019,2019-05-21,3801,2019-04-06,2100,1033,TARAV,6,5,7,3801,0,0,0,,0,3I13E,"46TH AV","TARAVAL ST",0.00,,Y,A,-,N,,,,,,,,,,N,3,0,1,2,A,-,06,21751,,N,B,G,A,A,H,-,D,D,0,,Y,,,Y,,L,04,0,1,0,0,0,0,1,0,0,"- ","- ",,,"SAN FRANCISCO","SAN FRANCISCO",-122.50463104248047,37.741771697998047
8878186,2019,2019-07-24,3801,2019-05-14,0813,2266,INGLE,2,5,7,3801,0,0,0,,0,3H16A,"MISSION ST","SANTA ROSA AV",128.00,S,N,B,-,N,,,,,,,,,,N,4,0,1,2,A,-,08,22102,,N,D,G,A,A,H,-,A,D,0,,Y,,,Y,,A,08,0,0,1,0,0,0,1,0,0,"- ","- ",,,"SAN FRANCISCO","SAN FRANCISCO",-122.43423461914062,37.725456237792969
8878269,2019,2019-06-20,3801,2019-05-21,1816,1378,SOUTH,2,5,7,3801,0,0,0,,0,3B14D,"EMBARCADERO ST SOUTH","BRYANT ST",0.00,,Y,B,-,N,,,,,,,,,,N,4,0,1,2,A,-,12,21453,A,N,D,G,A,-,H,-,B,A,0,,Y,,,Y,,L,04,0,0,1,0,0,0,1,0,0,"- ","- ",,,"SAN FRANCISCO","SAN FRANCISCO",-122.388009,37.787078999999999
8878485,2019,2019-06-19,3801,2019-05-24,2145,2292,INGLE,5,5,7,3801,0,0,0,,0,3H16E,"CRESCENT AV","FOLSOM ST",0.00,,Y,A,-,N,,,,,,,,,,N,4,0,1,2,A,-,12,22450,A,N,D,G,A,A,H,-,C,A,0,,Y,,,Y,Y,L,04,0,0,1,0,0,0,1,0,0,"- ","- ",,,"SAN FRANCISCO","SAN FRANCISCO",-122.41371917724609,37.734748840332031
8878624,2019,2019-06-19,3801,2019-05-15,0905,A20952,SOUTH,3,5,7,3801,0,0,0,,0,9X9B,"9TH ST","BRANNAN ST",0.00,,Y,B,-,N,,,,,,,,,,N,3,0,1,3,A,-,17,22517,,N,B,G,A,A,H,-,A,A,0,,Y,,,Y,,-,,0,1,0,0,0,0,1,0,0,"- ","- ",,,"SAN FRANCISCO","SAN FRANCISCO",-122.40699005126953,37.770061492919922
8878670,2019,2019-06-19,3801,2019-05-12,0842,2089,CENTR,7,5,7,3801,0,0,0,,0,005,"MARKET ST","SUTTER ST",0.00,,Y,-,-,N,,,,,,,,,,N,4,0,1,1,A,-,"- ",,,N,F,A,A,A,H,-,B,A,0,,Y,,,Y,,L,04,0,0,1,0,0,0,1,0,0,"- ","- ",,,"SAN FRANCISCO","SAN FRANCISCO",-122.40013885498047,37.790298461914062
8891922,2019,2019-11-06,3801,2019-09-26,1757,2407,NORTH,4,5,7,3801,0,0,0,,0,3E13D,"MARKET ST","GOUGH ST",5.00,W,N,A,-,N,,,,,,,,,,,4,0,1,2,-,-,"- ",,,N,B,G,A,A,H,-,A,A,0,,Y,,,Y,,-,"- ",0,0,1,0,0,0,1,0,0,"- ","- ",,,"SAN FRANCISCO","SAN FRANCISCO",-122.42222595214844,37.772861480712891
8891946,2019,2019-10-25,3801,2019-09-30,1120,2743,SOUTH,1,5,7,3801,0,0,0,,0,3B4,"8TH ST","RINGOLD ST",3.00,E,N,A,-,N,,,,,,,,,,N,4,0,1,2,A,-,08,22107,,N,D,G,A,A,H,-,A,D,0,,Y,,,Y,,A,08,0,0,1,0,0,0,1,0,0,"- ","- ",,,"SAN FRANCISCO","SAN FRANCISCO",-122.40946960449219,37.774543762207031
8892063,2019,2019-11-06,3801,2019-09-14,1055,1217,PARK,6,5,7,3801,0,0,0,,0,PARK3,"MASONIC AV","FELL ST",0.00,,Y,A,-,N,,,,,,,,,,N,4,0,1,2,D,-,00,,,N,D,G,A,A,H,-,A,A,0,,Y,,,Y,,-,"- ",0,0,1,0,0,0,1,0,0,"- ","- ",,,"SAN FRANCISCO","SAN FRANCISCO",-122.4459228515625,37.772979736328125
8899072,2019,2019-07-24,3801,2019-06-07,2135,2380,SOUTH,5,5,7,3801,0,0,0,,0,002,"HARRISON ST","5TH ST",25.00,W,N,A,-,N,,,,,,,,,,N,3,0,1,2,A,-,17,21200,A,N,D,G,A,-,H,-,C,A,0,,Y,,,Y,,L,04,0,1,0,0,0,0,1,0,0,"- ","- ",,,"SAN FRANCISCO","SAN FRANCISCO",-122.40193176269531,37.779010772705078
8899315,2019,2019-07-25,3801,2019-06-09,1601,812,PARK,7,5,7,3801,0,0,0,,0,3F13D,"CHURCH ST","DUBOCE AV",0.00,,Y,A,-,N,,,,,,,,,,N,4,0,1,2,A,-,08,22107,,N,D,G,A,A,H,-,A,D,0,,Y,,,Y,,A,07,0,0,1,0,0,0,1,0,0,"- ","- ",,,"SAN FRANCISCO","SAN FRANCISCO",-122.42912292480469,37.769458770751953
8899324,2019,2019-07-25,3801,2019-06-05,0930,2023,PARK,3,5,7,3801,0,0,0,,0,001,"JOHN F KENNEDY DR","NANCY PELOSI DR",0.00,,Y,A,-,N,,,,,,,,,,N,4,0,1,2,A,-,03,22350,,N,H,B,B,A,H,-,A,D,0,Y,Y,,,Y,,L,04,0,0,1,0,1,0,0,0,0,"- ","- ",,,"SAN FRANCISCO","SAN FRANCISCO",,
8919751,2019,2019-08-22,3801,2019-07-12,2143,1909,NORTH,5,5,7,3801,0,0,0,,0,NORTHE,"OFARRELL ST","POLK ST",2.00,E,N,A,-,N,,,,,,,,,,N,4,0,1,2,A,-,08,22107,,N,-,G,A,A,H,-,C,A,0,,Y,,,Y,,A,07,0,0,1,0,0,0,1,0,0,"- ","- ",,,"SAN FRANCISCO","SAN FRANCISCO",-122.41954040527344,37.784969329833984
8937015,2019,2019-09-20,3801,2019-08-30,1432,215,BAYVI,5,5,7,3801,0,0,0,,0,1SECTO,"ILLINOIS ST","3RD ST",97.00,N,N,A,-,N,,,,,,,,,,N,4,0,1,1,-,-,"- ",,,N,H,-,A,A,D,-,A,D,0,,Y,,,Y,,-,"- ",0,0,1,0,0,0,1,0,0,"- ","- ",,,"SAN FRANCISCO","SAN FRANCISCO",,
8960574,2019,2019-12-24,3801,2019-10-24,0809,1605,NORTH,4,5,7,3801,0,0,0,,0,3E12A,"FULTON ST","WEBSTER ST",0.00,,Y,A,-,N,,,,,,,,,,N,3,0,1,2,A,-,06,21755,A,N,B,G,A,A,C,-,A,D,0,,Y,,,Y,,L,04,0,1,0,0,0,0,1,0,0,"- ","- ",,,"SAN FRANCISCO","SAN FRANCISCO",-122.42990875244141,37.777908325195312
8981421,2019,2020-01-09,3801,2019-11-14,1138,1251,SOUTH,4,5,7,3801,0,0,0,,0,3B107,"MISSION ST","NEW MONTGOMERY ST",0.00,,Y,A,-,N,,,,,,,,,,N,4,0,1,2,A,-,11,21453,D,N,H,-,B,A,H,-,A,A,0,Y,Y,,,Y,,N,60,0,0,1,0,1,0,0,0,0,"- ","- ",,,"SAN FRANCISCO","SAN FRANCISCO",-122.40049743652344,37.787448883056641
8981639,2019,2020-01-09,3801,2019-11-08,1226,933,CENTA,5,5,7,3801,0,0,0,,0,0A4,"ROBERT C LEVY TUNNEL","BROADWAY ST",100.00,W,N,A,-,N,,,,,,,,,,N,4,0,1,2,A,-,06,21750,A,N,B,G,A,A,H,-,A,D,0,,Y,,,Y,,A,07,0,0,1,0,0,0,1,0,0,"- ","- ",,,"SAN FRANCISCO","SAN FRANCISCO",-122.41112518310547,37.797252655029297
8981780,2019,2019-12-06,3801,2019-10-30,2035,4118,INGLE,3,5,7,3801,0,0,0,,0,3H16D,"MISSION ST","MISSION ST 3300",0.00,N,N,A,-,N,,,,,,,,,,N,4,0,1,2,A,-,03,22350,,F,C,G,A,A,H,-,C,A,0,,Y,,,Y,,A,01,0,0,1,0,0,0,1,0,0,"- ","- ",,,"SAN FRANCISCO","SAN FRANCISCO",-122.42103576660156,37.743869781494141
8981804,2019,2019-12-06,3801,2019-10-24,1011,859,TENDE,4,5,7,3801,0,0,0,,0,03J,"11TH ST","MARKET ST",0.00,,Y,A,-,N,,,,,,,,,,N,3,0,1,3,A,-,17,22517,,N,H,G,A,A,H,-,A,D,0,,Y,,,Y,,-,,0,1,0,0,0,0,1,0,0,"- ","- ",,,"SAN FRANCISCO","SAN FRANCISCO",-122.418701171875,37.775600433349609
90327385,2016,2017-03-03,9350,2016-11-13,1253,019678,,7,1,7,3801,0,1,2,,1,120,"US-101 S/B (GGB WEST SIDEWALK)","GOLDEN GATE BRIDGE SOUTH TOWER",830.00,S,N,A,-,N,,,101,,,,,,S,N,3,0,2,2,B,-,22,,,N,A,G,A,A,H,-,A,D,0,,Y,,,Y,,L,04,0,2,0,0,0,0,2,0,0,"- ","- ",37.811790000000002,-122.47771,"SAN FRANCISCO","SAN FRANCISCO",-122.4777943,37.811780130000002
9035584,2019,2020-02-14,3801,2019-12-20,1900,1117,TENDE,5,5,7,3801,0,0,0,,0,3J11D,"8TH ST","8TH ST 50",0.00,,Y,A,-,N,,,,,,,,,,N,4,0,1,2,A,-,08,22107,,N,D,G,A,A,-,-,D,D,0,,Y,,,Y,,A,01,0,0,1,0,0,0,1,0,0,"- ","- ",,,"SAN FRANCISCO","SAN FRANCISCO",-122.41386799999999,37.778016000000001
9035748,2019,2020-01-30,3801,2019-12-18,1714,1102,SOUTH,3,5,7,3801,0,0,0,,0,0B4,"8TH ST","RINGOLD ST",0.00,,Y,C,-,N,,,,,,,,,,N,4,0,1,2,A,-,09,21800,A,N,A,G,A,B,H,-,C,D,0,,Y,,,Y,,L,04,0,0,1,0,0,0,1,0,0,"- ","- ",,,"SAN FRANCISCO","SAN FRANCISCO",-122.40947723388672,37.774551391601562
9035793,2019,2020-01-29,3801,2019-12-26,1159,2204,TENDE,4,5,7,3801,0,0,0,,0,,"EDDY ST","JONES ST",0.00,,Y,A,-,N,,,,,,,,,,N,3,0,1,2,A,-,04,21703,,N,C,G,A,A,H,-,A,A,0,,Y,,,Y,,L,04,0,1,0,0,0,0,1,0,0,"- ","- ",,,"SAN FRANCISCO","SAN FRANCISCO",-122.41259002685547,37.783939361572266
9075108,2020,2020-05-16,3801,2020-02-26,1853,2122,MISSI,3,5,7,3801,0,0,0,,0,005,"MISSION ST","15TH ST",0.00,,Y,A,-,N,,,,,,,,,,N,3,0,1,2,A,-,05,21650,,M,D,G,A,A,H,-,C,A,0,,Y,,,Y,,L,04,0,1,0,0,0,0,1,0,0,"- ","- ",,,"SAN FRANCISCO","SAN FRANCISCO",-122.41982269287109,37.766670227050781
90872522,2018,2018-11-30,9350,2018-11-18,1730,021485,,7,2,7,3801,0,1,2,,1,120,"US-101 SB (GOLDEN GATE BRIDGE)","GGB SOUTH TOWER",700.00,S,N,A,-,Y,,,101,,,,,,S,N,3,0,2,2,B,-,22,,,N,A,G,A,A,H,-,C,D,0,,Y,,,Y,,L,04,0,1,1,0,0,0,2,0,0,"- ","- ",37.811668395996094,-122.47769927978516,"SAN FRANCISCO","SAN FRANCISCO",-122.477783203125,37.811660766601562
91018708,2019,2019-06-27,9350,2019-06-08,1045,022003,,6,1,7,3801,0,1,2,,1,120,"US-101 SB (GGB WEST SIDE WALK)","SOUTH TOWER OF THE GOLDEN GATE BRIDGE",50.00,N,N,A,-,N,,,101,,,,,,S,N,3,0,1,2,B,-,22,,,N,A,G,A,A,H,-,A,D,0,,Y,,,Y,,L,04,0,1,0,0,0,0,1,0,0,"- ","- ",37.81024169921875,-122.47760772705078,"SAN FRANCISCO","SAN FRANCISCO",-122.47763061523438,37.810237884521484