CASE_ID,ACCIDENT_YEAR,PROC_DATE,JURIS,COLLISION_DATE,COLLISION_TIME,OFFICER_ID,REPORTING_DISTRICT,DAY_OF_WEEK,CHP_SHIFT,POPULATION,CNTY_CITY_LOC,SPECIAL_COND,BEAT_TYPE,CHP_BEAT_TYPE,CITY_DIVISION_LAPD,CHP_BEAT_CLASS,BEAT_NUMBER,PRIMARY_RD,SECONDARY_RD,DISTANCE,DIRECTION,INTERSECTION,WEATHER_1,WEATHER_2,STATE_HWY_IND,CALTRANS_COUNTY,CALTRANS_DISTRICT,STATE_ROUTE,ROUTE_SUFFIX,POSTMILE_PREFIX,POSTMILE,LOCATION_TYPE,RAMP_INTERSECTION,SIDE_OF_HWY,TOW_AWAY,COLLISION_SEVERITY,NUMBER_KILLED,NUMBER_INJURED,PARTY_COUNT,PRIMARY_COLL_FACTOR,PCF_CODE_OF_VIOL,PCF_VIOL_CATEGORY,PCF_VIOLATION,PCF_VIOL_SUBSECTION,HIT_AND_RUN,TYPE_OF_COLLISION,MVIW,PED_ACTION,ROAD_SURFACE,ROAD_COND_1,ROAD_COND_2,LIGHTING,CONTROL_DEVICE,CHP_ROAD_TYPE,PEDESTRIAN_ACCIDENT,BICYCLE_ACCIDENT,MOTORCYCLE_ACCIDENT,TRUCK_ACCIDENT,NOT_PRIVATE_PROPERTY,ALCOHOL_INVOLVED,STWD_VEHTYPE_AT_FAULT,CHP_VEHTYPE_AT_FAULT,COUNT_SEVERE_INJ,COUNT_VISIBLE_INJ,COUNT_COMPLAINT_PAIN,COUNT_PED_KILLED,COUNT_PED_INJURED,COUNT_BICYCLIST_KILLED,COUNT_BICYCLIST_INJURED,COUNT_MC_KILLED,COUNT_MC_INJURED,PRIMARY_RAMP,SECONDARY_RAMP,LATITUDE,LONGITUDE,COUNTY,CITY,POINT_X,POINT_Y
6514738,2014,2016-04-13,9350,2014-06-06,1310,013450,,5,1,7,3801,0,1,2,,1,120,"RT 101","GGB NORTH TOWER",528.00,S,N,B,-,Y,SF,4,101,-,-,10.280,H,-,N,N,3,0,1,2,D,-,00,,,N,A,A,A,A,H,-,A,D,1,,Y,,,Y,,-,"- ",0,1,0,0,0,0,1,0,0,"- ","- ",,,"SAN FRANCISCO","SAN FRANCISCO",-122.47777339,37.812636699999999
6530516,2014,2015-01-23,9350,2014-06-14,1130,13450,,6,1,7,3801,0,1,2,,1,120,"RT 101","GGB SOUTH TOWER",5.00,N,N,A,F,Y,SF,4,101,-,-,10.160,H,-,S,N,3,0,1,1,B,-,22,,,N,F,A,A,A,H,-,A,D,1,,Y,,,Y,,L,04,0,1,0,0,0,0,1,0,0,"- ","- ",,,"SAN FRANCISCO","SAN FRANCISCO",-122.47768986,37.810860030000001
6540558,2014,2014-08-08,3801,2014-02-17,1650,769,,1,5,7,3801,0,0,0,,0,3A60,"POLK ST","BAY ST",58.00,N,N,A,-,N,,,,,,,,,,N,3,0,1,2,A,-,08,22107,,N,B,G,A,A,H,-,A,D,0,,Y,,,Y,,I,19,0,1,0,0,0,0,1,0,0,"- ","- ",,,"SAN FRANCISCO","SAN FRANCISCO",-122.42348253,37.804517230000002
6540638,2014,2014-08-06,3801,2014-03-18,0850,595,SOUTH,2,5,7,3801,0,0,0,,0,3B5A,"TOWNSEND ST","CLARENCE ST",67.00,E,N,A,-,N,,,,,,,,,,N,4,0,1,2,A,-,17,22517,,N,E,G,A,A,H,-,A,D,0,,Y,,Y,Y,,F,,0,0,1,0,0,0,1,0,0,"- ","- ",,,"SAN FRANCISCO","SAN FRANCISCO",-122.39205559,37.779419799999999
6540991,2014,2014-08-12,3801,2014-04-05,2230,2095,,6,5,7,3801,0,0,0,,0,,"17TH ST","CHURCH ST",242.00,W,N,A,-,N,,,,,,,,,,N,3,0,1,1,C,-,18,,,N,H,J,A,A,C,-,C,D,0,,Y,,,Y,,-,"- ",0,1,0,0,0,0,1,0,0,"- ","- ",,,"SAN FRANCISCO","SAN FRANCISCO",-122.42934547,37.762834640000001
6546055,2014,2014-07-23,3801,2014-01-11,2335,2159,NORTH,6,5,7,3801,0,0,0,,0,3E11D,BROADWAY,"LARKIN ST",0.00,N,N,A,-,N,,,,,,,,,,,4,0,1,2,A,-,08,22101,D,N,A,G,A,A,H,-,C,A,0,,Y,,,Y,,L,04,0,0,1,0,0,0,1,0,0,"- ","- ",,,"SAN FRANCISCO","SAN FRANCISCO",-122.42012991999999,37.796219999999998
6546107,2014,2014-07-18,3801,2014-01-21,0940,1524,NORTH,2,5,7,3801,0,0,0,,0,3E12C,"FULTON ST","FILLMORE ST",0.00,,Y,A,-,N,,,,,,,,,,N,3,0,1,2,A,-,03,22350,,N,B,C,A,A,H,-,A,A,0,,Y,,,Y,,L,04,0,1,0,0,0,0,1,0,0,"- ","- ",,,"SAN FRANCISCO","SAN FRANCISCO",-122.43155991,37.777689979999998
6546172,2014,2014-07-22,3801,2014-02-18,1930,2044,SOUTH,2,5,7,3801,0,0,0,,0,3B14D,"DIVISION ST","9TH ST",125.00,E,N,A,-,N,,,,,,,,,,N,4,0,1,2,A,-,08,22107,,N,B,G,A,A,H,-,C,D,0,,Y,,,Y,,A,01,0,0,1,0,0,0,1,0,0,"- ","- ",,,"SAN FRANCISCO","SAN FRANCISCO",-122.40585047,37.769646860000002
6546180,2014,2014-07-22,3801,2014-02-22,1731,004261,PARKS,6,5,7,3801,0,0,0,,0,3F14D,"FELL ST","DIVISADERO ST",120.00,E,N,B,-,N,,,,,,,,,,N,4,0,1,2,A,-,06,21751,,M,B,G,A,A,H,-,B,D,0,,Y,,,Y,,A,07,0,0,1,0,0,0,1,0,0,"- ","- ",,,"SAN FRANCISCO","SAN FRANCISCO",-122.43719032,37.774114109999999
6547595,2014,2014-07-22,3801,2014-01-10,1815,4187,NORTH,5,5,7,3801,0,0,0,,0,3E14D,"POLK ST","JACKSON ST",0.00,,Y,A,-,N,,,,,,,,,,N,4,0,1,2,A,-,03,22350,,F,C,G,A,A,H,-,C,A,0,,Y,,,Y,,A,07,0,0,1,0,0,0,1,0,0,"- ","- ",,,"SAN FRANCISCO","SAN FRANCISCO",-122.42138998,37.794139970000003
6556990,2014,2014-07-30,3801,2014-03-12,0545,2354,TARAV,3,5,7,3801,0,0,0,,0,3I11E,"CLEARFIELD DR","OCEAN AV",86.00,N,N,G,-,N,,,,,,,,,,N,4,0,1,1,-,-,"- ",,,N,-,-,A,A,H,-,C,-,0,,Y,,,Y,,-,"- ",0,0,1,0,0,0,1,0,0,"- ","- ",,,"SAN FRANCISCO","SAN FRANCISCO",-122.49145780000001,37.73225583
6557019,2014,2014-07-21,3801,2014-03-21,1016,1108,MISSI,5,5,7,3801,0,0,0,,0,,"FOLSOM ST","CESAR CHAVEZ DR",0.00,,Y,A,-,N,,,,,,,,,,N,4,0,1,2,A,-,09,21801,A,N,D,G,A,A,H,-,A,A,0,,Y,,,Y,,A,08,0,0,1,0,0,0,1,0,0,"- ","- ",,,"SAN FRANCISCO","SAN FRANCISCO",-122.41367997,37.748269970000003
6557062,2014,2014-07-21,3801,2014-03-19,1437,1130,RICHM,3,5,7,3801,0,0,0,,0,002,"ARGUELLO ST","FULTON ST",0.00,,Y,A,-,N,,,,,,,,,,N,3,0,1,2,A,-,"- ",,,N,H,B,B,A,H,-,A,A,0,Y,Y,,,Y,,N,60,0,1,0,0,0,0,1,0,0,"- ","- ",,,"SAN FRANCISCO","SAN FRANCISCO",-122.45834993,37.774289899999999
6557079,2014,2014-08-04,3801,2014-03-20,1527,004329,SOUTH,4,5,7,3801,0,0,0,,0,3B11C,"MARKET ST","SPEAR ST",0.00,,Y,A,-,N,,,,,,,,,,N,3,0,1,2,A,-,06,21750,,N,B,G,A,A,H,-,A,A,0,,Y,,,Y,,L,04,0,1,0,0,0,0,1,0,0,"- ","- ",,,"SAN FRANCISCO","SAN FRANCISCO",-122.39572991999999,37.793749890000001
6565400,2014,2014-08-26,9350,2014-07-15,1800,018662,,2,2,7,3801,0,1,2,,1,120,"W SIDEWALK OF GOLDEN GATE BRIDGE","NORTH TOWER",80.00,S,N,A,-,N,,,,,,,,,,N,2,0,1,2,B,-,22,,,F,B,G,A,A,H,-,A,D,0,,Y,,,Y,,L,04,1,0,0,0,0,0,1,0,0,"- ","- ",37.818460000000002,-122.47488,"SAN FRANCISCO","SAN FRANCISCO",,
6565946,2014,2014-08-12,3801,2014-04-17,1753,4057,NORTH,4,5,7,3801,0,0,0,,0,3E11D,"HAYES ST","WEBSTER ST",0.00,,Y,A,-,N,,,,,,,,,,N,2,0,1,1,A,-,03,22350,,N,H,J,A,A,H,-,A,A,0,,Y,,,Y,,L,04,1,0,0,0,0,0,1,0,0,"- ","- ",,,"SAN FRANCISCO","SAN FRANCISCO",-122.42953998999999,37.776039990000001
6566088,2014,2015-03-12,3801,2014-04-13,0032,1582,NORTH,7,5,7,3801,0,0,0,,0,3E12E,"GOUGH ST","GOLDEN GATE AV",0.00,,Y,A,-,N,,,,,,,,,,N,4,0,1,2,A,-,08,22107,,N,H,G,A,A,H,-,C,-,0,,Y,,,Y,,L,04,0,0,1,0,0,0,1,0,0,"- ","- ",,,"SAN FRANCISCO","SAN FRANCISCO",-122.42372996,37.780609949999999
6636854,2014,2014-10-31,9350,2014-09-14,1535,018191,,7,2,7,3801,0,1,2,,1,120,"GOLDEN GATE BRIDGE","GOLDEN GATE TOLL PLAZA",1300.00,N,N,A,-,N,,,,,,,,,,N,3,0,1,1,B,-,22,,,N,F,A,A,A,H,-,A,D,0,,Y,,,Y,,L,04,0,1,0,0,0,0,1,0,0,"- ","- ",37.810299999999998,-122.47762,"SAN FRANCISCO","SAN FRANCISCO",-122.47740804999999,37.810315129999999
6937749,2015,2015-07-13,3801,2015-04-27,1003,,,1,5,7,3801,0,0,0,,0,,"OCTAVIA ST","HAIGHT ST",125.00,S,N,A,-,N,,,,,,,,,,N,3,0,1,2,A,-,00,21760,B,N,B,G,A,A,H,-,A,D,0,,Y,,,Y,,A,01,0,1,0,0,0,0,1,0,0,"- ","- ",37.772590000000001,-122.42359999999999,"SAN FRANCISCO","SAN FRANCISCO",-122.42385869,37.772621299999997
6937780,2014,2015-08-22,3801,2014-12-21,1045,1109,INGLE,7,5,7,3801,0,0,0,,0,3H13A,"ALEMANY BL","OCEAN AV",48.00,N,N,B,-,N,,,,,,,,,,N,4,0,1,1,A,-,03,22350,,N,F,J,A,B,B,D,A,D,0,,Y,,,Y,,L,04,0,0,1,0,0,0,1,0,0,"- ","- ",,,"SAN FRANCISCO","SAN FRANCISCO",-122.43749519000001,37.723826969999998
6997293,2014,2015-08-03,3801,2014-09-09,1720,4253,901,2,5,7,3801,0,0,0,,0,MISSIO,"14TH ST","SHOTWELL ST",50.00,E,N,A,-,N,,,,,,,,,,N,2,0,1,2,A,-,17,22517,,N,H,G,A,A,H,-,A,D,0,,Y,,,Y,,A,01,1,0,0,0,0,0,1,0,0,"- ","- ",,,"SAN FRANCISCO","SAN FRANCISCO",-122.41653737,37.768489420000002
6997338,2014,2015-08-03,3801,2014-09-08,1450,004119,BAYVI,1,5,7,3801,0,0,0,,0,4K5C,"BAY SHORE BL","BACON ST",0.00,,Y,A,-,N,,,,,,,,,,N,4,0,1,2,A,-,09,21801,A,N,D,G,A,A,H,-,A,A,0,,Y,,,Y,,A,01,0,0,1,0,0,0,1,0,0,"- ","- ",,,"SAN FRANCISCO","SAN FRANCISCO",-122.40219989000001,37.727949950000003
6997378,2014,2015-08-07,3801,2014-05-01,2030,001763,MISSI,4,5,7,3801,0,0,0,,0,3D5D,"16TH ST","UTAH ST",0.00,,Y,A,-,N,,,,,,,,,,N,4,0,1,2,A,-,"- ",,,N,D,G,A,A,H,-,C,D,0,,Y,,,Y,,L,04,0,0,1,0,0,0,1,0,0,"- ","- ",,,"SAN FRANCISCO","SAN FRANCISCO",-122.40654999,37.765839970000002
6997497,2014,2015-08-05,3801,2014-09-26,0922,1421,SOUTH,5,5,7,3801,0,0,0,,0,3B50A,"6TH ST","JESSIE ST",0.00,,Y,A,-,N,,,,,,,,,,N,4,0,1,2,A,-,17,21208,A,N,-,G,A,A,H,-,A,D,0,,Y,,,Y,,L,04,0,0,1,0,0,0,1,0,0,"- ","- ",,,"SAN FRANCISCO","SAN FRANCISCO",-122.40920997000001,37.781399989999997
6997912,2014,2015-08-05,3801,2014-08-05,0151,2330,,2,5,7,3801,0,0,0,,0,,"VICENTE ST","20TH AV",0.00,,Y,A,-,N,,,,,,,,,,N,3,0,1,2,A,-,12,22450,A,N,D,G,A,A,H,-,C,D,0,,Y,,,Y,,L,04,0,1,0,0,0,0,1,0,0,"- ","- ",,,"SAN FRANCISCO","SAN FRANCISCO",-122.47650994,37.739249909999998
7004088,2014,2015-08-06,3801,2014-10-23,1100,410,,4,5,7,3801,0,0,0,,0,03D,"14TH ST","VALENCIA ST",100.00,W,N,B,-,N,,,,,,,,,,N,3,0,1,1,A,-,03,22350,,N,F,I,A,A,H,-,A,D,0,,Y,,,Y,,L,04,0,1,0,0,0,0,1,0,0,"- ","- ",,,"SAN FRANCISCO","SAN FRANCISCO",-122.42252514,37.768129879999996
7008003,2014,2015-08-06,3801,2014-05-08,1155,1486,SF,4,5,7,3801,0,0,0,,0,4K6A,"POST ST","JONES ST",160.00,W,N,A,-,N,,,,,,,,,,N,3,0,1,2,A,-,06,21755,,N,B,G,A,A,H,-,A,D,0,,Y,,,Y,,L,04,0,1,0,0,0,0,1,0,0,"- ","- ",,,"SAN FRANCISCO","SAN FRANCISCO",-122.41388477,37.78761076
7008012,2014,2015-08-06,3801,2014-05-26,1545,004284,NORTH,1,5,7,3801,0,0,0,,0,3E62,"LAGUNA ST","MARINA BL",70.00,S,N,A,-,N,,,,,,,,,,N,4,0,1,2,A,-,03,22350,,N,D,G,A,A,H,-,A,A,0,,Y,,,Y,,L,04,0,0,1,0,0,0,1,0,0,"- ","- ",,,"SAN FRANCISCO","SAN FRANCISCO",-122.43202993,37.805020349999999
7008037,2014,2015-08-06,3801,2014-09-29,1741,856,SOUTH,1,5,7,3801,0,0,0,,0,003,"7TH ST","HOWARD ST",0.00,,Y,A,-,N,,,,,,,,,,N,4,0,1,2,A,-,17,21657,,N,A,G,A,A,H,-,A,A,0,,Y,,,Y,,L,04,0,0,1,0,0,0,1,0,0,"- ","- ",,,"SAN FRANCISCO","SAN FRANCISCO",-122.40939992,37.777979969999997
7008154,2014,2015-08-08,3801,2014-05-08,0715,1887,TRAFF,4,5,7,3801,0,0,0,,0,4K1C,"7TH AV","KIRKHAM ST",6.00,S,N,B,-,N,,,,,,,,,,N,4,0,1,2,A,-,08,22107,,N,D,G,A,A,H,-,A,D,0,,Y,,,Y,,A,01,0,0,1,0,0,0,1,0,0,"- ","- ",,,"SAN FRANCISCO","SAN FRANCISCO",-122.46391918,37.760373530000003
7009599,2014,2015-08-11,3801,2014-09-28,1148,002179,CENTR,7,5,7,3801,0,0,0,,0,4K5A,"EMBARCADERO NORTH ST","PIER 23",123.00,S,N,A,-,N,,,,,,,,,,N,4,0,1,3,A,-,17,21655,B,F,B,G,A,A,H,-,A,D,0,,Y,,,Y,,I,10,0,0,1,0,0,0,1,0,0,"- ","- ",,,"SAN FRANCISCO","SAN FRANCISCO",-122.40053773,37.802646549999999
7009962,2014,2015-08-14,3801,2014-08-13,1230,4193,NORTH,3,5,7,3801,0,0,0,,0,3E2C,"GOLDEN GATE AV","GOUGH ST",0.00,,Y,A,-,N,,,,,,,,,,N,4,0,1,2,A,-,12,21453,A,N,H,G,A,A,H,-,A,A,0,,Y,,,Y,,A,01,0,0,1,0,0,0,1,0,0,"- ","- ",,,"SAN FRANCISCO","SAN FRANCISCO",-122.42372996,37.780609949999999
7009997,2014,2016-01-13,3801,2014-08-14,2128,004262,MISSI,4,5,7,3801,0,0,0,,0,3D13E,"VALENCIA ST","22ND ST",0.00,,Y,A,-,N,,,,,,,,,,N,3,0,1,2,A,-,09,21801,A,F,D,G,A,A,H,-,C,A,0,,Y,,,Y,,-,,0,1,0,0,0,0,1,0,0,"- ","- ",,,"SAN FRANCISCO","SAN FRANCISCO",-122.42096986,37.755309920000002
7010025,2014,2015-08-13,3801,2014-08-02,0316,04359,NORTH,6,5,7,3801,0,0,0,,0,5CAR,"POLK ST","GREEN ST",0.00,,Y,A,-,N,,,,,,,,,,N,4,0,1,2,A,-,09,21802,A,F,D,G,A,A,H,-,C,A,0,,Y,,,Y,,A,01,0,0,1,0,0,0,1,0,0,"- ","- ",,,"SAN FRANCISCO","SAN FRANCISCO",-122.42213987,37.797829970000002
7010077,2014,2015-08-13,3801,2014-08-14,1752,1537,MISSI,4,5,7,3801,0,0,0,,0,901,"25TH ST","CAPP ST",62.00,E,N,G,-,N,,,,,,,,,,N,3,0,1,2,A,-,17,22517,,N,E,G,A,A,H,-,A,D,0,,Y,,,Y,,A,01,0,1,0,0,0,0,1,0,0,"- ","- ",,,"SAN FRANCISCO","SAN FRANCISCO",-122.41697608,37.750742580000001
7014915,2014,2015-08-11,3801,2014-07-23,0642,002172,MISSI,3,5,7,3801,0,0,0,,0,9013D4,"14TH ST","GUERRERO ST",0.00,,Y,B,-,N,,,,,,,,,,N,2,0,1,2,A,-,12,21453,A,F,B,G,A,A,H,-,A,A,0,,Y,,,Y,,A,01,1,0,0,0,0,0,1,0,0,"- ","- ",,,"SAN FRANCISCO","SAN FRANCISCO",-122.42440985,37.768019940000002
7014998,2014,2015-08-11,3801,2014-07-31,0915,001535,NORTH,4,5,7,3801,0,0,0,,0,3E12A,"GOLDEN GATE AV","FILLMORE AV",120.00,E,N,A,-,N,,,,,,,,,,N,3,0,1,2,A,-,03,22350,,N,C,G,A,A,H,-,A,D,0,,Y,,,Y,,L,04,0,1,0,0,0,0,1,0,0,"- ","- ",,,"SAN FRANCISCO","SAN FRANCISCO",-122.43152947999999,37.779610069999997
7015018,2014,2015-08-17,3801,2014-07-17,1302,001608,RICHM,4,5,7,3801,0,0,0,,0,3G12A,"GEARY ST","GEARY ST 3214",0.00,,N,A,-,N,,,,,,,,,,N,3,0,1,2,A,-,17,22517,,N,A,G,A,A,H,-,A,D,0,,Y,,,Y,,A,08,0,1,0,0,0,0,1,0,0,"- ","- ",,,"SAN FRANCISCO","SAN FRANCISCO",-122.45346576,37.781748149999999
7015028,2014,2015-08-14,3801,2014-07-25,1753,01459,MISSI,5,5,7,3801,0,0,0,,0,901,"CASTRO ST","19TH ST",147.00,N,N,A,-,N,,,,,,,,,,N,3,0,1,2,A,-,17,22517,,N,B,G,A,A,H,-,A,D,0,,Y,,,Y,Y,A,01,0,1,0,0,0,0,1,0,0,"- ","- ",,,"SAN FRANCISCO","SAN FRANCISCO",-122.43489357999999,37.759692950000002
7015058,2014,2015-08-12,3801,2014-06-23,0144,1881,SOUTH,1,5,7,3801,0,0,0,,0,3B70,"8TH ST","FOLSOM ST",0.00,,Y,A,-,N,,,,,,,,,,N,3,0,1,2,A,-,12,21453,A,N,D,G,A,A,H,-,-,A,0,,Y,,,Y,Y,L,04,0,1,0,0,0,0,1,0,0,"- ","- ",,,"SAN FRANCISCO","SAN FRANCISCO",-122.41004988,37.774989890000001
7015103,2014,2015-08-12,3801,2014-06-21,2006,2261,PARK,6,5,7,3801,0,0,0,,0,3F14D,"BAKER ST","GEARY BL",0.00,,Y,A,-,N,,,,,,,,,,N,3,0,1,2,A,-,05,21650,1,N,D,G,A,A,H,-,A,A,0,,Y,,,Y,,L,04,0,1,0,0,0,0,1,0,0,"- ","- ",,,"SAN FRANCISCO","SAN FRANCISCO",-122.44280992,37.782949889999998
7015143,2014,2015-08-12,3801,2014-10-15,2100,1501,INGLE,3,5,7,3801,0,0,0,,0,03H,"MONTEREY BL","DIAMOND ST",54.00,W,N,A,-,N,,,,,,,,,,N,3,0,1,2,A,-,07,21658,A,N,C,G,A,A,H,-,C,D,0,,Y,,,Y,,A,01,0,1,0,0,0,0,1,0,0,"- ","- ",,,"SAN FRANCISCO","SAN FRANCISCO",-122.43467889999999,37.732426660000002
7015177,2014,2015-08-12,3801,2014-10-21,0751,518,TARAV,2,5,7,3801,0,0,0,,0,4K51,"NORIEGA ST","44TH AV",0.00,,Y,A,-,N,,,,,,,,,,N,3,0,1,2,A,-,12,22450,A,M,D,G,A,A,H,-,A,D,0,,Y,,,Y,,A,01,0,1,0,0,0,0,1,0,0,"- ","- ",,,"SAN FRANCISCO","SAN FRANCISCO",-122.50325995,37.753039970000003
7015178,2014,2015-08-11,3801,2014-10-24,0743,813,PARK,5,5,7,3801,0,0,0,,0,3F2A,"ROOSEVELT WY","17TH ST",22.00,N,N,A,-,N,,,,,,,,,,N,4,0,1,2,A,-,05,21650,1,N,D,G,A,A,H,-,A,A,0,,Y,,,Y,,L,04,0,0,1,0,0,0,1,0,0,"- ","- ",,,"SAN FRANCISCO","SAN FRANCISCO",-122.44527042999999,37.761925660000003
7015220,2014,2015-08-13,3801,2014-10-20,0938,004269,SOUTH,1,5,7,3801,0,0,0,,0,0938,"MISSION ST","MISSION ST 1271",0.00,,-,C,-,N,,,,,,,,,,N,4,0,1,2,A,-,09,21804,A,N,D,G,A,B,H,-,A,D,0,,Y,,,Y,,A,01,0,0,1,0,0,0,1,0,0,"- ","- ",,,"SAN FRANCISCO","SAN FRANCISCO",-122.41429031,37.776586760000001
7015244,2014,2015-08-19,3801,2014-10-23,1145,000438,MISSI,4,5,7,3801,0,0,0,,0,,"CESAR CHAVEZ ST","DOLORES ST",218.00,W,N,A,-,N,,,,,,,,,,N,4,0,1,2,A,-,17,22517,,N,H,G,A,A,H,-,A,D,0,,Y,,,Y,,A,01,0,0,1,0,0,0,1,0,0,"- ","- ",,,"SAN FRANCISCO","SAN FRANCISCO",-122.42560211999999,37.747825319999997
7015257,2014,2015-08-13,3801,2014-10-10,1352,1039,INGLE,5,5,7,3801,0,0,0,,0,3H12C,"FOLSOM ST","PRECITA AV",255.00,S,N,A,-,N,,,,,,,,,,N,3,0,1,2,A,-,03,22350,,N,B,G,A,A,H,-,A,D,0,,Y,,,Y,,L,,0,1,0,0,0,0,1,0,0,"- ","- ",,,"SAN FRANCISCO","SAN FRANCISCO",-122.41351801,37.746491380000002
7015326,2014,2015-08-11,3801,2014-10-07,0900,2044,,2,5,7,3801,0,0,0,,0,,"MARKET ST","OCTAVIA BL",0.00,,Y,A,-,N,,,,,,,,,,N,4,0,1,2,A,-,08,22101,D,N,D,G,A,A,H,-,A,A,0,,Y,,,Y,,A,01,0,0,1,0,0,0,1,0,0,"- ","- ",,,"SAN FRANCISCO","SAN FRANCISCO",-122.42358993000001,37.771779950000003
7025406,2015,2015-08-22,3801,2015-03-07,1345,1882,,6,5,7,3801,0,0,0,,0,3G60,"JOHN F KENNEDY DR","TRANSVERSE DR",1584.00,W,N,A,-,N,,,,,,,,,,N,3,0,1,2,A,-,06,21755,,N,B,G,A,A,H,-,A,D,0,,Y,,,Y,,L,04,0,1,0,0,0,0,1,0,0,"- ","- ",,,"SAN FRANCISCO","SAN FRANCISCO",-122.48521058999999,37.770086579999997
7025541,2015,2015-08-22,3801,2015-04-26,1756,000320,RICHM,7,5,7,3801,0,0,0,,0,4B7E,"ARGUELLO BL","GEARY BL",0.00,,Y,A,-,N,,,,,,,,,,Y,3,0,2,2,A,-,09,21801,A,N,D,G,A,A,H,-,A,A,0,,Y,,,Y,,A,01,0,2,0,0,0,0,2,0,0,"- ","- ",,,"SAN FRANCISCO","SAN FRANCISCO",-122.45887996,37.781329919999997
7025576,2015,2015-08-22,3801,2015-04-01,0645,001918,NORTH,3,5,7,3801,0,0,0,,0,3E42B,"FILLMORE ST","FULTON ST",0.00,,Y,A,-,N,,,,,,,,,,N,3,0,1,2,A,-,06,21755,,N,D,G,A,A,H,-,A,A,0,,Y,,,Y,,L,04,0,1,0,0,0,0,1,0,0,"- ","- ",,,"SAN FRANCISCO","SAN FRANCISCO",-122.43155991,37.777689979999998
7025885,2014,2015-08-27,3801,2014-08-18,1125,251,RICHM,1,5,7,3801,0,0,0,,0,3G61,"FULTON ST","24TH AV",33.00,W,N,B,-,N,,,,,,,,,,N,4,0,1,1,C,-,18,,,N,H,J,A,A,H,-,A,D,0,,Y,,,Y,,-,"- ",0,0,1,0,0,0,1,0,0,"- ","- ",,,"SAN FRANCISCO","SAN FRANCISCO",-122.48323404,37.772615039999998
7027452,2015,2015-08-24,3801,2015-04-18,1135,000076,NORTH,6,5,7,3801,0,0,0,,0,3E12E,"MCALLISTER ST","WEBSTER ST",224.00,E,N,A,-,N,,,,,,,,,,N,4,0,1,2,A,-,08,22107,,F,D,G,A,A,H,-,A,D,0,,Y,,,Y,,A,01,0,0,1,0,0,0,1,0,0,"- ","- ",,,"SAN FRANCISCO","SAN FRANCISCO",-122.42934455,37.778937669999998
7027564,2015,2015-08-31,3801,2015-03-27,0812,738,MISSI,5,5,7,3801,0,0,0,,0,3D14A,"POTRERO AV","24TH ST",0.00,,Y,A,-,N,,,,,,,,,,N,3,0,1,2,A,-,21,22106,,F,D,G,A,A,H,-,A,A,0,,Y,,,Y,Y,A,01,0,1,0,0,0,0,1,0,0,"- ","- ",,,"SAN FRANCISCO","SAN FRANCISCO",-122.4063199,37.752989909999997
7027655,2015,2015-09-26,3801,2015-03-13,1829,1515,,5,5,7,3801,0,0,0,,0,3E15D,"DUBOCE AV","CHURCH ST",0.00,,Y,A,-,N,,,,,,,,,,N,4,0,1,2,A,-,12,22450,A,F,D,G,A,A,H,-,A,A,0,,Y,,,Y,,A,01,0,0,1,0,0,0,1,0,0,"- ","- ",,,"SAN FRANCISCO","SAN FRANCISCO",-122.42911992000001,37.769459959999999
7029238,2015,2015-08-26,3801,2015-06-08,0500,1400,MISSI,1,5,7,3801,0,0,0,,0,901,"MISSION ST","19TH ST",0.00,,Y,A,-,N,,,,,,,,,,N,4,0,1,2,A,-,03,22350,,F,C,G,A,A,H,-,B,A,0,,Y,,,Y,Y,A,01,0,0,1,0,0,0,1,0,0,"- ","- ",,,"SAN FRANCISCO","SAN FRANCISCO",-122.41921986,37.760219900000003
7029266,2015,2015-08-26,3801,2015-06-29,0828,2065,NORTH,1,5,7,3801,0,0,0,,0,3E12A,"MCALLISTER ST","WEBSTER ST",0.00,,Y,A,-,N,,,,,,,,,,N,4,0,1,2,A,-,09,21801,A,N,D,G,A,A,H,-,A,A,0,,Y,,,Y,,A,01,0,0,1,0,0,0,1,0,0,"- ","- ",,,"SAN FRANCISCO","SAN FRANCISCO",-122.43010988,37.778840000000002
7029319,2015,2015-08-27,3801,2015-06-07,1715,1474,CENTR,7,5,7,3801,0,0,0,,0,3A11D,"NORTH POINT ST","LEAVENWORTH ST",0.00,,Y,A,-,N,,,,,,,,,,N,4,0,1,2,A,-,09,21802,A,F,D,G,A,A,H,-,A,A,0,,Y,,,Y,,A,07,0,0,1,0,0,0,1,0,0,"- ","- ",,,"SAN FRANCISCO","SAN FRANCISCO",-122.41872993,37.805929939999999
7032815,2015,2015-08-20,3801,2015-05-24,1440,000690,3800,7,5,7,3801,0,0,0,,0,3D15A,"16TH ST","MISSION ST",0.00,,Y,A,-,N,,,,,,,,,,N,4,0,1,2,A,-,07,21658,A,N,C,G,A,A,H,-,A,A,0,,Y,,,Y,,L,04,0,0,1,0,0,0,1,0,0,"- ","- ",,,"SAN FRANCISCO","SAN FRANCISCO",-122.41966992,37.765049910000002