CASE_ID,ACCIDENT_YEAR,PROC_DATE,JURIS,COLLISION_DATE,COLLISION_TIME,OFFICER_ID,REPORTING_DISTRICT,DAY_OF_WEEK,CHP_SHIFT,POPULATION,CNTY_CITY_LOC,SPECIAL_COND,BEAT_TYPE,CHP_BEAT_TYPE,CITY_DIVISION_LAPD,CHP_BEAT_CLASS,BEAT_NUMBER,PRIMARY_RD,SECONDARY_RD,DISTANCE,DIRECTION,INTERSECTION,WEATHER_1,WEATHER_2,STATE_HWY_IND,CALTRANS_COUNTY,CALTRANS_DISTRICT,STATE_ROUTE,ROUTE_SUFFIX,POSTMILE_PREFIX,POSTMILE,LOCATION_TYPE,RAMP_INTERSECTION,SIDE_OF_HWY,TOW_AWAY,COLLISION_SEVERITY,NUMBER_KILLED,NUMBER_INJURED,PARTY_COUNT,PRIMARY_COLL_FACTOR,PCF_CODE_OF_VIOL,PCF_VIOL_CATEGORY,PCF_VIOLATION,PCF_VIOL_SUBSECTION,HIT_AND_RUN,TYPE_OF_COLLISION,MVIW,PED_ACTION,ROAD_SURFACE,ROAD_COND_1,ROAD_COND_2,LIGHTING,CONTROL_DEVICE,CHP_ROAD_TYPE,PEDESTRIAN_ACCIDENT,BICYCLE_ACCIDENT,MOTORCYCLE_ACCIDENT,TRUCK_ACCIDENT,NOT_PRIVATE_PROPERTY,ALCOHOL_INVOLVED,STWD_VEHTYPE_AT_FAULT,CHP_VEHTYPE_AT_FAULT,COUNT_SEVERE_INJ,COUNT_VISIBLE_INJ,COUNT_COMPLAINT_PAIN,COUNT_PED_KILLED,COUNT_PED_INJURED,COUNT_BICYCLIST_KILLED,COUNT_BICYCLIST_INJURED,COUNT_MC_KILLED,COUNT_MC_INJURED,PRIMARY_RAMP,SECONDARY_RAMP,LATITUDE,LONGITUDE,COUNTY,CITY,POINT_X,POINT_Y
7032824,2015,2015-08-20,3801,2015-05-15,0853,4246,,5,5,7,3801,0,0,0,,0,,"MARKET ST","8TH ST",0.00,,Y,A,-,N,,,,,,,,,,N,3,0,1,2,A,-,08,22101,D,F,D,G,A,A,H,-,A,A,0,,Y,,,Y,,A,01,0,1,0,0,0,0,1,0,0,"- ","- ",,,"SAN FRANCISCO","SAN FRANCISCO",-122.41475996,37.778709880000001
7032881,2015,2015-08-19,3801,2015-05-28,1712,1499,SOUTH,4,5,7,3801,0,0,0,,0,3B13D,"BRANNAN ST","4TH ST",0.00,,Y,A,-,N,,,,,,,,,,N,3,0,1,2,A,-,09,21801,A,N,D,G,A,A,H,-,A,A,0,,Y,,,Y,,L,04,0,1,0,0,0,0,1,0,0,"- ","- ",,,"SAN FRANCISCO","SAN FRANCISCO",-122.39653988000001,37.778329929999998
7034595,2015,2015-08-22,3801,2015-01-31,2320,2095,COD,6,5,7,3801,0,0,0,,0,901,"VALENCIA ST","16TH ST",27.00,S,N,A,-,N,,,,,,,,,,N,3,0,1,1,D,-,00,,,N,H,A,A,A,H,-,B,-,0,,Y,,,Y,Y,-,"- ",0,1,0,0,0,0,1,0,0,"- ","- ",,,"SAN FRANCISCO","SAN FRANCISCO",-122.42188311,37.764836029999998
7034619,2015,2015-08-25,3801,2015-01-13,1249,000352,COD,2,5,7,3801,0,0,0,,0,3D41C,"17TH ST","PROSPER ST",15.00,W,N,A,-,N,,,,,,,,,,N,3,0,1,2,A,-,03,22350,,N,B,E,A,A,G,-,A,A,0,,Y,,,Y,,L,04,0,1,0,0,0,0,1,0,0,"- ","- ",,,"SAN FRANCISCO","SAN FRANCISCO",-122.43160184,37.762707929999998
7034726,2015,2015-08-22,3801,2015-02-25,1050,004282,NORTH,3,5,7,3801,0,0,0,,0,3CAR,"POLK ST","ELM ST",0.00,,Y,A,-,N,,,,,,,,,,N,4,0,1,2,A,-,08,22107,,N,D,G,A,A,H,-,A,D,0,,Y,,,Y,,A,08,0,0,1,0,0,0,1,0,0,"- ","- ",,,"SAN FRANCISCO","SAN FRANCISCO",-122.41890986,37.781699889999999
7035292,2014,2015-08-24,3801,2014-12-20,1841,000891,,6,5,7,3801,0,0,0,,0,3G11D,"CALIFORNIA ST","PIERCE ST",159.00,W,N,B,-,N,,,,,,,,,,N,4,0,1,3,A,-,17,22517,,N,B,G,A,B,H,-,C,D,0,,Y,,,Y,,A,01,0,0,1,0,0,0,1,0,0,"- ","- ",,,"SAN FRANCISCO","SAN FRANCISCO",-122.43767317,37.788429460000003
7035781,2014,2015-08-27,3801,2014-11-26,1200,518,TARAV,3,5,7,3801,0,0,0,,0,4K5I,"BROTHERHOOD WY","TRAFFIC LIGHT LOCATED 625 NORTH",440.00,W,N,A,-,N,,,,,,,,,,N,3,0,1,2,B,-,22,,,N,D,G,A,A,H,-,A,D,0,,Y,,,Y,,L,04,0,1,0,0,0,0,1,0,0,"- ","- ",,,"SAN FRANCISCO","SAN FRANCISCO",,
7035856,2014,2016-06-24,3801,2014-11-01,0039,566,C,6,5,7,3801,0,0,0,,0,3C11E,"BAY SHORE BL","POTRERO AV",0.00,,Y,A,-,Y,SF,4,101,-,-,2.972,R,4,S,N,3,0,1,1,A,-,03,22350,,N,E,I,A,A,H,-,D,D,0,,Y,,,Y,Y,L,04,0,1,0,0,0,0,1,0,0,"- ","- ",,,"SAN FRANCISCO","SAN FRANCISCO",-122.40396557,37.748904690000003
7035933,2014,2015-08-21,3801,2014-11-03,1351,2225,CENTR,1,5,7,3801,0,0,0,,0,4CAR,"JACKSON ST","DRUMM ST",48.00,W,N,A,-,N,,,,,,,,,,N,4,0,1,2,A,-,17,22517,,F,B,G,A,A,H,-,A,D,0,,Y,,,Y,,A,01,0,0,1,0,0,0,0,0,0,"- ","- ",,,"SAN FRANCISCO","SAN FRANCISCO",-122.39734409,37.797199200000001
7035989,2014,2015-08-25,3801,2014-11-25,2241,004303,SOUTH,2,5,7,3801,0,0,0,,0,3B4E,"MARKET ST","12TH ST",0.00,,Y,A,-,N,,,,,,,,,,N,3,0,1,1,A,-,03,22350,,N,E,-,A,A,H,-,C,A,0,,Y,,,Y,,L,04,0,1,0,0,0,0,1,0,0,"- ","- ",,,"SAN FRANCISCO","SAN FRANCISCO",-122.42026,37.774399989999999
7035998,2014,2015-08-25,3801,2014-11-21,0747,002179,CENTR,5,5,7,3801,0,0,0,,0,4K5A,"EMBARCADERO NORTH","PIER 27",0.00,,Y,A,-,N,,,,,,,,,,N,3,0,1,1,B,-,22,,,N,H,J,A,A,H,-,A,D,0,,Y,,,Y,,-,"- ",0,1,0,0,0,0,1,0,0,"- ","- ",,,"SAN FRANCISCO","SAN FRANCISCO",-122.401179,37.803384000000001
7036383,2014,2015-08-26,3801,2014-11-29,1800,000868,RICHM,6,5,7,3801,0,0,0,,0,4K8G,"TRANSVERSE DR","OVERLOOK DR",24.00,N,N,C,-,N,,,,,,,,,,,4,0,1,2,A,-,03,22350,,N,C,G,A,B,E,-,C,D,0,,Y,,,Y,,A,01,0,0,1,0,0,0,1,0,0,"- ","- ",,,"SAN FRANCISCO","SAN FRANCISCO",-122.47951895,37.769940859999998
7036497,2014,2015-08-25,3801,2014-12-13,1705,2317,SOUTH,6,5,7,3801,0,0,0,,0,3B11C,"HARRISON ST","EMBARCADERO SOUTH ST",0.00,,Y,A,-,N,,,,,,,,,,N,4,0,1,2,A,-,08,22107,,N,B,G,A,A,H,-,C,A,0,,Y,,,Y,,A,01,0,0,1,0,0,0,1,0,0,"- ","- ",,,"SAN FRANCISCO","SAN FRANCISCO",-122.38840163,37.789652769999996
7037395,2015,2015-09-02,3801,2015-07-20,1602,1025,,1,5,7,3801,0,0,0,,0,3E11D,"PAGE ST","DIVISADERO WST",77.00,W,N,A,-,N,,,,,,,,,,N,3,0,2,2,A,-,03,22350,,N,D,G,A,A,H,-,A,A,0,,Y,,,Y,,L,04,0,2,0,0,0,0,1,0,0,"- ","- ",,,"SAN FRANCISCO","SAN FRANCISCO",-122.43749224,37.772172849999997
7037398,2015,2015-09-09,3801,2015-07-03,1322,1058,,5,5,7,3801,0,0,0,,0,,"FOLSOM ST","11TH ST",0.00,,Y,A,-,N,,,,,,,,,,N,3,0,1,2,A,-,00,21760,C,N,B,G,A,A,H,-,A,A,0,,Y,,,Y,,I,11,0,1,0,0,0,0,1,0,0,"- ","- ",,,"SAN FRANCISCO","SAN FRANCISCO",-122.4140099,37.771879890000001
7037415,2015,2015-08-27,3801,2015-07-24,1059,86,TARV,5,5,7,3801,0,0,0,,0,3I15A,"SLOAT BL","39TH AV",42.00,E,N,A,-,N,,,,,,,,,,N,3,0,1,2,A,-,07,21658,A,N,B,G,A,A,H,-,A,D,0,,Y,,,Y,,L,04,0,1,0,0,0,0,1,0,0,"- ","- ",,,"SAN FRANCISCO","SAN FRANCISCO",-122.49640482,37.733904269999996
7037419,2015,2015-08-27,3801,2015-07-11,1600,964,NORTH,6,5,7,3801,0,0,0,,0,3E14D,"STEINER ST","PINE ST",20.00,S,N,A,-,N,,,,,,,,,,N,4,0,1,2,A,-,04,21703,,N,C,G,A,A,H,-,A,A,0,,Y,,,Y,,A,01,0,0,1,0,0,0,1,0,0,"- ","- ",,,"SAN FRANCISCO","SAN FRANCISCO",-122.4352796,37.787695679999999
7038650,2015,2015-08-31,3801,2015-07-07,0935,1188,COE,2,5,7,3801,0,0,0,,0,3E13A,"FULTON ST","WEBSTER ST",0.00,,Y,A,-,N,,,,,,,,,,N,3,0,1,2,A,-,08,22107,,N,D,G,A,A,H,-,A,A,0,,Y,,,Y,,A,01,0,1,0,0,0,0,1,0,0,"- ","- ",,,"SAN FRANCISCO","SAN FRANCISCO",-122.42990991000001,37.77790993
7038651,2015,2015-08-27,3801,2015-07-20,1617,004175,INGLE,1,5,7,3801,0,0,0,,0,4B8H,"MONTEREY BL","BADEN ST",114.00,E,N,A,-,N,,,,,,,,,,N,3,0,1,3,A,-,17,22517,,N,B,G,A,A,H,-,A,D,0,,Y,,,Y,,A,01,0,1,0,0,0,0,1,0,0,"- ","- ",,,"SAN FRANCISCO","SAN FRANCISCO",-122.43933570999999,37.731605739999999
7038670,2015,2015-08-31,3801,2015-07-07,1521,2317,SOUTH,2,5,7,3801,0,0,0,,0,3B3,"FOLSOM ST","8TH ST",0.00,,Y,A,-,N,,,,,,,,,,N,4,0,1,2,A,-,05,21650,1,N,A,G,A,A,H,-,A,D,0,,Y,,,Y,,L,04,0,0,1,0,0,0,1,0,0,"- ","- ",,,"SAN FRANCISCO","SAN FRANCISCO",-122.41004988,37.774989890000001
7052236,2015,2015-09-24,3801,2015-08-08,1215,001404,NORTH,6,5,7,3801,0,0,0,,0,3E12C,"DIVISADERO ST","GROVE ST",0.00,,Y,A,-,N,,,,,,,,,,N,4,0,1,2,D,-,00,,,N,D,G,A,A,H,-,A,A,0,,Y,,,Y,,-,"- ",0,0,1,0,0,0,1,0,0,"- ","- ",,,"SAN FRANCISCO","SAN FRANCISCO",-122.43798,37.77592997
7052309,2015,2015-09-18,3801,2015-08-14,0945,4160,,5,5,7,3801,0,0,0,,0,03B,"HARRISON ST","FREMONT ST",225.00,E,N,A,-,N,,,,,,,,,,N,3,0,1,2,A,-,17,22517,,F,B,G,A,A,H,-,A,D,0,,Y,Y,,Y,,C,02,0,1,0,0,0,0,1,0,0,"- ","- ",,,"SAN FRANCISCO","SAN FRANCISCO",-122.39150531,37.787223900000001
7052316,2015,2015-09-17,3801,2015-08-03,1740,344,CENTR,1,5,7,3801,0,0,0,,0,002,"FRONT ST","PACIFIC AV",0.00,,Y,A,-,N,,,,,,,,,,N,4,0,1,2,A,-,08,22107,,N,D,G,A,A,H,-,A,D,0,,Y,,,Y,,A,01,0,0,1,0,0,0,1,0,0,"- ","- ",,,"SAN FRANCISCO","SAN FRANCISCO",-122.39964997,37.797820000000002
7052327,2015,2015-09-24,3801,2015-08-26,1636,1598,TENDE,3,5,7,3801,0,0,0,,0,,"MARKET ST","7TH ST",0.00,,Y,A,-,N,,,,,,,,,,N,4,0,1,2,A,-,08,22101,D,N,D,G,A,A,H,-,A,A,0,,Y,,,Y,,L,04,0,0,1,0,0,0,1,0,0,"- ","- ",,,"SAN FRANCISCO","SAN FRANCISCO",-122.4125099,37.780479900000003
7052950,2015,2015-09-18,3801,2015-08-20,1750,4310,MISSI,4,5,7,3801,0,0,0,,0,6CAR,"FOLSOM ST","13TH ST",0.00,,Y,A,-,N,,,,,,,,,,N,2,0,1,2,A,-,03,22350,,N,-,A,A,A,H,-,A,A,0,,Y,,,Y,,L,04,1,0,0,0,0,0,1,0,0,"- ","- ",,,"SAN FRANCISCO","SAN FRANCISCO",-122.41558999,37.76952
7059703,2015,2015-10-19,3801,2015-09-03,0750,1938,TARAV,4,5,7,3801,0,0,0,,0,3I16D,"SAN JOSE AV","SANTA ROSA ST",0.00,,Y,A,-,N,,,,,,,,,,N,4,0,1,2,A,-,"- ",,,F,C,G,A,A,H,-,A,-,0,,Y,,,Y,,A,07,0,0,1,0,0,0,1,0,0,"- ","- ",,,"SAN FRANCISCO","SAN FRANCISCO",-122.44009988000001,37.728949919999998
7059912,2015,2016-07-19,3801,2015-09-02,1000,1312,MISSI,3,5,7,3801,0,0,0,,0,,"16TH ST","CAPP ST",0.00,,Y,A,-,N,,,,,,,,,,N,3,0,1,2,A,-,17,22517,,N,B,G,A,A,H,-,A,A,0,,Y,,,Y,,A,07,0,1,0,0,0,0,1,0,0,"- ","- ",,,"SAN FRANCISCO","SAN FRANCISCO",-122.41869990000001,37.765099890000002
7060048,2015,2015-10-13,3801,2015-08-26,1843,000320,NORTH,3,5,7,3801,0,0,0,,0,4B7E,"GOLDEN GATE AV","DIVISADERO ST",3.00,W,N,A,-,N,,,,,,,,,,N,2,0,1,2,A,-,06,21755,A,N,B,G,A,A,H,-,A,A,0,,Y,,,Y,,L,04,1,0,0,0,0,0,1,0,0,"- ","- ",,,"SAN FRANCISCO","SAN FRANCISCO",-122.43855025000001,37.778728690000001
7060113,2015,2015-10-10,3801,2015-09-16,1357,4308,INGL,3,5,7,3801,0,0,0,,0,3H75,"GENEVA AV","OCEAN AV",0.00,,Y,A,B,N,,,,,,,,,,N,4,0,1,2,D,-,00,,,N,D,G,A,A,H,-,A,A,0,,Y,,,Y,,-,"- ",0,0,1,0,0,0,1,0,0,"- ","- ",,,"SAN FRANCISCO","SAN FRANCISCO",-122.45232991,37.723069889999998
7089813,2015,2015-10-10,3801,2015-09-28,1035,2212,INGLE,1,5,7,3801,0,0,0,,0,3H74,"MONTEREY BL","GENNESSEE ST",180.00,S,N,A,-,N,,,,,,,,,,N,2,0,1,2,A,-,21,22106,,N,D,G,A,A,H,-,A,D,0,,Y,,,Y,,A,01,1,0,0,0,0,0,1,0,0,"- ","- ",,,"SAN FRANCISCO","SAN FRANCISCO",-122.45113000000001,37.731540000000003
7089830,2015,2015-10-10,3801,2015-09-03,2034,1518,MISSI,4,5,7,3801,0,0,0,,0,006,"S VAN NESS AV","16TH ST",0.00,,Y,A,-,N,,,,,,,,,,N,3,0,1,2,A,-,17,21200,,N,A,G,A,A,H,-,C,A,0,,Y,,,Y,,L,04,0,1,0,0,0,0,1,0,0,"- ","- ",,,"SAN FRANCISCO","SAN FRANCISCO",-122.41748986,37.765179910000001
7100009,2015,2015-10-12,3801,2015-09-08,1500,1400,MISSI,2,5,7,3801,0,0,0,,0,3D15C,"MISSION ST","19TH ST",13.00,S,N,A,-,N,,,,,,,,,,N,3,0,1,2,A,-,06,21755,,N,D,G,A,A,H,-,A,A,0,,Y,,,Y,,L,04,0,1,0,0,0,0,1,0,0,"- ","- ",,,"SAN FRANCISCO","SAN FRANCISCO",-122.4192159,37.760184440000003
7100047,2015,2015-10-16,3801,2015-09-22,0823,2060,3BSOU,2,5,7,3801,0,0,0,,0,03X,"6TH ST","FOLSOM ST",0.00,,Y,A,-,N,,,,,,,,,,N,4,0,1,2,A,-,12,21453,A,N,D,G,A,A,-,-,A,A,0,,Y,,,Y,,A,01,0,0,1,0,0,0,1,0,0,"- ","- ",,,"SAN FRANCISCO","SAN FRANCISCO",-122.40559986,37.778500000000001
7100249,2015,2015-10-12,3801,2015-09-04,1747,1784,MISSI,5,5,7,3801,0,0,0,,0,006,"MARIPOSA ST","BRYANT ST",0.00,,Y,A,-,N,,,,,,,,,,,4,0,1,2,A,-,12,22450,A,N,D,G,A,A,H,-,A,D,0,,Y,,,Y,,L,04,0,0,1,0,0,0,1,0,0,"- ","- ",,,"SAN FRANCISCO","SAN FRANCISCO",-122.41026994000001,37.763019970000002
7100737,2014,2016-01-04,3801,2014-01-10,1649,1695,,5,5,7,3801,0,0,0,,0,3B14D,"MISSION ST","3RD ST",20.00,E,N,A,-,N,,,,,,,,,,Y,4,0,1,2,A,-,01,23152,A,N,C,G,A,A,H,-,A,A,0,,Y,,,Y,,A,01,0,0,1,0,0,0,1,0,0,"- ","- ",,,"SAN FRANCISCO","SAN FRANCISCO",-122.40194988,37.786307899999997
7100764,2014,2015-12-16,3801,2014-03-10,1759,4084,TARAV,1,5,7,3801,0,0,0,,0,,"TARAVAL ST","20TH AV",0.00,,Y,A,-,N,,,,,,,,,,N,4,0,1,2,A,-,08,22100,B,N,B,G,A,A,H,-,A,A,0,,Y,,,Y,,L,04,0,0,1,0,0,0,1,0,0,"- ","- ",,,"SAN FRANCISCO","SAN FRANCISCO",-122.47677989,37.742989999999999
7100808,2014,2015-12-16,3801,2014-04-27,1638,2348,INGLE,7,5,7,3801,0,0,0,,0,3H12D,"SAN JOSE AV","KINGSTON ST",0.00,,Y,A,-,N,,,,,,,,,,N,2,0,1,2,A,-,05,21650,1,N,D,G,A,A,H,-,A,A,0,,Y,,,Y,,L,,1,0,0,0,0,0,1,0,0,"- ","- ",,,"SAN FRANCISCO","SAN FRANCISCO",-122.42350988,37.741719959999998
7101016,2014,2015-12-23,3801,2014-06-22,2110,2392,MISSI,7,5,7,3801,0,0,0,,0,,"16TH ST","CHURCH ST",0.00,,Y,A,-,N,,,,,,,,,,N,3,0,1,2,A,-,09,21801,A,N,D,G,A,A,H,-,C,A,0,,Y,,,Y,,A,01,0,1,0,0,0,0,1,0,0,"- ","- ",,,"SAN FRANCISCO","SAN FRANCISCO",-122.42864987999999,37.764499899999997
7101098,2014,2015-12-17,3801,2014-10-24,1820,001081,TARAV,5,5,7,3801,0,0,0,,0,3I15B,"LAKE MERCED BL","BROTHERHOOD WY",0.00,,Y,A,-,N,,,,,,,,,,N,4,0,1,2,A,-,08,22101,D,N,D,G,A,A,H,-,B,A,0,,Y,,,Y,,L,04,0,0,1,0,0,0,1,0,0,"- ","- ",,,"SAN FRANCISCO","SAN FRANCISCO",-122.48532994999999,37.714639890000001
7101101,2014,2015-12-23,3801,2014-06-26,0735,1736,SOUTH,4,5,7,3801,0,0,0,,0,3B14A,"4TH ST","4TH ST 700",0.00,,N,A,-,N,,,,,,,,,,N,3,0,1,3,A,-,17,22517,,N,D,G,A,A,H,-,A,A,0,,Y,,,Y,,-,,0,1,0,0,0,0,1,0,0,"- ","- ",,,"SAN FRANCISCO","SAN FRANCISCO",-122.39464313000001,37.776829149999998
7101103,2014,2015-12-18,3801,2014-10-21,1700,2269,INGLE,2,5,7,3801,0,0,0,,0,3H11D,"OCEAN AV","PLYMOUTH AV",0.00,,Y,A,-,N,,,,,,,,,,N,3,0,1,2,A,-,"- ",,,N,H,G,A,A,H,-,A,-,0,,Y,,,Y,,A,07,0,1,0,0,0,0,1,0,0,"- ","- ",,,"SAN FRANCISCO","SAN FRANCISCO",-122.45654,37.723979989999997
7101125,2015,2016-01-08,3801,2015-11-21,1628,002132,,6,5,7,3801,0,0,0,,0,,"BAKER ST","HAYES ST",15.00,N,N,A,-,N,,,,,,,,,,N,3,0,1,2,A,-,17,22517,,N,H,G,A,A,H,-,A,A,0,,Y,,,Y,,A,01,0,1,0,0,0,0,1,0,0,"- ","- ",,,"SAN FRANCISCO","SAN FRANCISCO",-122.44111744999999,37.77460078
7101142,2015,2016-01-08,3801,2015-11-12,0930,002047,,4,5,7,3801,0,0,0,,0,4B5A,"NORTH POINT ST","COLUMBUS AV",98.00,E,N,A,-,N,,,,,,,,,,N,3,0,1,2,A,-,09,21801,A,N,D,G,A,A,H,-,A,D,0,,Y,,,Y,,A,01,0,1,0,0,0,0,1,0,0,"- ","- ",,,"SAN FRANCISCO","SAN FRANCISCO",-122.41803541,37.806024790000002
7101144,2015,2016-01-08,3801,2015-11-10,0855,004275,BAYVI,2,5,7,3801,0,0,0,,0,3C2A,"MARIN ST","BAYSHORE BL",0.00,,Y,A,-,N,,,,,,,,,,N,4,0,1,2,A,-,05,21650,,N,D,G,A,A,H,-,A,A,0,,Y,,,Y,,L,04,0,0,1,0,0,0,1,0,0,"- ","- ",,,"SAN FRANCISCO","SAN FRANCISCO",-122.40352,37.748119889999998
7101163,2014,2015-12-17,3801,2014-11-20,2117,004264,BAYVI,4,5,7,3801,0,0,0,,0,3C11E,"17TH ST","VERMONT ST",0.00,,Y,A,C,N,,,,,,,,,,N,4,0,1,2,A,-,12,22450,A,N,G,G,A,B,H,-,C,A,0,,Y,,,Y,,A,07,0,0,1,0,0,0,1,0,0,"- ","- ",,,"SAN FRANCISCO","SAN FRANCISCO",-122.40448987000001,37.76467993
7101237,2015,2016-01-08,3801,2015-11-12,1620,002342,,4,5,7,3801,0,0,0,,0,3B15D,"16TH ST","7TH ST",0.00,,Y,A,-,N,,,,,,,,,,N,4,0,1,2,A,-,07,21658,A,F,B,G,A,A,H,-,B,D,0,,Y,,,Y,,I,10,0,0,1,0,0,0,1,0,0,"- ","- ",,,"SAN FRANCISCO","SAN FRANCISCO",-122.39506987999999,37.766539989999998
7101367,2015,2016-01-11,3801,2015-11-30,0945,1572,,1,5,7,3801,0,0,0,,0,3B1A,"2ND ST","MISSION ST",0.00,,Y,B,-,N,,,,,,,,,,N,4,0,1,2,A,-,"- ",,,N,B,G,A,A,H,-,A,A,0,,Y,,,Y,,A,01,0,0,1,0,0,0,1,0,0,"- ","- ",,,"SAN FRANCISCO","SAN FRANCISCO",-122.39978994000001,37.78800992
7101615,2015,2016-01-14,3801,2015-12-03,1423,1883,SOUTH,4,5,7,3801,0,0,0,,0,005,"13TH ST","SOUTH VAN NESS AV",0.00,,Y,A,-,N,,,,,,,,,,N,3,0,1,2,A,-,17,21200,,N,D,G,A,B,H,-,A,A,0,,Y,,,Y,,L,04,0,1,0,0,0,0,1,0,0,"- ","- ",,,"SAN FRANCISCO","SAN FRANCISCO",-122.41776996,37.769719979999998
7101631,2015,2016-01-14,3801,2015-12-20,1320,1075,NORTH,7,5,7,3801,0,0,0,,0,3E2C,"POLK ST","HAYES ST",160.00,S,N,B,C,N,,,,,,,,,,N,4,0,1,2,A,-,08,22107,,N,B,G,A,B,H,-,A,D,0,,Y,,,Y,,A,01,0,0,1,0,0,0,1,0,0,"- ","- ",,,"SAN FRANCISCO","SAN FRANCISCO",-122.41796668000001,37.777074339999999
7101644,2015,2016-01-14,3801,2015-12-04,0815,1887,NORTH,5,5,7,3801,0,0,0,,0,4B1C,"LARKIN ST","GEARY ST",99.00,S,N,A,-,N,,,,,,,,,,N,3,0,1,2,A,-,17,22517,,N,B,G,A,A,H,-,A,D,0,,Y,,,Y,,A,07,0,1,0,0,0,0,1,0,0,"- ","- ",,,"SAN FRANCISCO","SAN FRANCISCO",-122.41805294,37.785841830000003
7101857,2015,2016-01-14,3801,2015-12-07,0739,000845,,1,5,7,3801,0,0,0,,0,,"7TH ST","BRYANT ST",0.00,,Y,B,-,N,,,,,,,,,,N,3,0,1,2,A,-,08,22107,,N,B,G,A,A,H,-,A,A,0,,Y,,,Y,,A,01,0,1,0,0,0,0,1,0,0,"- ","- ",,,"SAN FRANCISCO","SAN FRANCISCO",-122.40484986,37.77437991
7110715,2015,2015-11-19,3801,2015-09-25,2252,001459,NORTH,5,5,7,3801,0,0,0,,0,3E11E,"SCOTT ST","FELL ST",0.00,,Y,A,-,N,,,,,,,,,,N,4,0,1,2,A,-,08,22107,,N,D,G,A,A,H,-,C,D,0,,Y,,,Y,,L,04,0,0,1,0,0,0,1,0,0,"- ","- ",,,"SAN FRANCISCO","SAN FRANCISCO",-122.43593987,37.774269930000003
7110791,2015,2015-11-16,3801,2015-10-22,1015,244,NORTH,4,5,7,3801,0,0,0,,0,3E13C,"MCALLISTER ST","VAN NESS AV",0.00,,Y,A,-,N,,,,,,,,,,N,3,0,1,2,D,-,00,,,N,F,A,A,A,H,-,A,A,0,,Y,,,Y,,-,"- ",0,1,0,0,0,0,1,0,0,"- ","- ",,,"SAN FRANCISCO","SAN FRANCISCO",-122.42032997,37.780049929999997
7110841,2015,2015-11-16,3801,2015-10-19,0820,4241,,1,5,7,3801,0,0,0,,0,,"17TH ST","ALBION ST",0.00,,Y,A,-,N,,,,,,,,,,N,4,0,1,2,D,-,00,,,N,D,G,A,A,H,-,A,D,0,,Y,,,Y,,-,"- ",0,0,1,0,0,0,1,0,0,"- ","- ",,,"SAN FRANCISCO","SAN FRANCISCO",-122.4227099,37.763239990000002
7110879,2015,2015-11-30,3801,2015-10-06,1916,4057,,2,5,7,3801,0,0,0,,0,3E11D,"OCTAVIA ST","OAK ST",0.00,,Y,A,-,N,,,,,,,,,,N,4,0,1,1,A,-,12,21457,A,N,F,A,A,A,H,-,C,A,0,,Y,,,Y,,-,"- ",0,0,1,0,0,0,1,0,0,"- ","- ",,,"SAN FRANCISCO","SAN FRANCISCO",-122.42429995000001,37.77479993
7110890,2015,2015-11-18,3801,2015-10-30,1712,498,COD,5,5,7,3801,0,0,0,,0,3D113,"17TH ST",VALENCIA,0.00,,Y,A,-,N,,,,,,,,,,N,4,0,1,2,A,-,08,22107,,N,D,G,A,A,H,-,A,A,0,,Y,,,Y,,L,04,0,0,1,0,0,0,1,0,0,"- ","- ",,,"SAN FRANCISCO","SAN FRANCISCO",-122.42173997,37.763299930000002
7110910,2015,2015-11-18,3801,2015-10-30,2105,433,MISSI,5,5,7,3801,0,0,0,,0,901,"MISSION ST","16TH ST",212.00,N,N,A,-,N,,,,,,,,,,N,4,0,1,2,A,-,07,21658,A,N,D,G,A,A,H,-,C,D,0,,Y,,,Y,,L,04,0,0,1,0,0,0,1,0,0,"- ","- ",,,"SAN FRANCISCO","SAN FRANCISCO",-122.41972289,37.765630880000003
7157952,2014,2016-01-15,3801,2014-07-18,0900,1947,NORTH,5,5,7,3801,0,0,0,,0,3E12A,"MCALLISTER ST","WEBSTER ST",0.00,,Y,B,-,N,,,,,,,,,,N,2,0,1,2,A,-,09,21801,A,N,A,G,A,B,H,-,A,A,0,,Y,,,Y,,A,01,1,0,0,0,0,0,1,0,0,"- ","- ",,,"SAN FRANCISCO","SAN FRANCISCO",-122.43010988,37.778840000000002
7157961,2014,2016-01-15,3801,2014-08-06,1926,2046,COE,3,5,7,3801,0,0,0,,0,3E15D,"LARKIN ST","GROVE ST",0.00,,Y,B,-,N,,,,,,,,,,N,4,0,1,2,A,-,07,21658,A,N,B,G,A,A,H,-,A,A,0,,Y,,,Y,,A,01,0,0,1,0,0,0,1,0,0,"- ","- ",,,"SAN FRANCISCO","SAN FRANCISCO",-122.41659,37.778659990000001
7157963,2014,2016-01-15,3801,2014-07-22,0730,4214,BAYVI,2,5,7,3801,0,0,0,,0,3C4A,"SWEENY ST","UNIVERSITY ST",0.00,,Y,A,-,N,,,,,,,,,,N,3,0,1,2,A,-,05,21202,A,N,H,G,A,A,H,-,A,A,0,,Y,,,Y,,L,04,0,1,0,0,0,0,1,0,0,"- ","- ",,,"SAN FRANCISCO","SAN FRANCISCO",-122.41574995000001,37.730589930000001
7161124,2014,2016-01-15,3801,2014-08-16,1713,2392,MISSI,6,5,7,3801,0,0,0,,0,901,"BRYANT ST","16TH ST",200.00,N,N,A,-,N,,,,,,,,,,N,4,0,1,2,A,-,"- ",,,N,D,G,A,A,H,-,A,D,0,,Y,,,Y,,L,04,0,0,1,0,0,0,1,0,0,"- ","- ",,,"SAN FRANCISCO","SAN FRANCISCO",-122.41056101,37.766138460000001