CASE_ID,ACCIDENT_YEAR,PROC_DATE,JURIS,COLLISION_DATE,COLLISION_TIME,OFFICER_ID,REPORTING_DISTRICT,DAY_OF_WEEK,CHP_SHIFT,POPULATION,CNTY_CITY_LOC,SPECIAL_COND,BEAT_TYPE,CHP_BEAT_TYPE,CITY_DIVISION_LAPD,CHP_BEAT_CLASS,BEAT_NUMBER,PRIMARY_RD,SECONDARY_RD,DISTANCE,DIRECTION,INTERSECTION,WEATHER_1,WEATHER_2,STATE_HWY_IND,CALTRANS_COUNTY,CALTRANS_DISTRICT,STATE_ROUTE,ROUTE_SUFFIX,POSTMILE_PREFIX,POSTMILE,LOCATION_TYPE,RAMP_INTERSECTION,SIDE_OF_HWY,TOW_AWAY,COLLISION_SEVERITY,NUMBER_KILLED,NUMBER_INJURED,PARTY_COUNT,PRIMARY_COLL_FACTOR,PCF_CODE_OF_VIOL,PCF_VIOL_CATEGORY,PCF_VIOLATION,PCF_VIOL_SUBSECTION,HIT_AND_RUN,TYPE_OF_COLLISION,MVIW,PED_ACTION,ROAD_SURFACE,ROAD_COND_1,ROAD_COND_2,LIGHTING,CONTROL_DEVICE,CHP_ROAD_TYPE,PEDESTRIAN_ACCIDENT,BICYCLE_ACCIDENT,MOTORCYCLE_ACCIDENT,TRUCK_ACCIDENT,NOT_PRIVATE_PROPERTY,ALCOHOL_INVOLVED,STWD_VEHTYPE_AT_FAULT,CHP_VEHTYPE_AT_FAULT,COUNT_SEVERE_INJ,COUNT_VISIBLE_INJ,COUNT_COMPLAINT_PAIN,COUNT_PED_KILLED,COUNT_PED_INJURED,COUNT_BICYCLIST_KILLED,COUNT_BICYCLIST_INJURED,COUNT_MC_KILLED,COUNT_MC_INJURED,PRIMARY_RAMP,SECONDARY_RAMP,LATITUDE,LONGITUDE,COUNTY,CITY,POINT_X,POINT_Y
7161132,2014,2016-01-15,3801,2014-08-14,1757,1460,3B5C,4,5,7,3801,0,0,0,,0,COB,"TOWNSEND ST","6TH ST",49.00,W,N,A,-,N,,,,,,,,,,,3,0,1,2,A,-,02,21211,B,N,H,G,A,A,H,-,A,D,0,,Y,,,Y,,I,11,0,1,0,0,0,0,1,0,0,"- ","- ",,,"SAN FRANCISCO","SAN FRANCISCO",-122.39954602,37.773511829999997
7173386,2016,2016-02-12,3801,2016-01-25,1400,001117,CENTR,1,5,7,3801,0,0,0,,0,"CO A","2ND ST","STEVENSON ST",0.00,,Y,A,-,N,,,,,,,,,,N,4,0,1,2,A,-,08,22107,,N,B,G,A,A,H,-,A,A,0,,Y,,,Y,,A,01,0,0,1,0,0,0,1,0,0,"- ","- ",,,"SAN FRANCISCO","SAN FRANCISCO",-122.40083988000001,37.78879998
7173481,2016,2016-02-11,3801,2016-01-07,1643,2225,COA,4,5,7,3801,0,0,0,,0,3A3C,"NORTH POINT ST","TAYLOR ST",150.00,W,N,A,-,N,,,,,,,,,,N,4,0,1,2,A,-,07,21658,A,N,B,G,A,A,H,-,A,D,0,,Y,,,Y,,A,01,0,0,1,0,0,0,1,0,0,"- ","- ",,,"SAN FRANCISCO","SAN FRANCISCO",-122.41595286,37.806294989999998
7173524,2016,2016-02-08,3801,2016-01-15,1221,000970,,5,5,7,3801,0,0,0,,0,3H11C,"BOSWORTH ST","LYELL ST",37.00,S,N,A,-,N,,,,,,,,,,N,4,0,1,2,A,-,09,21802,A,F,D,G,A,A,H,-,A,A,0,,Y,,,Y,,A,01,0,0,1,0,0,0,1,0,0,"- ","- ",,,"SAN FRANCISCO","SAN FRANCISCO",-122.43201641,37.732990000000001
7173547,2016,2016-02-12,3801,2016-01-15,1600,1979,TARAV,5,5,7,3801,0,0,0,,0,3I16D,"GENEVA AV","OCEAN AV",80.00,S,N,A,-,N,,,,,,,,,,N,3,0,1,2,A,-,17,22517,,N,H,G,A,A,H,-,A,D,0,,Y,,,Y,,-,"- ",0,1,0,0,0,0,1,0,0,"- ","- ",,,"SAN FRANCISCO","SAN FRANCISCO",-122.45213329000001,37.722915440000001
7173683,2016,2016-02-10,3801,2016-01-06,0900,856,SOUTH,3,5,7,3801,0,0,0,,0,3B15A,"TOWNSEND ST","7TH ST",0.00,,Y,C,-,N,,,,,,,,,,N,4,0,1,2,A,-,05,21650,1,N,A,J,A,B,H,-,A,D,0,,Y,,,Y,Y,L,04,0,0,1,0,0,0,1,0,0,"- ","- ",,,"SAN FRANCISCO","SAN FRANCISCO",-122.40165987,37.771829990000001
7173706,2016,2016-02-11,3801,2016-01-29,0821,30,NORTH,5,5,7,3801,0,0,0,,0,3E1A,"SCOTT ST","PAGE ST",0.00,,Y,B,-,N,,,,,,,,,,N,3,0,1,2,A,-,"- ",,,N,D,G,A,B,H,-,A,A,0,,Y,,,Y,,L,04,0,1,0,0,0,0,1,0,0,"- ","- ",,,"SAN FRANCISCO","SAN FRANCISCO",-122.43557997000001,37.77241995
7200147,2017,2018-06-14,3801,2017-04-28,1128,595,SOUTH,5,5,7,3801,0,0,0,,0,3B13C,"MISSION BAY SOUTH BL","3RD ST",0.00,,Y,A,-,N,,,,,,,,,,N,1,1,0,2,A,-,12,21453,A,N,D,G,A,A,H,-,A,A,0,,Y,,,Y,,L,04,0,0,0,0,0,1,0,0,0,"- ","- ",,,"SAN FRANCISCO","SAN FRANCISCO",-122.38957987000001,37.770690000000002
7202031,2016,2016-03-07,3801,2016-02-22,1230,2310,NORTH,1,5,7,3801,0,0,0,,0,3E13C,"POLK ST","GEARY ST",8.00,S,N,A,-,N,,,,,,,,,,N,3,0,1,2,A,-,17,21209,A,M,D,G,A,A,H,-,A,A,0,,Y,,,Y,,A,01,0,1,0,0,0,0,1,0,0,"- ","- ",,,"SAN FRANCISCO","SAN FRANCISCO",-122.41973539,37.785878330000003
7202071,2016,2016-03-07,3801,2016-02-05,2017,795,NORTH,5,5,7,3801,0,0,0,,0,3E12D,"SUTTER ST","DIVISADERO ST",0.00,,Y,A,-,N,,,,,,,,,,N,3,0,1,2,A,-,12,21453,A,N,A,G,A,A,H,-,C,A,0,,Y,,,Y,Y,L,04,0,1,0,0,0,0,1,0,0,"- ","- ",,,"SAN FRANCISCO","SAN FRANCISCO",-122.43985997,37.785249929999999
7202288,2016,2016-03-08,3801,2016-01-25,0926,859,SOUTH,1,5,7,3801,0,0,0,,0,0B3,"FOLSOM ST","COLUMBIA SQUARE ST",0.00,,Y,A,-,N,,,,,,,,,,N,3,0,1,2,A,-,08,22107,,N,B,G,A,A,D,-,A,A,0,,Y,,,Y,,A,01,0,1,0,0,0,0,1,0,0,"- ","- ",,,"SAN FRANCISCO","SAN FRANCISCO",-122.4064305,37.777859999999997
7202294,2016,2016-03-08,3801,2016-01-31,1624,002200,TENDE,7,5,7,3801,0,0,0,,0,3J11D,"JESSIE ST","9TH ST",0.00,,Y,A,-,N,,,,,,,,,,N,3,0,1,2,A,-,17,21657,,N,D,G,A,A,H,-,A,A,0,,Y,,,Y,,A,01,0,1,0,0,0,0,1,0,0,"- ","- ",,,"SAN FRANCISCO","SAN FRANCISCO",-122.41532997,37.7767099
8020468,2016,2016-04-13,3801,2016-03-16,0817,001015,PARK,3,5,7,3801,0,0,0,,0,"4 CAR","STEINER ST","WALLER ST",57.00,S,N,A,-,N,,,,,,,,,,N,3,0,1,2,A,-,03,22350,,N,H,A,A,A,B,-,A,D,0,,Y,,,Y,,L,04,0,1,0,0,0,0,1,0,0,"- ","- ",,,"SAN FRANCISCO","SAN FRANCISCO",-122.43186412999999,37.770824759999996
8038173,2016,2016-05-31,3801,2016-04-05,0945,4306,,2,5,7,3801,0,0,0,,0,901,"VALENCIA ST","14TH ST",78.00,S,N,A,-,N,,,,,,,,,,N,4,0,1,2,A,-,17,22517,,N,H,G,A,A,H,-,A,D,0,,Y,,,Y,,A,01,0,0,1,0,0,0,1,0,0,"- ","- ",,,"SAN FRANCISCO","SAN FRANCISCO",-122.42215864000001,37.767936390000003
8042437,2016,2016-05-16,3801,2016-04-08,1938,001404,NORTH,5,5,7,3801,0,0,0,,0,001,"OCTAVIA ST","OAK ST",0.00,,Y,A,-,N,,,,,,,,,,N,3,0,1,2,A,-,12,21453,A,N,D,G,A,A,H,-,C,A,0,,Y,,,Y,,L,04,0,1,0,0,0,0,1,0,0,"- ","- ",,,"SAN FRANCISCO","SAN FRANCISCO",-122.42429995000001,37.77479993
8046736,2016,2016-05-18,3801,2016-04-26,1800,002334,SOUTH,2,5,7,3801,0,0,0,,0,0B5,"TOWNSEND ST","6TH ST",50.00,E,N,A,-,N,,,,,,,,,,N,4,0,1,2,A,-,08,22107,,N,D,G,A,A,H,-,A,D,0,,Y,,,Y,,A,01,0,0,1,0,0,0,1,0,0,"- ","- ",,,"SAN FRANCISCO","SAN FRANCISCO",-122.39930812,37.773707510000001
8046766,2016,2016-05-18,3801,2016-04-25,1245,2475,NORTH,1,5,7,3801,0,0,0,,0,3E13C,"POLK ST",OFARRELL,25.00,N,N,A,-,N,,,,,,,,,,N,3,0,1,2,A,-,07,21658,A,N,B,G,A,A,H,-,A,A,0,,Y,,,Y,,A,01,0,1,0,0,0,0,1,0,0,"- ","- ",,,"SAN FRANCISCO","SAN FRANCISCO",-122.41956328000001,37.785037869999996
8046781,2016,2016-05-18,3801,2016-04-20,1140,2399,TENDE,3,5,7,3801,0,0,0,,0,,"MARKET ST","POWELL ST",65.00,E,N,A,-,N,,,,,,,,,,N,3,0,1,2,A,-,07,21658,A,N,H,A,A,A,H,-,A,A,0,,Y,,,Y,,A,01,0,1,0,0,0,0,1,0,0,"- ","- ",,,"SAN FRANCISCO","SAN FRANCISCO",-122.40740508,37.7845096
8049648,2016,2016-06-07,3801,2016-05-03,2330,1312,,2,5,7,3801,0,0,0,,0,,"MISSION ST","FAIR AV",0.00,,Y,A,-,N,,,,,,,,,,N,4,0,1,2,A,-,09,21800,A,F,D,G,A,A,H,-,C,A,0,,Y,,,Y,Y,A,01,0,0,1,0,0,0,1,0,0,"- ","- ",,,"SAN FRANCISCO","SAN FRANCISCO",-122.41986995000001,37.745589930000001
8049675,2016,2016-06-07,3801,2016-05-19,1245,2078,CENTR,4,5,7,3801,0,0,0,,0,3A14A,"NORTHPOINT ST","STOCKTON ST",0.00,,Y,A,-,N,,,,,,,,,,N,4,0,1,2,A,-,09,21804,A,N,H,G,A,A,H,-,A,D,0,,Y,,,Y,,A,01,0,0,1,0,0,0,1,0,0,"- ","- ",,,"SAN FRANCISCO","SAN FRANCISCO",-122.41050300000001,37.806975000000001
8052020,2016,2016-06-09,3801,2016-05-02,1610,2205,TENDE,1,5,7,3801,0,0,0,,0,3J12D,"MARKET ST","CYRIL MAGNIN ST",176.00,E,N,A,-,N,,,,,,,,,,N,4,0,1,2,A,-,03,22350,,N,E,G,A,A,H,-,A,D,0,,Y,,,Y,,L,04,0,0,1,0,0,0,1,0,0,"- ","- ",,,"SAN FRANCISCO","SAN FRANCISCO",-122.40762298999999,37.784336860000003
8079051,2016,2016-08-05,3801,2016-06-04,1400,004372,RICHM,6,5,7,3801,0,0,0,,0,1CAR,"JFK DR","6TH AV",300.00,E,N,A,-,N,,,,,,,,,,N,3,0,1,2,A,-,08,22108,,N,D,G,A,A,H,-,A,A,0,,Y,,,Y,,A,01,0,1,0,0,0,0,1,0,0,"- ","- ",,,"SAN FRANCISCO","SAN FRANCISCO",,
8079119,2016,2016-07-12,3801,2016-06-03,0900,2020,CENTR,5,5,7,3801,0,0,0,,0,3A15A,"EMBARCADERO ST","PIER 1",0.00,,Y,A,-,N,,,,,,,,,,N,4,0,1,2,A,-,17,22517,,N,B,G,A,-,-,-,A,-,0,,Y,,,Y,,A,01,0,0,1,0,0,0,1,0,0,"- ","- ",,,"SAN FRANCISCO","SAN FRANCISCO",-122.39529847999999,37.796770240000001
8079127,2016,2016-07-12,3801,2016-06-25,0919,00670,TARAV,6,5,7,3801,0,0,0,,0,3I13A,"FARALLONES ST","CAPITOL ST",0.00,,Y,A,-,N,,,,,,,,,,N,3,0,1,2,A,-,09,21804,A,N,D,G,A,A,H,-,A,D,0,,Y,,,Y,,L,04,0,1,0,0,0,0,1,0,0,"- ","- ",,,"SAN FRANCISCO","SAN FRANCISCO",-122.45903988000001,37.714029969999999
8079151,2016,2016-07-12,3801,2016-06-28,1804,002244,RICHM,2,5,7,3801,0,0,0,,0,3G12C,"GEARY BL","DIVISADERO ST",0.00,,Y,A,-,N,,,,,,,,,,N,4,0,1,2,B,-,22,,,N,D,G,A,A,H,-,A,D,0,,Y,,,Y,,L,04,0,0,1,0,0,0,1,0,0,"- ","- ",,,"SAN FRANCISCO","SAN FRANCISCO",-122.43947989,37.783359969999999
8079167,2016,2016-07-13,3801,2016-06-27,1820,00920,MISSI,1,5,7,3801,0,0,0,,0,3D6,"17TH ST","HAMPSHIRE ST",0.00,,Y,A,-,N,,,,,,,,,,N,3,0,1,2,A,-,"- ",,,N,D,G,A,A,H,-,A,D,0,,Y,,,Y,,L,04,0,1,0,0,0,0,1,0,0,"- ","- ",,,"SAN FRANCISCO","SAN FRANCISCO",-122.40841987,37.764429919999998
8079341,2016,2016-07-12,3801,2016-06-14,2148,1384,NORTH,2,5,7,3801,0,0,0,,0,3E11E,"SCOTT ST","HAIGHT ST",0.00,,Y,A,-,N,,,,,,,,,,N,4,0,1,2,A,-,12,22450,A,N,D,G,A,A,H,-,C,A,0,,Y,,,Y,,L,04,0,0,1,0,0,0,1,0,0,"- ","- ",,,"SAN FRANCISCO","SAN FRANCISCO",-122.4353899,37.771479999999997
8079347,2016,2016-08-29,3801,2016-06-17,1845,2169,TARAV,5,5,7,3801,0,0,0,,0,3I3D,"20TH AV","TARAVAL ST",0.00,,Y,A,-,N,,,,,,,,,,N,3,0,1,2,A,-,06,21751,,N,A,E,A,A,H,-,A,D,0,,Y,,,Y,,L,04,0,1,0,0,0,0,1,0,0,"- ","- ",,,"SAN FRANCISCO","SAN FRANCISCO",-122.47677989,37.742989999999999
8101309,2015,2016-08-16,3801,2015-07-25,0705,000769,CENTR,6,5,7,3801,0,0,0,,0,005,"MARKET ST","DRUMM ST",0.00,,Y,A,-,N,,,,,,,,,,N,4,0,1,1,A,-,03,22350,,N,H,-,A,A,H,-,A,A,0,,Y,,,Y,,L,04,0,0,1,0,0,0,1,0,0,"- ","- ",,,"SAN FRANCISCO","SAN FRANCISCO",-122.39634998,37.793249969999998
8101339,2016,2016-09-02,3801,2016-07-31,1515,434,3E13C,7,5,7,3801,0,0,0,,0,3801,"MARINA BL","DIVISADERO ST",0.00,,Y,A,-,N,,,,,,,,,,N,3,0,1,1,A,-,17,21200,A,N,-,I,A,A,H,-,A,D,0,,Y,,,Y,,L,04,0,1,0,0,0,0,1,0,0,"- ","- ",,,"SAN FRANCISCO","SAN FRANCISCO",-122.44399991,37.805589879999999
8101431,2016,2016-08-17,3801,2016-07-01,1227,2443,MISSI,5,5,7,3801,0,0,0,,0,901,"14TH ST","MARKET ST",38.00,S,N,A,-,N,,,,,,,,,,N,4,0,1,2,A,-,09,21800,A,N,D,G,A,A,H,-,A,A,0,,Y,,,Y,,L,04,0,0,1,0,0,0,1,0,0,"- ","- ",,,"SAN FRANCISCO","SAN FRANCISCO",-122.42883,37.767710000000001
8119872,2016,2016-09-20,3801,2016-08-23,0935,2443,SOUTH,2,5,7,3801,0,0,0,,0,,"FOLSOM ST","HALLAM ST",30.00,S,N,B,-,N,,,,,,,,,,N,3,0,1,3,A,-,09,21804,A,N,B,G,A,A,H,-,A,A,0,,Y,,,Y,,D,22,0,1,0,0,0,0,1,0,0,"- ","- ",,,"SAN FRANCISCO","SAN FRANCISCO",-122.40893416,37.775892319999997
8120348,2016,2016-09-14,3801,2016-08-21,1617,1636,MISSI,7,5,7,3801,0,0,0,,0,3D11D,"VALENCIA ST","19TH ST",230.00,S,N,A,-,N,,,,,,,,,,N,4,0,1,2,A,-,17,22517,,N,E,G,A,A,H,-,A,D,0,,Y,,,Y,,A,01,0,0,1,0,0,0,1,0,0,"- ","- ",,,"SAN FRANCISCO","SAN FRANCISCO",-122.42134818,37.759479489999997
8120465,2016,2016-09-15,3801,2016-08-26,0920,00829,PARK,5,5,7,3801,0,0,0,,0,0920,"STANYAN ST","HAIGHT ST",0.00,,Y,B,-,N,,,,,,,,,,N,4,0,1,2,A,-,08,22107,,M,B,G,A,A,H,-,A,A,0,,Y,,,Y,,A,01,0,0,1,0,0,0,1,0,0,"- ","- ",,,"SAN FRANCISCO","SAN FRANCISCO",-122.45352987,37.769149919999997
8120538,2016,2016-10-20,3801,2016-08-08,0026,004282,NORTH,1,5,7,3801,0,0,0,,0,3CAR,"POLK ST","TURK ST",0.00,,Y,A,-,N,,,,,,,,,,N,4,0,1,2,A,-,12,21453,A,F,D,G,A,A,H,-,C,A,0,,Y,,,Y,,A,07,0,0,1,0,0,0,1,0,0,"- ","- ",,,"SAN FRANCISCO","SAN FRANCISCO",-122.41899994000001,37.782169969999998
8120634,2016,2016-09-16,3801,2016-08-17,2214,2207,MISSI,3,5,7,3801,0,0,0,,0,3D15E,"VALENCIA ST","24TH ST",116.00,N,N,A,-,N,,,,,,,,,,N,3,0,1,2,A,-,08,22107,,N,-,G,A,A,H,-,C,D,0,,Y,,,Y,Y,L,04,0,1,0,0,0,0,1,0,0,"- ","- ",,,"SAN FRANCISCO","SAN FRANCISCO",-122.42068197,37.752427660000002
8122024,2016,2016-09-14,3801,2016-08-01,1933,466,MISSI,1,5,7,3801,0,0,0,,0,005,"MISSION ST","SYCAMORE ST",12.00,N,N,A,-,N,,,,,,,,,,N,4,0,1,2,A,-,05,21460,A,N,D,G,A,A,H,-,A,D,0,,Y,,,Y,,L,04,0,0,1,0,0,0,1,0,0,"- ","- ",,,"SAN FRANCISCO","SAN FRANCISCO",-122.41946194000001,37.762752929999998
8122069,2016,2016-09-14,3801,2016-08-17,0915,4284,SOUTH,3,5,7,3801,0,0,0,,0,3B60,"MARKET ST","OCTAVIA ST",12.00,E,N,A,-,N,,,,,,,,,,N,4,0,1,2,A,-,08,22101,D,F,D,G,A,A,H,-,A,A,0,,Y,,,Y,,A,01,0,0,1,0,0,0,1,0,0,"- ","- ",,,"SAN FRANCISCO","SAN FRANCISCO",-122.42356018,37.771802940000001
8132601,2016,2016-10-11,3801,2016-09-07,0745,002355,SOUTH,3,5,7,3801,0,0,0,,0,005,"4TH ST","CAMPUS WY",55.00,S,N,A,-,N,,,,,,,,,,N,3,0,1,2,A,-,03,22350,,N,B,B,F,A,H,-,A,D,0,Y,Y,,,Y,,L,04,0,1,0,0,1,0,0,0,0,"- ","- ",,,"SAN FRANCISCO","SAN FRANCISCO",-122.39092257999999,37.767639539999998
8136959,2016,2016-10-11,3801,2016-09-04,1415,2099,INGLE,7,5,7,3801,0,0,0,,0,3H11C,"MISSION ST","FAIR AV",0.00,,Y,A,-,N,,,,,,,,,,N,2,0,1,2,A,-,12,21453,A,N,D,G,A,A,H,-,A,A,0,,Y,,,Y,,L,04,1,0,0,0,0,0,1,0,0,"- ","- ",,,"SAN FRANCISCO","SAN FRANCISCO",-122.41986995000001,37.745589930000001
8137385,2016,2016-10-11,3801,2016-09-08,1831,2216,,4,5,7,3801,0,0,0,,0,3C11D,"26TH ST","KANSAS ST",0.00,,Y,A,-,N,,,,,,,,,,N,4,0,1,2,A,-,12,22450,A,N,D,G,A,A,H,-,A,A,0,,Y,,,Y,Y,-,"- ",0,0,1,0,0,0,1,0,0,"- ","- ",,,"SAN FRANCISCO","SAN FRANCISCO",-122.40220986,37.750599989999998
8137405,2016,2016-10-11,3801,2016-09-12,1346,4270,,1,5,7,3801,0,0,0,,0,03J,"MARKET ST","CHARLES J BRENHAM PL",225.00,W,N,A,-,N,,,,,,,,,,N,4,0,1,2,A,-,03,22350,,F,C,G,A,A,H,-,A,A,0,,Y,,,Y,,A,01,0,0,1,0,0,0,1,0,0,"- ","- ",,,"SAN FRANCISCO","SAN FRANCISCO",-122.41306456,37.780046159999998
8137407,2016,2016-10-11,3801,2016-09-22,1616,004286,RICHM,4,5,7,3801,0,0,0,,0,0G2,"BRODERICK ST","CALIFORNIA ST",0.00,,Y,A,-,N,,,,,,,,,,N,3,0,1,2,A,-,08,22100,A,N,B,G,A,A,H,-,A,A,0,,Y,,,Y,,A,01,0,1,0,0,0,0,1,0,0,"- ","- ",,,"SAN FRANCISCO","SAN FRANCISCO",-122.44207992,37.787849909999998
8166221,2016,2016-11-15,3801,2016-09-26,2350,2355,SOUTH,1,5,7,3801,0,0,0,,0,3B61,"7TH ST","MISSION BAY ST",0.00,,Y,A,-,N,,,,,,,,,,N,4,0,1,2,A,-,03,22350,,M,C,G,A,A,H,-,C,A,0,,Y,,,Y,,A,07,0,0,1,0,0,0,1,0,0,"- ","- ",,,"SAN FRANCISCO","SAN FRANCISCO",-122.39868992,37.769419999999997
8166266,2016,2016-11-15,3801,2016-10-10,0931,132,PARK,1,5,7,3801,0,0,0,,0,4B6F,"FULTON ST","BRODERICK ST",0.00,,Y,E,-,N,,,,,,,,,,N,3,0,1,2,A,-,09,21801,A,N,D,G,A,A,H,-,A,A,0,,Y,,,Y,,A,01,0,1,0,0,0,0,1,0,0,"- ","- ",37.77657,-122.44002999999999,"SAN FRANCISCO","SAN FRANCISCO",-122.43983989,37.776639899999999
8166289,2016,2016-11-15,3801,2016-10-06,1916,2025,CENTR,4,5,7,3801,0,0,0,,0,3A13D,"JEFFERSON ST","MASON ST",0.00,,Y,A,-,N,,,,,,,,,,N,4,0,1,2,A,-,12,21453,A,N,B,C,A,A,H,-,C,A,0,,Y,,,Y,,A,01,0,0,1,0,0,0,1,0,0,"- ","- ",,,"SAN FRANCISCO","SAN FRANCISCO",-122.41416986999999,37.808399909999999
8166383,2016,2016-11-15,3801,2016-10-08,1411,2737,SOUTH,6,5,7,3801,0,0,0,,0,3B13A,"TOWNSEND ST","EMBARCADERO ST",15.00,W,N,A,-,N,,,,,,,,,,N,4,0,1,2,A,-,05,21650,1,N,D,G,A,A,H,-,A,A,0,,Y,,,Y,,L,04,0,0,1,0,0,0,1,0,0,"- ","- ",,,"SAN FRANCISCO","SAN FRANCISCO",-122.38848209,37.781801139999999
8166385,2016,2016-12-21,3801,2016-10-19,1210,2235,CENTR,3,5,7,3801,0,0,0,,0,005,"MARKET ST","2ND ST",27.00,E,N,A,-,N,,,,,,,,,,N,3,0,1,2,A,-,17,22517,,F,B,G,A,A,H,-,A,D,0,,Y,,,Y,,A,01,0,1,0,0,0,0,1,0,0,"- ","- ",,,"SAN FRANCISCO","SAN FRANCISCO",-122.40133479000001,37.789293139999998
8183472,2016,2016-12-12,3801,2016-11-09,1645,002455,SOUTH,3,5,7,3801,0,0,0,,0,3B62,"FOLSOM ST","12TH ST",0.00,,Y,A,-,N,,,,,,,,,,N,4,0,1,2,A,-,09,21801,A,N,A,G,A,A,H,-,A,A,0,,Y,,,Y,,A,01,0,0,1,0,0,0,1,0,0,"- ","- ",,,"SAN FRANCISCO","SAN FRANCISCO",-122.41499987,37.770899900000003
8184177,2016,2017-01-31,3801,2016-11-30,0846,1679,CENTR,3,5,7,3801,0,0,0,,0,3A14B,"BEACH ST","JONES ST",0.00,,Y,C,-,N,,,,,,,,,,N,3,0,1,2,A,-,09,21801,A,N,D,G,A,B,H,-,A,A,0,,Y,,,Y,,A,01,0,1,0,0,0,0,1,0,0,"- ","- ",,,"SAN FRANCISCO","SAN FRANCISCO",-122.41725997,37.80707992
8184278,2016,2017-04-17,3801,2016-11-30,1934,2180,TARAV,3,5,7,3801,0,0,0,,0,3I13D,"LA PLAYA ST","LINCOLN WY",0.00,,Y,A,-,N,,,,,,,,,,N,4,0,1,2,A,-,11,21955,,N,H,J,D,-,H,-,C,A,0,Y,Y,,,Y,,N,60,0,0,1,0,0,0,1,0,0,"- ","- ",,,"SAN FRANCISCO","SAN FRANCISCO",-122.50940998,37.764039969999999
8184280,2016,2016-12-12,3801,2016-11-03,1800,002355,SOUTH,4,5,7,3801,0,0,0,,0,0B1,"FOLSOM ST","HAWTHORNE ST",0.00,,Y,A,-,N,,,,,,,,,,N,4,0,1,2,A,-,08,22100,A,N,G,G,A,A,H,-,B,A,0,,Y,,,Y,,A,01,0,0,1,0,0,0,1,0,0,"- ","- ",,,"SAN FRANCISCO","SAN FRANCISCO",-122.39782993,37.784679920000002
8201007,2017,2017-03-15,3801,2017-02-22,1925,545,NORTH,3,5,7,3801,0,0,0,,0,3E12D,"MCALLISTER ST","WEBSTER ST",0.00,,Y,A,-,N,,,,,,,,,,N,4,0,1,2,A,-,09,21801,A,N,A,G,A,A,H,-,C,A,0,,Y,,,Y,,A,01,0,0,1,0,0,0,1,0,0,"- ","- ",,,"SAN FRANCISCO","SAN FRANCISCO",-122.43010988,37.778840000000002
8201151,2017,2017-03-23,3801,2017-02-24,0555,000664,MISSI,5,5,7,3801,0,0,0,,0,3D11A,"17TH ST","SANCHEZ ST",0.00,,Y,A,-,N,,,,,,,,,,N,3,0,1,1,A,-,03,22350,,N,H,A,A,A,B,-,D,A,0,,Y,,,Y,,L,04,0,1,0,0,0,0,1,0,0,"- ","- ",,,"SAN FRANCISCO","SAN FRANCISCO",-122.43071992,37.762759940000002
8205598,2016,2017-01-12,3801,2016-12-20,2005,329,SOUTH,2,5,7,3801,0,0,0,,0,0B5,"KANSAS ST","17TH ST",0.00,,Y,A,-,N,,,,,,,,,,N,3,0,1,2,A,-,01,21200,5,N,D,G,A,A,H,-,C,D,0,,Y,,,Y,Y,L,04,0,1,0,0,0,0,1,0,0,"- ","- ",,,"SAN FRANCISCO","SAN FRANCISCO",-122.40352,37.764729889999998
8205719,2016,2017-01-12,3801,2016-12-02,1809,172,NORTH,5,5,7,3801,0,0,0,,0,3E12D,"POLK ST","CALIFORNIA ST",42.00,S,N,A,-,N,,,,,,,,,,N,3,0,1,2,A,-,17,22517,,N,B,G,A,A,H,-,C,D,0,,Y,,,Y,,A,01,0,1,0,0,0,0,1,0,0,"- ","- ",,,"SAN FRANCISCO","SAN FRANCISCO",-122.42065793,37.790455960000003
8205751,2016,2017-01-13,3801,2016-12-05,0855,2235,3A,1,5,7,3801,0,0,0,,0,003,NORTHPOINT,"LEAVENWORTH ST",0.00,,Y,A,-,N,,,,,,,,,,N,3,0,1,2,D,-,00,,,N,D,G,A,B,H,-,A,A,0,,Y,,,Y,,-,"- ",0,1,0,0,0,0,1,0,0,"- ","- ",,,"SAN FRANCISCO","SAN FRANCISCO",-122.418729,37.805931000000001
8206353,2016,2017-04-17,3801,2016-12-30,1316,4229,CENTR,5,5,7,3801,0,0,0,,0,3A5,"MARKET ST","2ND ST",21.00,E,N,A,-,N,,,,,,,,,,N,3,0,1,1,A,-,17,21208,A,N,H,I,A,A,H,-,A,D,0,,Y,,,Y,,L,04,0,1,0,0,0,0,1,0,0,"- ","- ",,,"SAN FRANCISCO","SAN FRANCISCO",-122.40134928000001,37.789281330000001
8280279,2016,2017-01-13,3801,2016-12-11,0845,991,SOUTH,7,5,7,3801,0,0,0,,0,4B2B,"HARRISON ST","8TH ST",0.00,,Y,B,-,N,,,,,,,,,,N,2,0,1,2,A,-,12,21453,A,N,D,G,A,A,H,-,A,A,0,,Y,,,Y,,L,04,1,0,0,0,0,0,1,0,0,"- ","- ",37.773809999999997,-122.40825,"SAN FRANCISCO","SAN FRANCISCO",-122.40852993999999,37.77375997