CASE_ID,ACCIDENT_YEAR,PROC_DATE,JURIS,COLLISION_DATE,COLLISION_TIME,OFFICER_ID,REPORTING_DISTRICT,DAY_OF_WEEK,CHP_SHIFT,POPULATION,CNTY_CITY_LOC,SPECIAL_COND,BEAT_TYPE,CHP_BEAT_TYPE,CITY_DIVISION_LAPD,CHP_BEAT_CLASS,BEAT_NUMBER,PRIMARY_RD,SECONDARY_RD,DISTANCE,DIRECTION,INTERSECTION,WEATHER_1,WEATHER_2,STATE_HWY_IND,CALTRANS_COUNTY,CALTRANS_DISTRICT,STATE_ROUTE,ROUTE_SUFFIX,POSTMILE_PREFIX,POSTMILE,LOCATION_TYPE,RAMP_INTERSECTION,SIDE_OF_HWY,TOW_AWAY,COLLISION_SEVERITY,NUMBER_KILLED,NUMBER_INJURED,PARTY_COUNT,PRIMARY_COLL_FACTOR,PCF_CODE_OF_VIOL,PCF_VIOL_CATEGORY,PCF_VIOLATION,PCF_VIOL_SUBSECTION,HIT_AND_RUN,TYPE_OF_COLLISION,MVIW,PED_ACTION,ROAD_SURFACE,ROAD_COND_1,ROAD_COND_2,LIGHTING,CONTROL_DEVICE,CHP_ROAD_TYPE,PEDESTRIAN_ACCIDENT,BICYCLE_ACCIDENT,MOTORCYCLE_ACCIDENT,TRUCK_ACCIDENT,NOT_PRIVATE_PROPERTY,ALCOHOL_INVOLVED,STWD_VEHTYPE_AT_FAULT,CHP_VEHTYPE_AT_FAULT,COUNT_SEVERE_INJ,COUNT_VISIBLE_INJ,COUNT_COMPLAINT_PAIN,COUNT_PED_KILLED,COUNT_PED_INJURED,COUNT_BICYCLIST_KILLED,COUNT_BICYCLIST_INJURED,COUNT_MC_KILLED,COUNT_MC_INJURED,PRIMARY_RAMP,SECONDARY_RAMP,LATITUDE,LONGITUDE,COUNTY,CITY,POINT_X,POINT_Y
8280298,2016,2017-01-13,3801,2016-12-02,1019,646,SOUTH,5,5,7,3801,0,0,0,,0,003,"HARRISON ST","7TH ST",598.00,W,N,A,-,N,,,,,,,,,,N,3,0,1,2,A,-,17,22517,,N,B,G,A,A,H,-,A,D,0,,Y,,,Y,,A,01,0,1,0,0,0,0,1,0,0,"- ","- ",,,"SAN FRANCISCO","SAN FRANCISCO",-122.40775062,37.774384349999998
8280353,2016,2017-01-24,3801,2016-12-18,1825,271,MISSI,7,5,7,3801,0,0,0,,0,3D11D,"VALENCIA ST","21ST ST",8.00,N,N,A,-,N,,,,,,,,,,,3,0,2,2,A,-,12,21453,A,N,D,G,A,A,H,-,C,A,0,,Y,,,Y,,L,04,0,1,1,0,0,0,2,0,0,"- ","- ",,,"SAN FRANCISCO","SAN FRANCISCO",-122.42110197,37.75693192
8305391,2017,2017-02-15,3801,2017-01-13,2000,1666,PARK,5,5,7,3801,0,0,0,,0,3F14D,"ANZA ST","COLLINS ST",0.00,,Y,A,-,N,,,,,,,,,,N,3,0,1,2,A,-,09,21801,A,N,D,G,A,A,H,-,C,A,0,,Y,,,Y,,A,01,0,1,0,0,0,0,1,0,0,"- ","- ",,,"SAN FRANCISCO","SAN FRANCISCO",-122.44980993,37.780759889999999
8305494,2017,2017-02-21,3801,2017-01-31,1923,575,PARK,2,5,7,3801,0,0,0,,0,3F13D,"ELLIS ST","BRODERICK ST",87.00,E,N,A,-,N,,,,,,,,,,N,4,0,1,2,A,-,08,22107,,N,D,G,A,A,H,-,C,D,0,,Y,,,Y,,A,01,0,0,1,0,0,0,1,0,0,"- ","- ",,,"SAN FRANCISCO","SAN FRANCISCO",-122.44049253999999,37.781347189999998
8305517,2017,2017-02-21,3801,2017-01-31,1031,437,SOUTH,2,5,7,3801,0,0,0,,0,2CAR,"HOWARD ST","4TH ST",250.00,E,N,A,-,N,,,,,,,,,,N,4,0,1,2,A,-,12,21453,A,N,H,-,C,A,D,-,A,A,0,Y,Y,,,Y,,L,04,0,0,1,0,0,0,1,0,0,"- ","- ",,,"SAN FRANCISCO","SAN FRANCISCO",-122.4021,37.783749999999998
8316448,2016,2017-02-27,3801,2016-11-27,1300,2719,SOUTH,7,5,7,3801,0,0,0,,0,005,"MISSION ST","2ND ST",125.00,W,N,A,-,N,,,,,,,,,,N,3,0,1,2,A,-,08,22102,,N,D,G,A,A,H,-,A,A,0,,Y,,,Y,,A,01,0,1,0,0,0,0,1,0,0,"- ","- ",,,"SAN FRANCISCO","SAN FRANCISCO",-122.40009691,37.787767940000002
8336922,2017,2017-12-27,3801,2017-04-02,1400,1513,RICHM,7,5,7,3801,0,0,0,,0,3G00,"EL CAMINO DEL MAR","32ND AV",0.00,,N,A,-,N,,,,,,,,,,N,4,0,1,2,-,-,"- ",,,N,B,G,A,A,H,-,A,D,0,,Y,,,Y,,-,"- ",0,0,1,0,0,0,1,0,0,"- ","- ",,,"SAN FRANCISCO","SAN FRANCISCO",-122.49311993000001,37.786609970000001
8342968,2017,2017-04-13,3801,2017-03-28,1200,556,MISSI,2,5,7,3801,0,0,0,,0,3D14C,"CESAR CHAVEZ ST","ALABAMA ST",0.00,,Y,A,-,N,,,,,,,,,,N,3,0,1,2,A,-,03,22350,,N,D,G,A,A,H,-,A,A,0,,Y,,,Y,,L,04,0,1,0,0,0,0,1,0,0,"- ","- ",,,"SAN FRANCISCO","SAN FRANCISCO",-122.41053993,37.748329890000001
8342976,2017,2017-04-13,3801,2017-03-27,1750,796,NORTH,1,5,7,3801,0,0,0,,0,3E12D,"VAN NESS AV","ELM ST",0.00,,Y,A,-,N,,,,,,,,,,N,3,0,1,2,A,-,17,21658,,N,B,G,A,A,H,-,A,D,0,,Y,,,Y,,L,04,0,1,0,0,0,0,1,0,0,"- ","- ",,,"SAN FRANCISCO","SAN FRANCISCO",-122.42048995,37.781479990000001
8343044,2017,2017-04-13,3801,2017-03-14,1041,573,CENTR,2,5,7,3801,0,0,0,,0,4B2F,"DRUMM ST","WASHINGTON ST",0.00,,Y,A,-,N,,,,,,,,,,Y,2,0,1,2,A,-,17,21657,,F,D,G,A,A,H,-,A,A,0,,Y,,,Y,,L,04,1,0,0,0,0,0,1,0,0,"- ","- ",37.796399999999998,-122.39695,"SAN FRANCISCO","SAN FRANCISCO",-122.39697999000001,37.79636996
8343157,2017,2017-06-17,3801,2017-03-09,0956,1675,TENDE,4,5,7,3801,0,0,0,,0,3J51A,"HYDE ST","MARKET ST",3.00,N,N,A,-,N,,,,,,,,,,N,3,0,1,2,A,-,08,22107,,N,H,G,A,A,H,-,A,A,0,,Y,,,Y,,L,04,0,1,0,0,0,0,1,0,0,"- ","- ",,,"SAN FRANCISCO","SAN FRANCISCO",-122.41476618,37.778716619999997
8360075,2017,2017-05-12,3801,2017-03-31,2000,437,SOUTH,5,5,7,3801,0,0,0,,0,002,"KING ST","2ND ST",42.00,E,N,A,-,N,,,,,,,,,,N,4,0,1,2,A,-,17,21209,A,N,B,G,A,A,H,-,A,A,0,,Y,,,Y,,I,11,0,0,1,0,0,0,1,0,0,"- ","- ",,,"SAN FRANCISCO","SAN FRANCISCO",-122.38959194,37.780037180000001
8360175,2017,2017-05-11,3801,2017-04-19,1800,185,MISSI,3,5,7,3801,0,0,0,,0,3D15C,"14TH ST","MISSION ST",60.00,W,N,A,-,N,,,,,,,,,,N,3,0,1,2,A,-,03,22350,,N,B,G,A,A,H,-,A,A,0,,Y,,,Y,,A,01,0,1,0,0,0,0,1,0,0,"- ","- ",,,"SAN FRANCISCO","SAN FRANCISCO",-122.420177,37.768277060000003
8360326,2017,2017-05-15,3801,2017-04-15,1615,3,CENTR,6,5,7,3801,0,0,0,,0,3A3C,"NORTHPOINT ST","JONES ST",0.00,,Y,A,-,N,,,,,,,,,,N,4,0,1,2,A,-,09,21801,A,N,D,G,A,A,H,-,A,A,0,,Y,,,Y,,-,"- ",0,0,1,0,0,0,1,0,0,"- ","- ",,,"SAN FRANCISCO","SAN FRANCISCO",-122.4171,37.806147000000003
8375831,2017,2017-07-31,3801,2017-05-16,2350,1426,TENDE,2,5,7,3801,0,0,0,,0,3J11E,"MCALLISTER ST","LARKIN ST",0.00,,Y,A,-,N,,,,,,,,,,N,2,0,1,2,A,-,12,21453,A,N,D,G,A,A,H,-,C,A,0,,Y,,,Y,,L,04,1,0,0,0,0,0,1,0,0,"- ","- ",,,"SAN FRANCISCO","SAN FRANCISCO",-122.41693994000001,37.780499919999997
8375874,2017,2017-06-14,3801,2017-05-17,1753,4175,SOUTH,3,5,7,3801,0,0,0,,0,4B3B,"HARRISON ST","9TH ST",5.00,E,N,A,-,N,,,,,,,,,,N,4,0,1,2,A,-,00,21453,,N,B,G,A,A,H,-,A,A,0,,Y,,,Y,,L,04,0,0,1,0,0,0,1,0,0,"- ","- ",,,"SAN FRANCISCO","SAN FRANCISCO",-122.41003738000001,37.772539389999999
8379190,2017,2017-06-23,3801,2017-05-02,1752,577,SOUTH,2,5,7,3801,0,0,0,,0,0B1,"2ND ST","TOWNSEND ST",30.00,N,N,A,-,N,,,,,,,,,,N,2,0,1,3,A,-,02,22400,A,N,B,G,A,A,H,-,A,A,0,,Y,,,Y,,A,01,1,0,0,0,0,0,1,0,0,"- ","- ",,,"SAN FRANCISCO","SAN FRANCISCO",-122.39059337,37.78067832
8382162,2017,2017-06-13,3801,2017-05-15,0800,1579,MISSI,1,5,7,3801,0,0,0,,0,3D14A,"CESAR CHAVEZ","ALABAMA ST",0.00,,Y,A,-,N,,,,,,,,,,N,2,0,1,2,A,-,09,21801,A,N,D,G,A,A,H,-,A,A,0,,Y,,,Y,,A,07,1,0,0,0,0,0,1,0,0,"- ","- ",,,"SAN FRANCISCO","SAN FRANCISCO",-122.41053993,37.748329890000001
8382173,2017,2017-06-13,3801,2017-05-07,0920,524,TENDE,7,5,7,3801,0,0,0,,0,3J11A,"MARKET ST","6TH ST",0.00,,Y,A,-,N,,,,,,,,,,N,4,0,1,2,A,-,12,21453,A,F,D,G,A,A,H,-,A,A,0,,Y,,,Y,,A,01,0,0,1,0,0,0,1,0,0,"- ","- ",,,"SAN FRANCISCO","SAN FRANCISCO",-122.41029991000001,37.78223989
8382195,2017,2017-06-13,3801,2017-05-18,1749,000054,NORTH,4,5,7,3801,0,0,0,,0,3E13D,"POLK ST","SUTTER ST",0.00,,Y,A,-,N,,,,,,,,,,N,3,0,1,3,A,-,17,22517,,N,A,G,A,A,H,-,A,D,0,,Y,,,Y,,-,,0,1,0,0,0,0,1,0,0,"- ","- ",,,"SAN FRANCISCO","SAN FRANCISCO",-122.42009991,37.78775993
8407586,2017,2017-07-20,3801,2017-06-24,1650,1052,TENDE,6,5,7,3801,0,0,0,,0,3J12D,"MARKET ST","MARKET ST 880",45.00,E,N,A,-,N,,,,,,,,,,N,4,0,1,3,A,-,02,22400,A,N,B,G,A,A,H,-,A,A,0,,Y,,,Y,,A,01,0,0,1,0,0,0,1,0,0,"- ","- ",,,"SAN FRANCISCO","SAN FRANCISCO",,
8407596,2017,2017-08-10,3801,2017-06-30,1149,11,3801,5,5,7,3801,0,0,0,,0,,"20TH AV","GEARY BL",74.00,S,N,A,-,N,,,,,,,,,,N,3,0,1,2,A,S,00,72120,,N,G,B,F,A,C,-,A,D,0,Y,Y,,,Y,,L,04,0,1,0,0,1,0,0,0,0,"- ","- ",,,"SAN FRANCISCO","SAN FRANCISCO",-122.47937235000001,37.7801872
8407627,2017,2017-07-24,3801,2017-06-12,0846,968,MISSI,1,5,7,3801,0,0,0,,0,006,"14TH ST","SOUTH VAN NESS",75.00,W,N,A,-,N,,,,,,,,,,N,3,0,1,2,A,-,17,22517,,N,H,G,A,A,H,-,A,D,0,,Y,,,Y,,A,07,0,1,0,0,0,0,1,0,0,"- ","- ",,,"SAN FRANCISCO","SAN FRANCISCO",-122.41805864,37.768402760000001
8408674,2017,2017-07-28,3801,2017-05-05,0845,279,TARAV,5,5,7,3801,0,0,0,,0,3I12A,"25TH AV","JUDAH ST",300.00,N,N,A,-,N,,,,,,,,,,N,4,0,1,2,A,-,08,22107,,N,B,G,A,A,H,-,A,D,0,,Y,,,Y,,A,01,0,0,1,0,0,0,1,0,0,"- ","- ",,,"SAN FRANCISCO","SAN FRANCISCO",-122.48347916,37.762242810000004
8421312,2017,2017-09-06,3801,2017-07-28,1227,A20685,BAYVI,5,5,7,3801,0,0,0,,0,001,"ILLINOIS ST","22ND ST",30.00,S,N,A,-,N,,,,,,,,,,N,3,0,1,1,A,-,"- ",,,N,E,I,A,A,G,-,A,D,0,,Y,,,Y,,L,04,0,1,0,0,0,0,1,0,0,"- ","- ",,,"SAN FRANCISCO","SAN FRANCISCO",-122.38733315,37.75789777
8421323,2017,2017-08-08,3801,2017-07-26,0813,610,CENTR,3,5,7,3801,0,0,0,,0,3A15A,"DRUMM ST","SACRAMENTO ST",0.00,,Y,A,-,N,,,,,,,,,,N,3,0,1,2,A,-,09,21801,A,N,H,G,A,A,-,-,A,A,0,,Y,,,Y,,L,04,0,1,0,0,0,0,1,0,0,"- ","- ",,,"SAN FRANCISCO","SAN FRANCISCO",-122.39657998,37.794609979999997
8421885,2017,2017-08-08,3801,2017-07-28,2205,1752,3A,5,5,7,3801,0,0,0,,0,0A1,"LARKIN ST","SUTTER ST",132.00,S,N,A,-,N,,,,,,,,,,N,4,0,1,3,A,-,03,22350,,N,B,G,A,A,H,-,C,D,0,,Y,,,Y,,L,04,0,0,1,0,0,0,1,0,0,"- ","- ",,,"SAN FRANCISCO","SAN FRANCISCO",-122.41838824,37.787613229999998
8423812,2017,2017-08-10,3801,2017-07-07,1921,2116,E,5,5,7,3801,0,0,0,,0,001,"SCOTT ST","OAK ST",5.00,S,N,A,-,N,,,,,,,,,,N,3,0,1,2,A,-,03,22350,,N,D,G,A,A,H,-,A,A,0,,Y,,,Y,,L,04,0,1,0,0,0,0,1,0,0,"- ","- ",,,"SAN FRANCISCO","SAN FRANCISCO",-122.43576717000001,37.773316450000003
8423817,2017,2017-09-07,3801,2017-07-09,0900,2168,MISSI,7,5,7,3801,0,0,0,,0,3D12D,"17TH ST","CLAYTON ST",0.00,,Y,A,-,N,,,,,,,,,,,4,0,1,2,A,-,"- ",,,F,-,C,A,A,H,-,A,-,0,,Y,,,Y,,-,"- ",0,0,1,0,0,0,1,0,0,"- ","- ",,,"SAN FRANCISCO","SAN FRANCISCO",-122.44676988000001,37.76177998
8423834,2017,2017-08-09,3801,2017-07-07,2350,193100,NORTH,5,5,7,3801,0,0,0,,0,,"STEINER ST","HAIGHT ST",0.00,,Y,A,-,N,,,,,,,,,,N,4,0,1,2,A,-,08,22107,,N,D,G,A,A,H,-,C,D,0,,Y,Y,,Y,,L,04,0,0,1,0,0,0,1,0,0,"- ","- ",,,"SAN FRANCISCO","SAN FRANCISCO",-122.43207996,37.771889969999997
8444048,2017,2017-09-15,3801,2017-08-23,1430,A10868,SOTHE,3,5,7,3801,0,0,0,,0,0E3,"EDDY ST","POLK ST",0.00,,Y,A,-,N,,,,,,,,,,N,3,0,1,2,A,-,09,21801,A,F,D,G,A,A,H,-,A,A,0,,Y,,,Y,,D,22,0,1,0,0,0,0,1,0,0,"- ","- ",,,"SAN FRANCISCO","SAN FRANCISCO",-122.41917989,37.783079950000001
8444261,2017,2017-09-29,3801,2017-08-02,1330,A21693,CENTR,3,5,7,3801,0,0,0,,0,005,"THE EMBARCADERO S","MISSION ST",150.00,N,N,A,-,N,,,,,,,,,,N,4,0,1,2,A,-,17,22517,,N,E,G,A,A,H,-,A,D,0,,Y,,,Y,,-,,0,0,1,0,0,0,1,0,0,"- ","- ",,,"SAN FRANCISCO","SAN FRANCISCO",-122.3929749,37.794016390000003
8444449,2017,2017-10-05,3801,2017-08-17,1412,2451,TENDE,4,5,7,3801,0,0,0,,0,3J51D,"EDDY ST","JONES ST",223.00,E,N,A,-,N,,,,,,,,,,N,4,0,1,2,A,-,"- ",,I,N,A,B,F,A,H,-,A,D,0,Y,Y,,,Y,,L,04,0,0,1,0,1,0,0,0,0,"- ","- ",,,"SAN FRANCISCO","SAN FRANCISCO",-122.41182891,37.784042100000001
8451096,2017,2017-10-23,3801,2017-09-07,1933,2411,TARAV,4,5,7,3801,0,0,0,,0,002,"KIRKHAM ST","20TH AV",36.00,E,N,A,-,N,,,,,,,,,,N,3,0,1,3,A,-,03,22350,,N,C,G,A,A,H,-,C,D,0,,Y,,,Y,,A,01,0,1,0,0,0,0,1,0,0,"- ","- ",,,"SAN FRANCISCO","SAN FRANCISCO",-122.47782556,37.75979444
8451120,2017,2017-10-23,3801,2017-09-01,1400,A22534,INGLE,5,5,7,3801,0,0,0,,0,3H15D,"SUTTER ST","HYDE ST",0.00,,Y,A,-,N,,,,,,,,,,N,4,0,1,2,A,-,17,22517,,F,G,G,A,A,H,-,A,A,0,,Y,,,Y,,A,01,0,0,1,0,0,0,1,0,0,"- ","- ",,,"SAN FRANCISCO","SAN FRANCISCO",-122.41680986999999,37.788179980000002
8464157,2017,2017-10-12,3801,2017-09-29,0930,1887,SOUTH,5,5,7,3801,0,0,0,,0,4B1B,"8TH ST","MINNA ST",0.00,,Y,B,-,N,,,,,,,,,,N,4,0,1,2,A,-,08,22107,,N,D,G,A,A,H,-,A,A,0,,Y,,,Y,,A,01,0,0,1,0,0,0,1,0,0,"- ","- ",37.777000000000001,-122.41280999999999,"SAN FRANCISCO","SAN FRANCISCO",-122.41259999,37.777049900000002
8464261,2017,2017-11-17,3801,2017-09-15,0600,711,CENTR,5,5,7,3801,0,0,0,,0,004,"BATTERY ST","BROADWAY ST",0.00,,Y,A,B,N,,,,,,,,,,N,4,0,1,2,A,-,12,21453,A,N,B,G,A,A,H,-,B,D,0,,Y,,,Y,,L,04,0,0,1,0,0,0,1,0,0,"- ","- ",,,"SAN FRANCISCO","SAN FRANCISCO",-122.40103999,37.798599969999998
8485232,2017,2017-12-07,3801,2017-10-23,2205,1763,MISSI,1,5,7,3801,0,0,0,,0,908,"18TH ST","SHOTWELL ST",10.00,E,N,A,-,N,,,,,,,,,,Y,3,0,1,2,A,-,12,22450,,N,D,G,A,A,H,-,C,D,0,,Y,,,Y,,-,"- ",0,1,0,0,0,0,1,0,0,"- ","- ",,,"SAN FRANCISCO","SAN FRANCISCO",-122.41603556,37.762022649999999
8491242,2017,2017-12-06,3801,2017-10-27,0740,4060,PARK,5,5,7,3801,0,0,0,,0,3F4,"GROVE ST","DIVISADERO ST",0.00,,Y,A,-,N,,,,,,,,,,N,3,0,1,2,A,-,03,22350,,N,H,A,A,A,H,-,A,A,0,,Y,,,Y,,L,04,0,1,0,0,0,0,1,0,0,"- ","- ",,,"SAN FRANCISCO","SAN FRANCISCO",-122.43798,37.77592997
8491247,2017,2017-12-05,3801,2017-10-25,0900,A21550,CENTR,3,5,7,3801,0,0,0,,0,3A13A,"NORTH POINT ST","POLK ST",0.00,,Y,A,-,N,,,,,,,,,,N,3,0,1,2,A,-,09,21801,A,N,D,G,A,A,H,-,A,A,0,,Y,,,Y,,A,01,0,1,0,0,0,0,1,0,0,"- ","- ",,,"SAN FRANCISCO","SAN FRANCISCO",-122.4236399,37.805299920000003
8491281,2017,2017-12-05,3801,2017-10-04,1855,1765,A,3,5,7,3801,0,0,0,,0,04D,EMBARCADERO,"WASHINGTON ST",0.00,,Y,A,-,N,,,,,,,,,,N,4,0,1,2,A,-,09,21801,A,N,B,G,A,A,H,-,B,A,0,,Y,,,Y,,A,01,0,0,1,0,0,0,1,0,0,"- ","- ",,,"SAN FRANCISCO","SAN FRANCISCO",-122.39530563,37.796763179999999
8491323,2017,2017-11-29,3801,2017-10-12,1418,2731,RICHM,4,5,7,3801,0,0,0,,0,3G15A,"POINT LOBOS AV","MERRIE WY",440.00,W,N,A,-,N,,,,,,,,,,N,3,0,1,2,A,-,04,21703,,N,D,G,A,-,H,-,A,D,0,,Y,,,Y,,L,04,0,1,0,0,0,0,1,0,0,"- ","- ",,,"SAN FRANCISCO","SAN FRANCISCO",-122.51307428,37.779036769999998
8491524,2017,2017-12-12,3801,2017-09-30,1214,185,MISSI,6,5,7,3801,0,0,0,,0,3D5C,"VALENCIA ST","18TH ST",0.00,,Y,A,-,N,,,,,,,,,,N,4,0,1,2,A,-,09,21801,A,M,H,G,A,A,H,-,A,A,0,,Y,,,Y,,A,01,0,0,1,0,0,0,1,0,0,"- ","- ",,,"SAN FRANCISCO","SAN FRANCISCO",-122.42155988,37.761709949999997
8496548,2017,2018-02-17,3801,2017-10-23,0914,1014,CENTR,1,5,7,3801,0,0,0,,0,3A15A,"MARKET ST","MONTGOMERY ST",50.00,E,N,A,-,N,,,,,,,,,,N,3,0,1,2,C,-,18,,,N,C,G,A,A,H,-,A,D,0,,Y,,,Y,,-,"- ",0,1,0,0,0,0,1,0,0,"- ","- ",,,"SAN FRANCISCO","SAN FRANCISCO",-122.40186785,37.788867310000001
8513565,2017,2018-02-07,3801,2017-12-13,1527,A20650,RICHM,3,5,7,3801,0,0,0,,0,901,"JOHN F KENNEDY DR","JOHN F KENNEDY DR 900 BLK",0.00,,-,A,-,N,,,,,,,,,,N,3,0,1,2,A,-,07,21658,A,N,C,E,A,A,H,-,A,D,0,,Y,,,Y,,L,04,0,1,0,0,0,0,1,0,0,"- ","- ",,,"SAN FRANCISCO","SAN FRANCISCO",,
8515441,2017,2017-12-26,3801,2017-11-06,1940,1571,MISSI,1,5,7,3801,0,0,0,,0,3D13D,"HARRISON ST","19TH ST",39.00,S,N,A,-,N,,,,,,,,,,N,4,0,1,2,A,-,09,21801,A,N,D,G,A,A,H,-,C,D,0,,Y,,,Y,,-,"- ",0,0,1,0,0,0,1,0,0,"- ","- ",,,"SAN FRANCISCO","SAN FRANCISCO",-122.41268013,37.760544029999998
8515569,2017,2017-12-21,3801,2017-11-10,1715,A21940,SOUTH,5,5,7,3801,0,0,0,,0,3B14D,"9TH ST","NATOMA ST",0.00,,Y,A,-,N,,,,,,,,,,N,4,0,1,2,A,-,05,21650,1,N,B,G,A,A,H,-,B,D,0,,Y,,,Y,,L,04,0,0,1,0,0,0,1,0,0,"- ","- ",,,"SAN FRANCISCO","SAN FRANCISCO",-122.41369998,37.77541995
8539863,2017,2018-01-26,3801,2017-12-27,2020,1279,BAYVI,3,5,7,3801,0,0,0,,0,3C11D,"ILLINOIS ST","20TH ST",0.00,,Y,A,-,N,,,,,,,,,,Y,4,0,1,2,A,-,08,22107,,N,D,G,A,A,H,-,C,A,0,,Y,,,Y,,A,01,0,0,1,0,0,0,1,0,0,"- ","- ",,,"SAN FRANCISCO","SAN FRANCISCO",-122.38757986,37.760559899999997
8553159,2018,2018-02-14,3801,2018-01-25,0926,1794,SOUTH,4,5,7,3801,0,0,0,,0,4B1I,"TERRY A FRANCOIS BL","SOUTH ST",193.00,N,N,B,-,N,,,,,,,,,,N,3,0,1,2,A,-,08,22102,,N,D,C,A,B,H,-,A,D,0,,Y,,,Y,,A,01,0,1,0,0,0,0,1,0,0,"- ","- ",37.768939971923828,-122.38655853271484,"SAN FRANCISCO","SAN FRANCISCO",-122.3863525390625,37.769557952880859
8553168,2018,2018-02-14,3801,2018-01-11,1431,1464,TENDE,4,5,7,3801,0,0,0,,0,3J62,"MARKET ST","TAYLOR ST",0.00,,Y,A,-,N,,,,,,,,,,N,4,0,1,2,A,-,06,21750,A,F,B,G,A,A,H,-,A,D,0,,Y,,,Y,,A,01,0,0,1,0,0,0,1,0,0,"- ","- ",,,"SAN FRANCISCO","SAN FRANCISCO",-122.41030120849609,37.782238006591797
8553205,2018,2018-02-15,3801,2018-01-14,1735,33,CENTR,7,5,7,3801,0,0,0,,0,004,EMBARCADERO,"GRANT AV",0.00,,Y,A,-,N,,,,,,,,,,Y,3,0,1,1,D,-,00,,,N,H,A,A,A,H,-,C,D,0,,Y,,,Y,,-,"- ",0,1,0,0,0,0,1,0,0,"- ","- ",,,"SAN FRANCISCO","SAN FRANCISCO",-122.40908,37.808129999999998
8573774,2018,2018-03-13,3801,2018-02-12,1530,276,MISSI,1,5,7,3801,0,0,0,,0,3D13D,"4TH ST","HOWARD ST",20.00,S,N,A,-,N,,,,,,,,,,N,3,0,1,2,A,-,17,22517,,N,H,G,A,A,H,-,A,A,0,,Y,,,Y,,-,,0,1,0,0,0,0,1,0,0,"- ","- ",,,"SAN FRANCISCO","SAN FRANCISCO",-122.40264892578125,37.783229827880859
8573776,2018,2018-03-14,3801,2018-02-01,1650,2312,NORTH,4,5,7,3801,0,0,0,,0,003,"POLK ST","ELM ST",0.00,,Y,A,-,N,,,,,,,,,,N,4,0,1,2,A,-,09,21801,A,N,D,G,A,A,H,-,A,D,0,,Y,,,Y,,A,01,0,0,1,0,0,0,1,0,0,"- ","- ",,,"SAN FRANCISCO","SAN FRANCISCO",-122.41890716552734,37.781700134277344
8573794,2018,2018-03-13,3801,2018-02-10,0856,86,TARAV,6,5,7,3801,0,0,0,,0,3I16A,"GOETHE ST","SAN JOSE AV",13.00,W,N,A,-,N,,,,,,,,,,N,4,0,1,2,A,-,09,21804,A,N,D,G,A,A,H,-,A,A,0,,Y,,,Y,,L,04,0,0,1,0,0,0,1,0,0,"- ","- ",,,"SAN FRANCISCO","SAN FRANCISCO",-122.45888519287109,37.708461761474609
8573871,2018,2018-03-15,3801,2018-02-19,0829,2060+,SOUTH,1,5,7,3801,0,0,0,,0,3B12A,"BRYANT ST","5TH ST",0.00,,Y,A,B,N,,,,,,,,,,N,4,0,1,2,A,-,08,22107,,N,D,G,A,A,H,-,A,A,0,,Y,,,Y,,A,01,0,0,1,0,0,0,1,0,0,"- ","- ",,,"SAN FRANCISCO","SAN FRANCISCO",-122.40029144287109,37.777801513671875
8594577,2018,2018-04-20,3801,2018-03-04,0928,1530,BAYVI,7,5,7,3801,0,0,0,,0,3C15A,"3RD ST","PAUL AV",46.00,S,N,A,-,N,,,,,,,,,,N,4,0,1,2,B,-,22,,,N,D,G,A,A,H,-,A,D,0,,Y,,,Y,,L,04,0,0,1,0,0,0,1,0,0,"- ","- ",,,"SAN FRANCISCO","SAN FRANCISCO",-122.39580535888672,37.7222900390625
8594603,2018,2018-04-26,3801,2018-03-03,1825,417,SOUTH,6,5,7,3801,0,0,0,,0,3B13D,"MISSION ST","ANGLO ALY",30.00,E,N,B,-,N,,,,,,,,,,N,4,0,1,2,A,-,"- ",,,N,D,G,A,A,H,-,C,D,0,,Y,,,Y,,L,04,0,0,1,0,0,0,1,0,0,"- ","- ",,,"SAN FRANCISCO","SAN FRANCISCO",-122.41220855712891,37.778186798095703
8603012,2018,2018-05-22,3801,2018-04-04,1603,2709,COF,3,5,7,3801,0,0,0,,0,3F62,"MASONIC AV","GOLDEN GATE AV",0.00,,Y,A,-,N,,,,,,,,,,N,3,0,1,2,A,-,09,21801,A,N,D,G,A,A,H,-,A,A,0,,Y,,,Y,,L,04,0,1,0,0,0,0,1,0,0,"- ","- ",,,"SAN FRANCISCO","SAN FRANCISCO",-122.44683837890625,37.777671813964844
8617240,2018,2018-05-24,3801,2018-03-31,1435,A10351,TENDE,6,5,7,3801,0,0,0,,0,4B3I,"MARKET ST","11TH ST",0.00,,Y,A,-,N,,,,,,,,,,N,3,0,1,2,A,-,09,21801,A,N,D,G,A,A,G,-,A,A,0,,Y,,Y,Y,,G,25,0,1,0,0,0,0,1,0,0,"- ","- ",,,"SAN FRANCISCO","SAN FRANCISCO",-122.418701171875,37.775600433349609
8636825,2018,2018-06-22,3801,2018-05-19,1926,302,NORTH,6,5,7,3801,0,0,0,,0,3E14D,"POST ST","LAGUNA ST",72.00,W,N,A,G,N,,,,,,,,,,N,4,0,1,2,C,-,18,,,N,H,G,A,A,H,-,A,D,0,,Y,,,Y,,-,"- ",0,0,1,0,0,0,1,0,0,"- ","- ",,,"SAN FRANCISCO","SAN FRANCISCO",-122.42840576171875,37.7857666015625