CASE_ID,ACCIDENT_YEAR,PROC_DATE,JURIS,COLLISION_DATE,COLLISION_TIME,OFFICER_ID,REPORTING_DISTRICT,DAY_OF_WEEK,CHP_SHIFT,POPULATION,CNTY_CITY_LOC,SPECIAL_COND,BEAT_TYPE,CHP_BEAT_TYPE,CITY_DIVISION_LAPD,CHP_BEAT_CLASS,BEAT_NUMBER,PRIMARY_RD,SECONDARY_RD,DISTANCE,DIRECTION,INTERSECTION,WEATHER_1,WEATHER_2,STATE_HWY_IND,CALTRANS_COUNTY,CALTRANS_DISTRICT,STATE_ROUTE,ROUTE_SUFFIX,POSTMILE_PREFIX,POSTMILE,LOCATION_TYPE,RAMP_INTERSECTION,SIDE_OF_HWY,TOW_AWAY,COLLISION_SEVERITY,NUMBER_KILLED,NUMBER_INJURED,PARTY_COUNT,PRIMARY_COLL_FACTOR,PCF_CODE_OF_VIOL,PCF_VIOL_CATEGORY,PCF_VIOLATION,PCF_VIOL_SUBSECTION,HIT_AND_RUN,TYPE_OF_COLLISION,MVIW,PED_ACTION,ROAD_SURFACE,ROAD_COND_1,ROAD_COND_2,LIGHTING,CONTROL_DEVICE,CHP_ROAD_TYPE,PEDESTRIAN_ACCIDENT,BICYCLE_ACCIDENT,MOTORCYCLE_ACCIDENT,TRUCK_ACCIDENT,NOT_PRIVATE_PROPERTY,ALCOHOL_INVOLVED,STWD_VEHTYPE_AT_FAULT,CHP_VEHTYPE_AT_FAULT,COUNT_SEVERE_INJ,COUNT_VISIBLE_INJ,COUNT_COMPLAINT_PAIN,COUNT_PED_KILLED,COUNT_PED_INJURED,COUNT_BICYCLIST_KILLED,COUNT_BICYCLIST_INJURED,COUNT_MC_KILLED,COUNT_MC_INJURED,PRIMARY_RAMP,SECONDARY_RAMP,LATITUDE,LONGITUDE,COUNTY,CITY,POINT_X,POINT_Y
8636888,2018,2018-06-22,3801,2018-05-09,1805,2207,CENTR,3,5,7,3801,0,0,0,,0,3A4D,"THE EMBARCADERO","STOCKTON ST",0.00,,Y,A,-,N,,,,,,,,,,,4,0,1,2,A,-,05,21202,A,N,H,G,A,A,H,-,A,A,0,,Y,,,Y,,L,04,0,0,1,0,0,0,1,0,0,"- ","- ",,,"SAN FRANCISCO","SAN FRANCISCO",-122.41082,37.808321999999997
8636908,2018,2018-06-22,3801,2018-05-10,1730,1100,SOUTH,4,5,7,3801,0,0,0,,0,3J11D,"MISSION ST","7TH ST",0.00,,Y,A,-,N,,,,,,,,,,N,4,0,1,2,A,-,06,21750,A,N,D,G,A,A,H,-,A,A,0,,Y,,,Y,,L,04,0,0,1,0,0,0,1,0,0,"- ","- ",,,"SAN FRANCISCO","SAN FRANCISCO",-122.41089630126953,37.779209136962891
8636920,2018,2018-06-22,3801,2018-05-13,0445,382,NORTH,7,5,7,3801,0,0,0,,0,3E15E,"LAGUNA ST","NORTH POINT ST",0.00,,Y,A,-,N,,,,,,,,,,N,3,0,1,2,A,-,08,22100,B,F,D,G,A,A,H,-,C,D,0,,Y,,,Y,,A,01,0,1,0,0,0,0,1,0,0,"- ","- ",,,"SAN FRANCISCO","SAN FRANCISCO",-122.43186950683594,37.80426025390625
8636928,2018,2018-06-22,3801,2018-05-11,1708,754,NORTH,5,5,7,3801,0,0,0,,0,3E15D,BAY,FILLMORE,0.00,,Y,A,-,N,,,,,,,,,,N,4,0,1,2,A,-,09,21801,A,N,D,G,A,A,H,-,A,A,0,,Y,,,Y,,-,,0,0,1,0,0,0,1,0,0,"- ","- ",,,"SAN FRANCISCO","SAN FRANCISCO",-122.43665313720703,37.802700042724609
8636971,2018,2018-06-22,3801,2018-05-31,1353,2716,TARAV,4,5,7,3801,0,0,0,,0,3I11A,"9TH AV","12TH AV",457.00,E,N,A,-,N,,,,,,,,,,N,2,0,1,1,D,-,00,,,N,H,A,A,A,H,-,A,D,0,,Y,,,Y,,-,"- ",1,0,0,0,0,0,1,0,0,"- ","- ",,,"SAN FRANCISCO","SAN FRANCISCO",-122.46685791015625,37.747203826904297
8636987,2018,2018-06-22,3801,2018-05-31,1515,195,3E14D,4,5,7,3801,0,0,0,,0,3E1,"MARKET ST","GOUGH ST",0.00,,Y,A,-,N,,,,,,,,,,N,3,0,1,2,A,-,00,20001,,F,-,-,A,A,H,-,A,A,0,,Y,,,Y,,-,,0,1,0,0,0,0,1,0,0,"- ","- ",,,"SAN FRANCISCO","SAN FRANCISCO",-122.42221069335938,37.772869110107422
8637032,2017,2018-06-26,3801,2017-05-16,1839,002244,CENTR,2,5,7,3801,0,0,0,,0,3A15D,"MARKET ST","SUTTER ST",15.00,E,N,A,-,N,,,,,,,,,,N,4,0,1,2,A,-,04,21703,,N,C,G,A,A,H,-,A,D,0,,Y,,,Y,,L,04,0,0,1,0,0,0,1,0,0,"- ","- ",,,"SAN FRANCISCO","SAN FRANCISCO",-122.40010226,37.790328299999999
8656272,2018,2018-07-30,3801,2018-06-30,1626,586,SOUTH,6,5,7,3801,0,0,0,,0,0B3,"FOLSOM ST","HARRIET ST",12.00,E,N,A,B,N,,,,,,,,,,N,3,0,1,2,A,-,12,22450,A,N,H,G,A,A,H,-,A,A,0,,Y,,,Y,,L,04,0,1,0,0,0,0,1,0,0,"- ","- ",,,"SAN FRANCISCO","SAN FRANCISCO",-122.40611267089844,37.778102874755859
8656350,2018,2018-07-27,3801,2018-06-14,1212,614,SOUTH,4,5,7,3801,0,0,0,,0,0B4,"MARKET ST","ELGIN PARK",36.00,W,N,A,-,N,,,,,,,,,,N,3,0,1,2,A,-,00,22110,A,N,H,A,A,A,H,-,A,D,0,,Y,,,Y,,A,01,0,1,0,0,0,0,1,0,0,"- ","- ",,,"SAN FRANCISCO","SAN FRANCISCO",-122.42389678955078,37.771530151367188
8661228,2018,2018-07-27,3801,2018-06-21,2151,882,TENDE,4,5,7,3801,0,0,0,,0,3J11E,"MARKET ST","7TH ST",190.00,W,N,A,-,N,,,,,,,,,,N,4,0,1,2,-,-,"- ",,,N,H,A,A,A,H,-,C,D,0,,Y,,,Y,,-,"- ",0,0,1,0,0,0,1,0,0,"- ","- ",,,"SAN FRANCISCO","SAN FRANCISCO",-122.41297912597656,37.780113220214844
8661268,2018,2018-07-30,3801,2018-06-13,0853,4125,MISSI,3,5,7,3801,0,0,0,,0,3D11A,"POTRERO AV","16TH ST",0.00,,Y,A,-,N,,,,,,,,,,N,4,0,1,2,A,-,12,21453,A,N,D,G,A,A,H,-,A,A,0,,Y,,,Y,,L,04,0,0,1,0,0,0,1,0,0,"- ","- ",,,"SAN FRANCISCO","SAN FRANCISCO",-122.40756225585938,37.765769958496094
8663908,2018,2018-07-23,3801,2018-05-26,1550,1148,,6,5,7,3801,0,0,0,,0,,"8TH ST","TEHAMA ST",0.00,,Y,A,-,N,,,,,,,,,,N,3,0,1,2,A,-,08,22107,,N,D,G,A,A,H,-,A,A,0,,Y,,,Y,,A,01,0,1,0,0,0,0,1,0,0,"- ","- ",,,"SAN FRANCISCO","SAN FRANCISCO",-122.41107177734375,37.775810241699219
8667426,2018,2018-07-27,3801,2018-06-01,1005,859,BAYVI,5,5,7,3801,0,0,0,,0,03C,"INDIANA ST","25TH ST",0.00,,Y,A,-,N,,,,,,,,,,N,4,0,1,2,A,-,08,22107,,M,D,G,A,A,H,-,A,A,0,,Y,,,Y,,A,01,0,0,1,0,0,0,1,0,0,"- ","- ",,,"SAN FRANCISCO","SAN FRANCISCO",-122.39069366455078,37.752681732177734
8667483,2018,2018-07-24,3801,2018-06-22,1610,2374,INGLE,5,5,7,3801,0,0,0,,0,0H2,"SAN JOSE AV","RANDALL ST",0.00,,Y,A,-,N,,,,,,,,,,N,3,0,1,2,A,-,08,22107,,N,B,G,A,A,H,-,A,A,0,,Y,,,Y,,A,01,0,1,0,0,0,0,1,0,0,"- ","- ",,,"SAN FRANCISCO","SAN FRANCISCO",-122.42426300048828,37.739860534667969
8667518,2018,2018-07-23,3801,2018-06-22,0738,2439,CENTR,5,5,7,3801,0,0,0,,0,3A15A,"MARKET ST","SUTTER ST",55.00,W,N,A,-,N,,,,,,,,,,N,2,0,1,1,-,-,"- ",,,N,H,A,A,A,H,-,A,D,0,,Y,,,Y,,-,"- ",1,0,0,0,0,0,1,0,0,"- ","- ",,,"SAN FRANCISCO","SAN FRANCISCO",-122.40027618408203,37.790191650390625
8673732,2018,2018-10-17,3801,2018-06-23,2140,1096,MISSI,6,5,7,3801,0,0,0,,0,3D13E,"VALENCIA ST","20TH ST",0.00,,Y,A,-,N,,,,,,,,,,N,4,0,1,2,A,-,12,21453,A,N,D,G,A,A,H,-,C,A,0,,Y,,,Y,,L,04,0,0,1,0,0,0,1,0,0,"- ","- ",,,"SAN FRANCISCO","SAN FRANCISCO",-122.42125701904297,37.758510589599609
8683360,2018,2018-08-30,3801,2018-07-10,1629,2300,TENDE,2,5,7,3801,0,0,0,,0,3J11D,"MARKET ST","11TH ST",30.00,E,N,A,G,N,,,,,,,,,,N,4,0,1,2,A,-,08,22107,,N,A,G,A,A,H,-,A,D,0,,Y,,,Y,,L,04,0,0,1,0,0,0,1,0,0,"- ","- ",,,"SAN FRANCISCO","SAN FRANCISCO",-122.41862487792969,37.775657653808594
8683774,2018,2018-08-28,3801,2018-07-09,0700,827,MISSI,1,5,7,3801,0,0,0,,0,3D15A,"UTAH ST","17TH ST",0.00,,Y,A,-,N,,,,,,,,,,N,4,0,1,2,A,-,10,21950,A,N,B,G,A,A,H,-,A,A,0,,Y,,,Y,,A,01,0,0,1,0,0,0,1,0,0,"- ","- ",,,"SAN FRANCISCO","SAN FRANCISCO",-122.40643310546875,37.764549255371094
8685706,2018,2018-09-04,3801,2018-07-29,1845,412,SOUTH,7,5,7,3801,0,0,0,,0,3B12D,"11TH ST","HARRISON ST",90.00,N,N,A,-,N,,,,,,,,,,N,4,0,1,3,A,-,08,22107,,M,B,G,A,A,H,-,A,D,0,,Y,,,Y,,A,01,0,0,1,0,0,0,1,0,0,"- ","- ",,,"SAN FRANCISCO","SAN FRANCISCO",-122.41268920898438,37.770805358886719
8685844,2018,2018-08-30,3801,2018-07-15,1921,1033,MISIS,7,5,7,3801,0,0,0,,0,3D14E,"16TH ST","CAPP ST",0.00,,Y,A,-,N,,,,,,,,,,N,4,0,1,2,A,-,08,22107,,F,B,G,A,A,H,-,A,A,0,,Y,,,Y,,A,01,0,0,1,0,0,0,1,0,0,"- ","- ",,,"SAN FRANCISCO","SAN FRANCISCO",-122.418701171875,37.765098571777344
8685848,2018,2018-08-30,3801,2018-07-22,1205,933,BAYVI,7,5,7,3801,0,0,0,,0,3C11A,"BAYSHORE BL","HELENA ST",0.00,,-,A,-,N,,,,,,,,,,N,3,0,1,2,A,-,08,22107,,N,B,G,A,A,H,-,A,D,0,,Y,,,Y,,A,01,0,1,0,0,0,0,1,0,0,"- ","- ",,,"SAN FRANCISCO","SAN FRANCISCO",-122.40676116943359,37.736351013183594
8685911,2018,2018-08-29,3801,2018-07-12,1400,2431,RICHM,4,5,7,3801,0,0,0,,0,3G12E,"THE EMBARCADERO",BROADWAY,0.00,,Y,A,-,N,,,,,,,,,,N,4,0,1,2,A,-,17,22517,,F,C,G,A,A,H,-,A,A,0,,Y,,,Y,,A,01,0,0,1,0,0,0,1,0,0,"- ","- ",,,"SAN FRANCISCO","SAN FRANCISCO",-122.39775848388672,37.799179077148438
8698094,2018,2018-10-26,3801,2018-08-13,0815,2059,CENTR,1,5,7,3801,0,0,0,,0,3A48B,"MARKET ST","3RD ST",0.00,,Y,A,-,N,,,,,,,,,,N,4,0,1,1,A,-,"- ",,,N,H,G,A,A,H,-,A,A,0,,Y,,,Y,,L,04,0,0,1,0,0,0,1,0,0,"- ","- ",,,"SAN FRANCISCO","SAN FRANCISCO",-122.40345764160156,37.78765869140625
8698152,2018,2018-10-05,3801,2018-08-21,0540,2728,MISSI,2,5,7,3801,0,0,0,,0,3D3,"VALENCIA ST","HILL ST",0.00,,Y,B,E,N,,,,,,,,,,N,2,0,1,2,A,-,03,22350,,F,C,G,A,B,H,-,C,D,0,,Y,,,Y,,-,,1,0,0,0,0,0,1,0,0,"- ","- ",,,"SAN FRANCISCO","SAN FRANCISCO",-122.42104339599609,37.756099700927734
8698218,2018,2018-09-27,3801,2018-08-12,1623,308,MISSI,7,5,7,3801,0,0,0,,0,3D15C,"FOLSOM ST","15TH ST",0.00,,Y,A,-,N,,,,,,,,,,N,3,0,1,2,A,-,03,22350,,N,D,G,A,A,H,-,A,A,0,,Y,,,Y,,A,01,0,1,0,0,0,0,1,0,0,"- ","- ",,,"SAN FRANCISCO","SAN FRANCISCO",-122.41545867919922,37.766929626464844
8698229,2018,2018-10-01,3801,2018-08-21,1635,1817,CENTR,2,5,7,3801,0,0,0,,0,3A60,"PACIFIC AV","BATTERY ST",30.00,W,N,A,-,N,,,,,,,,,,N,4,0,1,2,A,-,17,22517,,N,H,G,A,A,H,-,A,D,0,,Y,Y,,Y,,C,03,0,0,1,0,0,0,1,0,0,"- ","- ",,,"SAN FRANCISCO","SAN FRANCISCO",-122.40098571777344,37.797664642333984
8699997,2018,2018-10-02,3801,2018-08-17,1713,1849,TENDE,5,5,7,3801,0,0,0,,0,3J13D,"JONES ST","EDDY ST",0.00,,Y,A,-,N,,,,,,,,,,N,4,0,1,2,A,-,17,21200,,N,H,-,F,A,H,-,A,A,0,Y,Y,,,Y,,L,04,0,0,1,0,1,0,0,0,0,"- ","- ",,,"SAN FRANCISCO","SAN FRANCISCO",-122.41259002685547,37.783939361572266
8716490,2018,2018-10-19,3801,2018-09-06,1207,1331,SOUTH,4,5,7,3801,0,0,0,,0,3B11C,"MISSION ST","4TH ST",130.00,E,N,A,-,N,,,,,,,,,,N,4,0,1,3,A,-,02,22400,A,N,H,G,A,A,H,-,A,D,0,,Y,Y,,Y,,A,01,0,0,1,0,0,0,0,0,1,"- ","- ",,,"SAN FRANCISCO","SAN FRANCISCO",-122.4039306640625,37.784763336181641
8728992,2018,2018-11-13,3801,2018-09-14,1745,1837,BAYVI,5,5,7,3801,0,0,0,,0,3C12D,"PALOU AV","PHELPS ST",0.00,,Y,-,-,N,,,,,,,,,,N,4,0,1,2,A,-,12,22450,A,F,D,G,A,-,-,-,-,D,0,,Y,,,Y,,A,01,0,0,1,0,0,0,1,0,0,"- ","- ",,,"SAN FRANCISCO","SAN FRANCISCO",-122.3946533203125,37.736099243164062
8750410,2018,2018-12-07,3801,2018-10-25,1959,1186,TENDE,4,5,7,3801,0,0,0,,0,001,"MARKET ST","HYDE ST",112.00,E,N,A,-,N,,,,,,,,,,N,4,0,1,2,A,-,02,22400,A,N,E,G,A,A,H,-,C,D,0,,Y,,,Y,,A,07,0,0,1,0,0,0,1,0,0,"- ","- ",37.779018402099609,-122.41445159912109,"SAN FRANCISCO","SAN FRANCISCO",-122.41448211669922,37.778923034667969
8754741,2018,2018-12-11,3801,2018-10-03,1735,1345,SOUTH,3,5,7,3801,0,0,0,,0,0B5,"4TH ST","TOWNSEND ST",60.00,N,N,A,-,N,,,,,,,,,,N,4,0,1,2,A,-,06,21755,A,N,H,G,A,A,H,-,A,D,0,,Y,,,Y,,L,04,0,0,1,0,0,0,1,0,0,"- ","- ",,,"SAN FRANCISCO","SAN FRANCISCO",-122.3951416015625,37.777225494384766
8754798,2018,2018-12-10,3801,2018-10-04,0843,1244,NORTH,4,5,7,3801,0,0,0,,0,001,"PAGE ST","LAGUNA ST",172.00,W,N,A,-,N,,,,,,,,,,N,4,0,1,2,A,-,08,22107,,N,D,G,A,A,H,-,A,A,0,,Y,,,Y,,A,07,0,0,1,0,0,0,1,0,0,"- ","- ",,,"SAN FRANCISCO","SAN FRANCISCO",-122.42628479003906,37.773590087890625
8754813,2018,2018-12-07,3801,2018-10-28,2016,412,SOUTH,7,5,7,3801,0,0,0,,0,3B92,"6TH ST","CLARA ST",22.00,W,N,A,-,N,,,,,,,,,,N,3,0,1,2,A,-,05,21650,1,N,D,G,A,A,H,-,C,D,0,,Y,,,Y,,L,04,0,1,0,0,0,0,1,0,0,"- ","- ",,,"SAN FRANCISCO","SAN FRANCISCO",-122.4046630859375,37.777751922607422
8754824,2018,2018-12-10,3801,2018-10-07,1805,312,TARAV,7,5,7,3801,0,0,0,,0,001,"LINCOLN WY","9TH AV",0.00,,Y,A,-,N,,,,,,,,,,N,3,0,2,2,A,-,12,21453,A,N,D,G,A,A,H,-,A,A,0,,Y,,,Y,,A,01,0,2,0,0,0,0,1,0,0,"- ","- ",,,"SAN FRANCISCO","SAN FRANCISCO",-122.46643829345703,37.76593017578125
8758081,2018,2019-01-18,3801,2018-11-02,1253,1994,TENDE,5,5,7,3801,0,0,0,,0,4B3G,"MARKET ST","HYDE ST",0.00,,Y,A,-,N,,,,,,,,,,N,4,0,1,2,A,-,12,21453,A,N,D,G,A,A,H,-,A,A,0,,Y,,,Y,,L,04,0,0,1,0,0,0,1,0,0,"- ","- ",,,"SAN FRANCISCO","SAN FRANCISCO",-122.41475677490234,37.778709411621094
8758109,2018,2019-01-29,3801,2018-11-11,1747,1023,CENTR,7,5,7,3801,0,0,0,,0,3A15D,"THE EMBARCADERO","DON CHEE WY",523.00,N,N,A,-,N,,,,,,,,,,N,4,0,1,2,A,-,"- ",,,F,E,J,-,A,H,-,C,D,0,Y,Y,,,Y,,N,60,0,0,1,0,0,0,1,0,0,"- ","- ",,,"SAN FRANCISCO","SAN FRANCISCO",-122.39451599121094,37.795253753662109
8758301,2018,2019-01-18,3801,2018-11-08,0950,1144,NORTH,4,5,7,3801,0,0,0,,0,3E12A,"FULTON ST","OCTAVIA ST",8.00,W,N,A,-,N,,,,,,,,,,N,3,0,1,2,A,-,08,22107,,N,H,G,A,A,H,-,A,D,0,,Y,,,Y,,A,01,0,1,0,0,0,0,1,0,0,"- ","- ",,,"SAN FRANCISCO","SAN FRANCISCO",-122.42501831054688,37.778537750244141
8803795,2019,2019-03-01,3801,2019-01-03,0710,621,INGLE,4,5,7,3801,0,0,0,,0,3H14D,"MONTEREY BL","JOOST ST",20.00,N,N,A,-,N,,,,,,,,,,N,4,0,1,2,A,-,06,21750,,F,B,G,A,A,H,-,A,D,0,,Y,,,Y,,A,01,0,0,1,0,0,0,1,0,0,"- ","- ",,,"SAN FRANCISCO","SAN FRANCISCO",-122.43508148193359,37.732273101806641
8803921,2019,2019-03-12,3801,2019-01-03,1906,373,TRAFF,4,5,7,3801,0,0,0,,0,0B2,"HOWARD ST","4TH ST",463.00,W,N,A,-,N,,,,,,,,,,N,4,0,1,2,A,-,08,22107,,N,B,G,A,A,H,-,C,D,0,,Y,,,Y,,L,04,0,0,1,0,0,0,1,0,0,"- ","- ",,,"SAN FRANCISCO","SAN FRANCISCO",-122.40383911132812,37.782371520996094
8817710,2019,2019-03-27,3801,2019-02-05,0949,1696,NORTH,2,5,7,3801,0,0,0,,0,3E13D,"POLK ST","GEARY ST",0.00,,Y,A,-,N,,,,,,,,,,N,3,0,1,2,A,-,08,22107,,N,D,G,A,A,H,-,A,A,0,,Y,,,Y,,A,01,0,1,0,0,0,0,1,0,0,"- ","- ",,,"SAN FRANCISCO","SAN FRANCISCO",-122.41973876953125,37.785900115966797
8817754,2019,2019-03-20,3801,2019-02-12,1635,386,MISSI,2,5,7,3801,0,0,0,,0,3D14D,"HARRISON ST","17TH ST",42.00,S,N,A,-,N,,,,,,,,,,N,4,0,1,2,A,-,06,21760,B,F,B,G,A,A,H,-,A,D,0,,Y,,,Y,,A,01,0,0,1,0,0,0,1,0,0,"- ","- ",,,"SAN FRANCISCO","SAN FRANCISCO",-122.41300201416016,37.76397705078125
8817793,2019,2019-03-20,3801,2019-02-15,1800,4314,RICHM,5,5,7,3801,0,0,0,,0,0G1,"TRANSVERSE DR","JOHN F KENNEDY DR",131.00,S,N,B,C,N,,,,,,,,,,N,3,0,1,2,A,-,08,22107,,N,C,G,A,B,H,-,D,D,0,,Y,,,Y,,L,04,0,1,0,0,0,0,1,0,0,"- ","- ",,,"SAN FRANCISCO","SAN FRANCISCO",-122.47969055175781,37.770179748535156
8845452,2019,2019-04-30,3801,2019-03-26,1051,1454,SOUTH,2,5,7,3801,0,0,0,,0,3B15B,"HARRISON ST","4TH ST",0.00,,Y,A,-,N,,,,,,,,,,N,4,0,1,2,A,-,17,23336,,N,D,G,A,A,H,-,A,A,0,,Y,,,Y,,L,04,0,0,1,0,0,0,1,0,0,"- ","- ",,,"SAN FRANCISCO","SAN FRANCISCO",-122.39962768554688,37.780780792236328
8849642,2019,2019-06-05,3801,2019-03-17,1342,1362,RICHM,7,5,7,3801,0,0,0,,0,3G1,"MARTIN LUTHER KING DR","CROSSOVER DR",0.00,,N,A,-,Y,SF,4,1,-,-,4.090,I,5,N,N,3,0,1,2,A,-,"- ",,,M,D,G,A,A,H,-,A,A,0,,Y,,,Y,,-,99,0,1,0,0,0,0,1,0,0,"- ","- ",,,"SAN FRANCISCO","SAN FRANCISCO",-122.47732543945312,37.765995025634766
8857962,2019,2019-05-29,3801,2019-04-14,1812,54,NORTH,7,5,7,3801,0,0,0,,0,3E15D,"YACHT ROAD","MASON ST",0.00,,Y,A,-,N,,,,,,,,,,,3,0,1,2,A,-,08,22107,,N,D,G,A,A,H,-,A,D,0,,Y,,,Y,,A,01,0,1,0,0,0,0,1,0,0,"- ","- ",,,"SAN FRANCISCO","SAN FRANCISCO",-122.44834136962891,37.805030822753906
8857977,2019,2019-05-21,3801,2019-04-11,0719,2374,INGLE,4,5,7,3801,0,0,0,,0,0H3,"CRESCENT AV","FOLSOM ST",0.00,,Y,B,-,N,,,,,,,,,,N,2,0,1,2,A,-,12,22450,A,N,D,G,A,A,H,-,A,D,0,,Y,,,Y,,L,04,1,0,0,0,0,0,1,0,0,"- ","- ",,,"SAN FRANCISCO","SAN FRANCISCO",-122.41371917724609,37.734748840332031
8858018,2019,2019-05-21,3801,2019-04-10,1230,1188,INGLE,3,5,7,3801,0,0,0,,0,3H11C,"SAN JOSE AV","29TH ST",0.00,,Y,A,-,N,,,,,,,,,,N,2,0,1,2,A,-,08,22107,,F,D,G,A,A,H,-,A,D,0,,Y,,,Y,Y,-,,1,0,0,0,0,0,1,0,0,"- ","- ",,,"SAN FRANCISCO","SAN FRANCISCO",-122.42275238037109,37.743930816650391
8858066,2019,2019-05-21,3801,2019-04-08,1827,310,TENDE,1,5,7,3801,0,0,0,,0,3J51C,"7TH ST","MARKET ST",0.00,,Y,B,C,N,,,,,,,,,,N,3,0,1,2,A,-,08,22100,B,N,B,G,A,B,H,-,B,A,0,,Y,,,Y,,L,04,0,1,0,0,0,0,1,0,0,"- ","- ",,,"SAN FRANCISCO","SAN FRANCISCO",-122.41250610351562,37.780479431152344
8863565,2019,2019-05-22,3801,2019-04-20,1133,1620,BAYVI,6,5,7,3801,0,0,0,,0,3C11A,"PALOU AV","BARNEVELD ST",390.00,E,N,A,-,N,,,,,,,,,,Y,3,0,1,2,A,-,11,21954,A,F,D,G,A,A,H,-,A,D,0,,Y,,,Y,,L,04,0,1,0,0,0,0,1,0,0,"- ","- ",,,"SAN FRANCISCO","SAN FRANCISCO",-122.40249633789062,37.7408447265625
8867627,2019,2019-06-19,3801,2019-04-16,1910,4040,CENTR,2,5,7,3801,0,0,0,,0,3A15D,"2ND ST","MARKET ST",42.00,S,N,A,-,N,,,,,,,,,,N,3,0,1,2,A,-,08,22100,A,N,A,G,A,A,H,-,B,A,0,,Y,Y,,Y,,L,04,0,1,0,0,0,0,1,0,0,"- ","- ",,,"SAN FRANCISCO","SAN FRANCISCO",-122.40129852294922,37.789157867431641
8878482,2019,2019-06-20,3801,2019-05-01,0915,610,MISSI,3,5,7,3801,0,0,0,,0,3D61,"14TH ST","SHOTWELL ST",0.00,,Y,A,-,N,,,,,,,,,,N,3,0,1,2,A,-,04,21703,,N,D,G,A,A,H,-,A,D,0,,Y,,,Y,,L,04,0,1,0,0,0,0,1,0,0,"- ","- ",,,"SAN FRANCISCO","SAN FRANCISCO",-122.41670989990234,37.768478393554688
8878561,2019,2019-06-19,3801,2019-05-24,1536,1031,TENDE,5,5,7,3801,0,0,0,,0,004,"ELLIS ST","CYRIL MAGNIN ST",0.00,,Y,A,-,N,,,,,,,,,,N,4,0,1,2,A,-,05,21650,,N,D,G,A,A,H,-,A,A,0,,Y,,,Y,,L,04,0,0,1,0,0,0,1,0,0,"- ","- ",,,"SAN FRANCISCO","SAN FRANCISCO",-122.40866088867188,37.785430908203125
8878563,2019,2019-06-20,3801,2019-05-14,1125,1300,SOUTH,2,5,7,3801,0,0,0,,0,3B15C,"MISSION ST","10TH ST",10.00,W,N,A,-,N,,,,,,,,,,N,4,0,1,2,A,-,21,22106,,M,B,G,A,A,H,-,A,A,0,,Y,,,Y,,A,01,0,0,1,0,0,0,1,0,0,"- ","- ",,,"SAN FRANCISCO","SAN FRANCISCO",-122.41593170166016,37.775260925292969
8878573,2019,2019-06-19,3801,2019-05-24,1405,1706,NORTH,5,5,7,3801,0,0,0,,0,3E4A,"POLK ST","CHESTNUT ST",0.00,,Y,A,-,N,,,,,,,,,,N,3,0,1,2,D,-,00,,,N,H,G,A,A,H,-,A,A,0,,Y,,,Y,,-,"- ",0,1,0,0,0,0,1,0,0,"- ","- ",,,"SAN FRANCISCO","SAN FRANCISCO",-122.42308044433594,37.802490234375
8891309,2019,2019-10-29,3801,2019-09-26,2157,2732,CENTR,4,5,7,3801,0,0,0,,0,3A13E,"BAY ST","COLUMBUS AV",112.00,W,N,A,-,N,,,,,,,,,,N,3,0,1,1,A,-,03,22350,,N,H,-,A,A,H,-,C,A,0,,Y,,,Y,Y,L,04,0,1,0,0,0,0,1,0,0,"- ","- ",,,"SAN FRANCISCO","SAN FRANCISCO",-122.41757965087891,37.805145263671875
8891918,2019,2019-11-08,3801,2019-09-29,0930,2127,SOUTH,7,5,7,3801,0,0,0,,0,4B1,"7TH ST","BRYANT ST",15.00,N,N,A,-,N,,,,,,,,,,N,4,0,1,2,A,-,00,21567,,N,D,G,A,A,H,-,A,A,0,,Y,,,Y,,L,04,0,0,1,0,0,0,1,0,0,"- ","- ",,,"SAN FRANCISCO","SAN FRANCISCO",-122.40488433837891,37.774410247802734
8891929,2019,2019-10-25,3801,2019-09-20,1140,198,BAYVI,5,5,7,3801,0,0,0,,0,0C5,"JENNINGS ST","FITZGERALD AV",25.00,S,N,A,-,N,,,,,,,,,,,3,0,1,2,A,-,07,21658,A,N,B,G,A,A,H,-,A,D,0,,Y,,,Y,,L,04,0,1,0,0,0,0,1,0,0,"- ","- ",,,"SAN FRANCISCO","SAN FRANCISCO",-122.39324951171875,37.721954345703125
8892004,2019,2019-10-31,3801,2019-09-18,1125,1052,RICHM,3,5,7,3801,0,0,0,,0,,"6TH AV","GEARY BL",77.00,N,N,A,-,N,,,,,,,,,,N,3,0,1,2,A,-,21,22106,,N,B,G,A,A,H,-,A,A,0,,Y,,,Y,,A,01,0,1,0,0,0,0,1,0,0,"- ","- ",,,"SAN FRANCISCO","SAN FRANCISCO",-122.46430206298828,37.781299591064453
8892057,2019,2019-10-31,3801,2019-09-06,1841,2132,MISSI,5,5,7,3801,0,0,0,,0,3D60,"CLIPPER ST","DOUGLASS ST",0.00,,Y,A,-,N,,,,,,,,,,N,3,0,1,2,A,-,12,22450,A,N,D,G,A,A,H,-,A,A,0,,Y,,,Y,,L,04,0,1,0,0,0,0,1,0,0,"- ","- ",,,"SAN FRANCISCO","SAN FRANCISCO",-122.43824768066406,37.748661041259766