CASE_ID,ACCIDENT_YEAR,PROC_DATE,JURIS,COLLISION_DATE,COLLISION_TIME,OFFICER_ID,REPORTING_DISTRICT,DAY_OF_WEEK,CHP_SHIFT,POPULATION,CNTY_CITY_LOC,SPECIAL_COND,BEAT_TYPE,CHP_BEAT_TYPE,CITY_DIVISION_LAPD,CHP_BEAT_CLASS,BEAT_NUMBER,PRIMARY_RD,SECONDARY_RD,DISTANCE,DIRECTION,INTERSECTION,WEATHER_1,WEATHER_2,STATE_HWY_IND,CALTRANS_COUNTY,CALTRANS_DISTRICT,STATE_ROUTE,ROUTE_SUFFIX,POSTMILE_PREFIX,POSTMILE,LOCATION_TYPE,RAMP_INTERSECTION,SIDE_OF_HWY,TOW_AWAY,COLLISION_SEVERITY,NUMBER_KILLED,NUMBER_INJURED,PARTY_COUNT,PRIMARY_COLL_FACTOR,PCF_CODE_OF_VIOL,PCF_VIOL_CATEGORY,PCF_VIOLATION,PCF_VIOL_SUBSECTION,HIT_AND_RUN,TYPE_OF_COLLISION,MVIW,PED_ACTION,ROAD_SURFACE,ROAD_COND_1,ROAD_COND_2,LIGHTING,CONTROL_DEVICE,CHP_ROAD_TYPE,PEDESTRIAN_ACCIDENT,BICYCLE_ACCIDENT,MOTORCYCLE_ACCIDENT,TRUCK_ACCIDENT,NOT_PRIVATE_PROPERTY,ALCOHOL_INVOLVED,STWD_VEHTYPE_AT_FAULT,CHP_VEHTYPE_AT_FAULT,COUNT_SEVERE_INJ,COUNT_VISIBLE_INJ,COUNT_COMPLAINT_PAIN,COUNT_PED_KILLED,COUNT_PED_INJURED,COUNT_BICYCLIST_KILLED,COUNT_BICYCLIST_INJURED,COUNT_MC_KILLED,COUNT_MC_INJURED,PRIMARY_RAMP,SECONDARY_RAMP,LATITUDE,LONGITUDE,COUNTY,CITY,POINT_X,POINT_Y
8899111,2019,2019-07-24,3801,2019-06-22,1130,198,BAYVI,6,5,7,3801,0,0,0,,0,0C1,"INDUSTRIAL ST","BAYSHORE BL",20.00,E,N,F,-,N,,,,,,,,,,,4,0,1,1,A,-,03,22350,,N,H,J,A,-,G,-,-,-,0,,Y,,,Y,,L,04,0,0,1,0,0,0,1,0,0,"- ","- ",,,"SAN FRANCISCO","SAN FRANCISCO",-122.40689086914062,37.738018035888672
8899343,2019,2019-07-29,3801,2019-06-08,1117,1357,SOUTH,6,5,7,3801,0,0,0,,0,3B14A,"MARKET ST","LAGUNA ST",0.00,,Y,A,-,N,,,,,,,,,,N,2,0,1,1,C,-,18,,,N,A,I,A,A,H,-,A,A,0,,Y,,,Y,,-,"- ",1,0,0,0,0,0,1,0,0,"- ","- ",,,"SAN FRANCISCO","SAN FRANCISCO",-122.42485809326172,37.770748138427734
8900562,2019,2019-07-26,3801,2019-06-08,1800,4335,NORTH,6,5,7,3801,0,0,0,,0,903,"RICHLAND AV","MISSION ST",100.00,W,N,-,-,N,,,,,,,,,,N,3,0,1,2,A,-,09,21804,,N,-,-,A,-,-,-,-,-,0,,Y,,,Y,,A,07,0,1,0,0,0,0,1,0,0,"- ","- ",,,"SAN FRANCISCO","SAN FRANCISCO",-122.42483520507812,37.735973358154297
8900605,2019,2019-07-25,3801,2019-06-06,0850,1016,NORTH,4,5,7,3801,0,0,0,,0,3E1A,"FELL ST","FRANKLIN ST",18.00,E,N,A,-,N,,,,,,,,,,N,4,0,1,2,A,-,21,22106,,F,H,G,A,-,H,-,A,D,0,,Y,,,Y,,-,,0,0,1,0,0,0,1,0,0,"- ","- ",,,"SAN FRANCISCO","SAN FRANCISCO",-122.42108154296875,37.776168823242188
8900676,2019,2019-07-26,3801,2019-06-13,1623,459,RICHM,4,5,7,3801,0,0,0,,0,190426,"JOHN F KENNEDY DR","MARX MEADOW DR",58.00,W,N,A,-,N,,,,,,,,,,N,3,0,1,2,A,-,08,22107,,N,B,G,A,A,H,-,A,D,0,,Y,,,Y,,A,01,0,1,0,0,0,0,1,0,0,"- ","- ",,,"SAN FRANCISCO","SAN FRANCISCO",-122.48674011230469,37.770805358886719
8900742,2019,2019-09-10,3801,2019-06-27,0750,826,BAYVI,4,5,7,3801,0,0,0,,0,03C,"25TH ST","ILLINOIS ST",0.00,,Y,A,-,N,,,,,,,,,,N,3,0,1,1,D,-,00,,,N,H,J,A,A,G,-,A,D,0,,Y,,,Y,,-,"- ",0,1,0,0,0,0,1,0,0,"- ","- ",,,"SAN FRANCISCO","SAN FRANCISCO",-122.38683319091797,37.752910614013672
8916836,2019,2019-08-23,3801,2019-07-11,1730,2132,MISSI,4,5,7,3801,0,0,0,,0,3D60,"VALENCIA ST","18TH ST",70.00,N,N,A,-,N,,,,,,,,,,N,3,0,1,2,A,-,06,21760,C,N,B,G,A,A,H,-,A,D,0,,Y,,,Y,,A,01,0,1,0,0,0,0,1,0,0,"- ","- ",,,"SAN FRANCISCO","SAN FRANCISCO",-122.42157745361328,37.76190185546875
8919619,2019,2019-08-27,3801,2019-07-25,1600,383,TARAV,4,5,7,3801,0,0,0,,0,3L3D,"19TH AV","WAWONA ST",0.00,,Y,A,-,N,,,,,,,,,,N,4,0,1,1,A,-,"- ",,,N,E,I,A,A,H,-,A,A,0,,Y,,,Y,,L,04,0,0,1,0,0,0,1,0,0,"- ","- ",,,"SAN FRANCISCO","SAN FRANCISCO",-122.47530364990234,37.737461090087891
8919623,2019,2019-08-27,3801,2019-07-04,1429,2161,MISSI,4,5,7,3801,0,0,0,,0,3D44C,"CHURCH ST","ELIZABETH ST",12.00,S,N,A,-,N,,,,,,,,,,N,3,0,1,1,A,-,03,22350,,N,-,J,A,A,H,-,A,D,0,,Y,,,Y,,L,04,0,1,0,0,0,0,1,0,0,"- ","- ",,,"SAN FRANCISCO","SAN FRANCISCO",-122.427490234375,37.752437591552734
8919670,2019,2019-08-23,3801,2019-07-27,1345,268,MISIS,6,5,7,3801,0,0,0,,0,3D42A,"CLIPPER ST","DOUGLASS ST",360.00,W,N,A,-,N,,,,,,,,,,N,3,0,1,2,A,-,17,22517,,N,B,G,A,A,H,-,A,D,0,,Y,,,Y,,A,01,0,1,0,0,0,0,1,0,0,"- ","- ",,,"SAN FRANCISCO","SAN FRANCISCO",-122.43949890136719,37.748641967773438
8919735,2019,2019-08-30,3801,2019-07-13,1830,1752,CENTR,6,5,7,3801,0,0,0,,0,3A35B,"MARKET ST","3RD ST",0.00,,Y,A,-,N,,,,,,,,,,N,4,0,1,1,A,-,03,22350,,N,H,-,A,A,H,-,A,A,0,,Y,,,Y,,L,04,0,0,1,0,0,0,1,0,0,"- ","- ",,,"SAN FRANCISCO","SAN FRANCISCO",-122.40345764160156,37.78765869140625
8919825,2019,2019-08-28,3801,2019-07-13,1440,1990,SOUTH,6,5,7,3801,0,0,0,,0,"5 CAR","16TH ST","OWENS ST",0.00,,Y,A,-,N,,,,,,,,,,N,3,0,1,2,A,-,12,21453,A,N,D,G,A,A,H,-,A,A,0,,Y,,,Y,,L,04,0,1,0,0,0,0,1,0,0,"- ","- ",,,"SAN FRANCISCO","SAN FRANCISCO",-122.3927001953125,37.766708374023438
8936677,2019,2019-10-03,3801,2019-08-21,0710,298,PAR,3,5,7,3801,0,0,0,,0,3F13A,"FELL ST","BAKER ST",90.00,E,N,A,-,N,,,,,,,,,,N,3,0,1,2,A,-,08,22107,,N,D,G,A,A,H,-,A,D,0,,Y,,,Y,,D,22,0,1,0,0,0,0,1,0,0,"- ","- ",,,"SAN FRANCISCO","SAN FRANCISCO",-122.44062042236328,37.773662567138672
8937102,2019,2019-09-19,3801,2019-08-25,0800,318,MISSI,7,5,7,3801,0,0,0,,0,004,"VALENCIA ST","25TH ST",200.00,S,N,A,-,N,,,,,,,,,,N,4,0,1,2,A,-,17,22517,,N,H,G,A,A,H,-,A,A,0,,Y,,,Y,Y,A,08,0,0,1,0,0,0,1,0,0,"- ","- ",,,"SAN FRANCISCO","SAN FRANCISCO",-122.42044830322266,37.749961853027344
8940002,2019,2019-11-04,3801,2019-09-08,1617,2470,CENTR,7,5,7,3801,0,0,0,,0,3A15D,EMBARCADERO,"BAY ST",35.00,N,N,A,-,N,,,,,,,,,,N,3,0,1,3,A,-,05,21650,,N,D,E,E,A,H,-,A,D,0,Y,Y,,,Y,,L,04,0,1,0,0,0,0,1,0,0,"- ","- ",,,"SAN FRANCISCO","SAN FRANCISCO",-122.40608215332031,37.806690216064453
8981226,2019,2020-01-03,3801,2019-11-14,0746,2186,TENDE,4,5,7,3801,0,0,0,,0,,"3RD ST","MARKET ST",0.00,,Y,B,-,N,,,,,,,,,,N,3,0,1,2,A,-,05,21650,1,F,B,G,A,A,H,-,A,A,0,,Y,,Y,Y,Y,L,04,0,1,0,0,0,0,1,0,0,"- ","- ",,,"SAN FRANCISCO","SAN FRANCISCO",-122.40345764160156,37.78765869140625
8981410,2019,2020-01-09,3801,2019-11-16,1127,652,PARK,6,5,7,3801,0,0,0,,0,003,"MASONIC AV","FULTON ST",0.00,,Y,A,-,N,,,,,,,,,,N,3,0,1,2,A,-,08,22107,,F,D,G,A,A,H,-,A,A,0,,Y,,,Y,,A,01,0,1,0,0,0,0,1,0,0,"- ","- ",,,"SAN FRANCISCO","SAN FRANCISCO",-122.44647216796875,37.775791168212891
8981462,2019,2020-01-13,3801,2019-11-28,1456,654,PARK,4,5,7,3801,0,0,0,,0,3F12D,"SHRADER ST","BELGRAVE AV",170.00,N,N,A,-,N,,,,,,,,,,N,4,0,1,1,D,-,00,,,N,H,-,A,A,H,-,A,D,0,,Y,,,Y,,-,"- ",0,0,1,0,0,0,1,0,0,"- ","- ",,,"SAN FRANCISCO","SAN FRANCISCO",-122.44982147216797,37.759860992431641
8981565,2019,2020-01-10,3801,2019-11-22,1820,2300,TENDE,5,5,7,3801,0,0,0,,0,3J12D,"MARKET ST","4TH ST",0.00,,Y,A,-,N,,,,,,,,,,N,4,0,1,2,A,-,08,22102,,N,G,A,A,A,H,-,C,A,0,,Y,,,Y,,A,01,0,0,1,0,0,0,1,0,0,"- ","- ",,,"SAN FRANCISCO","SAN FRANCISCO",-122.40589141845703,37.785701751708984
8981577,2019,2020-01-10,3801,2019-11-18,1000,1463,PARK,1,5,7,3801,0,0,0,,0,0F3,"SHRADER ST","HAYES ST",0.00,,Y,A,-,N,,,,,,,,,,N,3,0,1,2,A,-,12,22450,A,N,D,G,A,A,H,-,A,D,0,,Y,,,Y,,L,04,0,1,0,0,0,0,1,0,0,"- ","- ",,,"SAN FRANCISCO","SAN FRANCISCO",-122.45262145996094,37.773101806640625
8981595,2019,2020-01-13,3801,2019-11-20,0850,2412,SOUTH,3,5,7,3801,0,0,0,,0,,"11TH ST","NATOMA ST",0.00,,Y,A,-,N,,,,,,,,,,N,3,0,1,2,A,-,21,22106,,F,D,G,A,A,H,-,A,D,0,,Y,,,Y,,A,07,0,1,0,0,0,0,1,0,0,"- ","- ",,,"SAN FRANCISCO","SAN FRANCISCO",-122.41609954833984,37.773521423339844
8981838,2019,2019-11-21,3801,2019-10-15,0843,299,CENTR,2,5,7,3801,0,0,0,,0,3A13A,"NORTH POINT ST","COLUMBUS AV",0.00,,Y,B,-,N,,,,,,,,,,N,4,0,1,2,A,-,08,22107,,F,B,G,A,A,H,-,A,A,0,,Y,,,Y,,A,01,0,0,1,0,0,0,1,0,0,"- ","- ",,,"SAN FRANCISCO","SAN FRANCISCO",-122.41837310791016,37.805980682373047
8981893,2019,2019-11-22,3801,2019-10-30,1706,2705,BAYVI,3,5,7,3801,0,0,0,,0,3C11D,"CYACHT HARBOR RD","VERMONT ST",10.00,W,N,A,-,N,,,,,,,,,,N,4,0,1,2,A,-,08,22100,A,N,C,G,A,A,H,-,A,D,0,,Y,,,Y,,A,01,0,0,1,0,0,0,1,0,0,"- ","- ",,,"SAN FRANCISCO","SAN FRANCISCO",,
8981897,2019,2019-11-22,3801,2019-10-30,1710,4140,TENDE,3,5,7,3801,0,0,0,,0,3J91,"MARKET ST","CYRIL MAGNIN ST",30.00,E,N,A,-,N,,,,,,,,,,N,3,0,1,2,A,-,11,21950,B,N,D,B,B,A,H,-,A,A,0,Y,Y,,,Y,,N,60,0,1,0,0,1,0,0,0,0,"- ","- ",,,"SAN FRANCISCO","SAN FRANCISCO",-122.40798187255859,37.7840576171875
8981936,2019,2019-11-20,3801,2019-10-28,1355,516,INGLE,1,5,7,3801,0,0,0,,0,3H70,"OCEAN AV","MIRAMAR AV",22.00,W,N,A,-,N,,,,,,,,,,N,3,0,1,1,A,-,08,22107,,N,H,I,A,A,G,-,A,A,0,,Y,,,Y,,L,04,0,1,0,0,0,0,1,0,0,"- ","- ",,,"SAN FRANCISCO","SAN FRANCISCO",-122.45828247070312,37.724334716796875
8981938,2019,2019-11-26,3801,2019-10-25,1500,1118,MISSI,5,5,7,3801,0,0,0,,0,3D13C,"VALENCIA ST","16TH ST",181.00,N,N,A,-,N,,,,,,,,,,N,3,0,2,2,A,-,11,21950,B,N,G,B,D,A,H,-,A,D,0,Y,Y,,,Y,,N,60,0,2,0,0,1,0,1,0,0,"- ","- ",,,"SAN FRANCISCO","SAN FRANCISCO",-122.42192840576172,37.765407562255859
8981954,2019,2019-11-26,3801,2019-10-24,2228,2420,MISSI,4,5,7,3801,0,0,0,,0,3D15E,"18TH ST","MISSION ST",0.00,,Y,A,-,N,,,,,,,,,,N,4,0,1,2,A,-,12,21453,A,F,D,G,A,A,H,-,C,A,0,,Y,,,Y,,A,08,0,0,1,0,0,0,1,0,0,"- ","- ",,,"SAN FRANCISCO","SAN FRANCISCO",-122.41937255859375,37.7618408203125
8981966,2019,2019-11-26,3801,2019-10-24,1940,2200,NORTH,4,5,7,3801,0,0,0,,0,002,"GOLDEN GATE AV","GOUGH ST",375.00,W,N,A,-,N,,,,,,,,,,N,4,0,1,2,A,-,14,21201,D,N,B,G,A,A,H,-,C,D,0,,Y,,,Y,,L,04,0,0,1,0,0,0,1,0,0,"- ","- ",,,"SAN FRANCISCO","SAN FRANCISCO",-122.42501068115234,37.780452728271484
8981973,2019,2019-11-25,3801,2019-10-21,2012,2419,RICHM,1,5,7,3801,0,0,0,,0,0G1,"CROSSOVER DR","TRANSVERSE DR",0.00,,Y,A,-,N,,,,,,,,,,N,4,0,1,2,A,-,10,21950,,N,D,G,A,A,H,-,C,D,0,,Y,,,Y,Y,A,01,0,0,1,0,0,0,1,0,0,"- ","- ",,,"SAN FRANCISCO","SAN FRANCISCO",-122.48177337646484,37.771881103515625
9035563,2019,2020-02-13,3801,2019-12-16,0820,2341,NORTH,1,5,7,3801,0,0,0,,0,3E12A,"FULTON ST","STIENER ST",0.00,,Y,A,-,N,,,,,,,,,,N,4,0,1,2,A,-,09,21804,A,N,C,G,A,A,H,-,A,A,0,,Y,,,Y,Y,L,04,0,0,1,0,0,0,1,0,0,"- ","- ",,,"SAN FRANCISCO","SAN FRANCISCO",-122.43321228027344,37.777488708496094
9035674,2019,2020-02-05,3801,2019-12-16,1040,1394,PARK,1,5,7,3801,0,0,0,,0,3F13A,"FELL ST","SHRADER ST",0.00,,Y,A,-,N,,,,,,,,,,N,4,0,1,3,A,-,09,21800,A,N,B,G,A,A,H,-,A,A,0,,Y,,,Y,,A,01,0,0,1,0,0,0,1,0,0,"- ","- ",,,"SAN FRANCISCO","SAN FRANCISCO",-122.45240783691406,37.772148132324219
9035760,2019,2020-01-30,3801,2019-12-18,0741,1557,SOUTH,3,5,7,3801,0,0,0,,0,3B15A,"4TH ST","NELSON RISING LN",0.00,,Y,B,-,N,,,,,,,,,,,4,0,1,2,A,-,17,22517,,N,B,G,A,B,H,-,A,D,0,,Y,,,Y,,A,01,0,0,1,0,0,0,1,0,0,"- ","- ",,,"SAN FRANCISCO","SAN FRANCISCO",-122.39111328125,37.769660949707031
9047507,2020,2020-03-06,3801,2020-01-30,1740,2716,PARK,4,5,7,3801,0,0,0,,0,3F13D,"MASONIC AV","GOLDEN GATE AV",0.00,,Y,A,-,N,,,,,,,,,,N,3,0,1,2,A,-,10,21950,A,N,D,G,A,A,H,-,B,A,0,,Y,,,Y,,A,07,0,1,0,0,0,0,1,0,0,"- ","- ",,,"SAN FRANCISCO","SAN FRANCISCO",-122.44683837890625,37.777671813964844
9058036,2020,2020-09-25,3801,2020-03-13,1203,1332,NORTH,5,5,7,3801,0,0,0,,0,3E13A,"VAN NESS AV","HAYES ST",0.00,,Y,A,-,Y,SF,4,101,-,T,5.010,I,5,N,N,2,0,1,2,A,-,12,21453,A,N,D,G,A,A,D,-,A,A,0,,Y,,Y,Y,,L,04,1,0,0,0,0,0,1,0,0,"- ","- ",,,"SAN FRANCISCO","SAN FRANCISCO",-122.41963195800781,37.777317047119141
9069832,2020,2020-07-16,3801,2020-03-02,1832,2180,,1,5,7,3801,0,0,0,,0,3C11D,"OAKDALE AV","LOOMIS ST",0.00,,Y,A,-,N,,,,,,,,,,N,3,0,1,2,A,-,03,22350,,N,D,G,A,A,H,-,C,D,0,,Y,,,Y,,A,01,0,1,0,0,0,0,1,0,0,"- ","- ",,,"SAN FRANCISCO","SAN FRANCISCO",-122.40431213378906,37.742530822753906
9075016,2020,2020-05-16,3801,2020-02-05,1806,4003,TENDE,3,5,7,3801,0,0,0,,0,3J52C,"MCALLISTER ST","LEAVENWORTH ST",0.00,,Y,A,-,N,,,,,,,,,,N,4,0,1,2,A,-,08,22107,,F,B,G,A,A,H,-,C,A,0,,Y,,,Y,,-,,0,0,1,0,0,0,1,0,0,"- ","- ",,,"SAN FRANCISCO","SAN FRANCISCO",-122.41368865966797,37.780929565429688
90769997,2018,2018-07-16,9350,2018-07-06,1015,021075,,5,1,7,3801,0,1,2,,1,120,"US-101 N/B (GOLDEN GATE BRIDGE)","LINCOLN BLVD",3168.00,N,N,B,-,Y,,,101,,,,,,N,Y,4,0,1,2,B,-,22,,,N,A,G,A,A,H,-,A,D,0,,Y,,,Y,,L,04,0,0,1,0,0,0,1,0,0,"- ","- ",37.814998626708984,-122.47795867919922,"SAN FRANCISCO","SAN FRANCISCO",-122.47808074951172,37.814983367919922
90992691,2019,2019-05-21,9350,2019-05-12,1452,021893,,7,2,7,3801,0,1,2,,1,120,"US-101 S/B","GGB TOLL PLAZA",2640.00,N,N,A,-,Y,,,101,,,,,,S,N,2,0,1,1,A,-,03,22350,,N,E,I,A,A,H,-,A,D,0,,Y,,,Y,,L,04,1,0,0,0,0,0,1,0,0,"- ","- ",37.819248199462891,-122.47855377197266,"SAN FRANCISCO","SAN FRANCISCO",-122.47872161865234,37.819229125976562
9101850,2020,2020-08-03,3801,2020-04-24,1535,1736,NORTH,5,5,7,3801,0,0,0,,0,3E2D,"OFARRELL ST","DIVISADERO ST",0.00,,Y,A,-,N,,,,,,,,,,N,3,0,1,2,A,-,09,21801,A,N,D,G,A,A,H,-,A,A,0,,Y,,,Y,,A,01,0,1,0,0,0,0,1,0,0,"- ","- ",,,"SAN FRANCISCO","SAN FRANCISCO",-122.43930053710938,37.782428741455078
9106467,2020,2020-10-29,3801,2020-05-22,1225,2256,INGLE,5,5,7,3801,0,0,0,,0,3H11C,"ROLPH ST","CURTIS ST",150.00,W,N,A,-,N,,,,,,,,,,N,4,0,1,2,A,-,03,22350,,F,D,G,A,A,H,-,A,D,0,,Y,,,Y,,A,01,0,0,1,0,0,0,1,0,0,"- ","- ",,,"SAN FRANCISCO","SAN FRANCISCO",-122.44078063964844,37.715404510498047
91108585,2019,2019-10-29,9350,2019-10-22,1434,022433,,2,2,7,3801,0,1,2,,1,120,"US-101 N/B (GGB EAST SIDEWALK)","CONZLEMAN ROAD UNDERCROSSING",2640.00,S,N,A,-,Y,,,101,,,,,,N,N,3,0,2,2,B,-,22,,,N,C,G,A,A,H,-,A,D,0,,Y,,,Y,,L,04,0,2,0,0,0,0,2,0,0,"- ","- ",37.823680877685547,-122.47889709472656,"SAN FRANCISCO","SAN FRANCISCO",-122.47916412353516,37.823642730712891
9120742,2020,2020-08-26,3801,2020-06-21,1648,514,PARK,7,5,7,3801,0,0,0,,0,003,"OAK ST","COLE ST",0.00,,Y,A,-,N,,,,,,,,,,N,3,0,1,2,A,-,03,22350,,N,B,G,A,A,H,-,A,D,0,,Y,,,Y,,A,01,0,1,0,0,0,0,1,0,0,"- ","- ",,,"SAN FRANCISCO","SAN FRANCISCO",-122.45062255859375,37.771450042724609
9120759,2020,2020-08-26,3801,2020-06-07,0736,1887,TRAFF,7,5,7,3801,0,0,0,,0,4B1B,"3RD ST","MISSION ROCK ST",0.00,,Y,A,-,N,,,,,,,,,,N,3,0,1,2,A,-,12,21453,A,N,D,G,A,A,H,-,A,A,0,,Y,,,Y,,L,04,0,1,0,0,0,0,1,0,0,"- ","- ",,,"SAN FRANCISCO","SAN FRANCISCO",-122.38980102539062,37.772918701171875
9120761,2020,2020-09-03,3801,2020-06-20,1525,969,PARK,6,5,7,3801,0,0,0,,0,3F13D,"MASONIC AV","FELL ST",0.00,,Y,A,-,N,,,,,,,,,,N,3,0,1,2,-,-,"- ",,,N,D,G,A,A,H,-,A,A,0,,Y,,,Y,,-,"- ",0,1,0,0,0,0,1,0,0,"- ","- ",,,"SAN FRANCISCO","SAN FRANCISCO",-122.4459228515625,37.772979736328125
9120880,2020,2020-09-14,3801,2020-06-05,0715,2310,NORTH,5,5,7,3801,0,0,0,,0,3E16A,"VAN NESS AV","TOMM WADDELL PL",5.00,S,N,A,-,N,,,,,,,,,,N,2,0,1,2,A,-,07,21658,,F,A,G,A,A,H,-,A,A,0,,Y,,,Y,,D,22,1,0,0,0,0,0,1,0,0,"- ","- ",,,"SAN FRANCISCO","SAN FRANCISCO",-122.419677734375,37.777721405029297
9120917,2020,2020-08-28,3801,2020-06-18,1628,2093,NORTH,4,5,7,3801,0,0,0,,0,3E15D,"FILLMORE ST","BAY ST",0.00,,Y,A,-,N,,,,,,,,,,N,4,0,1,2,A,-,12,21453,A,N,D,G,A,A,H,-,A,A,0,,Y,,,Y,,L,04,0,0,1,0,0,0,1,0,0,"- ","- ",,,"SAN FRANCISCO","SAN FRANCISCO",-122.43665313720703,37.802700042724609
9121080,2020,2020-09-28,3801,2020-06-18,0810,4333,NORTH,4,5,7,3801,0,0,0,,0,3E12A,"POLK ST","REDWOOD ST",0.00,,Y,A,-,N,,,,,,,,,,N,4,0,1,2,A,-,08,22107,,N,D,G,A,A,H,-,A,D,0,,Y,,,Y,,A,01,0,0,1,0,0,0,1,0,0,"- ","- ",,,"SAN FRANCISCO","SAN FRANCISCO",-122.41869354248047,37.780750274658203
91236862,2020,2020-05-12,9350,2020-05-06,1910,022066,,3,2,7,3801,0,1,2,,1,120,"US-101 SB  (GGB WEST SIDEWALK)","GOLDEN GATE BRIDGE TOLL PLAZA",1056.00,N,N,G,-,N,,,101,,,,,,S,N,2,0,1,1,B,-,22,,,N,E,I,A,A,H,-,A,D,0,,Y,,,Y,,L,04,1,0,0,0,0,0,1,0,0,"- ","- ",37.809158325195312,-122.47733306884766,"SAN FRANCISCO","SAN FRANCISCO",-122.47742462158203,37.809120178222656
91327338,2020,2020-10-20,9350,2020-10-14,1821,020979,,3,2,7,3801,0,1,2,,1,120,"US-101 SB (GGB WEST SIDEWALK)","GGB NORTH TOWER",1881.00,S,N,A,-,N,,,101,,,,,,S,N,2,0,2,2,C,-,18,,,N,H,G,A,A,D,-,B,D,0,,Y,,,Y,,-,"- ",1,1,0,0,0,0,2,0,0,"- ","- ",37.820381164550781,-122.478759765625,"SAN FRANCISCO","SAN FRANCISCO",-122.47885131835938,37.820369720458984
9137376,2020,2020-09-24,3801,2020-07-13,1450,2224,NORTH,1,5,7,3801,0,0,0,,0,3E16D,"UNION ST","GOUGH ST",0.00,,Y,A,-,N,,,,,,,,,,N,4,0,1,2,A,-,12,21453,A,N,D,G,A,A,H,-,A,A,0,,Y,,,Y,,L,04,0,0,1,0,0,0,1,0,0,"- ","- ",,,"SAN FRANCISCO","SAN FRANCISCO",-122.42726135253906,37.798141479492188
9137378,2020,2020-09-24,3801,2020-07-13,2142,1951,SOUTH,1,5,7,3801,0,0,0,,0,0B3,"8TH ST","MINNA ST",0.00,,Y,A,-,N,,,,,,,,,,N,4,0,1,2,A,-,08,22107,,N,B,G,A,A,H,-,C,A,0,,Y,,,Y,,L,04,0,0,1,0,0,0,1,0,0,"- ","- ",,,"SAN FRANCISCO","SAN FRANCISCO",-122.41259765625,37.777050018310547
9137529,2020,2020-09-25,3801,2020-07-08,1840,1906,NORTH,3,5,7,3801,0,0,0,,0,3E5,"MARINA GREEN DR","MARINA BL",10.00,,N,A,-,N,,,,,,,,,,N,4,0,1,2,A,-,08,22107,,N,D,G,A,A,H,-,A,A,0,,Y,,,Y,,A,01,0,0,1,0,0,0,1,0,0,"- ","- ",,,"SAN FRANCISCO","SAN FRANCISCO",-122.43605804443359,37.806430816650391
9137538,2020,2020-09-25,3801,2020-07-06,1619,890,BAYVI,1,5,7,3801,0,0,0,,0,BAYVI,"SHAFTER AV","HAWES ST",0.00,,Y,A,-,N,,,,,,,,,,N,4,0,1,2,A,-,12,22450,A,N,D,G,A,A,H,-,A,A,0,,Y,,,Y,,L,04,0,0,1,0,0,0,1,0,0,"- ","- ",,,"SAN FRANCISCO","SAN FRANCISCO",-122.38326263427734,37.726799011230469
9138129,2020,2020-09-15,3801,2020-07-21,2135,2166,MISSI,2,5,7,3801,0,0,0,,0,38012,"BRYANT ST","25TH ST",0.00,,Y,A,-,N,,,,,,,,,,N,3,0,1,2,A,-,12,22450,A,N,D,G,A,A,H,-,C,A,0,,Y,,,Y,,L,04,0,1,0,0,0,0,1,0,0,"- ","- ",,,"SAN FRANCISCO","SAN FRANCISCO",-122.40899658203125,37.751190185546875
9138707,2020,2020-09-24,3801,2020-07-10,1804,778,SOUTH,5,5,7,3801,0,0,0,,0,3B13D,"HOWARD ST","7TH ST",0.00,,Y,A,-,N,,,,,,,,,,N,4,0,1,2,A,-,08,22100,A,F,B,G,A,A,H,-,A,D,0,,Y,,,Y,,A,01,0,0,1,0,0,0,1,0,0,"- ","- ",,,"SAN FRANCISCO","SAN FRANCISCO",-122.40940093994141,37.777980804443359
9145139,2020,2020-10-12,3801,2020-08-17,1720,2419,RICHM,1,5,7,3801,0,0,0,,0,0G1,"JOHN F KENNEDY DR","TRANSVERSE DR",970.00,W,N,A,-,N,,,,,,,,,,N,4,0,1,2,A,-,09,21801,A,N,D,G,A,A,H,-,A,D,0,,Y,,,Y,,A,01,0,0,1,0,0,0,1,0,0,"- ","- ",,,"SAN FRANCISCO","SAN FRANCISCO",-122.48314666748047,37.770164489746094
9153038,2020,2020-10-29,3801,2020-08-21,1443,912,CENTR,5,5,7,3801,0,0,0,,0,3A11C,"THE EMBARCADERO NORTH","BAY ST",425.00,S,N,A,-,N,,,,,,,,,,N,3,0,2,2,A,-,03,22350,,F,G,-,F,A,H,-,A,D,0,Y,Y,,,Y,,L,04,0,1,1,0,1,0,1,0,0,"- ","- ",,,"SAN FRANCISCO","SAN FRANCISCO",-122.40474700927734,37.805980682373047