CASE_ID,ACCIDENT_YEAR,PROC_DATE,JURIS,COLLISION_DATE,COLLISION_TIME,OFFICER_ID,REPORTING_DISTRICT,DAY_OF_WEEK,CHP_SHIFT,POPULATION,CNTY_CITY_LOC,SPECIAL_COND,BEAT_TYPE,CHP_BEAT_TYPE,CITY_DIVISION_LAPD,CHP_BEAT_CLASS,BEAT_NUMBER,PRIMARY_RD,SECONDARY_RD,DISTANCE,DIRECTION,INTERSECTION,WEATHER_1,WEATHER_2,STATE_HWY_IND,CALTRANS_COUNTY,CALTRANS_DISTRICT,STATE_ROUTE,ROUTE_SUFFIX,POSTMILE_PREFIX,POSTMILE,LOCATION_TYPE,RAMP_INTERSECTION,SIDE_OF_HWY,TOW_AWAY,COLLISION_SEVERITY,NUMBER_KILLED,NUMBER_INJURED,PARTY_COUNT,PRIMARY_COLL_FACTOR,PCF_CODE_OF_VIOL,PCF_VIOL_CATEGORY,PCF_VIOLATION,PCF_VIOL_SUBSECTION,HIT_AND_RUN,TYPE_OF_COLLISION,MVIW,PED_ACTION,ROAD_SURFACE,ROAD_COND_1,ROAD_COND_2,LIGHTING,CONTROL_DEVICE,CHP_ROAD_TYPE,PEDESTRIAN_ACCIDENT,BICYCLE_ACCIDENT,MOTORCYCLE_ACCIDENT,TRUCK_ACCIDENT,NOT_PRIVATE_PROPERTY,ALCOHOL_INVOLVED,STWD_VEHTYPE_AT_FAULT,CHP_VEHTYPE_AT_FAULT,COUNT_SEVERE_INJ,COUNT_VISIBLE_INJ,COUNT_COMPLAINT_PAIN,COUNT_PED_KILLED,COUNT_PED_INJURED,COUNT_BICYCLIST_KILLED,COUNT_BICYCLIST_INJURED,COUNT_MC_KILLED,COUNT_MC_INJURED,PRIMARY_RAMP,SECONDARY_RAMP,LATITUDE,LONGITUDE,COUNTY,CITY,POINT_X,POINT_Y
9468639,2023,2023-09-08,3801,2023-08-23,1502,319,CENTR,3,5,7,3801,0,0,0,,0,3A12D,"2ND ST","BRYANT ST",0.00,,Y,A,-,N,,,,,,,,,,N,3,0,1,2,A,-,03,22350,,N,B,G,A,A,H,-,A,-,0,,Y,,,Y,,A,01,0,1,0,0,0,0,1,0,0,"- ","- ",,,"SAN FRANCISCO","SAN FRANCISCO",-122.39363098144531,37.7830810546875
9468694,2023,2023-09-14,3801,2023-08-11,"920 ",4798,NORTH,5,5,7,3801,0,0,0,,0,3E00,"LAWTON ST","7TH AV",60.00,S,N,-,-,N,,,,,,,,,,N,3,0,1,2,A,-,08,22100,,N,B,G,A,A,H,-,A,A,0,,Y,,,Y,,A,01,0,1,0,0,0,0,1,0,0,"- ","- ",,,"SAN FRANCISCO","SAN FRANCISCO",-122.46382904052734,37.758541107177734
9468787,2023,2023-09-12,3801,2023-07-13,1820,2712,MISSI,4,5,7,3801,0,0,0,,0,0D6,"16TH ST","HARRISON ST",0.00,,Y,A,-,N,,,,,,,,,,N,4,0,1,2,A,-,12,21453,A,N,D,G,A,A,H,-,A,A,0,,Y,,,Y,,L,04,0,0,1,0,0,0,1,0,0,"- ","- ",,,"SAN FRANCISCO","SAN FRANCISCO",-122.41314697265625,37.765449523925781
9468807,2023,2023-09-11,3801,2023-07-25,1817,1352,MISSI,2,5,7,3801,0,0,0,,0,3D2C,"DOLORES ST","19TH ST",0.00,,Y,A,-,N,,,,,,,,,,N,2,0,1,1,A,-,03,22350,,N,H,G,A,A,H,-,A,A,0,,Y,,,Y,Y,L,04,1,0,0,0,0,0,1,0,0,"- ","- ",,,"SAN FRANCISCO","SAN FRANCISCO",-122.42600250244141,37.759849548339844
9469535,2023,2023-10-02,3801,2023-08-25,1520,1215,MISSI,5,5,7,3801,0,0,0,,0,001,"VALENCIA ST","SYCAMORE ST",0.00,,Y,A,-,N,,,,,,,,,,N,3,0,1,2,A,-,08,22107,,N,D,G,A,A,H,-,A,D,0,,Y,,,Y,,A,01,0,1,0,0,0,0,1,0,0,"- ","- ",,,"SAN FRANCISCO","SAN FRANCISCO",-122.42164611816406,37.762550354003906
9481492,2022,2022-08-08,3801,2022-07-09,1846,4023,MISSI,6,5,7,3801,0,0,0,,0,,"DOLORES ST","19TH ST",0.00,,Y,B,-,N,,,,,,,,,,,3,0,1,2,A,-,03,22350,,N,B,G,A,A,G,-,A,D,0,,Y,,,Y,,L,04,0,1,0,0,0,0,1,0,0,"- ","- ",,,"SAN FRANCISCO","SAN FRANCISCO",-122.42600250244141,37.759849548339844
9502404,2022,2022-12-13,3801,2022-06-10,1425,2089,TENDE,5,5,7,3801,0,0,0,,0,COJ2CA,"MARKET ST","4TH ST",0.00,,Y,A,-,N,,,,,,,,,,N,3,0,1,2,A,-,08,22101,D,N,F,C,A,A,H,-,A,A,0,,Y,,,Y,,L,04,0,1,0,0,0,0,1,0,0,"- ","- ",,,"SAN FRANCISCO","SAN FRANCISCO",-122.40589141845703,37.785697937011719
9503046,2022,2022-10-11,3801,2022-08-17,1524,2407,MISSI,3,5,7,3801,0,0,0,,0,3D11D,HARRISON,16TH,30.00,S,N,A,-,N,,,,,,,,,,N,4,0,1,2,A,-,04,21703,,N,-,-,A,A,H,-,A,A,0,,Y,,,Y,Y,-,"- ",0,0,1,0,0,0,1,0,0,"- ","- ",,,"SAN FRANCISCO","SAN FRANCISCO",-122.41313934326172,37.765369415283203
9503112,2022,2022-10-11,3801,2022-08-11,2120,1350,BAYVI,4,5,7,3801,0,0,0,,0,3C13E,"AMADOR ST","ILLINOIS ST",0.00,,Y,A,-,N,,,,,,,,,,N,4,0,1,2,A,-,12,21453,A,N,D,-,A,A,H,-,C,A,0,,Y,,,Y,,-,"- ",0,0,1,0,0,0,1,0,0,"- ","- ",,,"SAN FRANCISCO","SAN FRANCISCO",-122.38603973388672,37.745765686035156
9503159,2022,2022-09-19,3801,2022-07-28,2353,821,SOUTH,4,5,7,3801,0,0,0,,0,03E,"MCALLISTER ST","FRANKLIN ST",0.00,,Y,A,-,N,,,,,,,,,,,4,0,1,2,A,-,08,22107,,F,-,G,A,A,H,-,C,A,0,,Y,,,Y,,-,,0,0,1,0,0,0,1,0,0,"- ","- ",,,"SAN FRANCISCO","SAN FRANCISCO",-122.42189025878906,37.779876708984375
9503225,2022,2022-09-21,3801,2022-08-24,1022,796,NORTH,3,5,7,3801,0,0,0,,0,3E13A,"POLK ST","ELLIS ST",0.00,,Y,A,-,N,,,,,,,,,,N,3,0,1,2,A,-,08,22101,D,N,D,G,A,A,H,-,A,A,0,,Y,,,Y,,A,01,0,1,0,0,0,0,1,0,0,"- ","- ",,,"SAN FRANCISCO","SAN FRANCISCO",-122.41934967041016,37.784042358398438
9505779,2022,2022-11-18,3801,2022-09-30,0820,298,PARK,5,5,7,3801,0,0,0,,0,3F13A,"GOLDEN GATE AV","MASONIC AV",125.00,E,N,A,-,N,,,,,,,,,,N,3,0,1,2,-,-,"- ",,,N,C,G,A,A,H,-,A,D,0,,Y,,,Y,,-,"- ",0,1,0,0,0,0,1,0,0,"- ","- ",,,"SAN FRANCISCO","SAN FRANCISCO",-122.4464111328125,37.777725219726562
9505783,2022,2022-11-08,3801,2022-09-30,0448,2722,CENTR,5,5,7,3801,0,0,0,,0,3A13E,"CALIFORNIA ST","GRANT AV",0.00,,Y,A,-,N,,,,,,,,,,N,4,0,1,1,A,-,03,22350,,N,E,A,A,A,G,-,C,A,0,,Y,,,Y,Y,L,04,0,0,1,0,0,0,1,0,0,"- ","- ",,,"SAN FRANCISCO","SAN FRANCISCO",-122.40589141845703,37.792457580566406
9505808,2022,2022-11-16,3801,2022-10-12,1915,1435,TRAFF,3,5,7,3801,0,0,0,,0,4B4C,"SCOTT ST","MARINA BL",29.00,S,N,A,-,N,,,,,,,,,,N,2,0,1,2,A,-,06,21755,A,N,D,G,A,A,H,-,C,A,0,,Y,,,Y,,L,04,1,0,0,0,0,0,1,0,0,"- ","- ",,,"SAN FRANCISCO","SAN FRANCISCO",-122.4422607421875,37.805702209472656
9505810,2022,2022-11-16,3801,2022-10-17,1130,2228,CENTR,1,5,7,3801,0,0,0,,0,3A14D,"CHESTNUT ST","MONTGOMERY ST",0.00,,Y,F,-,N,,,,,,,,,,N,4,0,1,2,D,-,00,,,N,C,G,A,A,G,-,A,D,0,,Y,Y,,Y,,-,"- ",0,0,1,0,0,0,1,0,0,"- ","- ",,,"SAN FRANCISCO","SAN FRANCISCO",-122.40515899658203,37.804779052734375
9505975,2022,2022-11-14,3801,2022-10-14,1804,2231,SOUTH,5,5,7,3801,0,0,0,,0,3B12D,"3RD ST","TOWNSEND ST",0.00,N,N,A,-,N,,,,,,,,,,N,4,0,1,2,A,-,00,21655,1,N,B,G,A,A,H,-,A,A,0,,Y,,,Y,Y,A,01,0,0,1,0,0,0,1,0,0,"- ","- ",,,"SAN FRANCISCO","SAN FRANCISCO",-122.39275360107422,37.778858184814453
9506373,2022,2022-10-14,3801,2022-09-16,1657,203,MISSI,5,5,7,3801,0,0,0,,0,,"16TH ST","CAPP ST",0.00,,Y,A,-,N,,,,,,,,,,N,4,0,1,2,A,-,09,21800,A,N,-,G,A,A,H,-,A,A,0,,Y,,,Y,,A,01,0,0,1,0,0,0,1,0,0,"- ","- ",,,"SAN FRANCISCO","SAN FRANCISCO",-122.418701171875,37.765098571777344
9506490,2022,2022-10-10,3801,2022-09-13,1726,4041,TARAV,2,5,7,3801,0,0,0,,0,3I13D,"UPPER GREAT HWY","JUDAH ST",0.00,,Y,A,-,N,,,,,,,,,,N,2,0,1,2,A,-,09,21804,A,N,D,G,A,A,H,-,A,A,0,,Y,,,Y,,L,04,1,0,0,0,0,0,1,0,0,"- ","- ",,,"SAN FRANCISCO","SAN FRANCISCO",-122.50994110107422,37.760246276855469
9506535,2022,2022-10-11,3801,2022-09-28,0741,1530,BAYVI,3,5,7,3801,0,0,0,,0,3C11A,"CESAR CHAVEZ ST","EVANS AV",215.00,W,N,A,-,N,,,,,,,,,,N,3,0,1,2,A,-,08,22107,,F,C,G,A,A,H,-,A,A,0,,Y,,,Y,,-,,0,1,0,0,0,0,1,0,0,"- ","- ",,,"SAN FRANCISCO","SAN FRANCISCO",-122.39806365966797,37.749649047851562
9509995,2022,2022-12-16,3801,2022-11-15,1853,4187,NORTH,2,5,7,3801,0,0,0,,0,3E11D,"SCOTT ST","OAK ST",5.00,S,N,A,-,N,,,,,,,,,,N,3,0,1,2,A,-,08,22107,,N,B,G,A,A,H,-,C,A,0,,Y,,,Y,,L,04,0,1,0,0,0,0,1,0,0,"- ","- ",,,"SAN FRANCISCO","SAN FRANCISCO",-122.43576812744141,37.7733154296875
9522331,2022,2022-12-20,3801,2022-11-18,1851,1806,NORTH,5,5,7,3801,0,0,0,,0,3E13D,"OCTAVIA ST","PAGE ST",0.00,,Y,A,-,N,,,,,,,,,,N,4,0,1,2,A,-,02,22526,A,N,D,G,A,A,H,-,C,A,0,,Y,,,Y,,A,01,0,0,1,0,0,0,1,0,0,"- ","- ",,,"SAN FRANCISCO","SAN FRANCISCO",-122.42411041259766,37.773883819580078
9530996,2022,2023-01-23,3801,2022-11-22,0640,4357,TENDE,2,5,7,3801,0,0,0,,0,2CAR,"MARKET ST","4TH ST",0.00,,N,A,-,N,,,,,,,,,,N,4,0,1,2,A,-,17,22517,,N,H,G,A,A,H,-,B,D,0,,Y,,,Y,,-,,0,0,1,0,0,0,1,0,0,"- ","- ",,,"SAN FRANCISCO","SAN FRANCISCO",-122.40589141845703,37.785697937011719
9531447,2022,2022-11-23,3801,2022-10-27,0915,1118,SOUTH,4,5,7,3801,0,0,0,,0,3B14A,"TERRY A FRANCOIS BL","PIERPOINT LN",0.00,,Y,A,-,N,,,,,,,,,,N,3,0,1,2,A,-,08,22107,,N,D,-,A,A,-,-,A,D,0,,Y,,,Y,,A,07,0,1,0,0,0,0,1,0,0,"- ","- ",,,"SAN FRANCISCO","SAN FRANCISCO",-122.38639831542969,37.769966125488281
9531542,2022,2022-11-07,3801,2022-08-04,2030,1769,MISSI,4,5,7,3801,0,0,0,,0,3D11E,"VALENCIA ST","DUBOCE AV",0.00,,Y,A,-,N,,,,,,,,,,N,4,0,1,2,A,-,08,22107,,F,B,G,A,A,H,-,C,A,0,,Y,,,Y,,A,01,0,0,1,0,0,0,1,0,0,"- ","- ",,,"SAN FRANCISCO","SAN FRANCISCO",-122.42236328125,37.769866943359375
9531547,2022,2022-11-07,3801,2022-08-17,0932,504,NORTH,3,5,7,3801,0,0,0,,0,3E12A,"FULTON ST","FILLMORE ST",0.00,,Y,A,-,N,,,,,,,,,,N,3,0,1,2,A,-,08,22107,,N,D,G,A,A,G,-,A,A,0,,Y,,,Y,,A,01,0,1,0,0,0,0,1,0,0,"- ","- ",,,"SAN FRANCISCO","SAN FRANCISCO",-122.43155670166016,37.777690887451172
9542784,2022,2023-01-13,3801,2022-11-11,1847,4178,SOUTH,5,5,7,3801,0,0,0,,0,4B3A,"HOWARD ST","2ND ST",0.00,,Y,A,-,N,,,,,,,,,,N,2,0,1,2,A,-,12,21453,A,N,D,G,A,A,H,-,C,A,0,,Y,,Y,Y,,L,04,1,0,0,0,0,0,1,0,0,"- ","- ",,,"SAN FRANCISCO","SAN FRANCISCO",-122.39824676513672,37.786788940429688
9543532,2022,2023-01-11,3801,2022-10-01,1648,2431,RICHM,6,5,7,3801,0,0,0,,0,3G3D,"JOHN F KENNEDY DR","10TH AV",425.00,W,N,A,-,N,,,,,,,,,,N,3,0,1,2,A,-,03,22350,,N,C,B,E,A,H,-,A,D,0,Y,Y,,,Y,,L,04,0,1,0,0,1,0,0,0,0,"- ","- ",,,"SAN FRANCISCO","SAN FRANCISCO",-122.46802520751953,37.772590637207031
9545377,2023,2023-02-16,3801,2023-01-22,1740,426,NORTH,7,5,7,3801,0,0,0,,0,3E13D,POLK,"POST ST",3.00,S,N,A,-,N,,,,,,,,,,N,3,0,2,2,A,-,12,21453,,N,D,G,A,A,H,-,C,A,0,,Y,Y,,Y,,L,04,0,1,1,0,0,0,1,0,1,"- ","- ",,,"SAN FRANCISCO","SAN FRANCISCO",-122.41989898681641,37.786823272705078
9545543,2023,2023-02-24,3801,2023-01-12,1903,1068,SOUTH,4,5,7,3801,0,0,0,,0,3B12D,"NORFOLK ST","HARRISON ST",35.00,N,N,A,-,N,,,,,,,,,,N,4,0,1,3,A,-,17,22517,,N,B,G,A,A,H,-,C,D,0,,Y,,,Y,,-,,0,0,1,0,0,0,1,0,0,"- ","- ",,,"SAN FRANCISCO","SAN FRANCISCO",-122.41287994384766,37.770458221435547
9553856,2022,2023-03-14,3801,2022-06-25,1629,200,TENDE,6,5,7,3801,0,0,0,,0,3J12D,"OFARRELL ST","CYRIL MAGNIN ST",0.00,,Y,A,-,N,,,,,,,,,,Y,3,0,1,1,A,-,03,22350,,N,-,A,A,A,H,-,A,A,0,,Y,,,Y,,L,04,0,1,0,0,0,0,1,0,0,"- ","- ",,,"SAN FRANCISCO","SAN FRANCISCO",-122.40894317626953,37.786312103271484
9553994,2023,2023-03-25,3801,2023-02-03,1551,481,CENTR,5,5,7,3801,0,0,0,,0,3A11D,"TAYLOR ST","POST ST",0.00,,Y,A,-,N,,,,,,,,,,N,3,0,1,2,A,-,03,22350,,N,D,G,A,A,H,-,A,D,0,,Y,,,Y,,L,04,0,1,0,0,0,0,1,0,0,"- ","- ",,,"SAN FRANCISCO","SAN FRANCISCO",-122.41169738769531,37.787860870361328
9554143,2023,2023-03-25,3801,2023-02-18,1521,1860,TARAV,6,5,7,3801,0,0,0,,0,3I11D,"20TH AV","IRVING ST",27.00,S,N,A,-,N,,,,,,,,,,N,4,0,1,2,A,-,08,22103,,N,D,G,A,A,H,-,A,D,0,,Y,,,Y,,A,01,0,0,1,0,0,0,1,0,0,"- ","- ",,,"SAN FRANCISCO","SAN FRANCISCO",-122.47820281982422,37.763435363769531
9561224,2023,2023-04-28,3801,2023-03-22,1650,2748,MISSI,3,5,7,3801,0,0,0,,0,3D15E,"FILLMORE ST","DUBOCE AV",0.00,,Y,F,-,N,,,,,,,,,,N,3,0,1,2,A,-,21,22106,,N,H,G,A,-,G,-,-,-,0,,Y,,,Y,,-,,0,1,0,0,0,0,1,0,0,"- ","- ",,,"SAN FRANCISCO","SAN FRANCISCO",-122.42987823486328,37.7694091796875
9561285,2023,2023-04-12,3801,2023-02-24,1757,1931,NORTH,5,5,7,3801,0,0,0,,0,3E13A,"EDDY ST","VAN NESS AV",0.00,,Y,A,-,N,,,,,,,,,,N,4,0,1,2,B,-,22,,,F,D,G,A,A,H,-,C,A,0,,Y,,,Y,,A,01,0,0,1,0,0,0,1,0,0,"- ","- ",,,"SAN FRANCISCO","SAN FRANCISCO",-122.42076110839844,37.782890319824219
9561312,2023,2023-04-28,3801,2023-03-23,2041,158,NORTH,4,5,7,3801,0,0,0,,0,3E14D,"POLK ST","PINE ST",0.00,,Y,A,-,N,,,,,,,,,,N,4,0,1,2,A,-,08,22107,,N,B,G,A,A,H,-,C,A,0,,Y,,,Y,,A,01,0,0,1,0,0,0,1,0,0,"- ","- ",,,"SAN FRANCISCO","SAN FRANCISCO",-122.42050170898438,37.789642333984375
9566798,2022,2023-05-18,3801,2022-08-19,1200,1442,NORTH,5,5,7,3801,0,0,0,,0,3E12D,"POLK ST","PINE ST",0.00,,Y,A,-,N,,,,,,,,,,N,2,0,1,2,A,-,03,22350,,N,C,G,A,A,H,-,A,A,0,,Y,,,Y,,A,01,1,0,0,0,0,0,1,0,0,"- ","- ",,,"SAN FRANCISCO","SAN FRANCISCO",-122.42050170898438,37.789642333984375
9573284,2023,2023-05-13,3801,2023-04-19,1245,504,NORTH,3,5,7,3801,0,0,0,,0,3E15A,"CHESTNUT ST","BUCHANAN ST",95.00,E,N,A,-,N,,,,,,,,,,N,4,0,1,1,A,-,"- ",,,N,F,A,A,A,H,-,A,A,0,,Y,,,Y,,L,04,0,0,1,0,0,0,1,0,0,"- ","- ",,,"SAN FRANCISCO","SAN FRANCISCO",-122.43263244628906,37.801273345947266
9573300,2023,2023-05-13,3801,2023-04-11,"905 ",1442,NORTH,2,5,7,3801,0,0,0,,0,3E15A,"GROVE ST","POLK ST",85.00,E,N,A,-,N,,,,,,,,,,N,4,0,1,2,A,-,17,22517,,N,H,G,A,B,H,-,A,A,0,,Y,,,Y,,A,07,0,0,1,0,0,0,1,0,0,"- ","- ",,,"SAN FRANCISCO","SAN FRANCISCO",-122.41793060302734,37.778507232666016
9573329,2023,2023-05-11,3801,2023-04-01,"115 ",4115,CENTR,6,5,7,3801,0,0,0,,0,3A12E,"POST ST","KEARNY ST",0.00,,Y,A,-,N,,,,,,,,,,N,4,0,1,2,A,-,09,21453,B,N,D,G,A,A,H,-,C,A,0,,Y,,,Y,,A,07,0,0,1,0,0,0,1,0,0,"- ","- ",,,"SAN FRANCISCO","SAN FRANCISCO",-122.40365600585938,37.788902282714844
9576119,2023,2023-05-10,3801,2023-04-12,1806,4201,TENDE,3,5,7,3801,0,0,0,,0,3J15D,ELLIS,"CYRIL MAGNIN ST",0.00,,Y,A,-,N,,,,,,,,,,N,2,0,1,2,A,-,12,21453,,N,D,G,A,A,H,-,A,A,0,,Y,,,Y,,L,04,1,0,0,0,0,0,1,0,0,"- ","- ",,,"SAN FRANCISCO","SAN FRANCISCO",-122.40866088867188,37.785427093505859
9591074,2023,2023-07-14,3801,2023-06-10,1601,2715,NORTH,6,5,7,3801,0,0,0,,0,3E11C,"STEINER ST","PINE ST",0.00,,Y,B,-,N,,,,,,,,,,N,4,0,1,2,A,-,12,21453,A,N,D,G,A,A,H,-,A,A,0,,Y,,,Y,,L,04,0,0,1,0,0,0,1,0,0,"- ","- ",,,"SAN FRANCISCO","SAN FRANCISCO",-122.43528747558594,37.787750244140625
9591718,2023,2023-07-13,3801,2023-06-29,1108,1131,BAYVI,4,5,7,3801,0,0,0,,0,,"18TH ST",MINNESOTA,0.00,,Y,B,-,N,,,,,,,,,,N,4,0,1,1,A,-,03,22350,,N,H,J,A,A,H,-,A,A,0,,Y,,,Y,,L,04,0,0,1,0,0,0,1,0,0,"- ","- ",,,"SAN FRANCISCO","SAN FRANCISCO",-122.39070892333984,37.762928009033203
9591840,2023,2023-07-18,3801,2023-05-16,"800 ",654,PARK,2,5,7,3801,0,0,0,,0,,"THE EMBARCADERO","WASHINGTON ST",0.00,,Y,A,-,N,,,,,,,,,,N,2,0,1,2,A,-,12,21453,A,N,D,-,A,A,H,-,A,A,0,,Y,,,Y,,L,04,1,0,0,0,0,0,1,0,0,"- ","- ",,,"SAN FRANCISCO","SAN FRANCISCO",-122.39556121826172,37.796642303466797
9602295,2023,2023-08-10,3801,2023-06-18,1853,2305,TRAFF,7,5,7,3801,0,0,0,,0,4B3F,"EMBARCADERO NORTH","KEARNY ST",37.00,S,N,A,-,N,,,,,,,,,,Y,4,0,1,2,A,-,03,22350,,F,D,G,A,A,H,-,A,A,0,,Y,,,Y,,A,01,0,0,1,0,0,0,1,0,0,"- ","- ",,,"SAN FRANCISCO","SAN FRANCISCO",-122.40719604492188,37.807353973388672
9603719,2023,2023-10-03,3801,2023-07-15,"902 ",2289,NORTH,6,5,7,3801,0,0,0,,0,,"POLK ST","SACRAMENTO ST",0.00,,Y,B,-,N,,,,,,,,,,N,4,0,1,2,A,-,12,21453,A,N,D,G,A,A,H,-,A,A,0,,Y,,,Y,,L,04,0,0,1,0,0,0,1,0,0,"- ","- ",,,"SAN FRANCISCO","SAN FRANCISCO",-122.42086791992188,37.79150390625
9624429,2023,2023-09-12,3801,2023-08-24,1222,891,PARK,4,5,7,3801,0,0,0,,0,,STANYAN,PAGE,0.00,,Y,A,-,N,,,,,,,,,,N,3,0,1,2,A,-,17,22517,,N,H,G,A,A,H,-,A,D,0,,Y,,,Y,,D,23,0,1,0,0,0,0,1,0,0,"- ","- ",,,"SAN FRANCISCO","SAN FRANCISCO",-122.45372009277344,37.770103454589844
9626357,2023,2023-10-17,3801,2023-09-06,1823,AIELLO,RICHM,3,5,7,3801,0,0,0,,0,2G12D,"ARGUELLO BL","ANZA ST",0.00,,Y,A,-,N,,,,,,,,,,N,3,0,1,2,A,-,09,21801,,N,D,G,A,A,-,-,A,A,0,,Y,,,Y,,M,94,0,1,0,0,0,0,1,0,0,"- ","- ",,,"SAN FRANCISCO","SAN FRANCISCO",-122.45875549316406,37.779354095458984
9633716,2023,2023-11-13,3801,2023-10-16,1749,564,NORTH,1,5,7,3801,0,0,0,,0,3E12D,"WEBSTER ST","FULTON ST",0.00,,Y,A,-,N,,,,,,,,,,N,4,0,1,2,A,-,08,22100,A,F,D,G,A,A,H,-,A,A,0,,Y,,,Y,,A,01,0,0,1,0,0,0,1,0,0,"- ","- ",,,"SAN FRANCISCO","SAN FRANCISCO",-122.42990875244141,37.777912139892578
9633844,2023,2023-11-16,3801,2023-10-03,1723,2154,TARAV,2,5,7,3801,0,0,0,,0,014,"OCEAN AV","VICTORIA AVE",50.00,W,N,A,-,N,,,,,,,,,,N,2,0,2,2,A,-,00,21955,A,N,G,-,D,A,-,-,A,A,0,Y,Y,,,Y,,N,60,2,0,0,0,1,0,1,0,0,"- ","- ",,,"SAN FRANCISCO","SAN FRANCISCO",-122.46440124511719,37.726081848144531
9634259,2023,2023-11-13,3801,2023-09-27,1206,4265,INGLE,3,5,7,3801,0,0,0,,0,3H13A,"MISSION ST","EXCELSIOR AV",0.00,,Y,A,-,N,,,,,,,,,,N,3,0,1,2,A,-,09,21801,B,N,D,-,A,A,H,-,A,A,0,,Y,,,Y,,L,04,0,1,0,0,0,0,1,0,0,"- ","- ",,,"SAN FRANCISCO","SAN FRANCISCO",-122.43363952636719,37.726234436035156
9636293,2023,2024-02-29,3801,2023-12-13,2200,1605,NORTH,3,5,7,3801,0,0,0,,0,3E11D,"FILLMORE ST","HAYES ST",0.00,,Y,A,-,N,,,,,,,,,,N,3,0,1,2,A,-,08,22107,,N,D,G,A,A,H,-,C,A,0,,Y,,,Y,,A,01,0,1,0,0,0,0,1,0,0,"- ","- ",,,"SAN FRANCISCO","SAN FRANCISCO",-122.43118286132812,37.775825500488281
9646225,2023,2024-01-12,3801,2023-11-20,"956 ",1316,RICHM,1,5,7,3801,0,0,0,,0,3G15A,"BALBOA ST","7TH AV",0.00,,Y,A,-,N,,,,,,,,,,N,3,0,1,2,A,-,12,22450,A,N,H,G,A,A,H,-,A,A,0,,Y,,,Y,,A,01,0,1,0,0,0,0,1,0,0,"- ","- ",,,"SAN FRANCISCO","SAN FRANCISCO",-122.46507263183594,37.777194976806641
9650251,2023,2024-01-11,3801,2023-11-27,2211,2097,MISSI,1,5,7,3801,0,0,0,,0,3D15E,"MISSION ST","14TH ST",0.00,,Y,A,-,N,,,,,,,,,,,4,0,1,2,A,-,12,21453,,F,D,G,A,A,H,-,C,A,0,,Y,,,Y,,A,01,0,0,1,0,0,0,1,0,0,"- ","- ",,,"SAN FRANCISCO","SAN FRANCISCO",-122.41996765136719,37.768291473388672
9650278,2023,2024-02-13,3801,2023-12-03,1056,2195,NORTH,7,5,7,3801,0,0,0,,0,003,"GROVE ST","POLK ST",0.00,,Y,A,-,N,,,,,,,,,,N,2,0,1,2,A,-,08,22107,,F,D,G,A,A,H,-,A,D,0,,Y,,,Y,,A,01,1,0,0,0,0,0,1,0,0,"- ","- ",,,"SAN FRANCISCO","SAN FRANCISCO",-122.41822052001953,37.778480529785156
9650283,2023,2024-02-23,3801,2023-12-08,1026,2706,MISSI,5,5,7,3801,0,0,0,,0,3D11A,"CHURCH ST","CESAR CHAVEZ ST",0.00,,Y,A,-,N,,,,,,,,,,N,3,0,1,2,A,-,12,22450,,N,-,-,A,A,H,-,A,A,0,,Y,,,Y,,L,04,0,1,0,0,0,0,1,0,0,"- ","- ",,,"SAN FRANCISCO","SAN FRANCISCO",-122.42704010009766,37.747737884521484
6344066,2014,2016-06-07,9350,2014-01-05,1600,019102,,7,2,7,3801,0,1,2,,1,120,"GOLDEN GATE BR","GGB N TWR",1584.00,S,N,A,-,Y,MRN,4,101,-,L,0.200,H,-,S,Y,4,0,1,1,B,-,22,,,N,E,I,A,A,H,-,A,D,1,,Y,,,Y,,L,04,0,0,1,0,0,0,1,0,0,"- ","- ",37.824469999999998,-122.47920999999999,"SAN FRANCISCO","SAN FRANCISCO",-122.47986873000001,37.82840092
6540560,2014,2014-08-08,3801,2014-02-11,0649,2137,TENDE,2,5,7,3801,0,0,0,,0,3J11A,"EDDY ST","MASON ST",0.00,,Y,B,-,N,,,,,,,,,,N,4,0,1,2,A,-,12,21453,A,N,D,G,A,A,H,-,B,A,0,,Y,,,Y,,D,22,0,0,1,0,0,0,1,0,0,"- ","- ",,,"SAN FRANCISCO","SAN FRANCISCO",-122.40929991,37.784379960000003
6541223,2014,2015-02-26,3801,2014-03-20,1855,133,CENTR,4,5,7,3801,0,0,0,,0,3A60,"BAY ST","POWELL ST",0.00,,Y,A,-,N,,,,,,,,,,N,3,0,1,2,A,-,17,22517,,N,H,G,A,A,H,-,A,A,0,,Y,,,Y,,A,01,0,1,0,0,0,0,1,0,0,"- ","- ",,,"SAN FRANCISCO","SAN FRANCISCO",-122.41193995,37.80583996
6541291,2014,2015-03-07,3801,2014-04-08,0829,651,SOUTH,2,5,7,3801,0,0,0,,0,3X40,"MARKET ST","MASON ST",0.00,,Y,A,-,N,,,,,,,,,,N,4,0,1,1,D,-,00,,,N,H,A,A,A,H,-,A,A,0,,Y,,,Y,,-,"- ",0,0,1,0,0,0,1,0,0,"- ","- ",,,"SAN FRANCISCO","SAN FRANCISCO",-122.40907996999999,37.783229919999997