CASE_ID,ACCIDENT_YEAR,PROC_DATE,JURIS,COLLISION_DATE,COLLISION_TIME,OFFICER_ID,REPORTING_DISTRICT,DAY_OF_WEEK,CHP_SHIFT,POPULATION,CNTY_CITY_LOC,SPECIAL_COND,BEAT_TYPE,CHP_BEAT_TYPE,CITY_DIVISION_LAPD,CHP_BEAT_CLASS,BEAT_NUMBER,PRIMARY_RD,SECONDARY_RD,DISTANCE,DIRECTION,INTERSECTION,WEATHER_1,WEATHER_2,STATE_HWY_IND,CALTRANS_COUNTY,CALTRANS_DISTRICT,STATE_ROUTE,ROUTE_SUFFIX,POSTMILE_PREFIX,POSTMILE,LOCATION_TYPE,RAMP_INTERSECTION,SIDE_OF_HWY,TOW_AWAY,COLLISION_SEVERITY,NUMBER_KILLED,NUMBER_INJURED,PARTY_COUNT,PRIMARY_COLL_FACTOR,PCF_CODE_OF_VIOL,PCF_VIOL_CATEGORY,PCF_VIOLATION,PCF_VIOL_SUBSECTION,HIT_AND_RUN,TYPE_OF_COLLISION,MVIW,PED_ACTION,ROAD_SURFACE,ROAD_COND_1,ROAD_COND_2,LIGHTING,CONTROL_DEVICE,CHP_ROAD_TYPE,PEDESTRIAN_ACCIDENT,BICYCLE_ACCIDENT,MOTORCYCLE_ACCIDENT,TRUCK_ACCIDENT,NOT_PRIVATE_PROPERTY,ALCOHOL_INVOLVED,STWD_VEHTYPE_AT_FAULT,CHP_VEHTYPE_AT_FAULT,COUNT_SEVERE_INJ,COUNT_VISIBLE_INJ,COUNT_COMPLAINT_PAIN,COUNT_PED_KILLED,COUNT_PED_INJURED,COUNT_BICYCLIST_KILLED,COUNT_BICYCLIST_INJURED,COUNT_MC_KILLED,COUNT_MC_INJURED,PRIMARY_RAMP,SECONDARY_RAMP,LATITUDE,LONGITUDE,COUNTY,CITY,POINT_X,POINT_Y
6546103,2014,2015-10-12,3801,2014-01-21,1400,749,,2,5,7,3801,0,0,0,,0,3A60,"PINE ST","TAYLOR ST",0.00,,Y,A,-,N,,,,,,,,,,N,4,0,1,2,A,-,10,21950,A,N,G,G,A,A,H,-,A,A,0,,Y,,,Y,,A,01,0,0,1,0,0,0,1,0,0,"- ","- ",,,"SAN FRANCISCO","SAN FRANCISCO",-122.41224988,37.790659949999998
6546118,2014,2014-07-21,3801,2014-01-23,1305,1054,G,4,5,7,3801,0,0,0,,0,003,"STOW LAKE DR","JOHN F KENNEDY DR",54.00,S,N,A,-,N,,,,,,,,,,N,4,0,1,2,A,-,03,22350,,F,G,B,A,A,H,-,A,D,0,,Y,,,Y,,-,,0,0,1,0,0,0,1,0,0,"- ","- ",,,"SAN FRANCISCO","SAN FRANCISCO",-122.47400211999999,37.771091460000001
6546127,2014,2014-07-18,3801,2014-01-17,1930,2343,SOUTH,5,5,7,3801,0,0,0,,0,3B62,"2ND ST","FOLSOM ST",0.00,,Y,A,-,N,,,,,,,,,,N,3,0,1,2,A,-,05,21650,1,N,D,G,A,A,H,-,C,A,0,,Y,,,Y,,L,04,0,1,0,0,0,0,1,0,0,"- ","- ",,,"SAN FRANCISCO","SAN FRANCISCO",-122.39672994,37.785559990000003
6546203,2014,2015-10-12,3801,2014-02-25,1751,001214,02252,2,5,7,3801,0,0,0,,0,1751,"WASHINGTON ST","DRUMM ST",45.00,E,N,-,-,N,,,,,,,,,,N,4,0,1,2,A,-,07,21658,A,N,-,G,A,A,H,-,C,A,0,,Y,,,Y,,A,01,0,0,1,0,0,0,1,0,0,"- ","- ",,,"SAN FRANCISCO","SAN FRANCISCO",-122.39683023000001,37.796404039999999
6546216,2014,2014-07-22,3801,2014-02-20,2055,001533,INGLE,4,5,7,3801,0,0,0,,0,3H11D,"LAPHAM WY","ROBINSON DR",0.00,,Y,A,-,N,,,,,,,,,,N,3,0,1,1,A,-,03,22350,,N,H,A,A,A,H,-,C,-,0,,Y,,,Y,,L,04,0,1,0,0,0,0,1,0,0,"- ","- ",,,"SAN FRANCISCO","SAN FRANCISCO",-122.42923991000001,37.709589889999997
6547486,2014,2014-07-23,3801,2014-02-10,1820,002342,SOUTH,1,5,7,3801,0,0,0,,0,3B12D,"7TH ST","MISSION ST",223.00,N,N,A,-,N,,,,,,,,,,N,4,0,1,2,A,-,17,22517,,N,D,G,A,A,H,-,C,D,0,,Y,,,Y,,-,"- ",0,0,1,0,0,0,1,0,0,"- ","- ",,,"SAN FRANCISCO","SAN FRANCISCO",-122.41144593999999,37.779643040000003
6547493,2014,2014-07-21,3801,2014-02-14,1620,202,PARK,5,5,7,3801,0,0,0,,0,3F14D,"DIVISADERO ST","OFARRELL ST",0.00,,Y,A,-,N,,,,,,,,,,N,3,0,1,2,A,-,09,21801,B,N,D,G,A,A,H,-,A,A,0,,Y,,,Y,,L,04,0,1,0,0,0,0,1,0,0,"- ","- ",,,"SAN FRANCISCO","SAN FRANCISCO",-122.43929998999999,37.782429899999997
6547499,2014,2014-07-24,3801,2014-02-04,0615,4082,I,2,5,7,3801,0,0,0,,0,3I5A,"19TH AV","WINSTON DR",30.00,N,N,A,-,N,,,,,,,,,,N,4,0,1,2,A,-,06,21750,,F,B,G,A,A,H,-,C,A,0,,Y,,,Y,,-,,0,0,1,0,0,0,1,0,0,"- ","- ",,,"SAN FRANCISCO","SAN FRANCISCO",-122.47503587999999,37.727012350000003
6547512,2014,2014-07-25,3801,2014-02-01,1639,4305,02011,6,5,7,3801,0,0,0,,0,3E11D,"FELL ST","GOUGH ST",0.00,,Y,A,-,N,,,,,,,,,,N,4,0,1,2,A,-,08,22101,D,N,D,C,A,A,H,-,A,A,0,,Y,,,Y,,L,04,0,0,1,0,0,0,1,0,0,"- ","- ",,,"SAN FRANCISCO","SAN FRANCISCO",-122.42277993,37.775939919999999
6547525,2014,2014-07-21,3801,2014-01-30,1800,93,SOUTH,4,5,7,3801,0,0,0,,0,3B14D,"MARKET ST","6TH ST",27.00,E,N,A,-,N,,,,,,,,,,N,4,0,1,2,A,-,12,21453,A,N,D,G,A,A,H,-,C,A,0,,Y,,,Y,,L,04,0,0,1,0,0,0,1,0,0,"- ","- ",,,"SAN FRANCISCO","SAN FRANCISCO",-122.41023418,37.782292660000003
6547553,2014,2014-07-21,3801,2014-01-06,0833,1430,BAYVI,1,5,7,3801,0,0,0,,0,4B6C,"16TH ST","7TH ST",300.00,E,N,A,-,N,,,,,,,,,,N,4,0,1,2,A,-,07,21658,A,N,B,G,A,A,H,-,A,D,0,,Y,,,Y,,A,01,0,0,1,0,0,0,1,0,0,"- ","- ",,,"SAN FRANCISCO","SAN FRANCISCO",-122.39485000000001,37.766550000000002
6547573,2014,2014-07-21,3801,2014-01-29,2103,465,RICHM,3,5,7,3801,0,0,0,,0,3G11E,"GOLDEN GATE AV","MASONIC AV",463.00,W,N,A,-,N,,,,,,,,,,N,4,0,1,2,A,-,09,21801,A,N,D,G,A,B,H,-,C,D,0,,Y,,,Y,,A,01,0,0,1,0,0,0,1,0,0,"- ","- ",,,"SAN FRANCISCO","SAN FRANCISCO",-122.44842219,37.777468849999998
6547598,2014,2014-07-21,3801,2014-01-30,1635,202,PARK,4,5,7,3801,0,0,0,,0,3F14D,"HAIGHT ST","SCOTT ST",180.00,E,N,A,-,N,,,,,,,,,,N,3,0,2,2,A,-,01,21200,5,N,G,B,F,A,H,-,A,D,0,Y,Y,,,Y,Y,L,04,0,1,1,0,1,0,1,0,0,"- ","- ",,,"SAN FRANCISCO","SAN FRANCISCO",-122.43477482,37.771557829999999
6556988,2014,2014-07-22,3801,2014-03-12,1411,4193,COE,3,5,7,3801,0,0,0,,0,3E12C,"WEBSTER ST","PINE ST",11.00,N,N,A,-,N,,,,,,,,,,N,2,0,1,1,D,-,00,,,N,H,A,A,A,H,-,A,A,0,,Y,,,Y,,-,"- ",1,0,0,0,0,0,1,0,0,"- ","- ",,,"SAN FRANCISCO","SAN FRANCISCO",-122.43199634,37.788189799999998
6557043,2014,2014-07-23,3801,2014-03-03,0903,38,SOUTH,1,5,7,3801,0,0,0,,0,5CAR,"6TH ST","AHERN ALLEY",281.00,S,N,B,-,N,,,,,,,,,,N,3,0,1,2,A,-,09,21801,A,N,D,G,A,A,H,-,A,D,0,,Y,,,Y,,A,01,0,1,0,0,0,0,1,0,0,"- ","- ",,,"SAN FRANCISCO","SAN FRANCISCO",-122.40267002,37.77619602
6557044,2014,2016-03-26,3801,2014-03-03,0815,4160,,1,5,7,3801,0,0,0,,0,03B,"MARKET ST","VALENCIA ST",0.00,,Y,A,-,N,,,,,,,,,,N,4,0,1,2,A,-,06,21750,,N,D,G,A,A,H,-,A,D,0,,Y,,,Y,,L,04,0,0,1,0,0,0,1,0,0,"- ","- ",,,"SAN FRANCISCO","SAN FRANCISCO",-122.42261997,37.772549980000001
6557052,2014,2014-07-21,3801,2014-03-18,1128,73,MISSI,2,5,7,3801,0,0,0,,0,4B6D,"POTRERO AV","22ND ST",0.00,,Y,A,-,N,,,,,,,,,,N,4,0,1,2,A,-,12,21453,A,N,D,G,A,A,H,-,A,A,0,,Y,,,Y,,L,04,0,0,1,0,0,0,1,0,0,"- ","- ",,,"SAN FRANCISCO","SAN FRANCISCO",-122.40669999000001,37.756839980000002
6557081,2014,2014-07-21,3801,2014-03-20,1054,544,TENDE,4,5,7,3801,0,0,0,,0,3J90A,"OFARRELL ST","JONES ST",40.00,W,N,A,-,N,,,,,,,,,,N,3,0,1,1,A,-,03,22350,,N,F,A,A,A,H,-,A,D,0,,Y,,,Y,,L,04,0,1,0,0,0,0,1,0,0,"- ","- ",,,"SAN FRANCISCO","SAN FRANCISCO",-122.4131069,37.78578357
6557085,2014,2014-07-23,3801,2014-03-09,1707,189,NORTH,7,5,7,3801,0,0,0,,0,03E,"POLK ST","CLAY ST",60.00,S,N,A,-,N,,,,,,,,,,N,4,0,1,2,A,-,21,22106,,N,D,G,A,A,H,-,A,D,0,,Y,,,Y,,-,,0,0,1,0,0,0,1,0,0,"- ","- ",,,"SAN FRANCISCO","SAN FRANCISCO",-122.42101708,37.792227250000003
6557104,2014,2014-07-21,3801,2014-03-06,1536,004297,"CO D",4,5,7,3801,0,0,0,,0,3D13C,"MARKET ST","DOLORES ST",0.00,,Y,A,-,N,,,,,,,,,,N,4,0,1,2,A,-,09,21804,A,N,D,G,A,A,H,-,A,A,0,,Y,,,Y,,L,04,0,0,1,0,0,0,1,0,0,"- ","- ",,,"SAN FRANCISCO","SAN FRANCISCO",-122.42690988,37.769199899999997
6557108,2014,2014-07-21,3801,2014-03-05,2038,000868,,3,5,7,3801,0,0,0,,0,4K8G,"POST ST","BAKER AV",0.00,,Y,B,-,N,,,,,,,,,,N,3,0,1,2,A,-,17,21451,A,N,D,G,A,A,H,-,C,A,0,,Y,,,Y,,L,04,0,1,0,0,0,0,1,0,0,"- ","- ",,,"SAN FRANCISCO","SAN FRANCISCO",-122.44299995999999,37.783889950000003
6565853,2014,2015-03-05,3801,2014-04-18,1745,739,CENTR,5,5,7,3801,0,0,0,,0,3A61,"CALIFORNIA ST","HYDE ST",0.00,,Y,A,-,N,,,,,,,,,,N,4,0,1,2,A,-,07,21658,A,N,C,G,A,A,H,-,A,A,0,,Y,,,Y,,L,04,0,0,1,0,0,0,1,0,0,"- ","- ",,,"SAN FRANCISCO","SAN FRANCISCO",-122.41739993,37.790989969999998
6565863,2014,2015-03-09,3801,2014-04-11,2025,761,RICHM,5,5,7,3801,0,0,0,,0,03G,"ARGUELLO BL","TURK ST",0.00,,Y,A,-,N,,,,,,,,,,N,3,0,1,2,A,-,09,21801,A,N,D,G,A,A,H,-,C,A,0,,Y,,,Y,,A,01,0,1,0,0,0,0,1,0,0,"- ","- ",,,"SAN FRANCISCO","SAN FRANCISCO",-122.45858998,37.777249949999998
6565868,2014,2015-03-06,3801,2014-04-09,1501,251,RICHM,3,5,7,3801,0,0,0,,0,3G61,"LEGION OF HONOR DR","CLEMENT ST",1056.00,N,N,A,-,N,,,,,,,,,,N,3,0,1,1,A,-,03,22350,,N,E,I,A,A,H,-,A,D,0,,Y,,,Y,,L,04,0,1,0,0,0,0,1,0,0,"- ","- ",,,"SAN FRANCISCO","SAN FRANCISCO",-122.49735922000001,37.783145140000002
6565927,2014,2014-07-24,3801,2014-04-12,1740,1398,NORTH,6,5,7,3801,0,0,0,,0,3E6D,POLK,SACRAMENTO,30.00,N,N,A,-,N,,,,,,,,,,N,3,0,1,2,A,-,"- ",,,N,C,G,A,A,H,-,A,A,0,,Y,,,Y,,L,04,0,1,0,0,0,0,1,0,0,"- ","- ",,,"SAN FRANCISCO","SAN FRANCISCO",-122.42088646000001,37.791581370000003
6565950,2014,2014-07-24,3801,2014-04-17,0814,4346,TARAV,4,5,7,3801,0,0,0,,0,3I16A,"OCEAN AV","BRIGHTON AV",87.00,W,N,A,-,N,,,,,,,,,,N,4,0,1,2,A,-,08,22107,,N,B,G,A,A,H,-,A,A,0,,Y,,,Y,,A,01,0,0,1,0,0,0,1,0,0,"- ","- ",,,"SAN FRANCISCO","SAN FRANCISCO",-122.45543295,37.723754569999997
6565972,2014,2014-07-25,3801,2014-04-01,1954,1192,,2,5,7,3801,0,0,0,,0,3B61,"7TH ST","FOLSOM ST",0.00,,Y,C,-,N,,,,,,,,,,N,4,0,1,2,A,-,08,22107,,N,B,G,A,B,H,-,C,A,0,,Y,,,Y,,A,01,0,0,1,0,0,0,1,0,0,"- ","- ",,,"SAN FRANCISCO","SAN FRANCISCO",-122.40784985000001,37.776769889999997
6565980,2014,2014-07-25,3801,2014-04-07,1642,1493,SOUTH,1,5,7,3801,0,0,0,,0,4K4B,"THE EMBARCADERO","BRYANT ST",0.00,,Y,A,-,N,,,,,,,,,,N,4,0,1,2,A,-,03,22350,,N,D,G,A,A,H,-,A,D,0,,Y,,,Y,,L,04,0,0,1,0,0,0,1,0,0,"- ","- ",,,"SAN FRANCISCO","SAN FRANCISCO",-122.38800995,37.787089950000002
6565994,2014,2014-07-25,3801,2014-04-06,1436,1766,,7,5,7,3801,0,0,0,,0,4K4D,"MARKET ST","SPEAR ST",90.00,W,N,A,-,N,,,,,,,,,,,4,0,1,1,D,-,00,,,N,E,-,A,A,H,-,A,A,0,,Y,,,Y,,-,"- ",0,0,1,0,0,0,1,0,0,"- ","- ",,,"SAN FRANCISCO","SAN FRANCISCO",-122.39594853,37.793573770000002
6866914,2014,2015-08-17,3801,2014-10-03,1407,1939,,5,5,7,3801,0,0,0,,0,4K6C,"TAYLOR ST","JEFFERSON ST",37.00,S,N,A,-,N,,,,,,,,,,N,3,0,1,2,A,-,"- ",,,N,B,G,A,A,H,-,A,A,0,,Y,,,Y,,J,48,0,1,0,0,0,0,1,0,0,"- ","- ",,,"SAN FRANCISCO","SAN FRANCISCO",-122.4157718,37.808129389999998
6918984,2015,2016-08-10,3801,2015-10-03,1320,1657,MISSI,6,5,7,3801,0,0,0,,0,,"17TH ST","DOLORES ST",0.00,,Y,A,-,N,,,,,,,,,,N,3,0,1,2,A,-,09,21801,A,N,A,G,A,A,D,-,A,A,0,,Y,,,Y,,A,08,0,1,0,0,0,0,1,0,0,"- ","- ",,,"SAN FRANCISCO","SAN FRANCISCO",-122.4262999,37.763009940000003
6937772,2014,2015-08-22,3801,2014-12-10,0951,848,SOUTH,3,5,7,3801,0,0,0,,0,001,"MARKET ST","3RD ST",275.00,W,N,B,-,N,,,,,,,,,,N,3,0,1,1,A,-,03,22350,,N,F,J,A,A,H,-,A,A,0,,Y,,,Y,,L,04,0,1,0,0,0,0,1,0,0,"- ","- ",,,"SAN FRANCISCO","SAN FRANCISCO",-122.40413253,37.787125349999997
6937784,2014,2015-08-22,3801,2014-12-09,2122,1329,SOUTH,2,5,7,3801,0,0,0,,0,3862,"MISSION ST","7TH ST",156.00,W,N,A,-,N,,,,,,,,,,N,3,0,2,2,A,-,11,21955,,N,A,B,D,A,H,-,C,D,0,Y,Y,,,Y,,N,60,0,1,1,0,1,0,1,0,0,"- ","- ",,,"SAN FRANCISCO","SAN FRANCISCO",-122.41128798,37.778911950000001
6938287,2015,2015-09-19,3801,2015-08-29,1253,1846,MISSI,6,5,7,3801,0,0,0,,0,3D41C,"MARKET ST","CHURCH ST",0.00,,Y,A,-,N,,,,,,,,,,N,3,0,1,2,A,-,11,21950,B,N,B,G,A,A,H,-,A,A,0,,Y,,,Y,,L,04,0,1,0,0,0,0,1,0,0,"- ","- ",,,"SAN FRANCISCO","SAN FRANCISCO",-122.42893989,37.767609890000003
6970886,2014,2015-08-17,3801,2014-07-29,0934,38,SOUTH,2,5,7,3801,0,0,0,,0,4CAR,"MISSION ST","13TH ST",42.00,N,N,A,-,N,,,,,,,,,,N,3,0,1,2,A,-,09,21803,A,N,B,G,A,A,H,-,A,A,0,,Y,,,Y,,D,22,0,1,0,0,0,0,1,0,0,"- ","- ",,,"SAN FRANCISCO","SAN FRANCISCO",-122.42018,37.76999
6997334,2014,2015-08-03,3801,2014-09-09,1900,002239,SOUTH,2,5,7,3801,0,0,0,,0,3B90,"TOWNSEND ST","7TH ST",0.00,,Y,A,-,N,,,,,,,,,,N,3,0,1,2,A,-,08,22107,,N,D,G,A,A,H,-,A,A,0,,Y,,,Y,,A,01,0,1,0,0,0,0,1,0,0,"- ","- ",,,"SAN FRANCISCO","SAN FRANCISCO",-122.40165987,37.771829990000001
6997374,2014,2015-08-07,3801,2014-05-09,1340,4131,MISSI,5,5,7,3801,0,0,0,,0,901,"18TH ST","CHURCH ST",0.00,,Y,A,-,N,,,,,,,,,,,3,0,1,2,A,-,12,21453,A,N,D,G,A,A,H,-,A,A,0,,Y,,,Y,,L,04,0,1,0,0,0,0,1,0,0,"- ","- ",,,"SAN FRANCISCO","SAN FRANCISCO",-122.42837989,37.761299909999998
6997399,2014,2015-08-06,3801,2014-09-04,1048,478,NORTH,4,5,7,3801,0,0,0,,0,3E13A,"LARKIN ST","EDDY ST",0.00,,Y,A,-,N,,,,,,,,,,N,2,0,1,2,A,-,12,21453,A,N,D,G,A,A,H,-,A,A,0,,Y,,,Y,,L,04,1,0,0,0,0,0,1,0,0,"- ","- ",,,"SAN FRANCISCO","SAN FRANCISCO",-122.41751985000001,37.783299909999997
6997467,2014,2015-08-10,3801,2014-09-18,1225,001817,,4,5,7,3801,0,0,0,,0,,"ILLINOIS ST","EVANS AV",75.00,N,N,A,-,N,,,,,,,,,,N,4,0,1,1,A,-,17,21208,A,N,E,A,A,A,G,-,A,D,0,,Y,,,Y,,L,04,0,0,1,0,0,0,1,0,0,"- ","- ",,,"SAN FRANCISCO","SAN FRANCISCO",,
6997512,2014,2015-08-10,3801,2014-09-04,0858,001714,COK,4,5,7,3801,0,0,0,,0,858,"GROVE ST","POLK ST",0.00,,Y,B,-,N,,,,,,,,,,N,3,0,1,2,A,-,08,22100,A,N,B,G,A,A,H,-,A,A,0,,Y,,,Y,,A,01,0,1,0,0,0,0,1,0,0,"- ","- ",,,"SAN FRANCISCO","SAN FRANCISCO",-122.41821999,37.778479910000001
6997856,2014,2015-08-11,3801,2014-08-15,0949,2127,SOUTH,5,5,7,3801,0,0,0,,0,4K1E,"MARKET ST","3RD ST",288.00,E,N,A,-,N,,,,,,,,,,N,3,0,1,2,A,-,07,21658,A,N,H,G,A,A,H,-,A,D,0,,Y,,,Y,,L,04,0,1,0,0,0,0,1,0,0,"- ","- ",,,"SAN FRANCISCO","SAN FRANCISCO",-122.40273994,37.788207110000002
6997900,2014,2015-08-05,3801,2014-08-06,1950,004292,MISSI,3,5,7,3801,0,0,0,,0,901,"24TH ST","VICKSBURG ST",0.00,,Y,A,-,N,,,,,,,,,,N,4,0,1,2,A,-,12,22450,A,N,H,-,B,A,H,-,B,A,0,Y,Y,,,Y,,L,04,0,0,1,0,1,0,0,0,0,"- ","- ",,,"SAN FRANCISCO","SAN FRANCISCO",-122.42853998,37.751639930000003
7006657,2015,2017-03-30,3801,2015-10-11,1522,001994,CENTR,7,5,7,3801,0,0,0,,0,4B4B,MARKET,"BUSH ST",230.00,W,N,A,-,N,,,,,,,,,,N,1,1,0,2,A,-,17,21208,A,N,B,G,A,A,H,-,A,D,0,,Y,,,Y,Y,L,04,0,0,0,0,0,1,0,0,0,"- ","- ",,,"SAN FRANCISCO","SAN FRANCISCO",-122.39971713,37.790614730000001
7006925,2014,2015-08-12,3801,2014-10-24,1828,2260,NORTH,5,5,7,3801,0,0,0,,0,3E61,"MCALLISTER ST","STEINER ST",0.00,,Y,A,-,N,,,,,,,,,,N,3,0,1,2,A,-,12,22450,A,N,D,G,A,A,-,-,C,D,0,,Y,,,Y,,L,04,0,1,0,0,0,0,1,0,0,"- ","- ",,,"SAN FRANCISCO","SAN FRANCISCO",-122.43339988,37.778419919999997
7006961,2014,2015-07-31,3801,2014-06-23,1730,552,3B61,1,5,7,3801,0,0,0,,0,COB,"2ND ST","TOWNSEND ST",166.00,N,N,A,-,N,,,,,,,,,,N,3,0,1,2,A,-,13,22500,H,N,B,G,A,A,H,-,A,D,0,,Y,,,Y,,I,11,0,1,0,0,0,0,1,0,0,"- ","- ",,,"SAN FRANCISCO","SAN FRANCISCO",-122.39092574,37.780942879999998
7007005,2014,2015-07-31,3801,2014-06-06,1451,001375,901,5,5,7,3801,0,0,0,,0,C0D,"14TH ST","WOODWARD ST",0.00,,Y,A,-,N,,,,,,,,,,N,3,0,1,2,A,-,04,21703,,F,C,G,A,A,H,-,A,D,0,,Y,,,Y,,-,,0,1,0,0,0,0,1,0,0,"- ","- ",,,"SAN FRANCISCO","SAN FRANCISCO",-122.42076985999999,37.768239960000002
7007037,2014,2015-08-13,3801,2014-06-07,2321,2116,E,6,5,7,3801,0,0,0,,0,002,"WEBSTER ST","OFARRELL ST",186.00,S,N,A,-,N,,,,,,,,,,N,4,0,1,2,A,-,14,21201,D,N,-,G,A,A,H,-,C,D,0,,Y,,,Y,,-,"- ",0,0,1,0,0,0,1,0,0,"- ","- ",,,"SAN FRANCISCO","SAN FRANCISCO",-122.43095302,37.782994870000003
7008004,2014,2015-08-06,3801,2014-05-25,1323,002006,NORTH,7,5,7,3801,0,0,0,,0,0E1,"STEINER ST","WALLER ST",124.00,S,N,A,-,N,,,,,,,,,,N,3,0,1,2,A,-,07,21658,A,N,B,G,A,A,H,-,A,D,0,,Y,,,Y,,L,04,0,1,0,0,0,0,1,0,0,"- ","- ",,,"SAN FRANCISCO","SAN FRANCISCO",-122.43183372,37.770642299999999
7008026,2014,2015-08-06,3801,2014-09-24,1505,000988,INGLE,3,5,7,3801,0,0,0,,0,3H15C,"MISSION ST","VIRGINIA AV",66.00,N,N,A,-,N,,,,,,,,,,N,3,0,1,2,A,-,17,22517,,N,E,G,A,A,H,-,A,D,0,,Y,,,Y,,A,01,0,1,0,0,0,0,1,0,0,"- ","- ",,,"SAN FRANCISCO","SAN FRANCISCO",-122.42139867,37.74331248
7008030,2014,2015-08-06,3801,2014-09-26,1552,2426,CENTR,5,5,7,3801,0,0,0,,0,3A13E,"JEFFERSON ST","HYDE ST",129.00,E,N,A,-,N,,,,,,,,,,N,3,0,1,2,A,-,17,22517,,N,H,G,A,A,H,-,A,D,0,,Y,,,Y,,A,01,0,1,0,0,0,0,1,0,0,"- ","- ",,,"SAN FRANCISCO","SAN FRANCISCO",-122.42030773,37.807636969999997
7008074,2014,2015-08-06,3801,2014-09-23,1626,001730,INGLE,2,5,7,3801,0,0,0,,0,3H13D,"MISSION ST","MAYNARD ST",0.00,,Y,A,B,N,,,,,,,,,,,4,0,1,2,A,-,09,21801,A,N,H,G,A,A,H,-,A,D,0,,Y,,,Y,,A,01,0,0,1,0,0,0,1,0,0,"- ","- ",,,"SAN FRANCISCO","SAN FRANCISCO",-122.4308,37.729239890000002
7009151,2014,2015-08-10,3801,2014-05-18,1113,1695,SOUTH,7,5,7,3801,0,0,0,,0,3B14A,"9TH ST","HARRISON ST",0.00,,Y,A,-,N,,,,,,,,,,N,4,0,1,2,A,-,08,22101,D,N,B,G,A,A,H,-,A,A,0,,Y,,,Y,,L,04,0,0,1,0,0,0,1,0,0,"- ","- ",,,"SAN FRANCISCO","SAN FRANCISCO",-122.41004995999999,37.77252996
7009963,2014,2015-09-09,3801,2014-08-12,1746,931,RICHM,2,5,7,3801,0,0,0,,0,3G11D,"9TH AV","MARTIN LUTHER KING DR",0.00,,Y,-,-,N,,,,,,,,,,N,4,0,1,2,-,-,"- ",,,N,C,G,A,-,-,-,-,D,0,,Y,,,Y,,-,"- ",0,0,1,0,0,0,1,0,0,"- ","- ",,,"SAN FRANCISCO","SAN FRANCISCO",-122.46643997,37.766379890000003
7009970,2014,2015-08-14,3801,2014-08-03,1742,552,3B61,7,5,7,3801,0,0,0,,0,COB,"HOWARD ST","5TH ST",124.00,E,N,A,-,N,,,,,,,,,,N,4,0,1,2,A,-,"- ",,,N,E,G,A,A,H,-,A,D,0,,Y,,,Y,,A,01,0,0,1,0,0,0,1,0,0,"- ","- ",,,"SAN FRANCISCO","SAN FRANCISCO",-122.40462567,37.781750199999998
7009989,2014,2015-08-14,3801,2014-08-20,0003,001533,PARK,3,5,7,3801,0,0,0,,0,3F13E,"OAK ST","DIVISADERO ST",0.00,,Y,A,-,N,,,,,,,,,,N,2,0,1,2,A,-,12,21453,A,N,D,G,A,A,H,-,C,A,0,,Y,,,Y,Y,L,04,1,0,0,0,0,0,1,0,0,"- ","- ",,,"SAN FRANCISCO","SAN FRANCISCO",-122.43742994999999,37.773139929999999
7010016,2014,2015-08-13,3801,2014-08-08,2305,2275,,5,5,7,3801,0,0,0,,0,3160,"LINCOLN WY","16TH AV",0.00,,Y,A,-,N,,,,,,,,,,N,4,0,1,2,A,-,08,22107,,F,B,G,A,A,H,-,C,D,0,,Y,,,Y,,A,01,0,0,1,0,0,0,1,0,0,"- ","- ",,,"SAN FRANCISCO","SAN FRANCISCO",-122.47406995,37.765589910000003
7010017,2014,2015-08-13,3801,2014-08-08,1115,01482,BAYVI,5,5,7,3801,0,0,0,,0,3C15C,"BAYSHORE BL","WATERLOO ST",0.00,,Y,A,-,N,,,,,,,,,,N,4,0,1,2,A,-,12,22450,A,M,D,G,A,A,H,-,A,-,0,,Y,,,Y,,A,01,0,0,1,0,0,0,1,0,0,"- ","- ",,,"SAN FRANCISCO","SAN FRANCISCO",-122.40700993,37.739219929999997
7010032,2014,2015-08-13,3801,2014-08-29,1356,4180,PARK,5,5,7,3801,0,0,0,,0,,"ELLIS ST","PIERCE ST",146.00,E,N,A,-,N,,,,,,,,,,N,2,0,1,2,A,-,17,22517,,N,B,G,A,A,H,-,A,D,0,,Y,,,Y,,A,01,1,0,0,0,0,0,1,0,0,"- ","- ",,,"SAN FRANCISCO","SAN FRANCISCO",-122.43530097999999,37.7820033
7010073,2014,2015-08-13,3801,2014-08-15,1231,000183,SOUTH,5,5,7,3801,0,0,0,,0,3B1C,"MARKET ST","3RD ST",30.00,W,N,-,-,N,,,,,,,,,,N,4,0,1,2,D,-,00,,,N,-,E,A,A,-,-,A,A,0,,Y,,,Y,,-,"- ",0,0,1,0,0,0,1,0,0,"- ","- ",,,"SAN FRANCISCO","SAN FRANCISCO",-122.40353335,37.78760166
7014905,2014,2015-08-12,3801,2014-07-28,1844,000707,MISSI,1,5,7,3801,0,0,0,,0,ED11D,"DOLORES ST","22ND ST",0.00,,Y,A,-,N,,,,,,,,,,N,3,0,1,3,A,-,12,21453,A,N,D,G,A,A,H,-,A,A,0,,Y,,,Y,,L,04,0,1,0,0,0,0,1,0,0,"- ","- ",,,"SAN FRANCISCO","SAN FRANCISCO",-122.42552988,37.755039969999999