CASE_ID,ACCIDENT_YEAR,PROC_DATE,JURIS,COLLISION_DATE,COLLISION_TIME,OFFICER_ID,REPORTING_DISTRICT,DAY_OF_WEEK,CHP_SHIFT,POPULATION,CNTY_CITY_LOC,SPECIAL_COND,BEAT_TYPE,CHP_BEAT_TYPE,CITY_DIVISION_LAPD,CHP_BEAT_CLASS,BEAT_NUMBER,PRIMARY_RD,SECONDARY_RD,DISTANCE,DIRECTION,INTERSECTION,WEATHER_1,WEATHER_2,STATE_HWY_IND,CALTRANS_COUNTY,CALTRANS_DISTRICT,STATE_ROUTE,ROUTE_SUFFIX,POSTMILE_PREFIX,POSTMILE,LOCATION_TYPE,RAMP_INTERSECTION,SIDE_OF_HWY,TOW_AWAY,COLLISION_SEVERITY,NUMBER_KILLED,NUMBER_INJURED,PARTY_COUNT,PRIMARY_COLL_FACTOR,PCF_CODE_OF_VIOL,PCF_VIOL_CATEGORY,PCF_VIOLATION,PCF_VIOL_SUBSECTION,HIT_AND_RUN,TYPE_OF_COLLISION,MVIW,PED_ACTION,ROAD_SURFACE,ROAD_COND_1,ROAD_COND_2,LIGHTING,CONTROL_DEVICE,CHP_ROAD_TYPE,PEDESTRIAN_ACCIDENT,BICYCLE_ACCIDENT,MOTORCYCLE_ACCIDENT,TRUCK_ACCIDENT,NOT_PRIVATE_PROPERTY,ALCOHOL_INVOLVED,STWD_VEHTYPE_AT_FAULT,CHP_VEHTYPE_AT_FAULT,COUNT_SEVERE_INJ,COUNT_VISIBLE_INJ,COUNT_COMPLAINT_PAIN,COUNT_PED_KILLED,COUNT_PED_INJURED,COUNT_BICYCLIST_KILLED,COUNT_BICYCLIST_INJURED,COUNT_MC_KILLED,COUNT_MC_INJURED,PRIMARY_RAMP,SECONDARY_RAMP,LATITUDE,LONGITUDE,COUNTY,CITY,POINT_X,POINT_Y
7014918,2014,2015-08-12,3801,2014-07-16,0507,004302,,3,5,7,3801,0,0,0,,0,3A12E,"CALIFORNIA ST","SANSOME ST",0.00,,Y,A,-,N,,,,,,,,,,N,4,0,1,2,A,-,12,21457,A,N,D,G,A,A,H,-,C,A,0,,Y,,,Y,,L,04,0,0,1,0,0,0,1,0,0,"- ","- ",,,"SAN FRANCISCO","SAN FRANCISCO",-122.40113998,37.79309997
7014950,2014,2015-08-12,3801,2014-07-28,0957,351,SOUTH,1,5,7,3801,0,0,0,,0,3B3A,"HYDE ST","MARKET ST",0.00,,Y,A,-,N,,,,,,,,,,N,4,0,1,2,D,-,00,,,N,C,G,A,A,H,-,A,A,0,,Y,,,Y,,-,"- ",0,0,1,0,0,0,1,0,0,"- ","- ",,,"SAN FRANCISCO","SAN FRANCISCO",-122.41475996,37.778709880000001
7014953,2014,2015-08-12,3801,2014-07-13,1638,004375,,7,5,7,3801,0,0,0,,0,3G13D,"CROSSOVER DR","MARTIN LUTHER KING DR",0.00,,Y,A,-,N,,,,,,,,,,N,3,0,1,2,A,-,09,21800,A,N,D,G,A,A,H,-,A,A,0,,Y,,,Y,,A,01,0,1,0,0,0,0,1,0,0,"- ","- ",,,"SAN FRANCISCO","SAN FRANCISCO",-122.47737995999999,37.766039999999997
7014960,2014,2015-08-11,3801,2014-07-19,1237,001663,NORTH,6,5,7,3801,0,0,0,,0,3E12C,"LAGUNA ST","MARKET ST",14.00,N,N,A,-,N,,,,,,,,,,N,4,0,1,2,A,-,12,22450,A,N,D,G,A,A,H,-,A,D,0,,Y,,,Y,,L,04,0,0,1,0,0,0,1,0,0,"- ","- ",,,"SAN FRANCISCO","SAN FRANCISCO",-122.42490381,37.770766430000002
7014978,2014,2015-08-12,3801,2014-07-18,0900,1108,MISSI,5,5,7,3801,0,0,0,,0,901,"TOWNSEND ST","4TH ST",300.00,S,N,A,-,N,,,,,,,,,,N,4,0,1,2,A,-,02,21211,A,N,B,G,A,A,H,-,A,D,0,,Y,,,Y,,A,07,0,0,1,0,0,0,1,0,0,"- ","- ",,,"SAN FRANCISCO","SAN FRANCISCO",-122.39572496,37.776527860000002
7015004,2014,2015-08-12,3801,2014-07-09,0704,915,COJ,3,5,7,3801,0,0,0,,0,3JBA,"EDDY ST","83 EDDY ST",50.00,E,N,A,-,N,,,,,,,,,,Y,4,0,1,2,A,-,17,22517,,N,-,G,A,A,H,-,A,D,0,,Y,,,Y,,-,,0,0,1,0,0,0,1,0,0,"- ","- ",,,"SAN FRANCISCO","SAN FRANCISCO",,
7015019,2014,2015-08-12,3801,2014-07-22,1818,1582,MISSI,2,5,7,3801,0,0,0,,0,3D44C,"MISSION ST","15TH ST",150.00,S,N,A,-,N,,,,,,,,,,N,3,0,1,2,A,-,08,22107,,F,B,G,A,A,H,-,A,A,0,,Y,,,Y,,A,01,0,1,0,0,0,0,1,0,0,"- ","- ",,,"SAN FRANCISCO","SAN FRANCISCO",-122.41978159,37.766259060000003
7015031,2014,2015-08-12,3801,2014-07-03,1435,587,NORTH,4,5,7,3801,0,0,0,,0,3E11C,"FILLMORE ST","HAIGHT ST",2.00,N,N,A,-,N,,,,,,,,,,N,4,0,1,2,A,-,08,22107,,F,H,G,A,A,H,-,A,A,0,,Y,,,Y,,-,99,0,0,1,0,0,0,1,0,0,"- ","- ",,,"SAN FRANCISCO","SAN FRANCISCO",-122.43045084000001,37.772125449999997
7015043,2014,2015-08-12,3801,2014-06-13,1607,001848,TARAV,5,5,7,3801,0,0,0,,0,3I2D,"TARAVAL ST","21ST AV",16.00,W,N,A,-,N,,,,,,,,,,N,4,0,1,2,A,-,03,22350,,N,C,G,A,A,H,-,A,A,0,,Y,,,Y,,L,04,0,0,1,0,0,0,1,0,0,"- ","- ",,,"SAN FRANCISCO","SAN FRANCISCO",-122.47788529,37.742947950000001
7015048,2014,2015-08-18,3801,2014-06-13,2302,1826,BAYVI,5,5,7,3801,0,0,0,,0,3C15E,"LANE ST","VAN DYKE ST",0.00,,Y,A,-,N,,,,,,,,,,N,4,0,1,2,A,-,10,21950,C,N,D,G,A,A,H,-,C,A,0,,Y,,,Y,,-,,0,0,1,0,0,0,1,0,0,"- ","- ",,,"SAN FRANCISCO","SAN FRANCISCO",-122.39242994999999,37.729139979999999
7015057,2014,2015-08-12,3801,2014-06-28,1551,000183,SOUTH,6,5,7,3801,0,0,0,,0,3BQW2C,"5TH ST","FOLSOM ST",0.00,,Y,A,-,N,,,,,,,,,,N,4,0,1,2,A,-,08,22107,,N,B,G,A,A,H,-,A,A,0,,Y,,,Y,,A,01,0,0,1,0,0,0,1,0,0,"- ","- ",,,"SAN FRANCISCO","SAN FRANCISCO",-122.40339985999999,37.780269969999999
7015145,2014,2015-08-12,3801,2014-10-19,1530,002308,MISSI,7,5,7,3801,0,0,0,,0,3D74,"16TH ST","GUERRERO ST",0.00,,Y,A,-,N,,,,,,,,,,N,3,0,1,2,A,-,09,21801,A,F,D,G,A,A,H,-,A,A,0,,Y,,,Y,,A,01,0,1,0,0,0,0,1,0,0,"- ","- ",,,"SAN FRANCISCO","SAN FRANCISCO",-122.42409997,37.764779959999998
7015169,2014,2015-08-12,3801,2014-10-20,1545,27,CENTR,1,5,7,3801,0,0,0,,0,3A2C,"BEACH ST","GRANT AV",114.00,E,N,A,-,N,,,,,,,,,,N,4,0,1,2,A,-,12,21453,A,N,H,G,A,A,H,-,A,A,0,,Y,,,Y,,A,01,0,0,1,0,0,0,1,0,0,"- ","- ",,,"SAN FRANCISCO","SAN FRANCISCO",-122.40908,37.808129999999998
7015171,2014,2016-02-29,3801,2014-10-16,1220,2293,3B50,4,5,7,3801,0,0,0,,0,00B,"3RD ST","BERRY ST",0.00,,N,A,-,N,,,,,,,,,,,3,0,1,2,A,-,"- ",,,N,B,G,A,A,H,-,A,A,0,,Y,,,Y,,-,,0,1,0,0,0,0,1,0,0,"- ","- ",,,"SAN FRANCISCO","SAN FRANCISCO",-122.39110986999999,37.777529909999998
7015173,2014,2015-08-12,3801,2014-10-20,1758,931,RICHM,1,5,7,3801,0,0,0,,0,"3 CAR","9TH AV","CALIFORNIA ST",270.00,S,N,A,-,N,,,,,,,,,,N,3,0,1,2,A,-,09,21804,A,N,D,G,A,A,H,-,A,D,0,,Y,,,Y,,L,04,0,1,0,0,0,0,1,0,0,"- ","- ",,,"SAN FRANCISCO","SAN FRANCISCO",-122.46771421,37.78392959
7015195,2014,2015-08-12,3801,2014-10-18,0930,4096,PARK,6,5,7,3801,0,0,0,,0,4K6F,"CLAYTON ST","OAK ST",0.00,,Y,A,-,N,,,,,,,,,,N,4,0,1,2,A,-,12,21453,A,N,D,G,A,A,H,-,A,A,0,,Y,,,Y,,L,04,0,0,1,0,0,0,1,0,0,"- ","- ",,,"SAN FRANCISCO","SAN FRANCISCO",-122.44897994999999,37.771669989999999
7015219,2014,2015-08-19,3801,2014-10-27,0957,38,SOUTH,1,5,7,3801,0,0,0,,0,4CAR,"8TH ST","HARRISON ST",23.00,N,N,A,-,N,,,,,,,,,,N,3,0,1,2,A,-,"- ",,,N,B,G,A,A,H,-,A,A,0,,Y,,,Y,,L,04,0,1,0,0,0,0,1,0,0,"- ","- ",,,"SAN FRANCISCO","SAN FRANCISCO",-122.40858437999999,37.773806139999998
7015221,2014,2015-09-01,3801,2014-10-08,1116,2045,J,3,5,7,3801,0,0,0,,0,3J12A,"GOLDEN GATE AV","HYDE ST",0.00,,Y,A,-,N,,,,,,,,,,N,3,0,1,2,A,-,09,21453,B,N,H,G,A,A,H,-,A,A,0,,Y,,,Y,,-,,0,1,0,0,0,0,1,0,0,"- ","- ",,,"SAN FRANCISCO","SAN FRANCISCO",-122.41549995,37.781649909999999
7015229,2014,2015-08-13,3801,2014-10-08,1640,195,NORTH,3,5,7,3801,0,0,0,,0,3E14D,"STEINER ST","SUTTER ST",0.00,,Y,A,-,N,,,,,,,,,,N,3,0,1,2,A,-,12,22450,A,N,D,G,A,A,H,-,A,A,0,,Y,,,Y,,L,04,0,1,0,0,0,0,1,0,0,"- ","- ",,,"SAN FRANCISCO","SAN FRANCISCO",-122.43489993999999,37.785889990000001
7015240,2014,2015-08-13,3801,2014-10-22,0817,132,RICHM,3,5,7,3801,0,0,0,,0,4K5G,"BALBOA ST","34TH AV",0.00,,Y,A,-,N,,,,,,,,,,Y,2,0,1,2,A,-,09,21801,A,F,D,G,A,A,H,-,A,A,0,,Y,,,Y,,A,07,1,0,0,0,0,0,1,0,0,"- ","- ",,,"SAN FRANCISCO","SAN FRANCISCO",-122.49412,37.775869980000003
7015267,2014,2015-08-11,3801,2014-10-02,1745,1849,SOUTH,4,5,7,3801,0,0,0,,0,3B00,"THE EMBARCADERO","HARRISON ST",0.00,,Y,A,-,N,,,,,,,,,,N,3,0,1,2,A,-,17,21209,A,M,C,G,A,A,H,-,A,D,0,,Y,Y,,Y,,C,02,0,1,0,0,0,0,1,0,0,"- ","- ",,,"SAN FRANCISCO","SAN FRANCISCO",-122.38860987,37.789499990000003
7019457,2015,2015-08-25,3801,2015-02-04,1431,01766,SOUTH,3,5,7,3801,0,0,0,,0,4K5G,"MARKET ST","POWELL ST",41.00,W,N,A,-,N,,,,,,,,,,N,4,0,1,2,A,-,03,22350,,N,B,G,A,A,H,-,A,A,0,,Y,,,Y,,L,04,0,0,1,0,0,0,1,0,0,"- ","- ",,,"SAN FRANCISCO","SAN FRANCISCO",-122.40766524999999,37.784292669999999
7019469,2015,2015-08-25,3801,2015-02-27,0630,2127,INGLE,5,5,7,3801,0,0,0,,0,4K1ER,"MONTEREY BL","BADEN ST",0.00,,Y,A,-,N,,,,,,,,,,N,3,0,1,2,A,-,12,22450,A,N,D,G,A,A,H,-,A,A,0,,Y,,,Y,,L,04,0,1,0,0,0,0,1,0,0,"- ","- ",,,"SAN FRANCISCO","SAN FRANCISCO",-122.43972998,37.731609939999998
7022908,2014,2015-08-13,3801,2014-07-08,1459,552,3B61,2,5,7,3801,0,0,0,,0,COB,STEVENSON,"6TH ST",0.00,,Y,A,-,N,,,,,,,,,,,4,0,1,2,A,-,05,21202,A,N,H,G,A,A,H,-,A,D,0,,Y,,,Y,,L,04,0,0,1,0,0,0,1,0,0,"- ","- ",,,"SAN FRANCISCO","SAN FRANCISCO",-122.40966991000001,37.781769910000001
7023485,2014,2015-08-19,3801,2014-07-29,0905,38,SOUTH,2,5,7,3801,0,0,0,,0,4CAR,"8TH ST","MINNA ST",0.00,,Y,A,-,N,,,,,,,,,,N,3,0,1,2,A,-,09,21803,A,F,B,G,A,A,H,-,A,D,0,,Y,,,Y,,-,,0,1,0,0,0,0,1,0,0,"- ","- ",,,"SAN FRANCISCO","SAN FRANCISCO",-122.41259999,37.777049900000002
7025139,2015,2015-09-02,3801,2015-04-21,1900,02122,CENTR,2,5,7,3801,0,0,0,,0,3A11D,"SUTTER ST","LEAVENWORTH ST",0.00,,Y,B,-,N,,,,,,,,,,N,4,0,1,2,A,-,06,21755,,N,B,G,A,A,H,-,B,A,0,,Y,,,Y,,I,10,0,0,1,0,0,0,1,0,0,"- ","- ",,,"SAN FRANCISCO","SAN FRANCISCO",-122.41517995,37.788379929999998
7025184,2015,2015-09-02,3801,2015-03-30,1730,2269,SOUTH,1,5,7,3801,0,0,0,,0,3B11D,"HOWARD ST","3RD ST",20.00,E,N,A,-,N,,,,,,,,,,N,4,0,1,2,A,-,04,21703,,N,C,G,A,A,H,-,A,A,0,,Y,,,Y,,-,,0,0,1,0,0,0,1,0,0,"- ","- ",,,"SAN FRANCISCO","SAN FRANCISCO",-122.40045060999999,37.785048500000002
7025402,2015,2015-08-22,3801,2015-03-26,0912,1487,,4,5,7,3801,0,0,0,,0,4K1F,"POST ST","MASON ST",150.00,W,N,B,-,N,,,,,,,,,,N,3,0,1,2,A,-,04,21703,,N,C,G,A,A,H,-,A,A,0,,Y,,,Y,,L,04,0,1,0,0,0,0,1,0,0,"- ","- ",,,"SAN FRANCISCO","SAN FRANCISCO",-122.41054398,37.787991529999999
7025404,2015,2015-08-22,3801,2015-03-14,1940,720,,6,5,7,3801,0,0,0,,0,3E11D,"STEINER ST","HAYES ST",0.00,,N,A,-,N,,,,,,,,,,N,3,0,1,1,B,-,22,,,N,H,A,A,A,H,-,C,D,0,,Y,,,Y,,L,04,0,1,0,0,0,0,1,0,0,"- ","- ",,,"SAN FRANCISCO","SAN FRANCISCO",-122.43282994,37.77560999
7025436,2015,2015-08-22,3801,2015-03-09,2019,981,,1,5,7,3801,0,0,0,,0,3B5D,"11TH ST","HOWARD ST",0.00,,Y,A,-,N,,,,,,,,,,N,4,0,1,1,A,-,03,22350,,N,H,A,A,-,H,-,C,A,0,,Y,,,Y,,L,04,0,0,1,0,0,0,1,0,0,"- ","- ",,,"SAN FRANCISCO","SAN FRANCISCO",-122.41556991,37.773119880000003
7025450,2015,2015-08-22,3801,2015-03-19,1641,004326,SOUTH,4,5,7,3801,0,0,0,,0,002,"MARKET ST","MASON ST",0.00,,Y,A,-,N,,,,,,,,,,N,3,0,1,1,A,-,05,21202,A,N,H,I,A,A,H,-,A,A,0,,Y,,,Y,,L,04,0,1,0,0,0,0,1,0,0,"- ","- ",,,"SAN FRANCISCO","SAN FRANCISCO",-122.40907996999999,37.783229919999997
7025462,2015,2015-08-22,3801,2015-03-04,1450,001994,NORTH,3,5,7,3801,0,0,0,,0,4K8E,"YACHT ROAD 1","MARINA BL",29.00,N,N,A,-,N,,,,,,,,,,N,4,0,1,2,A,-,12,22450,A,N,D,G,A,A,H,-,A,A,0,,Y,,,Y,,L,04,0,0,1,0,0,0,1,0,0,"- ","- ",,,"SAN FRANCISCO","SAN FRANCISCO",-122.44831592,37.804824429999996
7025522,2015,2015-08-22,3801,2015-04-02,0609,1882,RICHM,4,5,7,3801,0,0,0,,0,3G60,"FULTON ST","8TH AV",0.00,,Y,A,-,N,,,,,,,,,,N,3,0,2,2,A,-,12,21453,A,N,D,G,A,A,H,-,C,A,0,,Y,,,Y,,A,01,0,1,1,0,0,0,1,0,0,"- ","- ",,,"SAN FRANCISCO","SAN FRANCISCO",-122.46587996,37.77337996
7025589,2015,2015-08-22,3801,2015-04-20,1211,000205,BAYVI,1,5,7,3801,0,0,0,,0,0C5,"LANE ST","REVERE AV",0.00,,Y,A,-,N,,,,,,,,,,N,4,0,1,2,A,-,12,22450,A,F,D,G,A,A,H,-,A,A,0,,Y,,,Y,,-,,0,0,1,0,0,0,1,0,0,"- ","- ",,,"SAN FRANCISCO","SAN FRANCISCO",-122.39017994,37.731669979999999
7025878,2014,2016-01-13,3801,2014-08-23,2020,001660,CENTR,6,5,7,3801,0,0,0,,0,3A14E,"THE EMBARCADERO","GREEN ST",0.00,,Y,A,-,N,,,,,,,,,,N,2,0,1,2,A,-,09,21453,B,N,D,G,A,A,H,-,B,A,0,,Y,,,Y,,A,01,1,0,0,0,0,0,1,0,0,"- ","- ",,,"SAN FRANCISCO","SAN FRANCISCO",-122.39921988,37.800839910000001
7025879,2014,2015-08-14,3801,2014-08-23,1605,1485,,6,5,7,3801,0,0,0,,0,3F00,"JOHN F KENNEDY DR","CHAIN OF LAKES DR",0.00,E,N,F,-,N,,,,,,,,,,N,3,0,1,2,A,-,03,22350,,N,D,G,A,-,G,-,-,D,0,,Y,,,Y,,L,04,0,1,0,0,0,0,1,0,0,"- ","- ",,,"SAN FRANCISCO","SAN FRANCISCO",-122.50051997,37.768159900000001
7027451,2015,2015-08-24,3801,2015-04-14,1617,1108,SOUTH,2,5,7,3801,0,0,0,,0,5CAR,"BRANNAN ST","DELANCY ST",60.00,E,N,A,-,N,,,,,,,,,,N,3,0,1,2,A,-,07,21658,A,N,D,G,A,A,H,-,A,D,0,,Y,,,Y,,A,01,0,1,0,0,0,0,1,0,0,"- ","- ",,,"SAN FRANCISCO","SAN FRANCISCO",-122.38968334,37.783726710000003
7027455,2015,2015-08-24,3801,2015-04-02,1740,000320,PARK,4,5,7,3801,0,0,0,,0,4B7E,"FELL ST","SCOTT ST",92.00,E,N,A,-,N,,,,,,,,,,Y,2,0,3,7,A,-,08,22107,,F,C,C,A,A,H,-,A,A,0,,Y,,,Y,,A,07,1,2,0,0,0,0,3,0,0,"- ","- ",,,"SAN FRANCISCO","SAN FRANCISCO",-122.43562566,37.774310249999999
7027477,2015,2015-08-24,3801,2015-04-22,0823,000680,NORTH,3,5,7,3801,0,0,0,,0,2CAR,"WEBSTER ST",FULTON,4.00,W,N,B,-,N,,,,,,,,,,N,4,0,1,2,A,-,03,22350,,N,D,G,A,A,H,-,A,A,0,,Y,,,Y,,L,04,0,0,1,0,0,0,1,0,0,"- ","- ",,,"SAN FRANCISCO","SAN FRANCISCO",-122.42991232999999,37.777920829999999
7027495,2015,2015-08-24,3801,2015-04-03,1921,001644,,5,5,7,3801,0,0,0,,0,,"MARKET ST","JONES ST",0.00,,Y,A,-,N,,,,,,,,,,N,3,0,1,2,A,-,00,21760,B,N,B,G,A,A,H,-,A,A,0,,Y,,,Y,,A,01,0,1,0,0,0,0,1,0,0,"- ","- ",,,"SAN FRANCISCO","SAN FRANCISCO",-122.41197993999999,37.780909919999999
7027500,2015,2015-09-01,3801,2015-04-01,1300,2450,SOUTH,3,5,7,3801,0,0,0,,0,3B12C,"BERRY ST","5TH ST",79.00,E,N,A,-,N,,,,,,,,,,N,4,0,1,2,A,-,17,22517,,N,H,G,A,A,H,-,A,-,0,,Y,,,Y,,A,01,0,0,1,0,0,0,1,0,0,"- ","- ",,,"SAN FRANCISCO","SAN FRANCISCO",-122.39535623,37.774183110000003
7027506,2015,2015-08-21,3801,2015-04-22,1045,1572,SOUTH,3,5,7,3801,0,0,0,,0,3B1A,"2ND ST","MARKET ST",0.00,,N,A,-,N,,,,,,,,,,N,4,0,1,2,A,-,17,22517,,N,B,G,A,A,H,-,A,A,0,,Y,,,Y,,-,,0,0,1,0,0,0,1,0,0,"- ","- ",,,"SAN FRANCISCO","SAN FRANCISCO",-122.40139995,37.789239940000002
7027756,2015,2015-10-02,3801,2015-04-30,1506,1475,PARK,4,5,7,3801,0,0,0,,0,3F14D,"FELL ST","DIVISADERO ST",0.00,,Y,A,-,N,,,,,,,,,,N,4,0,1,2,A,-,08,22107,,N,B,G,A,A,H,-,A,A,0,,Y,,,Y,,L,04,0,0,1,0,0,0,1,0,0,"- ","- ",,,"SAN FRANCISCO","SAN FRANCISCO",-122.43759986000001,37.774059899999997
7029111,2015,2015-09-01,3801,2015-06-29,0915,1043,SOUTH,1,5,7,3801,0,0,0,,0,3B60,"TOWNSEND ST","LUSK ST",10.00,W,N,A,-,N,,,,,,,,,,N,4,0,1,2,A,-,17,22517,,N,H,G,A,A,H,-,A,A,0,,Y,,,Y,,I,11,0,0,1,0,0,0,1,0,0,"- ","- ",,,"SAN FRANCISCO","SAN FRANCISCO",-122.39392476,37.777930810000001
7029345,2015,2015-08-26,3801,2015-06-24,1703,1423,BAYVI,3,5,7,3801,0,0,0,,0,3C13D,"16TH ST","ARKANSAS ST",0.00,,Y,A,-,N,,,,,,,,,,N,4,0,1,1,D,-,00,,,N,G,A,A,A,H,-,A,D,0,,Y,,,Y,,-,"- ",0,0,1,0,0,0,1,0,0,"- ","- ",,,"SAN FRANCISCO","SAN FRANCISCO",-122.39879990999999,37.766319930000002
7029355,2015,2015-08-31,3801,2015-06-09,1530,1515,NORTH,2,5,7,3801,0,0,0,,0,3E11C,"MARKET ST","4TH ST",0.00,,Y,A,-,N,,,,,,,,,,N,3,0,1,2,A,-,17,22517,,N,E,G,A,A,H,-,A,D,0,,Y,,,Y,,A,01,0,1,0,0,0,0,1,0,0,"- ","- ",,,"SAN FRANCISCO","SAN FRANCISCO",-122.40588997,37.785699899999997
7032740,2015,2015-08-28,3801,2015-05-02,1203,001766,,6,5,7,3801,0,0,0,,0,4K5G,"OAKDALE AV","NEWHALL ST",26.00,W,N,A,-,N,,,,,,,,,,N,2,0,1,3,A,-,12,22450,A,N,D,E,A,A,H,-,A,A,0,,Y,,,Y,,L,04,1,0,0,0,0,0,1,0,0,"- ","- ",,,"SAN FRANCISCO","SAN FRANCISCO",-122.39225451999999,37.735709989999997
7032790,2015,2015-09-10,3801,2015-05-14,1505,02147,CENTR,4,5,7,3801,0,0,0,,0,3A14D,"EMBARCADERO NORTH ST","KEARNY ST",5.00,E,N,A,-,N,,,,,,,,,,N,3,0,1,2,D,-,00,,,N,B,G,A,A,H,-,A,A,0,,Y,,,Y,,-,"- ",0,1,0,0,0,0,1,0,0,"- ","- ",,,"SAN FRANCISCO","SAN FRANCISCO",-122.40727812,37.807362509999997
7032801,2015,2015-08-20,3801,2015-05-07,2102,001459,NORTH,4,5,7,3801,0,0,0,,0,3E13E,"TURK ST","GOUGH ST",0.00,,Y,A,-,N,,,,,,,,,,N,3,0,1,2,A,-,08,22100,A,N,D,G,A,A,H,-,C,A,0,,Y,,,Y,,A,07,0,1,0,0,0,0,1,0,0,"- ","- ",,,"SAN FRANCISCO","SAN FRANCISCO",-122.42391991,37.781529919999997
7032810,2015,2015-08-20,3801,2015-05-30,1313,2450,MISSI,6,5,7,3801,0,0,0,,0,3D14,"MISSION ST","26TH ST",0.00,,Y,A,-,N,,,,,,,,,,N,3,0,1,2,A,-,12,21457,A,F,D,G,A,A,H,-,A,A,0,,Y,,,Y,,A,01,0,1,0,0,0,0,1,0,0,"- ","- ",,,"SAN FRANCISCO","SAN FRANCISCO",-122.41813993,37.749059950000003
7032828,2015,2015-08-20,3801,2015-05-13,1710,1485,,3,5,7,3801,0,0,0,,0,13D,"MASONIC AV","FELL ST",0.00,,Y,A,-,N,,,,,,,,,,N,4,0,1,2,A,-,17,21451,A,F,D,G,A,A,H,-,A,A,0,,Y,,,Y,,L,04,0,0,1,0,0,0,1,0,0,"- ","- ",,,"SAN FRANCISCO","SAN FRANCISCO",-122.44591997000001,37.772979970000002
7032877,2015,2015-08-20,3801,2015-05-01,0808,000076,,5,5,7,3801,0,0,0,,0,3E12E,"FILLMORE ST","MCALLISTER ST",0.00,,Y,A,-,N,,,,,,,,,,N,3,0,1,2,A,-,09,21801,A,M,D,G,A,A,H,-,A,A,0,,Y,,,Y,,-,99,0,1,0,0,0,0,1,0,0,"- ","- ",,,"SAN FRANCISCO","SAN FRANCISCO",-122.43174987,37.778639890000001
7032936,2015,2015-08-19,3801,2015-05-31,2336,1400,MISSI,7,5,7,3801,0,0,0,,0,903,"VALENCIA ST","18TH ST",117.00,N,N,A,-,N,,,,,,,,,,Y,2,0,1,4,A,-,01,23152,A,F,C,G,A,A,H,-,C,D,0,,Y,,,Y,Y,A,01,1,0,0,0,0,0,1,0,0,"- ","- ",,,"SAN FRANCISCO","SAN FRANCISCO",-122.42159431,37.762030260000003
7034594,2015,2015-08-22,3801,2015-01-31,1946,2294,PARK,6,5,7,3801,0,0,0,,0,3F11D,"MASONIC AV","OAK ST",0.00,,Y,A,-,N,,,,,,,,,,N,2,0,1,2,A,-,09,21801,A,N,D,G,A,A,H,-,C,A,0,,Y,,,Y,,A,01,1,0,0,0,0,0,1,0,0,"- ","- ",,,"SAN FRANCISCO","SAN FRANCISCO",-122.44574996,37.772079900000001
7034599,2015,2015-08-22,3801,2015-01-22,1803,000995,INGLE,4,5,7,3801,0,0,0,,0,3H14D,"OCEAN AV","SAN JOSE AV",172.00,E,N,A,-,N,,,,,,,,,,N,3,0,1,2,A,-,08,22107,,N,B,G,A,A,H,-,C,D,0,,Y,,,Y,,A,08,0,1,0,0,0,0,1,0,0,"- ","- ",,,"SAN FRANCISCO","SAN FRANCISCO",-122.44422011,37.722991010000001
7034635,2015,2015-08-25,3801,2015-01-24,0923,001360,MISS,6,5,7,3801,0,0,0,,0,3D14A,"24TH ST","LILAC ST",0.00,,Y,A,-,N,,,,,,,,,,N,4,0,1,2,A,-,17,22517,,N,B,G,A,A,H,-,A,-,0,,Y,,,Y,,A,01,0,0,1,0,0,0,1,0,0,"- ","- ",,,"SAN FRANCISCO","SAN FRANCISCO",-122.41787997,37.752279940000001
7034751,2015,2015-08-22,3801,2015-02-19,2139,000181,MISSI,4,5,7,3801,0,0,0,,0,901,"CHURCH ST","17TH ST",0.00,,Y,A,-,N,,,,,,,,,,N,4,0,1,2,A,-,09,21801,A,N,B,G,A,A,H,-,C,A,0,,Y,,,Y,,A,01,0,0,1,0,0,0,1,0,0,"- ","- ",,,"SAN FRANCISCO","SAN FRANCISCO",-122.42850995000001,37.762879929999997
7034789,2015,2015-08-22,3801,2015-02-07,0940,002256,TARAV,6,5,7,3801,0,0,0,,0,3I11B,"JOHN F KENNEDY DR","NANCY PELOSI DR",0.00,,Y,A,-,N,,,,,,,,,,N,2,0,1,3,A,-,08,22107,,N,H,G,A,A,H,-,A,D,0,,Y,,,Y,,-,,1,0,0,0,0,0,1,0,0,"- ","- ",,,"SAN FRANCISCO","SAN FRANCISCO",-122.4591705,37.771298999999999
7035145,2014,2015-09-18,3801,2014-12-02,1918,004341,SOUTH,2,5,7,3801,0,0,0,,0,3B12D,"BRANNAN ST","6TH ST",0.00,,Y,C,-,N,,,,,,,,,,N,4,0,1,2,A,-,12,21453,A,N,D,G,A,B,H,-,C,A,0,,Y,,,Y,,L,04,0,0,1,0,0,0,1,0,0,"- ","- ",,,"SAN FRANCISCO","SAN FRANCISCO",-122.40095986,37.774829949999997
7035314,2014,2015-08-21,3801,2014-12-15,2019,000209,NORTH,1,5,7,3801,0,0,0,,0,3E2,"GROVE ST","OCTAVIA ST",174.00,E,N,C,-,N,,,,,,,,,,N,3,0,1,2,A,-,21,22106,,N,D,G,A,B,H,-,D,D,0,,Y,,,Y,Y,A,01,0,1,0,0,0,0,1,0,0,"- ","- ",,,"SAN FRANCISCO","SAN FRANCISCO",-122.42421401,37.77768863