CASE_ID,ACCIDENT_YEAR,PROC_DATE,JURIS,COLLISION_DATE,COLLISION_TIME,OFFICER_ID,REPORTING_DISTRICT,DAY_OF_WEEK,CHP_SHIFT,POPULATION,CNTY_CITY_LOC,SPECIAL_COND,BEAT_TYPE,CHP_BEAT_TYPE,CITY_DIVISION_LAPD,CHP_BEAT_CLASS,BEAT_NUMBER,PRIMARY_RD,SECONDARY_RD,DISTANCE,DIRECTION,INTERSECTION,WEATHER_1,WEATHER_2,STATE_HWY_IND,CALTRANS_COUNTY,CALTRANS_DISTRICT,STATE_ROUTE,ROUTE_SUFFIX,POSTMILE_PREFIX,POSTMILE,LOCATION_TYPE,RAMP_INTERSECTION,SIDE_OF_HWY,TOW_AWAY,COLLISION_SEVERITY,NUMBER_KILLED,NUMBER_INJURED,PARTY_COUNT,PRIMARY_COLL_FACTOR,PCF_CODE_OF_VIOL,PCF_VIOL_CATEGORY,PCF_VIOLATION,PCF_VIOL_SUBSECTION,HIT_AND_RUN,TYPE_OF_COLLISION,MVIW,PED_ACTION,ROAD_SURFACE,ROAD_COND_1,ROAD_COND_2,LIGHTING,CONTROL_DEVICE,CHP_ROAD_TYPE,PEDESTRIAN_ACCIDENT,BICYCLE_ACCIDENT,MOTORCYCLE_ACCIDENT,TRUCK_ACCIDENT,NOT_PRIVATE_PROPERTY,ALCOHOL_INVOLVED,STWD_VEHTYPE_AT_FAULT,CHP_VEHTYPE_AT_FAULT,COUNT_SEVERE_INJ,COUNT_VISIBLE_INJ,COUNT_COMPLAINT_PAIN,COUNT_PED_KILLED,COUNT_PED_INJURED,COUNT_BICYCLIST_KILLED,COUNT_BICYCLIST_INJURED,COUNT_MC_KILLED,COUNT_MC_INJURED,PRIMARY_RAMP,SECONDARY_RAMP,LATITUDE,LONGITUDE,COUNTY,CITY,POINT_X,POINT_Y
7035317,2014,2016-02-29,3801,2014-12-19,1709,004353,MISSI,5,5,7,3801,0,0,0,,0,1600,"MISSION ST","17TH ST",0.00,,Y,A,-,N,,,,,,,,,,N,4,0,1,2,A,-,12,21453,A,N,D,G,A,B,H,-,C,A,0,,Y,,,Y,,L,04,0,0,1,0,0,0,1,0,0,"- ","- ",,,"SAN FRANCISCO","SAN FRANCISCO",-122.41949991,37.76341996
7035631,2015,2015-08-28,3801,2015-01-17,0209,000796,NORTH,6,5,7,3801,0,0,0,,0,3E12E,"POLK ST","TURK ST",0.00,,Y,A,-,N,,,,,,,,,,N,3,0,1,2,A,-,08,22107,,N,D,G,A,A,H,-,C,A,0,,Y,,,Y,,A,01,0,1,0,0,0,0,1,0,0,"- ","- ",,,"SAN FRANCISCO","SAN FRANCISCO",-122.41899994000001,37.782169969999998
7035774,2014,2015-08-29,3801,2014-11-20,2022,4265,SOUTH,4,5,7,3801,0,0,0,,0,3B5D,"MARKET ST","STOCKTON ST",0.00,,Y,C,-,N,,,,,,,,,,N,3,0,1,2,A,-,12,21453,A,N,B,G,A,B,G,-,C,A,0,,Y,,,Y,,L,04,0,1,0,0,0,0,1,0,0,"- ","- ",,,"SAN FRANCISCO","SAN FRANCISCO",-122.40588997,37.785699899999997
7035841,2014,2015-08-21,3801,2014-11-28,1600,00302,NORTH,5,5,7,3801,0,0,0,,0,3E14D,"CALIFORNIA ST","STEINER ST",33.00,E,N,A,-,N,,,,,,,,,,N,3,0,1,2,A,-,17,22517,,N,H,G,A,A,H,-,A,D,0,,Y,,,Y,,A,01,0,1,0,0,0,0,1,0,0,"- ","- ",,,"SAN FRANCISCO","SAN FRANCISCO",-122.43537705,37.788723529999999
7035865,2014,2015-08-21,3801,2014-11-07,1750,4086,PARKS,5,5,7,3801,0,0,0,,0,3F13D,"LAGUNA HONDA BL","LAGUNA HONDA BL 375",15.00,N,N,A,-,N,,,,,,,,,,N,4,0,1,2,A,-,09,21801,B,N,D,G,A,A,H,-,C,D,0,,Y,,,Y,,L,04,0,0,1,0,0,0,1,0,0,"- ","- ",,,"SAN FRANCISCO","SAN FRANCISCO",-122.45915294,37.748415340000001
7035868,2014,2015-08-21,3801,2014-11-15,1216,1043,COJ,6,5,7,3801,0,0,0,,0,4K6H,"TURK ST","JONES ST",0.00,,Y,A,-,N,,,,,,,,,,N,3,0,1,1,A,-,17,21200,,N,E,I,A,A,H,-,A,A,0,,Y,,,Y,,L,04,0,1,0,0,0,0,1,0,0,"- ","- ",,,"SAN FRANCISCO","SAN FRANCISCO",-122.41240990999999,37.782999940000003
7035874,2014,2015-08-21,3801,2014-11-15,1334,1882,RICHM,6,5,7,3801,0,0,0,,0,3G60,"MARTIN LUTHER KING DR","BERNICE RODGERS WY",500.00,W,N,A,-,N,,,,,,,,,,N,3,0,1,1,C,-,18,,,N,E,J,A,A,H,-,A,D,0,,Y,,,Y,,-,"- ",0,1,0,0,0,0,1,0,0,"- ","- ",,,"SAN FRANCISCO","SAN FRANCISCO",-122.50598728,37.76544346
7035901,2014,2015-08-24,3801,2014-11-28,1630,04208,BAYVI,5,5,7,3801,0,0,0,,0,03C,"FELTON ST","GOETTINGEN ST",0.00,,Y,A,-,N,,,,,,,,,,N,4,0,1,2,A,-,12,22450,A,N,D,G,A,A,H,-,B,A,0,,Y,,,Y,,L,04,0,0,1,0,0,0,1,0,0,"- ","- ",,,"SAN FRANCISCO","SAN FRANCISCO",-122.40754986,37.729259999999996
7035938,2014,2015-08-21,3801,2014-11-13,0725,30,NORTH,4,5,7,3801,0,0,0,,0,3E6A,"PAGE ST","OCTAVIA BL",192.00,W,N,C,-,N,,,,,,,,,,N,3,0,1,2,A,-,08,22107,,N,B,G,A,B,H,-,B,D,0,,Y,,,Y,,D,22,0,1,0,0,0,0,1,0,0,"- ","- ",,,"SAN FRANCISCO","SAN FRANCISCO",-122.42476478,37.773790130000002
7035952,2014,2015-08-21,3801,2014-11-20,1543,004256,BAYVI,4,5,7,3801,0,0,0,,0,3C15D,"17TH ST","CONNECTICUT ST",0.00,,Y,C,-,N,,,,,,,,,,N,4,0,1,2,A,-,09,21802,A,N,D,G,A,B,H,-,A,A,0,,Y,,,Y,,A,01,0,0,1,0,0,0,1,0,0,"- ","- ",,,"SAN FRANCISCO","SAN FRANCISCO",-122.39774991,37.765069920000002
7035999,2014,2015-08-25,3801,2014-11-16,0946,983,BAYVI,7,5,7,3801,0,0,0,,0,3C12A,"PALOU AV","RANKIN ST",38.00,W,N,A,-,N,,,,,,,,,,N,2,0,1,1,A,-,03,22350,,N,H,-,A,A,H,-,A,A,0,,Y,,,Y,,L,04,1,0,0,0,0,0,1,0,0,"- ","- ",,,"SAN FRANCISCO","SAN FRANCISCO",-122.39848732,37.738280279999998
7037403,2015,2016-07-25,3801,2015-07-28,1220,1396,NORTH,2,5,7,3801,0,0,0,,0,3E14C,"SCOTT ST","PAGE ST",113.00,N,N,A,-,N,,,,,,,,,,N,2,0,1,2,A,-,21,22106,,N,D,G,A,A,H,-,A,D,0,,Y,,,Y,,A,01,1,0,0,0,0,0,1,0,0,"- ","- ",,,"SAN FRANCISCO","SAN FRANCISCO",-122.43564394000001,37.772726249999998
7037414,2015,2015-09-09,3801,2015-07-14,1810,001544,CENTR,2,5,7,3801,0,0,0,,0,3A12D,"POWELL ST","POST ST",0.00,,Y,A,-,N,,,,,,,,,,N,3,0,1,2,A,-,03,22350,,N,B,G,A,A,H,-,A,A,0,,Y,,,Y,,L,04,0,1,0,0,0,0,1,0,0,"- ","- ",,,"SAN FRANCISCO","SAN FRANCISCO",-122.40839999000001,37.788289919999997
7037663,2014,2015-08-26,3801,2014-11-06,0645,1947,NORTH,4,5,7,3801,0,0,0,,0,3E12A,"STEINER ST","MCALLISTER ST",0.00,,Y,B,-,N,,,,,,,,,,N,3,0,1,2,A,-,12,22450,A,N,D,G,A,A,H,-,A,D,0,,Y,,,Y,,L,04,0,1,0,0,0,0,1,0,0,"- ","- ",,,"SAN FRANCISCO","SAN FRANCISCO",-122.43339988,37.778419919999997
7038575,2015,2015-08-28,3801,2015-07-20,1036,673,CENTR,1,5,7,3801,0,0,0,,0,3A14A,"BEACH ST","POWELL ST",0.00,,Y,A,-,N,,,,,,,,,,N,4,0,1,2,D,-,00,,,N,D,G,A,A,H,-,A,A,0,,Y,,,Y,,-,"- ",0,0,1,0,0,0,1,0,0,"- ","- ",,,"SAN FRANCISCO","SAN FRANCISCO",-122.41231997,37.807699929999998
7038586,2015,2015-08-27,3801,2015-07-09,0855,00442,,4,5,7,3801,0,0,0,,0,001,"POST ST","TAYLOR RD",0.00,,Y,A,-,N,,,,,,,,,,N,3,0,1,3,A,-,12,21453,A,N,D,G,A,A,H,-,A,A,0,,Y,,,Y,,L,04,0,1,0,0,0,0,1,0,0,"- ","- ",,,"SAN FRANCISCO","SAN FRANCISCO",-122.41169988999999,37.78785997
7038632,2015,2015-08-27,3801,2015-07-29,1140,4116,INGLE,3,5,7,3801,0,0,0,,0,3H13C,"PERSIA AV","LONDON ST",0.00,,Y,A,-,N,,,,,,,,,,N,3,0,1,3,A,-,12,22450,A,N,D,G,A,A,H,-,A,A,0,,Y,,,Y,,L,04,0,1,0,0,0,0,1,0,0,"- ","- ",,,"SAN FRANCISCO","SAN FRANCISCO",-122.43517987,37.722759879999998
7038683,2015,2015-08-27,3801,2015-07-30,1207,002163,COG,4,5,7,3801,0,0,0,,0,3G5A,"GEARY BL","ST JOSEPHS AV",13.00,N,N,A,-,N,,,,,,,,,,N,4,0,1,2,A,-,03,22350,,N,C,G,A,A,H,-,A,A,0,,Y,,,Y,,L,04,0,0,1,0,0,0,1,0,0,"- ","- ",,,"SAN FRANCISCO","SAN FRANCISCO",-122.44272562,37.782815880000001
7038705,2015,2015-08-31,3801,2015-07-15,2255,4089,RICHM,3,5,7,3801,0,0,0,,0,0G2,"GEARY BL","PARKER AV",0.00,,Y,A,-,N,,,,,,,,,,N,4,0,1,2,A,-,12,21453,A,N,D,G,A,A,H,-,C,A,0,,Y,,,Y,,L,04,0,0,1,0,0,0,1,0,0,"- ","- ",,,"SAN FRANCISCO","SAN FRANCISCO",-122.45415997000001,37.78165997
7038716,2015,2015-08-27,3801,2015-07-18,2235,004285,SOUTH,6,5,7,3801,0,0,0,,0,3B1E,"OTIS ST","S VAN NESS AV",96.00,W,N,A,-,N,,,,,,,,,,N,4,0,1,2,A,-,08,22107,,N,B,G,A,A,H,-,C,D,0,,Y,,,Y,Y,L,04,0,0,1,0,0,0,1,0,0,"- ","- ",,,"SAN FRANCISCO","SAN FRANCISCO",-122.41887185,37.772929179999998
7039757,2015,2015-09-01,3801,2015-07-24,1540,2261,PARK,5,5,7,3801,0,0,0,,0,3F2D,"HAIGHT ST","CLAYTON ST",0.00,,Y,A,-,N,,,,,,,,,,N,3,0,1,2,A,-,03,22350,,N,G,B,B,A,H,-,A,D,0,Y,Y,,,Y,,L,04,0,1,0,0,1,0,0,0,0,"- ","- ",,,"SAN FRANCISCO","SAN FRANCISCO",-122.44857995,37.769799970000001
7040621,2015,2015-11-10,3801,2015-06-17,1124,1206,MISSI,3,5,7,3801,0,0,0,,0,,"LANDERS ST","ALERT ALY",0.00,,Y,A,-,N,,,,,,,,,,N,3,0,1,2,A,-,10,21950,A,F,D,B,B,A,H,-,A,D,0,Y,Y,,,Y,,L,04,0,1,0,0,1,0,0,0,0,"- ","- ",,,"SAN FRANCISCO","SAN FRANCISCO",-122.4276899,37.765639970000002
7040885,2015,2015-09-02,3801,2015-06-01,0728,0011892,SOUTH,1,5,7,3801,0,0,0,,0,3B5A,"9TH ST","BRANNAN ST",6.00,N,N,A,-,N,,,,,,,,,,N,4,0,1,2,A,-,17,21208,A,N,D,G,A,A,H,-,A,A,0,,Y,,,Y,Y,L,04,0,0,1,0,0,0,1,0,0,"- ","- ",,,"SAN FRANCISCO","SAN FRANCISCO",-122.40700467000001,37.77007167
7041372,2015,2015-09-03,3801,2015-05-20,1834,71,SOUTH,3,5,7,3801,0,0,0,,0,901,"TOWNSEND ST","LUSK ST",0.00,,Y,A,-,N,,,,,,,,,,N,3,0,1,1,A,-,03,22350,,N,H,J,A,A,H,-,A,A,0,,Y,,,Y,,L,04,0,1,0,0,0,0,1,0,0,"- ","- ",,,"SAN FRANCISCO","SAN FRANCISCO",-122.39389995000001,37.777949929999998
7041376,2015,2015-09-03,3801,2015-05-21,0930,654,PARK,4,5,7,3801,0,0,0,,0,3F14A,"GOLDEN GATE AV","PIERCE ST",127.00,W,N,A,-,N,,,,,,,,,,N,4,0,1,1,A,-,03,22350,,N,E,I,A,A,H,-,A,D,0,,Y,,,Y,,L,04,0,0,1,0,0,0,1,0,0,"- ","- ",,,"SAN FRANCISCO","SAN FRANCISCO",-122.43566378,37.779093570000001
7041420,2015,2015-09-03,3801,2015-05-26,1704,1230,SOUTH,2,5,7,3801,0,0,0,,0,5CAR,"BRYANT ST","5TH ST",152.00,W,N,A,-,N,,,,,,,,,,N,3,0,2,2,A,-,03,22350,,N,G,B,F,A,H,-,A,D,0,Y,Y,,,Y,,L,04,0,1,1,0,1,0,1,0,0,"- ","- ",,,"SAN FRANCISCO","SAN FRANCISCO",-122.40066695,37.77750872
7044573,2015,2015-09-10,3801,2015-07-22,2200,004302,BAYVI,3,5,7,3801,0,0,0,,0,3C15D,"BAYSHORE BL","COSTA ST",16.00,N,N,A,-,N,,,,,,,,,,N,3,0,1,2,A,-,"- ",,,N,G,B,F,A,G,-,C,D,0,Y,Y,,,Y,,L,04,0,1,0,0,1,0,0,0,0,"- ","- ",,,"SAN FRANCISCO","SAN FRANCISCO",-122.40443406999999,37.744312100000002
7050580,2015,2015-09-19,3801,2015-08-11,1545,002137,,2,5,7,3801,0,0,0,,0,002,"CONSERVATORY DR E","HAYES ST",44.00,S,N,A,-,N,,,,,,,,,,N,4,0,1,2,A,-,17,21209,A,N,A,G,A,A,H,-,A,D,0,,Y,,,Y,,D,22,0,0,1,0,0,0,1,0,0,"- ","- ",,,"SAN FRANCISCO","SAN FRANCISCO",,
7052199,2015,2016-02-18,3801,2015-08-12,1242,1096,SOUTH,3,5,7,3801,0,0,0,,0,1242,"BRANNAN ST","HARRIET ST",0.00,,Y,A,-,N,,,,,,,,,,Y,2,0,1,2,A,-,17,22517,,N,B,G,A,A,H,-,A,A,0,,Y,,,Y,,A,01,1,0,0,0,0,0,1,0,0,"- ","- ",,,"SAN FRANCISCO","SAN FRANCISCO",-122.40150989,37.774399959999997
7052220,2015,2015-09-18,3801,2015-08-09,0005,0295,MISSI,7,5,7,3801,0,0,0,,0,3D11E,"MARKET ST","OCTAVIA ST",0.00,,Y,A,-,N,,,,,,,,,,N,4,0,1,2,A,-,05,21650,1,N,D,G,A,A,H,-,C,A,0,,Y,,,Y,,L,04,0,0,1,0,0,0,1,0,0,"- ","- ",,,"SAN FRANCISCO","SAN FRANCISCO",-122.42358993000001,37.771779950000003
7052255,2015,2015-09-29,3801,2015-08-06,0728,86,TARAV,4,5,7,3801,0,0,0,,0,3116A,"ST CHARLES AV","ALEMANY BL",20.00,S,N,A,-,N,,,,,,,,,,N,3,0,1,2,A,-,09,21804,A,N,B,G,A,A,H,-,A,D,0,,Y,,,Y,,A,01,0,1,0,0,0,0,1,0,0,"- ","- ",,,"SAN FRANCISCO","SAN FRANCISCO",-122.46930999999999,37.71056506
7052276,2015,2015-09-18,3801,2015-08-05,1432,001994,SOUTH,3,5,7,3801,0,0,0,,0,4B4B,"TOWNSEND ST","8TH ST",56.00,W,N,A,-,N,,,,,,,,,,N,3,0,1,1,A,-,03,22350,,N,E,J,A,A,A,-,A,D,0,,Y,,,Y,,L,04,0,1,0,0,0,0,1,0,0,"- ","- ",,,"SAN FRANCISCO","SAN FRANCISCO",-122.40412205,37.76993238
7052294,2015,2015-09-18,3801,2015-08-09,0944,004272,MISSI,7,5,7,3801,0,0,0,,0,3D16A,"16TH ST","S VAN NESS AV",0.00,,Y,A,-,N,,,,,,,,,,N,4,0,1,2,A,-,08,22107,,N,A,G,A,A,H,-,A,A,0,,Y,,,Y,,A,01,0,0,1,0,0,0,1,0,0,"- ","- ",,,"SAN FRANCISCO","SAN FRANCISCO",-122.41748986,37.765179910000001
7052319,2015,2015-09-18,3801,2015-08-06,0815,2318,MISSI,4,5,7,3801,0,0,0,,0,901,"14TH ST","VAN NESS AV",25.00,W,N,A,-,N,,,,,,,,,,N,2,0,1,1,A,-,03,22350,,N,H,I,A,A,H,-,A,A,0,,Y,,,Y,,L,04,1,0,0,0,0,0,1,0,0,"- ","- ",,,"SAN FRANCISCO","SAN FRANCISCO",-122.41788621000001,37.768414249999999
7052330,2015,2015-09-21,3801,2015-08-19,2244,1438,COB,3,5,7,3801,0,0,0,,0,3CAR,"4TH ST","HOWARD ST",0.00,,Y,A,-,N,,,,,,,,,,N,4,0,1,2,A,-,08,22107,,F,D,G,A,A,H,-,C,A,0,,Y,,,Y,Y,A,01,0,0,1,0,0,0,1,0,0,"- ","- ",,,"SAN FRANCISCO","SAN FRANCISCO",-122.40269997999999,37.783269939999997
7052332,2015,2015-09-18,3801,2015-08-24,2200,001528,SOUTH,1,5,7,3801,0,0,0,,0,3B14E,"OCTAVIA BL","MARKET ST",0.00,,Y,A,-,N,,,,,,,,,,N,2,0,1,1,A,-,17,21200,,N,E,I,A,A,G,-,C,A,0,,Y,,,Y,,L,04,1,0,0,0,0,0,1,0,0,"- ","- ",,,"SAN FRANCISCO","SAN FRANCISCO",-122.42358993000001,37.771779950000003
7052347,2015,2015-09-18,3801,2015-08-27,1010,000289,3E3A,4,5,7,3801,0,0,0,,0,3E3A,"POLK ST","TURK ST",106.00,N,N,A,-,N,,,,,,,,,,N,3,0,1,2,A,-,09,21801,A,N,D,G,A,A,H,-,A,D,0,,Y,,,Y,,A,01,0,1,0,0,0,0,1,0,0,"- ","- ",,,"SAN FRANCISCO","SAN FRANCISCO",-122.4190569,37.782457669999999
7052393,2015,2015-09-21,3801,2015-08-18,0745,30,NORTH,2,5,7,3801,0,0,0,,0,3E1A,"HAIGHT ST","PIERCE ST",90.00,W,N,B,-,N,,,,,,,,,,N,4,0,1,1,A,-,03,22350,,N,F,A,A,A,H,-,A,D,0,,Y,,,Y,,L,04,0,0,1,0,0,0,1,0,0,"- ","- ",,,"SAN FRANCISCO","SAN FRANCISCO",-122.43403759,37.771651089999999
7052562,2015,2016-01-05,3801,2015-08-06,1940,892,SOUTH,4,5,7,3801,0,0,0,,0,3B12D,"MISSION ST","JESSIE EAST ST",0.00,,Y,A,-,N,,,,,,,,,,N,4,0,1,2,A,-,05,21650,1,N,D,G,A,A,H,-,B,A,0,,Y,,,Y,,L,04,0,0,1,0,0,0,1,0,0,"- ","- ",,,"SAN FRANCISCO","SAN FRANCISCO",-122.40603985,37.783089910000001
7052942,2015,2015-09-18,3801,2015-08-20,0230,776,NORTH,4,5,7,3801,0,0,0,,0,3E12E,"FILLMORE ST","GEARY BL",90.00,S,N,A,-,N,,,,,,,,,,N,3,0,1,2,A,-,06,21751,,N,B,G,A,A,H,-,C,D,0,,Y,,,Y,,A,01,0,1,0,0,0,0,1,0,0,"- ","- ",,,"SAN FRANCISCO","SAN FRANCISCO",-122.43293,37.784410000000001
7060117,2015,2015-10-10,3801,2015-09-09,1730,4158,TARAV,3,5,7,3801,0,0,0,,0,3I13D,"LINCOLN BL","GREAT HWY",0.00,,Y,A,-,N,,,,,,,,,,N,3,0,1,2,A,-,09,21801,A,N,D,G,A,A,H,-,A,A,0,,Y,,,Y,,L,04,0,1,0,0,0,0,1,0,0,"- ","- ",,,"SAN FRANCISCO","SAN FRANCISCO",-122.51036993,37.764029919999999
7060130,2015,2015-10-10,3801,2015-09-12,1106,1882,RICHM,6,5,7,3801,0,0,0,,0,3G60,"EL CAMINO DEL MAR","26TH AV",42.00,E,N,B,-,N,,,,,,,,,,N,4,0,1,2,A,-,08,22103,,N,D,G,A,A,H,-,A,D,0,,Y,,,Y,,A,01,0,0,1,0,0,0,1,0,0,"- ","- ",,,"SAN FRANCISCO","SAN FRANCISCO",-122.48620498,37.787558130000001
7064074,2015,2016-01-29,3801,2015-10-23,1400,2310,,5,5,7,3801,0,0,0,,0,,"HAIGHT ST","DIVISADERO ST",0.00,,Y,A,-,N,,,,,,,,,,N,3,0,1,2,A,-,08,22100,A,N,D,G,A,B,H,-,A,A,0,,Y,,,Y,,A,01,0,1,0,0,0,0,1,0,0,"- ","- ",,,"SAN FRANCISCO","SAN FRANCISCO",-122.43703996000001,37.771269920000002
7089795,2015,2015-10-10,3801,2015-09-13,1144,1316,TENDE,7,5,7,3801,0,0,0,,0,3J52C,"MARKET ST","5TH ST",6.00,W,N,A,-,N,,,,,,,,,,N,4,0,2,2,A,-,11,21456,B,N,G,B,B,A,H,-,A,A,0,Y,Y,,,Y,,N,60,0,0,2,0,1,0,1,0,0,"- ","- ",,,"SAN FRANCISCO","SAN FRANCISCO",-122.40807454,37.783988229999999
7100015,2015,2015-10-12,3801,2015-09-11,1752,480,COD,5,5,7,3801,0,0,0,,0,901,"16TH ST","SHOTWELL ST",0.00,,Y,A,-,N,,,,,,,,,,N,3,0,1,2,A,-,17,21200,,N,D,G,A,A,H,-,A,A,0,,Y,,,Y,,L,04,0,1,0,0,0,0,1,0,0,"- ","- ",,,"SAN FRANCISCO","SAN FRANCISCO",-122.41636994,37.765249949999998
7100055,2015,2015-10-09,3801,2015-09-21,1339,1950,MISSI,1,5,7,3801,0,0,0,,0,3D11A,"MARKET ST","CHURCH ST",297.00,W,N,A,-,N,,,,,,,,,,N,4,0,1,2,A,-,03,22350,,N,C,G,A,A,H,-,A,D,0,,Y,,,Y,,L,04,0,0,1,0,0,0,1,0,0,"- ","- ",,,"SAN FRANCISCO","SAN FRANCISCO",-122.42965559,37.767024329999998
7100072,2015,2015-10-09,3801,2015-09-15,1156,646,SOUTH,2,5,7,3801,0,0,0,,0,002,"HOWARD ST","4TH ST",720.00,W,N,A,-,N,,,,,,,,,,N,3,0,1,2,A,-,17,21657,,N,A,G,A,A,H,-,A,D,0,,Y,Y,,Y,,L,04,0,1,0,0,0,0,1,0,0,"- ","- ",,,"SAN FRANCISCO","SAN FRANCISCO",-122.40446715,37.781875309999997
7100080,2015,2015-10-09,3801,2015-09-10,2130,71,SOUTH,4,5,7,3801,0,0,0,,0,4CAR,"11TH ST","HARRISON ST",0.00,,Y,A,-,N,,,,,,,,,,N,4,0,1,2,A,-,08,22107,,N,B,G,A,A,H,-,C,D,0,,Y,,,Y,,A,01,0,0,1,0,0,0,1,0,0,"- ","- ",,,"SAN FRANCISCO","SAN FRANCISCO",-122.41246993,37.770629909999997
7100250,2015,2015-10-12,3801,2015-09-16,0755,870,,3,5,7,3801,0,0,0,,0,,"OCEAN AV","PHELAN AV",0.00,,Y,A,-,N,,,,,,,,,,,4,0,1,2,A,-,12,21457,A,N,A,G,A,A,H,-,A,A,0,,Y,,,Y,,A,01,0,0,1,0,0,0,1,0,0,"- ","- ",,,"SAN FRANCISCO","SAN FRANCISCO",-122.45232991,37.723069889999998
7100303,2015,2015-10-08,3801,2015-09-20,1540,2454,MISSI,7,5,7,3801,0,0,0,,0,3D45C,"17TH ST","S VAN NESS AV",100.00,S,N,A,-,N,,,,,,,,,,N,3,0,1,2,A,-,00,22157,,N,E,G,A,A,H,-,A,A,0,,Y,,,Y,,A,01,0,1,0,0,0,0,1,0,0,"- ","- ",,,"SAN FRANCISCO","SAN FRANCISCO",-122.41734,37.763559999999998
7100815,2014,2015-12-16,3801,2014-05-03,1527,004222,SFPD,6,5,7,3801,0,0,0,,0,3G15D,"ARGUELLO BL","ANZA ST",0.00,,Y,A,-,N,,,,,,,,,,N,3,0,1,2,A,-,08,22107,,N,B,G,A,A,H,-,A,A,0,,Y,,,Y,,A,01,0,1,0,0,0,0,1,0,0,"- ","- ",,,"SAN FRANCISCO","SAN FRANCISCO",-122.45874994,37.7793499
7100848,2014,2015-12-17,3801,2014-04-18,0950,001057,,5,5,7,3801,0,0,0,,0,4K1B,"15TH ST",CASTRO,119.00,E,N,A,-,N,,,,,,,,,,N,3,0,1,2,A,-,03,22350,,N,C,G,A,A,H,-,A,D,0,,Y,,,Y,,L,04,0,1,0,0,0,0,1,0,0,"- ","- ",,,"SAN FRANCISCO","SAN FRANCISCO",-122.43504950000001,37.765746010000001
7100908,2014,2015-12-17,3801,2014-05-10,1705,2303,,6,5,7,3801,0,0,0,,0,901,"POTRERO AV","22ND ST",0.00,,Y,A,-,N,,,,,,,,,,N,3,0,1,2,A,-,08,22107,,N,B,G,A,A,H,-,A,A,0,,Y,,,Y,,A,08,0,1,0,0,0,0,1,0,0,"- ","- ",,,"SAN FRANCISCO","SAN FRANCISCO",-122.40669999000001,37.756839980000002
7100960,2014,2015-12-17,3801,2014-05-24,1520,002317,SOUTH,6,5,7,3801,0,0,0,,0,3B11C,EMBARCADERO,"EMBARCADERO 1",0.00,,Y,A,-,N,,,,,,,,,,N,4,0,1,2,A,-,08,22107,,N,B,G,A,A,H,-,A,A,0,,Y,,,Y,,A,07,0,0,1,0,0,0,1,0,0,"- ","- ",,,"SAN FRANCISCO","SAN FRANCISCO",-122.3940735,37.795454999999997
7100982,2014,2015-12-24,3801,2014-12-08,1148,244,,1,5,7,3801,0,0,0,,0,,"POPE ST","BRUNSWICK ST",0.00,,Y,C,-,N,,,,,,,,,,N,3,0,1,2,A,-,03,22350,,N,D,G,A,B,H,-,A,D,0,,Y,,,Y,,L,,0,1,0,0,0,0,1,0,0,"- ","- ",,,"SAN FRANCISCO","SAN FRANCISCO",-122.44008998,37.7114799
7100986,2014,2015-12-24,3801,2014-12-05,1905,2138,CENTR,5,5,7,3801,0,0,0,,0,3A12D,"KEARRY ST","CLAY ST",30.00,N,N,B,-,N,,,,,,,,,,N,2,0,1,2,A,-,12,21453,A,N,D,G,A,B,H,-,C,A,0,,Y,,,Y,,L,04,1,0,0,0,0,0,1,0,0,"- ","- ",,,"SAN FRANCISCO","SAN FRANCISCO",-122.40480021,37.79453084
7100988,2014,2015-12-24,3801,2014-12-27,1059,2334,SOUTH,6,5,7,3801,0,0,0,,0,,"VALENCIA ST","MCCOPPIN ST",0.00,,Y,A,-,N,,,,,,,,,,N,4,0,1,2,A,-,09,21801,A,N,D,G,A,A,H,-,A,A,0,,Y,,,Y,,A,01,0,0,1,0,0,0,1,0,0,"- ","- ",,,"SAN FRANCISCO","SAN FRANCISCO",-122.42252987000001,37.771589900000002
7101019,2014,2015-12-23,3801,2014-06-19,1726,001460,,4,5,7,3801,0,0,0,,0,COB,"BRANNAN ST","2ND ST",0.00,,Y,A,-,N,,,,,,,,,,N,4,0,1,2,A,-,09,21802,A,N,D,G,A,A,H,-,A,A,0,,Y,,,Y,,A,01,0,0,1,0,0,0,1,0,0,"- ","- ",,,"SAN FRANCISCO","SAN FRANCISCO",-122.39205999000001,37.781839949999998
7101031,2014,2015-12-23,3801,2014-06-18,0855,00917,NORHT,3,5,7,3801,0,0,0,,0,3E47C,"MARINA BL","YACHT ROAD 1",0.00,,Y,A,-,N,,,,,,,,,,N,4,0,1,2,A,-,09,21802,A,N,G,G,A,A,H,-,A,A,0,,Y,,,Y,,A,01,0,0,1,0,0,0,1,0,0,"- ","- ",,,"SAN FRANCISCO","SAN FRANCISCO",-122.44829625,37.80474117
7101153,2015,2016-01-08,3801,2015-11-18,1136,1075,,3,5,7,3801,0,0,0,,0,3E60,"HAIGHT ST","DIVISION ST",0.00,,Y,A,-,N,,,,,,,,,,N,4,0,1,1,A,-,03,22350,,N,E,I,A,A,H,-,A,A,0,,Y,,,Y,,L,04,0,0,1,0,0,0,1,0,0,"- ","- ",,,"SAN FRANCISCO","SAN FRANCISCO",-122.43705064,37.771267399999999