CASE_ID,ACCIDENT_YEAR,PROC_DATE,JURIS,COLLISION_DATE,COLLISION_TIME,OFFICER_ID,REPORTING_DISTRICT,DAY_OF_WEEK,CHP_SHIFT,POPULATION,CNTY_CITY_LOC,SPECIAL_COND,BEAT_TYPE,CHP_BEAT_TYPE,CITY_DIVISION_LAPD,CHP_BEAT_CLASS,BEAT_NUMBER,PRIMARY_RD,SECONDARY_RD,DISTANCE,DIRECTION,INTERSECTION,WEATHER_1,WEATHER_2,STATE_HWY_IND,CALTRANS_COUNTY,CALTRANS_DISTRICT,STATE_ROUTE,ROUTE_SUFFIX,POSTMILE_PREFIX,POSTMILE,LOCATION_TYPE,RAMP_INTERSECTION,SIDE_OF_HWY,TOW_AWAY,COLLISION_SEVERITY,NUMBER_KILLED,NUMBER_INJURED,PARTY_COUNT,PRIMARY_COLL_FACTOR,PCF_CODE_OF_VIOL,PCF_VIOL_CATEGORY,PCF_VIOLATION,PCF_VIOL_SUBSECTION,HIT_AND_RUN,TYPE_OF_COLLISION,MVIW,PED_ACTION,ROAD_SURFACE,ROAD_COND_1,ROAD_COND_2,LIGHTING,CONTROL_DEVICE,CHP_ROAD_TYPE,PEDESTRIAN_ACCIDENT,BICYCLE_ACCIDENT,MOTORCYCLE_ACCIDENT,TRUCK_ACCIDENT,NOT_PRIVATE_PROPERTY,ALCOHOL_INVOLVED,STWD_VEHTYPE_AT_FAULT,CHP_VEHTYPE_AT_FAULT,COUNT_SEVERE_INJ,COUNT_VISIBLE_INJ,COUNT_COMPLAINT_PAIN,COUNT_PED_KILLED,COUNT_PED_INJURED,COUNT_BICYCLIST_KILLED,COUNT_BICYCLIST_INJURED,COUNT_MC_KILLED,COUNT_MC_INJURED,PRIMARY_RAMP,SECONDARY_RAMP,LATITUDE,LONGITUDE,COUNTY,CITY,POINT_X,POINT_Y
7101164,2014,2015-12-17,3801,2014-11-21,1700,2299,CENTR,5,5,7,3801,0,0,0,,0,3A2D,"POST ST","MASON ST",186.00,W,N,A,-,N,,,,,,,,,,N,3,0,2,2,A,-,11,21954,A,N,D,-,D,A,H,-,C,D,0,Y,Y,,,Y,,-,"- ",0,2,0,0,1,0,1,0,0,"- ","- ",,,"SAN FRANCISCO","SAN FRANCISCO",-122.41066734,37.787977490000003
7101166,2015,2016-01-08,3801,2015-11-20,0905,1718,,5,5,7,3801,0,0,0,,0,3D14A,"MISSION ST","26TH ST",0.00,,Y,A,-,N,,,,,,,,,,N,4,0,1,2,A,-,09,21802,B,N,H,G,A,A,H,-,A,A,0,,Y,,,Y,,-,,0,0,1,0,0,0,1,0,0,"- ","- ",,,"SAN FRANCISCO","SAN FRANCISCO",-122.41813993,37.749059950000003
7101170,2015,2016-01-08,3801,2015-11-11,1422,4214,PARK,3,5,7,3801,0,0,0,,0,4B8A,"FELL ST","DIVISADERO ST",82.00,W,N,A,-,N,,,,,,,,,,N,3,0,1,2,A,-,08,22107,,N,D,G,A,A,H,-,A,D,0,,Y,,,Y,,A,01,0,1,0,0,0,0,1,0,0,"- ","- ",,,"SAN FRANCISCO","SAN FRANCISCO",-122.43788006,37.774023550000003
7101217,2015,2016-01-08,3801,2015-11-12,1751,004372,,4,5,7,3801,0,0,0,,0,3CAR,"CALIFORNIA ST","ARGUELLO BL",0.00,,Y,A,-,N,,,,,,,,,,N,4,0,1,2,A,-,21,22106,,N,B,G,A,A,H,-,C,A,0,,Y,,,Y,,A,01,0,0,1,0,0,0,1,0,0,"- ","- ",,,"SAN FRANCISCO","SAN FRANCISCO",-122.45920995,37.785669919999997
7101242,2015,2016-01-08,3801,2015-11-10,0850,004279,MISSI,2,5,7,3801,0,0,0,,0,,"MARKET ST","NOE ST",0.00,,Y,A,-,N,,,,,,,,,,N,3,0,1,2,A,-,17,21208,A,N,B,G,A,A,H,-,A,A,0,,Y,,,Y,,L,04,0,1,0,0,0,0,1,0,0,"- ","- ",,,"SAN FRANCISCO","SAN FRANCISCO",-122.43313992,37.764239959999998
7101366,2015,2016-01-12,3801,2015-11-23,1538,1657,,1,5,7,3801,0,0,0,,0,3D11D,"17TH ST","DOLORES ST",0.00,,Y,A,-,N,,,,,,,,,,N,4,0,1,2,A,-,00,21760,B,N,C,G,A,A,D,-,A,A,0,,Y,,,Y,,A,01,0,0,1,0,0,0,1,0,0,"- ","- ",,,"SAN FRANCISCO","SAN FRANCISCO",-122.4262999,37.763009940000003
7101368,2015,2016-01-12,3801,2015-11-12,2214,2386,,4,5,7,3801,0,0,0,,0,3G14E,"SANTA ROSA AV","CAYUGA AV",0.00,,Y,A,-,N,,,,,,,,,,N,4,0,1,2,A,-,12,22450,A,N,A,G,A,A,H,-,C,D,0,,Y,,,Y,,L,04,0,0,1,0,0,0,1,0,0,"- ","- ",,,"SAN FRANCISCO","SAN FRANCISCO",-122.43680992,37.727169979999999
7101378,2015,2016-01-12,3801,2015-11-24,0850,1718,,2,5,7,3801,0,0,0,,0,3D15A,"VALENCIA ST","22ND ST",55.00,S,N,C,-,N,,,,,,,,,,N,4,0,1,2,A,-,17,22517,,N,B,G,A,B,H,-,A,D,0,,Y,,,Y,,A,01,0,0,1,0,0,0,1,0,0,"- ","- ",,,"SAN FRANCISCO","SAN FRANCISCO",-122.4209546,37.755159399999997
7101429,2015,2016-01-11,3801,2015-11-22,1144,001620,,7,5,7,3801,0,0,0,,0,3B12C,"8TH ST","CLEMENTINA ST",113.00,N,N,A,-,N,,,,,,,,,,N,4,0,1,2,A,-,09,21804,A,N,B,G,A,A,H,-,A,D,0,,Y,,,Y,,L,04,0,0,1,0,0,0,1,0,0,"- ","- ",,,"SAN FRANCISCO","SAN FRANCISCO",-122.41084895,37.775637580000001
7101678,2015,2016-01-13,3801,2015-12-30,1251,1917,TARAV,3,5,7,3801,0,0,0,,0,3I16A,"OCEAN AV","GRANADA AV",45.00,W,N,A,-,N,,,,,,,,,,N,4,0,1,2,A,-,05,21650,1,N,A,G,A,B,H,-,A,B,0,,Y,,,Y,,L,04,0,0,1,0,0,0,1,0,0,"- ","- ",,,"SAN FRANCISCO","SAN FRANCISCO",-122.45751135,37.724168830000004
7101711,2015,2016-01-14,3801,2015-12-02,2336,001663,,3,5,7,3801,0,0,0,,0,3H15E,"OCEAN AV","SAN JOSE AV",0.00,,Y,A,-,N,,,,,,,,,,N,2,0,1,1,A,-,03,22350,,N,H,A,A,A,G,-,C,A,0,,Y,,,Y,,L,04,1,0,0,0,0,0,1,0,0,"- ","- ",,,"SAN FRANCISCO","SAN FRANCISCO",-122.44480986000001,37.722929890000003
7101856,2015,2016-01-14,3801,2015-12-17,1531,002388,TENDE,4,5,7,3801,0,0,0,,0,3J13D,"MARKET ST","7TH ST",36.00,E,N,A,-,N,,,,,,,,,,N,3,0,1,2,A,-,17,22109,,N,H,G,A,A,H,-,A,A,0,,Y,,,Y,,A,01,0,1,0,0,0,0,1,0,0,"- ","- ",,,"SAN FRANCISCO","SAN FRANCISCO",-122.41242286000001,37.780550699999999
7110722,2015,2015-11-16,3801,2015-10-19,1903,1937,SOUTH,1,5,7,3801,0,0,0,,0,3B12D,"4TH ST","LONG BRIDGE ST",0.00,,Y,A,-,N,,,,,,,,,,N,4,0,1,2,A,-,08,22107,,N,E,G,A,A,H,-,C,D,0,,Y,,,Y,,A,01,0,0,1,0,0,0,1,0,0,"- ","- ",,,"SAN FRANCISCO","SAN FRANCISCO",-122.39147991,37.773639920000001
7110740,2015,2015-11-16,3801,2015-10-20,1855,433,MISSI,2,5,7,3801,0,0,0,,0,901,"MISSION ST","22ND ST",0.00,,Y,A,-,N,,,,,,,,,,N,4,0,1,2,A,-,03,22350,,N,C,G,A,A,H,-,B,D,0,,Y,,,Y,,L,04,0,0,1,0,0,0,1,0,0,"- ","- ",,,"SAN FRANCISCO","SAN FRANCISCO",-122.41873990000001,37.755449990000002
7110744,2015,2015-11-16,3801,2015-10-20,1732,004302,BAYVI,2,5,7,3801,0,0,0,,0,3C11D,"CESAR CHAVEZ ST","KANSAS ST",0.00,,Y,A,-,N,,,,,,,,,,N,2,0,1,2,A,-,07,21658,A,F,B,G,A,A,H,-,A,A,0,,Y,,,Y,,A,01,1,0,0,0,0,0,1,0,0,"- ","- ",,,"SAN FRANCISCO","SAN FRANCISCO",-122.40205987,37.749389909999998
7110760,2015,2015-11-16,3801,2015-10-20,0950,282,CENTR,2,5,7,3801,0,0,0,,0,3A2B,"MARKET ST","3RD ST",200.00,E,N,A,-,N,,,,,,,,,,N,4,0,1,2,A,-,11,21950,B,N,G,B,D,A,H,-,A,D,0,Y,Y,,,Y,,N,60,0,0,1,0,1,0,0,0,0,"- ","- ",,,"SAN FRANCISCO","SAN FRANCISCO",-122.40295755,37.788037959999997
7110785,2015,2015-11-16,3801,2015-10-25,1715,761,RICHM,7,5,7,3801,0,0,0,,0,,"CHAIN OF LAKES DR","MARTIN LUTHER KING DR",0.00,,Y,A,-,N,,,,,,,,,,N,4,0,1,2,A,-,12,22450,A,M,D,G,A,A,H,-,A,A,0,,Y,,,Y,,A,07,0,0,1,0,0,0,1,0,0,"- ","- ",,,"SAN FRANCISCO","SAN FRANCISCO",-122.50089,37.764845999999999
7110799,2015,2015-11-16,3801,2015-10-21,2020,1514,COI,3,5,7,3801,0,0,0,,0,005,"SKYLINE BL","LAKE MERCED BL",177.00,N,N,A,-,N,,,,,,,,,,N,3,0,1,2,A,-,07,21658,A,N,B,G,A,A,H,-,D,D,0,,Y,,,Y,,L,04,0,1,0,0,0,0,1,0,0,"- ","- ",,,"SAN FRANCISCO","SAN FRANCISCO",-122.49867316,37.731936849999997
7110816,2015,2015-11-14,3801,2015-10-27,0955,000316,10272,2,5,7,3801,0,0,0,,0,3E15A,"FRANKLIN ST","OAK ST",0.00,,Y,B,-,N,,,,,,,,,,,4,0,1,2,A,-,12,21453,A,F,D,G,A,A,H,-,A,A,0,,Y,,,Y,,A,07,0,0,1,0,0,0,1,0,0,"- ","- ",,,"SAN FRANCISCO","SAN FRANCISCO",-122.42094985999999,37.77520998
7110820,2015,2015-11-14,3801,2015-10-19,0845,1689,RICHM,1,5,7,3801,0,0,0,,0,,EUCLID,LAUREL,0.00,,Y,A,-,N,,,,,,,,,,N,3,0,1,2,A,-,09,21801,,N,B,G,A,A,H,-,A,A,0,,Y,,,Y,,A,01,0,1,0,0,0,0,1,0,0,"- ","- ",,,"SAN FRANCISCO","SAN FRANCISCO",-122.44928994999999,37.7846799
7110848,2015,2015-11-16,3801,2015-10-15,0024,2117,MISSI,4,5,7,3801,0,0,0,,0,901,"MARKET ST","DOLORES ST",0.00,,Y,A,-,N,,,,,,,,,,N,4,0,1,2,A,-,03,22350,,F,C,G,A,A,H,-,C,A,0,,Y,,,Y,,A,07,0,0,1,0,0,0,1,0,0,"- ","- ",,,"SAN FRANCISCO","SAN FRANCISCO",-122.42690988,37.769199899999997
7110878,2015,2015-11-16,3801,2015-10-12,1320,1460,,1,5,7,3801,0,0,0,,0,COB,"11TH ST","MARKET ST",175.00,S,N,A,-,N,,,,,,,,,,N,4,0,1,2,A,-,17,22517,,N,B,G,A,A,H,-,A,D,0,,Y,,,Y,,A,01,0,0,1,0,0,0,1,0,0,"- ","- ",,,"SAN FRANCISCO","SAN FRANCISCO",-122.41827253,37.775259419999998
7110889,2015,2015-11-19,3801,2015-10-11,0001,1613,,7,5,7,3801,0,0,0,,0,,"MCALLISTER ST","GOUGH ST",0.00,,Y,A,-,N,,,,,,,,,,N,3,0,2,2,A,-,09,21801,A,N,D,G,A,A,H,-,C,A,0,,Y,,,Y,,A,01,0,2,0,0,0,0,1,0,0,"- ","- ",,,"SAN FRANCISCO","SAN FRANCISCO",-122.42353987,37.779669980000001
7110892,2015,2016-08-08,3801,2015-10-03,1436,2045,TENDE,6,5,7,3801,0,0,0,,0,004,"TAYLOR ST","TURK ST",0.00,N,N,A,-,N,,,,,,,,,,N,4,0,1,2,A,-,00,21760,D,N,H,G,A,A,H,-,A,D,0,,Y,,,Y,,-,,0,0,1,0,0,0,1,0,0,"- ","- ",,,"SAN FRANCISCO","SAN FRANCISCO",-122.41077986000001,37.783209880000001
7110908,2015,2016-08-10,3801,2015-10-10,1719,2138,RICHM,6,5,7,3801,0,0,0,,0,3D13D,"BALBOA ST","8TH AV",0.00,,Y,A,-,N,,,,,,,,,,N,3,0,1,2,D,-,00,,,N,D,G,A,A,H,-,A,A,0,,Y,,,Y,,-,"- ",0,1,0,0,0,0,1,0,0,"- ","- ",,,"SAN FRANCISCO","SAN FRANCISCO",-122.46616998,37.777139920000003
7110915,2015,2015-11-18,3801,2015-10-09,1547,2294,PARK,5,5,7,3801,0,0,0,,0,3F61,"LAGUNA HONDA BL","BALCETA AV",0.00,,Y,A,-,N,,,,,,,,,,N,3,0,1,1,D,-,00,,,N,H,-,A,A,H,-,A,D,0,,Y,,,Y,,-,"- ",0,1,0,0,0,0,1,0,0,"- ","- ",,,"SAN FRANCISCO","SAN FRANCISCO",-122.45742998999999,37.745519950000002
7110929,2015,2015-11-16,3801,2015-10-09,1448,2450,MISSI,5,5,7,3801,0,0,0,,0,3D2C,"FOLSOM ST","23RD ST",0.00,,Y,A,-,N,,,,,,,,,,N,4,0,1,2,A,-,09,21801,A,N,B,G,A,A,H,-,A,A,0,,Y,,,Y,,L,04,0,0,1,0,0,0,1,0,0,"- ","- ",,,"SAN FRANCISCO","SAN FRANCISCO",-122.41424992,37.754119920000001
7157816,2015,2016-01-20,3801,2015-12-09,0738,001528,SOUTH,3,5,7,3801,0,0,0,,0,3B3A,"8TH ST","MINNA ST",0.00,,Y,A,-,N,,,,,,,,,,N,4,0,1,2,A,-,09,21802,A,N,D,G,A,A,H,-,A,A,0,,Y,,,Y,,A,01,0,0,1,0,0,0,1,0,0,"- ","- ",,,"SAN FRANCISCO","SAN FRANCISCO",-122.41259999,37.777049900000002
7157921,2014,2016-01-19,3801,2014-06-30,0637,1043,INGLE,1,5,7,3801,0,0,0,,0,4K6H,"PERSIA AV","PARIS ST",75.00,W,N,A,-,N,,,,,,,,,,N,4,0,1,2,A,-,08,22107,,N,A,G,A,A,H,-,A,D,0,,Y,,,Y,,A,01,0,0,1,0,0,0,1,0,0,"- ","- ",,,"SAN FRANCISCO","SAN FRANCISCO",-122.43460416000001,37.722493669999999
7157946,2014,2016-01-19,3801,2014-07-06,1158,1736,SOUTH,7,5,7,3801,0,0,0,,0,3B12A,"MARKET ST","2ND ST",0.00,,Y,A,-,N,,,,,,,,,,N,3,0,1,1,A,-,07,21658,A,N,H,A,A,A,H,-,A,A,0,,Y,,,Y,,L,04,0,1,0,0,0,0,1,0,0,"- ","- ",,,"SAN FRANCISCO","SAN FRANCISCO",-122.40139995,37.789239940000002
7157978,2014,2016-01-15,3801,2014-07-31,0211,4172,901,4,5,7,3801,0,0,0,,0,3D11E,"DUBOCE AV","VALENCIA ST",0.00,,Y,A,-,N,,,,,,,,,,N,2,0,1,2,A,-,12,21453,A,N,D,G,A,A,H,-,C,A,0,,Y,,,Y,Y,L,04,1,0,0,0,0,0,1,0,0,"- ","- ",,,"SAN FRANCISCO","SAN FRANCISCO",-122.42235989,37.769869980000003
7161172,2014,2016-03-07,3801,2014-10-16,0948,38,SOUTH,4,5,7,3801,0,0,0,,0,3B14A,"12TH ST","KISSLING ST",10.00,W,N,A,-,N,,,,,,,,,,Y,2,0,1,2,A,-,09,21801,A,F,D,G,A,A,H,-,A,A,0,,Y,,,Y,,A,01,1,0,0,0,0,0,1,0,0,"- ","- ",,,"SAN FRANCISCO","SAN FRANCISCO",-122.4162007,37.771432689999997
7161186,2014,2016-01-15,3801,2014-10-08,0806,002179,CENTR,3,5,7,3801,0,0,0,,0,4K5A,"NORTH POINT DR","LEAVENWORTH ST",14.00,E,N,A,-,N,,,,,,,,,,N,4,0,1,2,A,-,08,22107,,N,B,G,A,A,H,-,A,D,0,,Y,,,Y,,A,01,0,0,1,0,0,0,1,0,0,"- ","- ",,,"SAN FRANCISCO","SAN FRANCISCO",-122.41868225,37.805936629999998
7161191,2014,2016-03-07,3801,2014-10-10,2043,9,RICHM,5,5,7,3801,0,0,0,,0,00G,"GEARY BL","STANYAN ST",0.00,,Y,A,-,N,,,,,,,,,,N,4,0,1,2,A,-,12,22450,,N,H,-,B,A,H,-,C,A,0,Y,Y,,,Y,,L,04,0,0,1,0,1,0,0,0,0,"- ","- ",,,"SAN FRANCISCO","SAN FRANCISCO",-122.45630987,37.781440000000003
7161197,2014,2016-01-15,3801,2014-10-01,1058,518,,3,5,7,3801,0,0,0,,0,4K51,"LINCOLN WY","9TH AV",86.00,E,N,A,-,N,,,,,,,,,,N,4,0,1,2,A,-,17,21200,,N,D,G,A,A,H,-,A,D,0,,Y,,,Y,,L,04,0,0,1,0,0,0,1,0,0,"- ","- ",,,"SAN FRANCISCO","SAN FRANCISCO",-122.46614289,37.765943630000002
7173391,2016,2016-02-12,3801,2016-01-27,1240,893,"CO A",3,5,7,3801,0,0,0,,0,3A11B,"COLUMBUS ST","MASON ST",30.00,W,N,A,-,N,,,,,,,,,,N,3,0,1,2,A,-,07,21658,A,N,H,G,A,A,H,-,A,A,0,,Y,,,Y,,L,04,0,1,0,0,0,0,1,0,0,"- ","- ",,,"SAN FRANCISCO","SAN FRANCISCO",-122.41296702,37.8022353
7173439,2016,2016-02-08,3801,2016-01-05,1350,1510,RICHM,2,5,7,3801,0,0,0,,0,,"JOHN F KENNEDY DR","TRANSVERSE DR",53.00,W,N,C,-,N,,,,,,,,,,N,3,0,2,2,A,-,08,22107,,N,-,-,A,B,H,-,A,D,0,,Y,,,Y,,L,04,0,2,0,0,0,0,2,0,0,"- ","- ",,,"SAN FRANCISCO","SAN FRANCISCO",-122.48008713,37.770430009999998
7173443,2016,2016-02-09,3801,2016-01-17,1809,1925,MISSI,7,5,7,3801,0,0,0,,0,3D15D,"17TH ST","MISSION ST",0.00,,Y,C,-,N,,,,,,,,,,N,3,0,1,2,A,-,09,21801,A,N,A,G,A,B,H,-,C,A,0,,Y,,,Y,,A,01,0,1,0,0,0,0,1,0,0,"- ","- ",,,"SAN FRANCISCO","SAN FRANCISCO",-122.41949991,37.76341996
7173533,2016,2016-02-12,3801,2016-01-11,0800,002200,TENDE,1,5,7,3801,0,0,0,,0,,"HYDE ST","HYDE ST 200 BLK",0.00,,-,A,-,N,,,,,,,,,,N,4,0,1,3,A,-,07,21658,A,F,B,G,A,A,H,-,A,D,0,,Y,,,Y,,A,01,0,0,1,0,0,0,1,0,0,"- ","- ",,,"SAN FRANCISCO","SAN FRANCISCO",,
7173610,2016,2016-02-11,3801,2016-01-09,1300,004335,,6,5,7,3801,0,0,0,,0,901,"CHURCH ST","19TH ST",50.00,N,N,B,-,N,,,,,,,,,,N,3,0,1,2,A,-,03,22350,,N,C,G,A,B,H,-,A,D,0,,Y,,,Y,,L,04,0,1,0,0,0,0,1,0,0,"- ","- ",,,"SAN FRANCISCO","SAN FRANCISCO",-122.42825214,37.759857019999998
7173617,2016,2016-02-08,3801,2016-01-11,0835,4036,,1,5,7,3801,0,0,0,,0,4B6C,"FOLSOM ST","21ST ST",132.00,S,N,B,-,N,,,,,,,,,,N,2,0,1,2,A,-,03,22350,,N,D,G,A,A,H,-,A,D,0,,Y,,,Y,,L,04,1,0,0,0,0,0,1,0,0,"- ","- ",37.757449999999999,-122.4147,"SAN FRANCISCO","SAN FRANCISCO",-122.41449023,37.756938150000003
7173682,2016,2016-02-11,3801,2016-01-04,0847,2091,SOUTH,1,5,7,3801,0,0,0,,0,901,"BRYANT ST","DIVISION ST",0.00,,Y,A,-,N,,,,,,,,,,N,4,0,1,2,A,-,21,22106,,F,C,G,A,B,H,-,A,A,0,,Y,,,Y,,L,04,0,0,1,0,0,0,1,0,0,"- ","- ",,,"SAN FRANCISCO","SAN FRANCISCO",-122.41081987,37.769309980000003
7202014,2016,2016-03-07,3801,2016-02-18,1839,856,SOUTH,4,5,7,3801,0,0,0,,0,002,"5TH ST","MINNA ST",100.00,S,N,A,-,N,,,,,,,,,,N,4,0,1,2,A,-,07,21658,A,N,B,G,A,A,H,-,A,D,0,,Y,,,Y,,A,01,0,0,1,0,0,0,1,0,0,"- ","- ",,,"SAN FRANCISCO","SAN FRANCISCO",-122.40567014,37.782109890000001
7202032,2016,2016-03-07,3801,2016-02-25,1000,649,NORTH,4,5,7,3801,0,0,0,,0,3E12A,"POLK ST","ELLIS ST",0.00,,Y,A,-,N,,,,,,,,,,N,4,0,1,2,A,-,07,21658,A,N,B,G,A,A,H,-,A,A,0,,Y,,,Y,,A,01,0,0,1,0,0,0,1,0,0,"- ","- ",,,"SAN FRANCISCO","SAN FRANCISCO",-122.41934987,37.784039960000001
7202097,2016,2016-03-07,3801,2016-02-11,1748,1312,MISSI,4,5,7,3801,0,0,0,,0,,"CESAR CHAVEZ ST","ALABAMA ST",2.00,N,N,A,-,N,,,,,,,,,,N,4,0,1,2,A,-,09,21800,A,N,D,G,A,A,H,-,B,A,0,,Y,,,Y,,L,04,0,0,1,0,0,0,1,0,0,"- ","- ",,,"SAN FRANCISCO","SAN FRANCISCO",-122.41054,37.748330000000003
7202111,2016,2016-03-07,3801,2016-02-13,1115,1573,BAYVI,6,5,7,3801,0,0,0,,0,005,"3RD ST","JAMESTOWN ST",0.00,,Y,A,-,N,,,,,,,,,,N,3,0,1,2,A,-,06,21750,,F,B,G,A,A,H,-,A,A,0,,Y,,,Y,Y,A,07,0,1,0,0,0,0,1,0,0,"- ","- ",,,"SAN FRANCISCO","SAN FRANCISCO",-122.39670991,37.720259919999997
7202166,2016,2016-03-08,3801,2016-02-12,2303,2008,MISSI,5,5,7,3801,0,0,0,,0,3D14E,"23RD ST","HARRISON ST",0.00,,Y,A,-,N,,,,,,,,,,N,4,0,1,2,D,-,00,,,N,D,G,A,A,H,-,C,A,0,,Y,,,Y,,-,"- ",0,0,1,0,0,0,1,0,0,"- ","- ",,,"SAN FRANCISCO","SAN FRANCISCO",-122.41209986,37.754239910000003
7202311,2016,2016-03-09,3801,2016-02-25,1730,004353,MISSI,4,5,7,3801,0,0,0,,0,3D15D,"DUBOCE ST",VALENCIA,60.00,W,N,A,-,N,,,,,,,,,,N,2,0,1,1,A,-,03,22350,,N,F,A,A,A,H,-,A,D,0,,Y,,,Y,,L,04,1,0,0,0,0,0,1,0,0,"- ","- ",,,"SAN FRANCISCO","SAN FRANCISCO",-122.42256722,37.769859510000003
7202491,2014,2016-03-14,3801,2014-02-27,0137,001837,NORTH,4,5,7,3801,0,0,0,,0,3E11E,"FILLMORE AV","WEBSTER ST",0.00,,Y,A,-,N,,,,,,,,,,N,4,0,1,2,A,-,06,21755,,N,B,G,A,A,H,-,A,A,0,,Y,,,Y,,L,04,0,0,1,0,0,0,1,0,0,"- ","- ",,,"SAN FRANCISCO","SAN FRANCISCO",,
7202521,2016,2016-03-10,3801,2016-02-03,1400,002266,MISSI,3,5,7,3801,0,0,0,,0,3D12A,"CESAR CHAVEZ ST","SOUTH VAN NESS",215.00,E,N,A,-,N,,,,,,,,,,N,4,0,1,2,A,-,07,21658,A,N,B,G,A,A,H,-,A,D,0,,Y,,,Y,,A,07,0,0,1,0,0,0,1,0,0,"- ","- ",,,"SAN FRANCISCO","SAN FRANCISCO",-122.41517621,37.748227079999999
7203045,2016,2016-03-07,3801,2016-02-10,0845,537,PARK,3,5,7,3801,0,0,0,,0,3F12D,"DIVISION ST",POTRERO,0.00,,Y,A,-,N,,,,,,,,,,N,4,0,1,2,D,-,00,,,N,B,G,A,A,H,-,A,D,0,,Y,,,Y,Y,-,"- ",0,0,1,0,0,0,1,0,0,"- ","- ",,,"SAN FRANCISCO","SAN FRANCISCO",-122.40788000000001,37.769219900000003
7203070,2016,2016-03-07,3801,2016-02-01,0935,4241,MISSI,1,5,7,3801,0,0,0,,0,006,"ALABAMA ST","17TH ST",0.00,,Y,A,-,N,,,,,,,,,,N,4,0,1,2,D,-,00,,,N,B,G,A,A,H,-,A,D,0,,Y,,,Y,,-,"- ",0,0,1,0,0,0,1,0,0,"- ","- ",,,"SAN FRANCISCO","SAN FRANCISCO",-122.41227997999999,37.764199900000001
7203071,2016,2016-03-07,3801,2016-02-29,0722,004275,,1,5,7,3801,0,0,0,,0,3C11A,"18TH ST","PENNSYLVANIA AV",0.00,,Y,A,-,N,,,,,,,,,,N,3,0,1,2,A,-,12,22450,A,N,D,G,A,A,H,-,A,A,0,,Y,,,Y,,L,04,0,1,0,0,0,0,1,0,0,"- ","- ",,,"SAN FRANCISCO","SAN FRANCISCO",-122.39362998999999,37.76275991
7203090,2016,2016-03-28,3801,2016-02-16,0706,893,COA,2,5,7,3801,0,0,0,,0,3A15A,"2ND ST","STEVENSON ST",10.00,S,N,A,-,N,,,,,,,,,,N,4,0,1,2,A,-,05,21460,A,N,H,G,A,A,H,-,A,A,0,,Y,,,Y,,L,04,0,0,1,0,0,0,1,0,0,"- ","- ",,,"SAN FRANCISCO","SAN FRANCISCO",-122.40081462000001,37.788781319999998
7203120,2016,2016-03-07,3801,2016-02-22,1811,748,,1,5,7,3801,0,0,0,,0,,"5TH ST","WELSH ST",13.00,N,N,A,-,N,,,,,,,,,,N,4,0,1,2,A,-,03,22350,,F,C,G,A,A,H,-,C,A,0,,Y,,,Y,,L,04,0,0,1,0,0,0,1,0,0,"- ","- ",,,"SAN FRANCISCO","SAN FRANCISCO",-122.39978189999999,37.777395179999999
8015258,2016,2016-04-14,3801,2016-03-31,2250,004264,BAYVI,4,5,7,3801,0,0,0,,0,3C12D,"SILVER AV","BOWDOIN ST",72.00,W,N,A,-,N,,,,,,,,,,N,3,0,1,2,A,-,03,22350,,N,H,G,A,A,H,-,C,D,0,,Y,,,Y,,L,04,0,1,0,0,0,0,1,0,0,"- ","- ",,,"SAN FRANCISCO","SAN FRANCISCO",-122.41285347,37.730062709999999
8015581,2016,2016-04-15,3801,2016-03-31,1848,1475,CO,4,5,7,3801,0,0,0,,0,3F61,"HILLWAY AV","PARNASSUS AV",0.00,,Y,A,-,N,,,,,,,,,,N,4,0,1,2,A,-,03,22350,,N,H,A,A,A,H,-,A,A,0,,Y,,,Y,,L,04,0,0,1,0,0,0,1,0,0,"- ","- ",,,"SAN FRANCISCO","SAN FRANCISCO",-122.45669989,37.763839990000001
8020275,2016,2016-04-18,3801,2016-03-29,1156,2099,,2,5,7,3801,0,0,0,,0,001,"ILLINOIS ST","25TH ST",30.00,S,N,A,-,N,,,,,,,,,,Y,3,0,1,1,A,-,08,22107,,N,E,I,A,A,G,-,A,D,0,,Y,,,Y,,L,04,0,1,0,0,0,0,1,0,0,"- ","- ",,,"SAN FRANCISCO","SAN FRANCISCO",-122.38682971,37.752827600000003
8039652,2016,2016-06-03,3801,2016-04-06,0930,1316,TENDE,3,5,7,3801,0,0,0,,0,3J14A,"EDDY ST","MASON ST",30.00,E,N,A,-,N,,,,,,,,,,N,3,0,1,2,A,-,17,22517,,N,H,G,A,A,H,-,A,A,0,,Y,,Y,Y,,F,26,0,1,0,0,0,0,1,0,0,"- ","- ",,,"SAN FRANCISCO","SAN FRANCISCO",-122.40919796,37.784395310000001
8039939,2016,2016-08-29,3801,2016-04-21,0940,1570,CENTR,4,5,7,3801,0,0,0,,0,3A60,"MONTGOMERY ST","BUSH ST",0.00,,Y,A,-,N,,,,,,,,,,N,4,0,1,2,A,-,17,22517,,N,H,G,A,A,H,-,A,D,0,,Y,,,Y,,A,01,0,0,1,0,0,0,1,0,0,"- ","- ",,,"SAN FRANCISCO","SAN FRANCISCO",-122.40235994,37.79096998