CASE_ID,ACCIDENT_YEAR,PROC_DATE,JURIS,COLLISION_DATE,COLLISION_TIME,OFFICER_ID,REPORTING_DISTRICT,DAY_OF_WEEK,CHP_SHIFT,POPULATION,CNTY_CITY_LOC,SPECIAL_COND,BEAT_TYPE,CHP_BEAT_TYPE,CITY_DIVISION_LAPD,CHP_BEAT_CLASS,BEAT_NUMBER,PRIMARY_RD,SECONDARY_RD,DISTANCE,DIRECTION,INTERSECTION,WEATHER_1,WEATHER_2,STATE_HWY_IND,CALTRANS_COUNTY,CALTRANS_DISTRICT,STATE_ROUTE,ROUTE_SUFFIX,POSTMILE_PREFIX,POSTMILE,LOCATION_TYPE,RAMP_INTERSECTION,SIDE_OF_HWY,TOW_AWAY,COLLISION_SEVERITY,NUMBER_KILLED,NUMBER_INJURED,PARTY_COUNT,PRIMARY_COLL_FACTOR,PCF_CODE_OF_VIOL,PCF_VIOL_CATEGORY,PCF_VIOLATION,PCF_VIOL_SUBSECTION,HIT_AND_RUN,TYPE_OF_COLLISION,MVIW,PED_ACTION,ROAD_SURFACE,ROAD_COND_1,ROAD_COND_2,LIGHTING,CONTROL_DEVICE,CHP_ROAD_TYPE,PEDESTRIAN_ACCIDENT,BICYCLE_ACCIDENT,MOTORCYCLE_ACCIDENT,TRUCK_ACCIDENT,NOT_PRIVATE_PROPERTY,ALCOHOL_INVOLVED,STWD_VEHTYPE_AT_FAULT,CHP_VEHTYPE_AT_FAULT,COUNT_SEVERE_INJ,COUNT_VISIBLE_INJ,COUNT_COMPLAINT_PAIN,COUNT_PED_KILLED,COUNT_PED_INJURED,COUNT_BICYCLIST_KILLED,COUNT_BICYCLIST_INJURED,COUNT_MC_KILLED,COUNT_MC_INJURED,PRIMARY_RAMP,SECONDARY_RAMP,LATITUDE,LONGITUDE,COUNTY,CITY,POINT_X,POINT_Y
8039943,2016,2016-05-16,3801,2016-04-20,1909,748,SOUTH,3,5,7,3801,0,0,0,,0,0B4,"MISSION ST","DUBOCE ST",0.00,,Y,B,-,N,,,,,,,,,,N,4,0,1,2,A,-,06,21750,,N,B,G,A,A,H,-,A,A,0,,Y,,,Y,,A,01,0,0,1,0,0,0,1,0,0,"- ","- ",,,"SAN FRANCISCO","SAN FRANCISCO",-122.42017991,37.769989959999997
8042434,2016,2016-05-16,3801,2016-04-08,1925,640,TENDE,5,5,7,3801,0,0,0,,0,3J00,"MARKET ST","VAN NESS AV",0.00,,Y,C,-,N,,,,,,,,,,N,4,0,1,2,A,-,07,21658,A,F,B,G,A,B,H,-,B,A,0,,Y,,,Y,,-,,0,0,1,0,0,0,1,0,0,"- ","- ",,,"SAN FRANCISCO","SAN FRANCISCO",-122.41925990999999,37.775169959999999
8042473,2016,2016-05-16,3801,2016-04-04,1805,1784,PARK,1,5,7,3801,0,0,0,,0,3F13D,"STANYAN ST","PAGE ST",0.00,,Y,F,-,N,,,,,,,,,,N,4,0,1,2,A,-,09,21801,A,N,D,G,A,A,G,-,-,A,0,,Y,,,Y,,L,04,0,0,1,0,0,0,1,0,0,"- ","- ",,,"SAN FRANCISCO","SAN FRANCISCO",-122.45371994999999,37.770099909999999
8042578,2016,2016-05-17,3801,2016-04-20,1830,2417,INGLE,3,5,7,3801,0,0,0,,0,3H11D,"TIFFANY ST","DUNCAN ST",0.00,,Y,A,-,N,,,,,,,,,,N,2,0,1,2,A,-,21,22106,,N,C,G,A,A,D,-,A,D,0,,Y,,,Y,,A,01,1,0,0,0,0,0,1,0,0,"- ","- ",,,"SAN FRANCISCO","SAN FRANCISCO",-122.42037989000001,37.746459999999999
8046668,2016,2016-05-17,3801,2016-04-10,1445,640,TENDE,7,5,7,3801,0,0,0,,0,3J41D,"JONES ST","OFARRELL ST",0.00,,Y,A,-,N,,,,,,,,,,N,3,0,1,1,A,-,03,22350,,N,F,-,A,A,H,-,A,-,0,,Y,,,Y,,L,04,0,1,0,0,0,0,1,0,0,"- ","- ",,,"SAN FRANCISCO","SAN FRANCISCO",-122.41296991,37.785799969999999
8046691,2016,2016-05-17,3801,2016-04-06,1135,573,TARAV,3,5,7,3801,0,0,0,,0,4B51,"SKYLINE BL","HARDING DR",225.00,S,N,A,-,N,,,,,,,,,,N,3,0,1,2,A,-,07,21658,A,N,B,G,A,A,H,-,A,D,0,,Y,,,Y,,L,04,0,1,0,0,0,0,1,0,0,"- ","- ",,,"SAN FRANCISCO","SAN FRANCISCO",-122.50274598,37.726026169999997
8046742,2016,2016-05-18,3801,2016-04-23,1818,1240,MISSI,6,5,7,3801,0,0,0,,0,3D14D,"VALENCIA ST","23RD ST",234.00,S,N,A,-,N,,,,,,,,,,N,3,0,1,2,A,-,03,22350,,N,C,G,A,A,H,-,A,D,0,,Y,,,Y,,L,04,0,1,0,0,0,0,1,0,0,"- ","- ",,,"SAN FRANCISCO","SAN FRANCISCO",-122.42074552,37.753059210000004
8049616,2016,2016-06-07,3801,2016-05-11,1210,000776,TARAV,3,5,7,3801,0,0,0,,0,,"VARELA AV","HOLLOWAY ST",120.00,S,N,B,-,N,,,,,,,,,,N,4,0,1,2,A,-,21,22106,,N,C,G,A,A,H,-,A,D,0,,Y,,,Y,,A,01,0,0,1,0,0,0,1,0,0,"- ","- ",,,"SAN FRANCISCO","SAN FRANCISCO",-122.47608928,37.72043042
8049640,2016,2016-06-07,3801,2016-05-04,1829,2205,TEND,3,5,7,3801,0,0,0,,0,3J11D,"9TH ST","MARKET ST",38.00,S,N,A,-,N,,,,,,,,,,N,4,0,1,2,C,-,18,,,F,-,G,A,A,H,-,A,A,0,,Y,,,Y,,-,"- ",0,0,1,0,0,0,1,0,0,"- ","- ",,,"SAN FRANCISCO","SAN FRANCISCO",-122.41623737,37.777425890000004
8049668,2016,2016-06-07,3801,2016-05-03,1535,640,COJ,2,5,7,3801,0,0,0,,0,004,"GOLDEN GATE AV","MARKET ST",130.00,W,N,A,-,N,,,,,,,,,,N,4,0,2,2,A,-,11,21955,,N,D,B,D,A,H,-,A,D,0,Y,Y,,,Y,,N,60,0,0,2,0,1,0,1,0,0,"- ","- ",,,"SAN FRANCISCO","SAN FRANCISCO",-122.41074875,37.782260000000001
8049698,2016,2016-06-07,3801,2016-05-14,1140,000970,COB,6,5,7,3801,0,0,0,,0,3B3C,"8TH ST","HARRISON AVE",30.00,S,N,A,-,N,,,,,,,,,,N,4,0,1,2,A,-,08,22107,,N,G,G,A,A,H,-,A,D,0,,Y,,,Y,,A,01,0,0,1,0,0,0,1,0,0,"- ","- ",,,"SAN FRANCISCO","SAN FRANCISCO",-122.40845576,37.773702380000003
8049745,2016,2016-06-08,3801,2016-05-08,0135,2117,MISSI,7,5,7,3801,0,0,0,,0,904,"BRYANT ST","17TH ST",0.00,,Y,B,-,N,,,,,,,,,,N,3,0,1,2,A,-,03,22350,,M,D,G,A,B,H,-,C,A,0,,Y,,,Y,,A,01,0,1,0,0,0,0,1,0,0,"- ","- ",,,"SAN FRANCISCO","SAN FRANCISCO",-122.41037987999999,37.764319929999999
8052396,2016,2016-06-08,3801,2016-05-10,2041,004358,BAYVI,2,5,7,3801,0,0,0,,0,3C15D,"SILVER AV","BOWDOIN ST",0.00,,Y,A,-,N,,,,,,,,,,N,4,0,1,2,A,-,09,21801,A,N,D,G,A,A,H,-,C,D,0,,Y,,,Y,,A,01,0,0,1,0,0,0,1,0,0,"- ","- ",,,"SAN FRANCISCO","SAN FRANCISCO",-122.41262992999999,37.730149939999997
8052595,2016,2016-06-07,3801,2016-05-09,1409,4374,MISSI,1,5,7,3801,0,0,0,,0,3D11D,"VALENCIA ST","19TH ST",525.00,S,N,A,-,N,,,,,,,,,,N,3,0,1,2,A,-,03,22350,,N,H,G,A,A,H,-,A,D,0,,Y,,,Y,,A,01,0,1,0,0,0,0,1,0,0,"- ","- ",,,"SAN FRANCISCO","SAN FRANCISCO",-122.42127511,37.75867117
8052649,2016,2016-06-08,3801,2016-05-27,2040,1537,MISSI,5,5,7,3801,0,0,0,,0,3D13D,"16TH ST","HARRISON ST",21.00,E,N,A,-,N,,,,,,,,,,N,3,0,1,2,A,-,08,22107,,F,B,G,A,A,H,-,C,A,0,,Y,,,Y,,A,01,0,1,0,0,0,0,1,0,0,"- ","- ",,,"SAN FRANCISCO","SAN FRANCISCO",-122.41307749000001,37.765453870000002
8052699,2016,2016-06-07,3801,2016-05-17,1814,4214,CENTR,2,5,7,3801,0,0,0,,0,4B8A,"MASON ST","NORTHPOINT ST",0.00,,Y,A,-,N,,,,,,,,,,Y,2,0,1,2,A,-,12,21453,A,N,H,G,A,A,H,-,A,A,0,,Y,,,Y,,L,04,1,0,0,0,0,0,1,0,0,"- ","- ",,,"SAN FRANCISCO","SAN FRANCISCO",-122.41377900000001,37.806578999999999
8054214,2016,2016-06-10,3801,2016-05-09,2308,2435,,1,5,7,3801,0,0,0,,0,3J13E,"JONES ST","EDDY ST",24.00,N,N,A,-,N,,,,,,,,,,N,3,0,1,2,A,-,05,21650,1,M,B,E,A,A,H,-,C,A,0,,Y,,,Y,Y,L,04,0,1,0,0,0,0,1,0,0,"- ","- ",,,"SAN FRANCISCO","SAN FRANCISCO",-122.41260302000001,37.784005120000003
8055931,2016,2016-06-07,3801,2016-05-16,1320,0905,MISSI,1,5,7,3801,0,0,0,,0,3D13C,"S VAN NESS AV","20TH ST",0.00,,Y,A,-,N,,,,,,,,,,N,3,0,1,2,A,-,12,21453,A,M,D,G,A,A,H,-,A,A,0,,Y,,,Y,,L,04,0,1,0,0,0,0,1,0,0,"- ","- ",,,"SAN FRANCISCO","SAN FRANCISCO",-122.41690989999999,37.758759910000002
8055941,2016,2016-06-07,3801,2016-05-16,1145,1117,CENTR,1,5,7,3801,0,0,0,,0,1117,"MARKET ST","1ST ST",0.00,,Y,A,-,N,,,,,,,,,,N,3,0,1,1,A,-,"- ",,,N,H,A,A,A,G,-,A,D,0,,Y,,,Y,,L,04,0,1,0,0,0,0,1,0,0,"- ","- ",,,"SAN FRANCISCO","SAN FRANCISCO",-122.39913993,37.791049889999996
8055944,2016,2016-06-07,3801,2016-05-25,1720,891,MISSI,3,5,7,3801,0,0,0,,0,3D61,"25TH ST","GUERRERO ST",0.00,,Y,A,-,N,,,,,,,,,,N,4,0,1,2,A,-,07,21658,A,M,B,G,A,A,H,-,A,D,0,,Y,,,Y,,A,07,0,0,1,0,0,0,1,0,0,"- ","- ",,,"SAN FRANCISCO","SAN FRANCISCO",-122.42271986,37.75038996
8067263,2017,2017-07-20,3801,2017-06-01,2036,642,NORTH,4,5,7,3801,0,0,0,,0,005,"SCOTT ST","MARINA BL",7.00,N,N,A,-,N,,,,,,,,,,N,2,0,1,2,A,-,10,21950,A,N,D,G,A,A,H,-,B,A,0,,Y,,,Y,,A,01,1,0,0,0,0,0,1,0,0,"- ","- ",,,"SAN FRANCISCO","SAN FRANCISCO",-122.44225294,37.805799090000001
8076459,2016,2016-07-14,3801,2016-06-28,0825,000358,COA,2,5,7,3801,0,0,0,,0,3A2A,"POST ST","KEARNY ST",0.00,,Y,A,-,N,,,,,,,,,,N,4,0,1,2,A,-,06,21750,A,N,B,G,A,A,H,-,A,A,0,,Y,,,Y,,D,22,0,0,1,0,0,0,1,0,0,"- ","- ",,,"SAN FRANCISCO","SAN FRANCISCO",-122.40365998,37.788899929999999
8077204,2017,2017-07-26,3801,2017-06-01,2109,936,CENTA,4,5,7,3801,0,0,0,,0,3A61,"MONTGOMERY ST","SUTTER ST",132.00,S,N,-,-,N,,,,,,,,,,N,3,0,1,2,D,-,00,,,N,C,G,A,A,H,-,C,D,0,,Y,,,Y,,-,"- ",0,1,0,0,0,0,1,0,0,"- ","- ",,,"SAN FRANCISCO","SAN FRANCISCO",-122.40209989,37.789651669999998
8079073,2016,2016-07-12,3801,2016-06-08,0840,1580,SOUTH,3,5,7,3801,0,0,0,,0,3B14A,"MARKET ST","OCTAVIA ST",0.00,,Y,A,-,N,,,,,,,,,,N,3,0,1,2,A,-,08,22101,D,N,D,G,A,A,H,-,A,A,0,,Y,,,Y,,A,07,0,1,0,0,0,0,1,0,0,"- ","- ",,,"SAN FRANCISCO","SAN FRANCISCO",-122.42358993000001,37.771779950000003
8079091,2016,2016-07-12,3801,2016-06-15,0620,295,TENDE,3,5,7,3801,0,0,0,,0,002,"FELL ST","MARKET ST",0.00,,Y,A,-,N,,,,,,,,,,N,4,0,1,2,D,-,00,,,N,H,G,A,A,H,-,A,A,0,,Y,Y,,Y,,-,"- ",0,0,1,0,0,0,0,0,1,"- ","- ",,,"SAN FRANCISCO","SAN FRANCISCO",-122.41752993,37.776529969999999
8079101,2016,2016-07-12,3801,2016-06-19,1656,2475,NORTH,7,5,7,3801,0,0,0,,0,3E12D,"DIVISADERO ST","GROVE ST",80.00,S,N,A,-,N,,,,,,,,,,N,3,0,1,2,A,-,17,22517,,N,B,G,A,A,H,-,A,A,0,,Y,,,Y,,A,01,0,1,0,0,0,0,1,0,0,"- ","- ",,,"SAN FRANCISCO","SAN FRANCISCO",-122.43793888,37.775712660000003
8079126,2016,2016-07-12,3801,2016-06-22,0920,1996,CENTR,3,5,7,3801,0,0,0,,0,3A12A,"MONTGOMERY ST","CALIFORNIA ST",120.00,S,N,A,-,N,,,,,,,,,,N,3,0,1,2,A,-,17,22517,,N,H,G,A,A,-,-,A,A,0,,Y,,,Y,,A,01,0,1,0,0,0,0,1,0,0,"- ","- ",,,"SAN FRANCISCO","SAN FRANCISCO",-122.40269641,37.79256556
8079132,2016,2016-07-12,3801,2016-06-13,1800,1066,SOUTH,1,5,7,3801,0,0,0,,0,3B15C,"KING ST","2ND ST",230.00,S,N,A,-,N,,,,,,,,,,N,3,0,1,2,A,-,02,21211,A,N,H,G,A,A,H,-,A,D,0,,Y,,,Y,,A,01,0,1,0,0,0,0,1,0,0,"- ","- ",,,"SAN FRANCISCO","SAN FRANCISCO",-122.39026598,37.779515670000002
8079141,2016,2016-07-12,3801,2016-06-29,1010,00829,PARK,3,5,7,3801,0,0,0,,0,3F13A,"GOLDEN GATE AV","TAMALPAIS ST",0.00,,Y,B,-,N,,,,,,,,,,N,4,0,1,2,A,-,03,22350,,N,B,G,A,B,H,-,A,D,0,,Y,,,Y,,L,04,0,0,1,0,0,0,1,0,0,"- ","- ",,,"SAN FRANCISCO","SAN FRANCISCO",-122.44871992,37.777429990000002
8079165,2016,2016-07-13,3801,2016-06-29,2058,1102,COB,3,5,7,3801,0,0,0,,0,,"12TH ST","BERNICE ST",29.00,S,N,A,-,N,,,,,,,,,,N,4,0,1,2,A,-,09,21804,A,N,D,G,A,A,H,-,C,D,0,,Y,,,Y,,A,01,0,0,1,0,0,0,1,0,0,"- ","- ",,,"SAN FRANCISCO","SAN FRANCISCO",-122.41364958,37.770315429999997
8079166,2016,2016-07-13,3801,2016-06-25,2310,2220,CENTR,6,5,7,3801,0,0,0,,0,3A14E,"BEACH ST","MASON ST",40.00,W,N,A,-,N,,,,,,,,,,N,4,0,1,2,A,-,03,22350,A,F,C,G,A,A,H,-,C,A,0,,Y,,,Y,,-,,0,0,1,0,0,0,1,0,0,"- ","- ",,,"SAN FRANCISCO","SAN FRANCISCO",-122.41411689,37.807473309999999
8079184,2016,2016-07-12,3801,2016-06-23,0314,455,INGLE,4,5,7,3801,0,0,0,,0,3H11E,"CORTLAND AV","BENNINGTON ST",115.00,W,N,A,-,N,,,,,,,,,,N,3,0,1,2,A,-,05,21650,,N,H,G,A,A,H,-,C,D,0,,Y,,,Y,Y,A,01,0,1,0,0,0,0,1,0,0,"- ","- ",,,"SAN FRANCISCO","SAN FRANCISCO",-122.4181746,37.73922013
8079351,2016,2016-07-12,3801,2016-06-11,0950,4210,BAYVI,6,5,7,3801,0,0,0,,0,3C11A,"WISCONSIN ST","22ND ST",108.00,N,N,A,-,N,,,,,,,,,,N,4,0,1,2,A,-,06,21750,,N,B,G,A,A,H,-,A,D,0,,Y,,,Y,,A,01,0,0,1,0,0,0,1,0,0,"- ","- ",,,"SAN FRANCISCO","SAN FRANCISCO",-122.39899680000001,37.757605929999997
8090188,2016,2016-08-26,3801,2016-07-12,1831,002265,SOUTH,2,5,7,3801,0,0,0,,0,3B16D,"4TH ST","AVENUE N",42.00,W,N,A,-,N,,,,,,,,,,N,4,0,1,2,A,-,00,245,A,F,C,G,A,A,H,-,A,D,0,,Y,,,Y,,A,01,0,0,1,0,0,0,1,0,0,"- ","- ",,,"SAN FRANCISCO","SAN FRANCISCO",-122.36388814999999,37.823505420000004
8101216,2016,2016-08-18,3801,2016-07-13,1221,2078,CENTR,3,5,7,3801,0,0,0,,0,3A12A,"MONTGOMERY ST",COMMERCIAL,0.00,N,N,A,-,N,,,,,,,,,,N,4,0,1,2,A,-,06,21750,A,N,H,G,A,A,H,-,A,D,0,,Y,,,Y,,D,23,0,0,1,0,0,0,1,0,0,"- ","- ",,,"SAN FRANCISCO","SAN FRANCISCO",-122.40301993999999,37.794219949999999
8101268,2016,2017-03-01,3801,2016-07-20,1414,4286,RICHM,3,5,7,3801,0,0,0,,0,0G1,"CROSSOVER DR","MARTIN LUTHER KING DR",500.00,N,N,A,-,Y,SF,4,1,-,-,4.180,H,-,N,N,3,0,1,2,A,-,00,21760,B,N,B,G,A,A,H,-,A,D,0,,Y,,,Y,,A,01,0,1,0,0,0,0,1,0,0,"- ","- ",,,"SAN FRANCISCO","SAN FRANCISCO",-122.47782913,37.767123220000002
8101310,2016,2016-08-17,3801,2016-07-13,0954,397,INGLE,3,5,7,3801,0,0,0,,0,3H11A,"CORTLAND ST","COLERIDGE ST",0.00,,Y,A,-,N,,,,,,,,,,N,3,0,1,2,A,-,09,21801,A,N,H,G,A,A,H,-,A,D,0,,Y,,,Y,,A,01,0,1,0,0,0,0,1,0,0,"- ","- ",,,"SAN FRANCISCO","SAN FRANCISCO",-122.42171992999999,37.740579910000001
8101324,2016,2016-10-07,3801,2016-07-22,1020,38,SOUTH,5,5,7,3801,0,0,0,,0,5CAR,"4TH ST","BERRY ST",10.00,S,N,A,-,N,,,,,,,,,,N,3,0,1,2,A,-,03,22350,,N,B,C,A,A,H,-,A,A,0,,Y,,,Y,,-,"- ",0,1,0,0,0,0,1,0,0,"- ","- ",,,"SAN FRANCISCO","SAN FRANCISCO",-122.39331522000001,37.775760820000002
8101337,2016,2016-08-16,3801,2016-07-26,0035,1736,CENTR,2,5,7,3801,0,0,0,,0,3A15E,"THE EMBARCADERO","DON CHEE WY",335.00,W,N,A,-,N,,,,,,,,,,N,3,0,1,2,A,-,12,21453,A,F,B,G,A,A,H,-,C,A,0,,Y,,,Y,,A,01,0,1,0,0,0,0,1,0,0,"- ","- ",,,"SAN FRANCISCO","SAN FRANCISCO",-122.39414662,37.794828389999999
8101338,2016,2016-08-17,3801,2016-07-19,2122,001660,3B12E,2,5,7,3801,0,0,0,,0,901,"BRANNAN ST","4TH ST",0.00,,Y,A,-,N,,,,,,,,,,Y,2,0,1,2,A,-,05,21460,A,N,A,G,A,A,H,-,C,A,0,,Y,,,Y,,L,04,1,0,0,0,0,0,1,0,0,"- ","- ",,,"SAN FRANCISCO","SAN FRANCISCO",-122.39653988000001,37.778329929999998
8101424,2016,2016-08-17,3801,2016-07-13,1400,2135,TENDE,3,5,7,3801,0,0,0,,0,3J51C,"MARKET ST","7TH ST",0.00,,Y,A,-,N,,,,,,,,,,N,4,0,1,2,A,-,12,21453,A,N,D,G,A,A,H,-,A,A,0,,Y,,,Y,,-,,0,0,1,0,0,0,1,0,0,"- ","- ",,,"SAN FRANCISCO","SAN FRANCISCO",-122.4125099,37.780479900000003
8102401,2016,2016-10-14,3801,2016-07-27,2134,2007,3A3,3,5,7,3801,0,0,0,,0,,"COLUMBIA ST","FILBERT ST",0.00,,Y,A,-,N,,,,,,,,,,N,3,0,1,2,A,-,08,22107,,N,A,G,A,A,H,-,C,A,0,,Y,,,Y,,A,01,0,1,0,0,0,0,1,0,0,"- ","- ",,,"SAN FRANCISCO","SAN FRANCISCO",-122.41135998999999,37.801119989999997
8102417,2016,2016-08-17,3801,2016-07-19,1439,1729,MSION,2,5,7,3801,0,0,0,,0,,"BRYANT ST","DIVISION ST N",0.00,,Y,A,-,N,,,,,,,,,,N,3,0,1,2,A,-,05,21650,1,N,D,G,A,A,H,-,A,D,0,,Y,,,Y,,L,04,0,1,0,0,0,0,1,0,0,"- ","- ",37.769500000000001,-122.41078,"SAN FRANCISCO","SAN FRANCISCO",-122.41081987,37.769309980000003
8107599,2016,2016-08-22,3801,2016-06-30,1645,002452,SOUTH,4,5,7,3801,0,0,0,,0,3B15C,"HARRISON ST","5TH ST",65.00,W,N,A,-,N,,,,,,,,,,N,3,0,1,2,A,-,06,21750,A,N,C,G,A,A,H,-,A,D,0,,Y,,,Y,,A,01,0,1,0,0,0,0,1,0,0,"- ","- ",,,"SAN FRANCISCO","SAN FRANCISCO",-122.40202207,37.778928399999998
8119888,2016,2016-09-20,3801,2016-08-05,1430,2446,MISSI,5,5,7,3801,0,0,0,,0,3D75,"18TH ST","MISSION ST",0.00,,Y,A,-,N,,,,,,,,,,N,4,0,1,2,A,-,17,22517,,N,E,G,A,A,H,-,A,A,0,,Y,,Y,Y,,-,"- ",0,0,1,0,0,0,1,0,0,"- ","- ",,,"SAN FRANCISCO","SAN FRANCISCO",-122.41936989,37.761839930000001
8120402,2016,2016-09-15,3801,2016-08-09,1730,211,SOUTH,2,5,7,3801,0,0,0,,0,1CAR,"EMBARCADERO SOUTH","BRYANT ST",279.00,S,N,A,-,N,,,,,,,,,,N,3,0,1,2,A,-,17,22517,,N,A,G,A,A,H,-,A,D,0,,Y,,,Y,,A,01,0,1,0,0,0,0,1,0,0,"- ","- ",,,"SAN FRANCISCO","SAN FRANCISCO",-122.38809406999999,37.786271139999997
8122063,2016,2016-09-14,3801,2016-08-23,1745,1430,MISSI,2,5,7,3801,0,0,0,,0,3D14D,"BRYANT ST","ALAMEDA ST",0.00,,Y,B,-,N,,,,,,,,,,N,3,0,2,2,A,-,09,21801,B,N,D,G,A,A,H,-,A,D,0,,Y,Y,,Y,,C,02,0,1,1,0,0,0,1,0,1,"- ","- ",,,"SAN FRANCISCO","SAN FRANCISCO",-122.41071992000001,37.768179959999998
8122067,2016,2016-09-14,3801,2016-08-23,1825,004319,MISSI,2,5,7,3801,0,0,0,,0,3D11D,"VALENCIA ST","18TH ST",50.00,N,N,A,-,N,,,,,,,,,,N,3,0,1,2,A,-,03,22350,,N,C,C,A,A,H,-,A,D,0,,Y,,,Y,,L,04,0,1,0,0,0,0,1,0,0,"- ","- ",,,"SAN FRANCISCO","SAN FRANCISCO",-122.42157466,37.761846859999999
8122073,2016,2016-09-14,3801,2016-08-16,1947,1787,COE,2,5,7,3801,0,0,0,,0,01E,"STEINER ST","PAGE ST",107.00,S,N,A,-,N,,,,,,,,,,N,4,0,1,2,A,-,09,21801,A,N,D,G,A,A,H,-,B,D,0,,Y,,,Y,,A,01,0,0,1,0,0,0,1,0,0,"- ","- ",,,"SAN FRANCISCO","SAN FRANCISCO",-122.43221833,37.772540159999998
8122087,2016,2016-09-14,3801,2016-08-15,0923,2380,SOUTH,1,5,7,3801,0,0,0,,0,3B14A,"MARKET ST","MCCOPPIN ST",0.00,,Y,A,B,N,,,,,,,,,,N,3,0,1,2,A,-,07,21658,A,N,D,G,A,A,H,-,A,A,0,,Y,,,Y,,-,,0,1,0,0,0,0,1,0,0,"- ","- ",,,"SAN FRANCISCO","SAN FRANCISCO",-122.42381399999999,37.771605000000001
8122914,2016,2016-10-19,3801,2016-08-10,2013,1396,MISSI,3,5,7,3801,0,0,0,,0,3D62,"18TH ST","VALENCIA ST",0.00,,Y,A,-,N,,,,,,,,,,N,4,0,1,2,A,-,09,21801,A,N,D,G,A,A,H,-,B,A,0,,Y,,,Y,,A,01,0,0,1,0,0,0,1,0,0,"- ","- ",,,"SAN FRANCISCO","SAN FRANCISCO",-122.42155988,37.761709949999997
8132577,2016,2016-10-11,3801,2016-09-20,0900,915,COJ,2,5,7,3801,0,0,0,,0,3J12A,"MARKET ST","4TH ST",0.00,,Y,A,-,N,,,,,,,,,,N,3,0,1,2,A,-,03,22350,A,N,C,-,A,A,H,-,A,A,0,,Y,,,Y,,L,04,0,1,0,0,0,0,1,0,0,"- ","- ",,,"SAN FRANCISCO","SAN FRANCISCO",-122.40588997,37.785699899999997
8137309,2016,2016-10-11,3801,2016-09-23,1945,1100,TNDRL,5,5,7,3801,0,0,0,,0,3J60,"MARKET ST","6TH ST",110.00,W,N,A,-,N,,,,,,,,,,N,3,0,1,2,A,-,08,22102,,N,D,G,A,-,H,-,B,D,0,,Y,,,Y,,A,01,0,1,0,0,0,0,1,0,0,"- ","- ",,,"SAN FRANCISCO","SAN FRANCISCO",-122.41057096999999,37.782027720000002
8137363,2016,2016-10-11,3801,2016-09-20,2053,2245,NORTH,2,5,7,3801,0,0,0,,0,3E12D,"PIERCE ST","GOLDEN GATE AV",0.00,,Y,A,-,N,,,,,,,,,,N,3,0,1,2,A,-,08,22107,,N,A,G,A,A,H,-,C,A,0,,Y,,,Y,,A,01,0,1,0,0,0,0,1,0,0,"- ","- ",,,"SAN FRANCISCO","SAN FRANCISCO",-122.43522986000001,37.7791499
8137379,2016,2016-10-11,3801,2016-09-22,1710,1996,CENT,4,5,7,3801,0,0,0,,0,3A13D,"BAY ST","COLUMBUS AV",0.00,,Y,A,-,N,,,,,,,,,,N,4,0,1,2,A,-,09,21453,B,N,D,B,B,A,H,-,A,A,0,Y,Y,,,Y,Y,L,04,0,0,1,0,0,0,1,0,0,"- ","- ",,,"SAN FRANCISCO","SAN FRANCISCO",-122.41719990999999,37.80518996
8137668,2016,2016-10-11,3801,2016-08-27,1028,2305,TENDE,6,5,7,3801,0,0,0,,0,4B1E,"MARKET ST","POWELL ST",0.00,,Y,A,-,N,,,,,,,,,,N,4,0,1,2,A,-,17,22517,,N,B,G,A,A,H,-,A,A,0,,Y,,,Y,,A,01,0,0,1,0,0,0,1,0,0,"- ","- ",37.78445,-122.40734,"SAN FRANCISCO","SAN FRANCISCO",-122.40757227,37.784368980000004
8137674,2016,2016-10-11,3801,2016-09-15,0431,1364,NORTH,4,5,7,3801,0,0,0,,0,3E14E,"BUCHANAN ST","OAK ST",0.00,,Y,A,-,N,,,,,,,,,,N,3,0,1,2,A,-,14,21201,D,N,D,-,A,A,H,-,C,A,0,,Y,,,Y,,L,04,0,1,0,0,0,0,1,0,0,"- ","- ",,,"SAN FRANCISCO","SAN FRANCISCO",-122.42753998000001,37.774399889999998
8166003,2016,2016-11-16,3801,2016-10-17,0650,132,PARK,1,5,7,3801,0,0,0,,0,4B6F,"SANCHEZ ST","14TH ST",0.00,,Y,A,-,N,,,,,,,,,,N,3,0,1,2,A,-,09,21802,A,N,D,G,A,A,H,-,C,A,0,,Y,,,Y,,A,01,0,1,0,0,0,0,1,0,0,"- ","- ",,,"SAN FRANCISCO","SAN FRANCISCO",-122.43117995999999,37.7675999
8166007,2016,2016-11-16,3801,2016-10-28,1250,2741,MISSI,5,5,7,3801,0,0,0,,0,3D15C,"24TH ST","ALABAMA ST",0.00,,Y,B,-,N,,,,,,,,,,N,3,0,1,2,A,-,03,22350,,F,C,G,A,A,H,-,A,A,0,,Y,,,Y,,L,04,0,1,0,0,0,0,1,0,0,"- ","- ",,,"SAN FRANCISCO","SAN FRANCISCO",-122.41093988999999,37.752709950000003