CASE_ID,ACCIDENT_YEAR,PROC_DATE,JURIS,COLLISION_DATE,COLLISION_TIME,OFFICER_ID,REPORTING_DISTRICT,DAY_OF_WEEK,CHP_SHIFT,POPULATION,CNTY_CITY_LOC,SPECIAL_COND,BEAT_TYPE,CHP_BEAT_TYPE,CITY_DIVISION_LAPD,CHP_BEAT_CLASS,BEAT_NUMBER,PRIMARY_RD,SECONDARY_RD,DISTANCE,DIRECTION,INTERSECTION,WEATHER_1,WEATHER_2,STATE_HWY_IND,CALTRANS_COUNTY,CALTRANS_DISTRICT,STATE_ROUTE,ROUTE_SUFFIX,POSTMILE_PREFIX,POSTMILE,LOCATION_TYPE,RAMP_INTERSECTION,SIDE_OF_HWY,TOW_AWAY,COLLISION_SEVERITY,NUMBER_KILLED,NUMBER_INJURED,PARTY_COUNT,PRIMARY_COLL_FACTOR,PCF_CODE_OF_VIOL,PCF_VIOL_CATEGORY,PCF_VIOLATION,PCF_VIOL_SUBSECTION,HIT_AND_RUN,TYPE_OF_COLLISION,MVIW,PED_ACTION,ROAD_SURFACE,ROAD_COND_1,ROAD_COND_2,LIGHTING,CONTROL_DEVICE,CHP_ROAD_TYPE,PEDESTRIAN_ACCIDENT,BICYCLE_ACCIDENT,MOTORCYCLE_ACCIDENT,TRUCK_ACCIDENT,NOT_PRIVATE_PROPERTY,ALCOHOL_INVOLVED,STWD_VEHTYPE_AT_FAULT,CHP_VEHTYPE_AT_FAULT,COUNT_SEVERE_INJ,COUNT_VISIBLE_INJ,COUNT_COMPLAINT_PAIN,COUNT_PED_KILLED,COUNT_PED_INJURED,COUNT_BICYCLIST_KILLED,COUNT_BICYCLIST_INJURED,COUNT_MC_KILLED,COUNT_MC_INJURED,PRIMARY_RAMP,SECONDARY_RAMP,LATITUDE,LONGITUDE,COUNTY,CITY,POINT_X,POINT_Y
8166016,2016,2016-11-16,3801,2016-10-25,1930,465,MISSI,2,5,7,3801,0,0,0,,0,3D12D,"DIVISION ST","HENRY ADAMS ST",0.00,,Y,A,-,N,,,,,,,,,,N,4,0,1,2,A,-,08,22107,,N,B,G,A,A,H,-,C,D,0,,Y,,,Y,,A,01,0,0,1,0,0,0,1,0,0,"- ","- ",,,"SAN FRANCISCO","SAN FRANCISCO",-122.40390375,37.769787000000001
8166118,2016,2016-11-17,3801,2016-10-21,1005,0316,NORTH,5,5,7,3801,0,0,0,,0,3E15A,"GOLDEN GATE AV","STEINER ST",0.00,,Y,A,-,N,,,,,,,,,,N,3,0,1,2,A,-,08,22107,,N,B,G,A,A,H,-,A,A,0,,Y,,,Y,,A,01,0,1,0,0,0,0,1,0,0,"- ","- ",,,"SAN FRANCISCO","SAN FRANCISCO",-122.43357999,37.779349889999999
8166153,2016,2016-11-17,3801,2016-10-22,1210,964,NORTH,6,5,7,3801,0,0,0,,0,3E45,"POLK ST","SACRAMENTO ST",0.00,,Y,A,-,N,,,,,,,,,,N,4,0,1,2,A,-,17,22517,,N,E,G,A,A,H,-,A,D,0,,Y,,,Y,,A,01,0,0,1,0,0,0,1,0,0,"- ","- ",,,"SAN FRANCISCO","SAN FRANCISCO",-122.42086992999999,37.791499999999999
8166242,2016,2016-11-15,3801,2016-10-03,1729,1547,PARK,1,5,7,3801,0,0,0,,0,3F13D,"HAIGHT ST","SHRADER ST",0.00,,Y,B,-,N,,,,,,,,,,N,4,0,1,2,A,-,08,22107,,N,B,G,A,B,H,-,A,D,0,,Y,,,Y,,A,08,0,0,1,0,0,0,1,0,0,"- ","- ",,,"SAN FRANCISCO","SAN FRANCISCO",-122.45185994000001,37.769369959999999
8166288,2016,2016-11-15,3801,2016-10-29,2130,255,INGLE,6,5,7,3801,0,0,0,,0,3H16E,"SCHWERIN ST","GARRISON ST",0.00,,Y,A,-,N,,,,,,,,,,N,3,0,1,2,A,-,09,21804,A,F,D,G,A,A,H,-,C,D,0,,Y,,,Y,Y,L,04,0,1,0,0,0,0,1,0,0,"- ","- ",,,"SAN FRANCISCO","SAN FRANCISCO",-122.41195986,37.709179939999999
8166311,2016,2016-11-15,3801,2016-10-29,2124,2724,MISSI,6,5,7,3801,0,0,0,,0,3D62,"FOLSOM ST","17TH ST",141.00,S,N,C,-,N,,,,,,,,,,Y,3,0,2,5,A,-,08,22107,,F,F,G,A,B,H,-,C,D,0,,Y,,,Y,Y,A,01,0,2,0,0,0,0,2,0,0,"- ","- ",,,"SAN FRANCISCO","SAN FRANCISCO",-122.41511113999999,37.763303880000002
8166339,2016,2016-11-15,3801,2016-10-12,0348,004282,NORTH,3,5,7,3801,0,0,0,,0,1CAR,"HAIGHT ST","SCOTT ST",64.00,E,N,B,-,N,,,,,,,,,,N,3,0,1,1,A,-,03,22350,,N,F,A,A,B,H,-,C,D,0,,Y,,,Y,Y,L,04,0,1,0,0,0,0,1,0,0,"- ","- ",,,"SAN FRANCISCO","SAN FRANCISCO",-122.43517127,37.771507669999998
8166345,2016,2016-11-15,3801,2016-10-18,0922,2737,SOUTH,2,5,7,3801,0,0,0,,0,3B14A,"MARKET ST","GOUGH ST",0.00,,Y,A,-,N,,,,,,,,,,N,4,0,1,1,A,-,03,22350,,N,F,G,A,A,H,-,A,A,0,,Y,,,Y,,L,04,0,0,1,0,0,0,1,0,0,"- ","- ",,,"SAN FRANCISCO","SAN FRANCISCO",-122.42220992999999,37.772869960000001
8166362,2016,2016-11-15,3801,2016-10-07,1331,1994,SOUTH,5,5,7,3801,0,0,0,,0,4B3B,"MISSISSIPPI ST","16TH ST",85.00,S,N,A,-,N,,,,,,,,,,N,3,0,1,2,A,-,08,22107,,N,B,G,A,A,H,-,A,D,0,,Y,,,Y,,A,07,0,1,0,0,0,0,1,0,0,"- ","- ",,,"SAN FRANCISCO","SAN FRANCISCO",-122.39494535999999,37.766330590000003
8166431,2016,2016-11-14,3801,2016-09-21,1130,A10964,MISSI,3,5,7,3801,0,0,0,,0,908,"14TH ST","VALENCIA ST",0.00,,Y,A,-,N,,,,,,,,,,N,4,0,1,2,A,-,08,22107,,N,D,G,A,A,H,-,A,A,0,,Y,,,Y,,A,01,0,0,1,0,0,0,1,0,0,"- ","- ",,,"SAN FRANCISCO","SAN FRANCISCO",-122.42217989,37.768149889999997
8183456,2016,2016-12-12,3801,2016-11-14,1509,1117,RICHM,1,5,7,3801,0,0,0,,0,3G13C,"GEARY BL","18TH AV",10.00,W,N,A,-,N,,,,,,,,,,N,4,0,1,2,A,-,00,20001,A,F,G,B,F,A,H,-,A,A,0,Y,Y,,,Y,Y,L,04,0,0,1,0,1,0,0,0,0,"- ","- ",,,"SAN FRANCISCO","SAN FRANCISCO",-122.47728454999999,37.780488300000002
8183520,2016,2016-12-12,3801,2016-11-07,1000,708,CENTR,1,5,7,3801,0,0,0,,0,3A12B,"WASHINGTON ST","WENTWORTH ST",50.00,E,N,A,-,N,,,,,,,,,,N,4,0,1,2,A,-,17,22517,,N,-,G,A,A,H,-,A,D,0,,Y,,,Y,,A,01,0,0,1,0,0,0,1,0,0,"- ","- ",,,"SAN FRANCISCO","SAN FRANCISCO",-122.40584814,37.795226370000002
8183533,2016,2016-12-09,3801,2016-11-17,1615,4057,NORTH,4,5,7,3801,0,0,0,,0,3E11D,"HAYES ST","WEBSTER ST",170.00,E,N,A,-,N,,,,,,,,,,N,3,0,2,3,A,-,03,22350,,N,H,A,A,A,H,-,A,D,0,,Y,,,Y,,L,04,0,1,1,0,0,0,2,0,0,"- ","- ",,,"SAN FRANCISCO","SAN FRANCISCO",-122.42895914,37.776114380000003
8184205,2016,2016-12-09,3801,2016-11-13,1510,2228,TARAV,7,5,7,3801,0,0,0,,0,3111D,"MARTIN LUTHER KING JR DR","LINCOLN WY",0.00,,Y,A,-,N,,,,,,,,,,N,4,0,1,2,D,-,00,,,N,B,G,A,A,H,-,A,D,0,,Y,,,Y,,-,"- ",0,0,1,0,0,0,1,0,0,"- ","- ",,,"SAN FRANCISCO","SAN FRANCISCO",-122.50940998,37.764039969999999
8184209,2016,2016-12-12,3801,2016-11-11,1810,000302,NORTH,5,5,7,3801,0,0,0,,0,3E14D,"CLAY ST","FILLMORE ST",58.00,E,N,A,-,N,,,,,,,,,,N,3,0,1,2,A,-,04,21703,,N,C,G,A,A,H,-,C,D,0,,Y,,,Y,,A,01,0,1,0,0,0,0,1,0,0,"- ","- ",,,"SAN FRANCISCO","SAN FRANCISCO",-122.43399139,37.790743370000001
8184221,2016,2016-12-09,3801,2016-11-12,1043,2375,RICHM,6,5,7,3801,0,0,0,,0,3G60,"JOHN F KENNEDY DR","BERNICE RODGERS WY",176.00,N,N,A,-,N,,,,,,,,,,N,3,0,1,2,A,-,04,21703,,N,C,G,A,A,H,-,A,D,0,,Y,,,Y,,L,04,0,1,0,0,0,0,1,0,0,"- ","- ",,,"SAN FRANCISCO","SAN FRANCISCO",-122.50571268,37.766808060000002
8184251,2016,2016-12-12,3801,2016-11-02,0550,315,SOUTH,3,5,7,3801,0,0,0,,0,0B4,"9TH ST","HARRISON ST",4.00,N,N,A,-,N,,,,,,,,,,N,3,0,1,2,A,-,08,22101,D,N,D,G,A,A,H,-,C,A,0,,Y,,,Y,,L,04,0,1,0,0,0,0,1,0,0,"- ","- ",,,"SAN FRANCISCO","SAN FRANCISCO",-122.41005989,37.77253769
8184255,2016,2016-12-12,3801,2016-11-01,0127,480,COD,2,5,7,3801,0,0,0,,0,3D14D,"MISSION ST","18TH ST",170.00,S,N,A,-,N,,,,,,,,,,N,3,0,1,2,A,-,17,22517,,M,D,G,A,B,H,-,C,D,0,,Y,,,Y,,-,99,0,1,0,0,0,0,1,0,0,"- ","- ",,,"SAN FRANCISCO","SAN FRANCISCO",-122.41932807000001,37.761374170000003
8200863,2017,2017-03-16,3801,2017-02-22,0927,426,TENDE,3,5,7,3801,0,0,0,,0,3J11A,"MCALLISTER ST","HYDE ST",0.00,,Y,A,-,N,,,,,,,,,,N,3,0,1,2,A,-,09,21801,A,F,D,G,A,A,H,-,A,A,0,,Y,,,Y,,-,,0,1,0,0,0,0,1,0,0,"- ","- ",,,"SAN FRANCISCO","SAN FRANCISCO",-122.4153199,37.780739930000003
8200948,2017,2017-03-16,3801,2017-02-22,0948,577,SOUTH,3,5,7,3801,0,0,0,,0,3B11A,"7TH ST","NATOMA ST",0.00,,Y,B,-,N,,,,,,,,,,N,3,0,1,2,A,-,09,21804,A,N,D,G,A,A,H,-,A,D,0,,Y,,,Y,,A,01,0,1,0,0,0,0,1,0,0,"- ","- ",,,"SAN FRANCISCO","SAN FRANCISCO",-122.40989998000001,37.778399929999999
8201068,2017,2017-03-15,3801,2017-02-04,2129,679,MISSI,6,5,7,3801,0,0,0,,0,0D1,"CASTRO ST","19TH ST",92.00,N,N,A,-,N,,,,,,,,,,N,3,0,1,2,A,-,11,21955,,N,G,B,D,A,H,-,C,D,0,Y,Y,,,Y,,N,60,0,1,0,0,0,0,1,0,0,"- ","- ",,,"SAN FRANCISCO","SAN FRANCISCO",-122.43488101,37.759542189999998
8201152,2017,2017-03-23,3801,2017-02-14,0801,991,MISSI,2,5,7,3801,0,0,0,,0,4B2B,"13TH ST","HARRISON ST",0.00,,Y,A,-,N,,,,,,,,,,N,3,0,1,2,A,-,12,21453,A,N,D,G,A,A,H,-,A,A,0,,Y,,,Y,,L,04,0,1,0,0,0,0,1,0,0,"- ","- ",37.769629999999999,-122.41323,"SAN FRANCISCO","SAN FRANCISCO",-122.41340989,37.769449960000003
8205530,2016,2017-04-20,3801,2016-12-29,0815,1054,RICHM,4,5,7,3801,0,0,0,,0,003,"ANZA ST","14TH AV",0.00,,Y,A,-,N,,,,,,,,,,N,4,0,1,2,A,-,10,21950,A,N,D,G,A,A,H,-,A,A,0,,Y,,,Y,,-,,0,0,1,0,0,0,1,0,0,"- ","- ",,,"SAN FRANCISCO","SAN FRANCISCO",-122.47274989,37.77869991
8205604,2016,2017-01-12,3801,2016-12-09,2335,A09481,MISSI,5,5,7,3801,0,0,0,,0,3D15E,"MISSION ST","18TH ST",108.00,S,N,C,-,N,,,,,,,,,,N,3,0,1,1,A,-,03,22350,,N,E,I,A,B,H,-,C,D,0,,Y,,,Y,,L,04,0,1,0,0,0,0,1,0,0,"- ","- ",,,"SAN FRANCISCO","SAN FRANCISCO",-122.41934337000001,37.761544059999999
8205957,2016,2017-01-13,3801,2016-12-10,1850,271,MISSI,6,5,7,3801,0,0,0,,0,3D11D,"18TH ST","SANCHEZ ST",199.00,E,N,B,-,N,,,,,,,,,,N,3,0,1,1,C,-,18,,,N,H,I,A,B,A,-,C,D,0,,Y,,,Y,,-,"- ",0,1,0,0,0,0,1,0,0,"- ","- ",,,"SAN FRANCISCO","SAN FRANCISCO",-122.42988394,37.761196990000002
8280306,2016,2017-01-13,3801,2016-12-14,0810,307,MISSI,3,5,7,3801,0,0,0,,0,,"CESAR CHAVEZ ST","PENNSYLVANIA AV",50.00,W,N,B,-,N,,,,,,,,,,N,2,0,1,2,D,-,00,,,F,B,G,A,B,H,-,A,A,0,,Y,,,Y,,-,"- ",1,0,0,0,0,0,1,0,0,"- ","- ",,,"SAN FRANCISCO","SAN FRANCISCO",-122.39259163,37.750032840000003
8280691,2016,2017-01-12,3801,2016-11-25,1854,1994,CENTR,5,5,7,3801,0,0,0,,0,4B3B,"SUTTER ST","POWELL ST",57.00,E,N,A,-,N,,,,,,,,,,N,2,0,1,2,A,-,11,21954,A,N,G,B,E,A,H,-,C,D,0,Y,Y,,,Y,,N,60,1,0,0,0,0,0,1,0,0,"- ","- ",37.78913,-122.40848,"SAN FRANCISCO","SAN FRANCISCO",-122.40841468000001,37.789252220000002
8292541,2017,2017-04-13,3801,2017-03-01,0734,709,SOUTH,3,5,7,3801,0,0,0,,0,3B13A,"8TH ST","BRANNAN ST",0.00,,Y,A,-,N,,,,,,,,,,N,4,0,1,2,A,-,08,22100,A,N,D,F,A,A,H,-,A,A,0,,Y,,,Y,,A,01,0,0,1,0,0,0,1,0,0,"- ","- ",,,"SAN FRANCISCO","SAN FRANCISCO",-122.40542986,37.771289930000002
8305163,2017,2017-02-15,3801,2017-01-05,0715,1081,TARAV,4,5,7,3801,0,0,0,,0,3112A,"IRVING ST","34TH AV",141.00,W,N,A,-,N,,,,,,,,,,N,2,0,1,2,A,-,08,22107,,N,B,G,A,A,H,-,B,D,0,,Y,,,Y,,A,01,1,0,0,0,0,0,1,0,0,"- ","- ",,,"SAN FRANCISCO","SAN FRANCISCO",-122.49367739,37.762821950000003
8305308,2017,2017-02-22,3801,2017-01-27,2145,1480,MISSI,5,5,7,3801,0,0,0,,0,3D16E,"17TH ST","HAMPSHIRE ST",0.00,,Y,A,-,N,,,,,,,,,,N,4,0,1,2,A,-,17,21200,A,N,D,G,A,A,-,-,C,D,0,,Y,,,Y,,L,04,0,0,1,0,0,0,1,0,0,"- ","- ",,,"SAN FRANCISCO","SAN FRANCISCO",-122.40841987,37.764429919999998
8305331,2017,2017-03-06,3801,2017-01-20,0230,000970,SOUTH,5,5,7,3801,0,0,0,,0,02B,"3RD ST","BRYANT ST",2.00,N,N,B,-,N,,,,,,,,,,N,3,0,1,2,A,I,"- ",,,N,H,-,F,A,H,-,C,D,0,Y,Y,,,Y,,L,04,0,1,0,0,1,0,0,0,0,"- ","- ",,,"SAN FRANCISCO","SAN FRANCISCO",-122.39585492,37.781313869999998
8305385,2017,2017-02-14,3801,2017-01-17,1934,4057,NORTH,2,5,7,3801,0,0,0,,0,3E14D,"SCOTT ST","CALIFORNIA ST",105.00,S,N,A,-,N,,,,,,,,,,N,4,0,1,2,A,-,04,21703,,F,C,G,A,A,H,-,C,D,0,,Y,,,Y,,A,01,0,0,1,0,0,0,1,0,0,"- ","- ",,,"SAN FRANCISCO","SAN FRANCISCO",-122.4387036,37.788005040000002
8305434,2017,2017-02-15,3801,2017-01-09,1100,4374,BAYVI,1,5,7,3801,0,0,0,,0,3C13B,"CESAR CHAVEZ","EVANS AV",0.00,,Y,A,-,N,,,,,,,,,,N,4,0,1,2,A,-,12,21453,A,N,D,G,A,A,H,-,A,A,0,,Y,,,Y,,L,04,0,0,1,0,0,0,1,0,0,"- ","- ",,,"SAN FRANCISCO","SAN FRANCISCO",-122.39731995,37.749689979999999
8305583,2017,2017-02-21,3801,2017-01-15,0115,215,MISSI,7,5,7,3801,0,0,0,,0,3D15E,"VALENCIA ST","15TH ST",7.00,N,N,A,-,N,,,,,,,,,,N,2,0,1,2,A,-,03,22350,,N,B,G,A,A,H,-,C,A,0,,Y,,,Y,Y,L,04,1,0,0,0,0,0,1,0,0,"- ","- ",,,"SAN FRANCISCO","SAN FRANCISCO",-122.42203167,37.766549179999998
8327462,2017,2017-03-21,3801,2017-01-30,0915,1939,BAYVI,1,5,7,3801,0,0,0,,0,4B6H,"16TH ST","KANSAS ST",73.00,W,N,A,-,N,,,,,,,,,,N,3,0,1,2,A,-,08,22107,,N,B,G,A,A,H,-,A,D,0,,Y,,,Y,,A,07,0,1,0,0,0,0,1,0,0,"- ","- ",37.765990000000002,-122.40358000000001,"SAN FRANCISCO","SAN FRANCISCO",-122.40388163999999,37.76601239
8333232,2017,2017-06-19,3801,2017-03-01,0601,625,NORTH,3,5,7,3801,0,0,0,,0,3E11A,"POLK ST","CALIFORNIA ST",0.00,,Y,A,-,N,,,,,,,,,,N,3,0,1,2,A,-,09,21801,A,N,D,G,A,A,H,-,B,A,0,,Y,,,Y,,A,01,0,1,0,0,0,0,1,0,0,"- ","- ",,,"SAN FRANCISCO","SAN FRANCISCO",-122.42067992,37.790569959999999
8342544,2017,2017-04-13,3801,2017-03-16,0048,1938,NORTH,4,5,7,3801,0,0,0,,0,3E15E,"CHESTNUT ST","FILLMORE ST",0.00,,Y,A,-,N,,,,,,,,,,N,3,0,1,3,A,-,03,22350,,N,B,G,D,A,H,-,C,A,0,Y,Y,,,Y,Y,L,04,0,1,0,0,0,0,1,0,0,"- ","- ",,,"SAN FRANCISCO","SAN FRANCISCO",-122.43623986999999,37.800829950000001
8343039,2017,2017-04-12,3801,2017-03-28,1800,936,CENTR,2,5,7,3801,0,0,0,,0,3A40D,"LEAVENWORTH ST","NORTH POINT ST",8.00,N,N,A,-,N,,,,,,,,,,N,4,0,1,2,A,-,09,21802,A,N,-,G,A,-,H,-,A,A,0,,Y,,,Y,,A,01,0,0,1,0,0,0,1,0,0,"- ","- ",,,"SAN FRANCISCO","SAN FRANCISCO",-122.41873407999999,37.805951739999998
8343063,2017,2017-04-12,3801,2017-03-16,0840,4272,MISSI,4,5,7,3801,0,0,0,,0,3D11A,"17TH ST","CHURCH ST",0.00,,Y,B,-,N,,,,,,,,,,N,3,0,1,1,A,-,03,22350,,N,H,G,A,B,H,-,A,A,0,,Y,,,Y,,L,04,0,1,0,0,0,0,1,0,0,"- ","- ",,,"SAN FRANCISCO","SAN FRANCISCO",-122.42850995000001,37.762879929999997
8343088,2017,2017-04-19,3801,2017-03-11,1740,4373,BAYVI,6,5,7,3801,0,0,0,,0,3G14D,"FELTON ST","HOLYOKE AV",112.00,E,N,A,-,N,,,,,,,,,,N,3,0,1,2,A,-,09,21804,,N,D,G,A,A,H,-,A,D,0,,Y,,,Y,,L,04,0,1,0,0,0,0,1,0,0,"- ","- ",,,"SAN FRANCISCO","SAN FRANCISCO",-122.40918284999999,37.728838150000001
8343114,2017,2017-04-13,3801,2017-03-17,1900,4372,MISSI,5,5,7,3801,0,0,0,,0,5CAR,"MISSION ST","18TH ST",0.00,,Y,A,-,N,,,,,,,,,,N,4,0,1,2,A,-,09,21801,A,N,D,G,A,A,H,-,A,A,0,,Y,,,Y,,L,04,0,0,1,0,0,0,1,0,0,"- ","- ",,,"SAN FRANCISCO","SAN FRANCISCO",-122.41936989,37.761839930000001
8343116,2017,2017-04-14,3801,2017-03-11,1126,463,NORTH,6,5,7,3801,0,0,0,,0,3E14C,"OCTAVIA ST","OAK ST",0.00,,Y,A,-,N,,,,,,,,,,N,3,0,1,1,A,-,12,21457,A,N,H,A,A,A,H,-,A,A,0,,Y,,,Y,,L,04,0,1,0,0,0,0,1,0,0,"- ","- ",,,"SAN FRANCISCO","SAN FRANCISCO",-122.42429995000001,37.77479993
8343135,2017,2017-04-13,3801,2017-03-03,0229,215,TENDE,5,5,7,3801,0,0,0,,0,3J13E,"ELLIS ST","JONES ST",20.00,W,N,A,-,N,,,,,,,,,,Y,4,0,1,3,A,-,03,22350,A,F,B,E,A,A,H,-,C,A,0,,Y,,,Y,Y,A,07,0,0,1,0,0,0,1,0,0,"- ","- ",,,"SAN FRANCISCO","SAN FRANCISCO",-122.41284817,37.784890439999998
8343143,2017,2017-04-21,3801,2017-03-04,1619,1706,TENDE,6,5,7,3801,0,0,0,,0,3J15D,"LARKIN ST",GROVE,0.00,,Y,C,-,N,,,,,,,,,,N,4,0,1,2,A,-,"- ",,I,N,D,G,A,B,H,-,A,A,0,,Y,,,Y,,L,04,0,0,1,0,0,0,1,0,0,"- ","- ",,,"SAN FRANCISCO","SAN FRANCISCO",-122.41659,37.778659990000001
8343183,2017,2017-04-13,3801,2017-03-02,1745,628,SOUTH,4,5,7,3801,0,0,0,,0,3B13D,"HOWARD ST","1ST ST",0.00,,Y,A,-,N,,,,,,,,,,N,4,0,1,3,A,-,17,22517,,N,B,G,A,A,H,-,B,A,0,,Y,,,Y,,-,,0,0,1,0,0,0,1,0,0,"- ","- ",,,"SAN FRANCISCO","SAN FRANCISCO",-122.39603999000001,37.7885499
8360149,2017,2017-05-11,3801,2017-03-31,1828,207,TENDE,5,5,7,3801,0,0,0,,0,3J50C,"MARKET ST","5TH ST",300.00,E,N,A,-,N,,,,,,,,,,N,3,0,1,3,A,-,00,22517,A,N,H,G,A,A,H,-,A,D,0,,Y,,,Y,,-,,0,1,0,0,0,0,1,0,0,"- ","- ",,,"SAN FRANCISCO","SAN FRANCISCO",-122.40731694999999,37.784575699999998
8360171,2017,2017-05-11,3801,2017-04-19,2110,719,MISSI,3,5,7,3801,0,0,0,,0,3D11E,"18TH ST","CHURCH ST",0.00,,Y,A,-,N,,,,,,,,,,N,4,0,1,2,A,-,09,21801,A,N,D,G,A,A,H,-,C,A,0,,Y,,,Y,,-,,0,0,1,0,0,0,1,0,0,"- ","- ",,,"SAN FRANCISCO","SAN FRANCISCO",-122.42837989,37.761299909999998
8360217,2017,2017-05-11,3801,2017-04-04,1416,2079,TENDE,2,5,7,3801,0,0,0,,0,3J41C,"JONES ST","GOLDEN GATE AV",30.00,S,N,A,-,N,,,,,,,,,,N,3,0,1,1,A,-,03,22350,,N,-,A,A,A,H,-,A,A,0,,Y,,,Y,,L,04,0,1,0,0,0,0,1,0,0,"- ","- ",,,"SAN FRANCISCO","SAN FRANCISCO",-122.41221213999999,37.781998809999997
8360229,2017,2017-05-11,3801,2017-04-05,1920,279,CENTR,3,5,7,3801,0,0,0,,0,3A72,"MARKET ST","2ND ST",50.00,E,N,A,-,N,,,,,,,,,,N,3,0,1,2,A,-,04,21703,,N,G,G,A,A,H,-,C,A,0,,Y,,,Y,,A,01,0,1,0,0,0,0,1,0,0,"- ","- ",,,"SAN FRANCISCO","SAN FRANCISCO",-122.40127923999999,37.789338399999998
8360347,2017,2017-06-09,3801,2017-04-03,1506,1498,TARAV,1,5,7,3801,0,0,0,,0,3I11B,"TARAVAL ST","41ST AV",0.00,,Y,A,-,N,,,,,,,,,,N,4,0,1,2,A,-,09,21800,A,N,D,G,A,A,H,-,A,-,0,,Y,,,Y,,A,01,0,0,1,0,0,0,1,0,0,"- ","- ",,,"SAN FRANCISCO","SAN FRANCISCO",-122.49925995,37.742009940000003
8360405,2017,2017-05-15,3801,2017-04-18,0945,1550,NORTH,2,5,7,3801,0,0,0,,0,3E3C,"POLK ST","PINE ST",0.00,,Y,F,-,N,,,,,,,,,,N,3,0,1,3,A,-,11,21453,D,N,D,G,B,A,H,-,A,A,0,Y,Y,,,Y,,N,60,0,1,0,0,0,0,1,0,0,"- ","- ",,,"SAN FRANCISCO","SAN FRANCISCO",-122.42049994,37.789639979999997
8360431,2017,2017-05-25,3801,2017-04-04,2333,311,SOUTH,2,5,7,3801,0,0,0,,0,3B15E,"7TH ST","MISSION BAY DR",0.00,,Y,A,-,N,,,,,,,,,,N,4,0,1,2,A,-,12,21453,A,N,H,-,A,A,H,-,C,A,0,,Y,,,Y,,L,04,0,0,1,0,0,0,0,0,0,"- ","- ",,,"SAN FRANCISCO","SAN FRANCISCO",-122.39868992,37.769419999999997
8375819,2017,2017-06-13,3801,2017-05-19,0930,2007,CENTR,5,5,7,3801,0,0,0,,0,005,"MARKET ST","SUTTER ST",0.00,,Y,A,B,N,,,,,,,,,,N,3,0,1,3,A,-,17,22517,,N,B,G,A,A,H,-,A,A,0,,Y,,,Y,,-,,0,1,0,0,0,0,1,0,0,"- ","- ",,,"SAN FRANCISCO","SAN FRANCISCO",-122.40013999,37.790299990000001
8378095,2017,2017-06-14,3801,2017-05-12,1106,708,MISSI,5,5,7,3801,0,0,0,,0,3A15B,"14TH ST",MINNA,0.00,,N,A,-,N,,,,,,,,,,N,4,0,1,2,A,-,08,22107,,N,H,G,A,A,H,-,A,D,0,,Y,,,Y,,A,01,0,0,1,0,0,0,1,0,0,"- ","- ",,,"SAN FRANCISCO","SAN FRANCISCO",-122.41923986,37.768329889999997
8381963,2017,2017-12-06,3801,2017-05-19,2225,1480,MISSI,5,5,7,3801,0,0,0,,0,3D15E,"17TH ST","BRYANT ST",0.00,,Y,A,-,N,,,,,,,,,,N,4,0,1,2,A,-,12,22450,A,F,D,G,A,A,H,-,C,A,0,,Y,,,Y,,D,22,0,0,1,0,0,0,1,0,0,"- ","- ",,,"SAN FRANCISCO","SAN FRANCISCO",-122.41037987999999,37.764319929999999
8382129,2017,2017-06-14,3801,2017-05-25,0744,577,INGLE,4,5,7,3801,0,0,0,,0,0H6,"BAYSHORE BL","SUNNYDALE AV",62.00,N,N,A,-,N,,,,,,,,,,N,4,0,1,2,A,-,08,22107,,N,D,G,A,A,H,-,A,A,0,,Y,,,Y,,A,01,0,0,1,0,0,0,1,0,0,"- ","- ",,,"SAN FRANCISCO","SAN FRANCISCO",-122.40516263000001,37.709061699999999
8382186,2017,2017-06-13,3801,2017-05-16,2010,2209,3801,2,5,7,3801,0,0,0,,0,3F14C,"FELL ST","BRODERICK ST",150.00,E,N,B,-,N,,,,,,,,,,N,3,0,1,2,A,-,08,22107,,N,D,G,A,A,H,-,C,D,0,,Y,,,Y,,A,01,0,1,0,0,0,0,1,0,0,"- ","- ",,,"SAN FRANCISCO","SAN FRANCISCO",-122.43877771,37.773906689999997
8382211,2017,2017-06-13,3801,2017-05-18,1726,A09149,COG,4,5,7,3801,0,0,0,,0,001,"TRANSVERSE DR","MARTIN LUTHER KING DR",185.00,N,N,A,-,N,,,,,,,,,,N,4,0,1,2,A,-,03,22350,,N,C,G,A,A,H,-,A,D,0,,Y,,,Y,,A,01,0,0,1,0,0,0,1,0,0,"- ","- ",,,"SAN FRANCISCO","SAN FRANCISCO",-122.4786795,37.766307060000003
8382221,2017,2017-06-13,3801,2017-05-01,0613,4259,SOUTH,1,5,7,3801,0,0,0,,0,3B14A,"13TH ST","MISSION ST",0.00,,Y,A,-,N,,,,,,,,,,N,3,0,1,2,A,-,12,21453,A,N,D,G,A,A,H,-,A,A,0,,Y,,,Y,,L,04,0,1,0,0,0,0,1,0,0,"- ","- ",,,"SAN FRANCISCO","SAN FRANCISCO",-122.42017991,37.769989959999997
8401846,2017,2017-08-09,3801,2017-06-19,0755,868,NORTH,1,5,7,3801,0,0,0,,0,3E2,"WEBSTER ST","MCALLISTER ST",0.00,,Y,A,-,N,,,,,,,,,,N,4,0,1,2,A,-,06,21755,,N,H,G,A,A,H,-,A,A,0,,Y,,,Y,,L,04,0,0,1,0,0,0,1,0,0,"- ","- ",37.778889999999997,-122.4299,"SAN FRANCISCO","SAN FRANCISCO",-122.43010988,37.778840000000002