CASE_ID,ACCIDENT_YEAR,PROC_DATE,JURIS,COLLISION_DATE,COLLISION_TIME,OFFICER_ID,REPORTING_DISTRICT,DAY_OF_WEEK,CHP_SHIFT,POPULATION,CNTY_CITY_LOC,SPECIAL_COND,BEAT_TYPE,CHP_BEAT_TYPE,CITY_DIVISION_LAPD,CHP_BEAT_CLASS,BEAT_NUMBER,PRIMARY_RD,SECONDARY_RD,DISTANCE,DIRECTION,INTERSECTION,WEATHER_1,WEATHER_2,STATE_HWY_IND,CALTRANS_COUNTY,CALTRANS_DISTRICT,STATE_ROUTE,ROUTE_SUFFIX,POSTMILE_PREFIX,POSTMILE,LOCATION_TYPE,RAMP_INTERSECTION,SIDE_OF_HWY,TOW_AWAY,COLLISION_SEVERITY,NUMBER_KILLED,NUMBER_INJURED,PARTY_COUNT,PRIMARY_COLL_FACTOR,PCF_CODE_OF_VIOL,PCF_VIOL_CATEGORY,PCF_VIOLATION,PCF_VIOL_SUBSECTION,HIT_AND_RUN,TYPE_OF_COLLISION,MVIW,PED_ACTION,ROAD_SURFACE,ROAD_COND_1,ROAD_COND_2,LIGHTING,CONTROL_DEVICE,CHP_ROAD_TYPE,PEDESTRIAN_ACCIDENT,BICYCLE_ACCIDENT,MOTORCYCLE_ACCIDENT,TRUCK_ACCIDENT,NOT_PRIVATE_PROPERTY,ALCOHOL_INVOLVED,STWD_VEHTYPE_AT_FAULT,CHP_VEHTYPE_AT_FAULT,COUNT_SEVERE_INJ,COUNT_VISIBLE_INJ,COUNT_COMPLAINT_PAIN,COUNT_PED_KILLED,COUNT_PED_INJURED,COUNT_BICYCLIST_KILLED,COUNT_BICYCLIST_INJURED,COUNT_MC_KILLED,COUNT_MC_INJURED,PRIMARY_RAMP,SECONDARY_RAMP,LATITUDE,LONGITUDE,COUNTY,CITY,POINT_X,POINT_Y
8404368,2017,2017-07-28,3801,2017-06-20,1734,1730,INGLE,2,5,7,3801,0,0,0,,0,4B4D,"ALEMANY BL","SILVER AV",0.00,,Y,A,-,N,,,,,,,,,,Y,1,1,0,2,A,-,05,21650,1,N,-,G,A,A,H,-,A,A,0,,Y,,,Y,,L,04,0,0,0,0,0,1,0,0,0,"- ","- ",37.72983,-122.43319,"SAN FRANCISCO","SAN FRANCISCO",-122.43337993,37.729849960000003
8406013,2017,2017-07-20,3801,2017-06-17,1025,1469,NORTH,6,5,7,3801,0,0,0,,0,,"OAK ST","WEBSTER ST",125.00,S,N,A,-,N,,,,,,,,,,N,3,0,1,2,A,-,03,22350,A,N,C,G,A,A,H,-,A,A,0,,Y,,,Y,,L,04,0,1,0,0,0,0,1,0,0,"- ","- ",,,"SAN FRANCISCO","SAN FRANCISCO",-122.42955782999999,37.774119069999998
8406015,2017,2017-07-20,3801,2017-06-16,1837,801,SOUTH,5,5,7,3801,0,0,0,,0,3B14D,"6TH ST","MINNA ST",0.00,,Y,A,-,N,,,,,,,,,,N,4,0,1,2,A,-,09,21801,A,N,D,G,A,A,H,-,A,A,0,,Y,,,Y,,A,01,0,0,1,0,0,0,1,0,0,"- ","- ",,,"SAN FRANCISCO","SAN FRANCISCO",-122.40812986,37.78054994
8406032,2017,2017-07-21,3801,2017-06-09,1647,1288,"CO A",5,5,7,3801,0,0,0,,0,3A15A,EMBARCADERO,HOWARD,0.00,,Y,A,-,N,,,,,,,,,,N,4,0,1,2,A,-,00,20001,A,M,D,G,A,A,H,-,A,A,0,,Y,,,Y,,A,01,0,0,1,0,0,0,1,0,0,"- ","- ",,,"SAN FRANCISCO","SAN FRANCISCO",-122.391198,37.792323000000003
8407556,2017,2017-07-19,3801,2017-06-13,1026,1487,SOUTH,2,5,7,3801,0,0,0,,0,4B2D,"VALENCIA ST","MCCOPPIN ST",0.00,,Y,A,-,N,,,,,,,,,,N,3,0,1,2,A,-,09,21801,A,N,D,G,A,A,H,-,A,A,0,,Y,,,Y,,A,01,0,1,0,0,0,0,1,0,0,"- ","- ",37.771520000000002,-122.42256999999999,"SAN FRANCISCO","SAN FRANCISCO",-122.42252987000001,37.771589900000002
8407583,2017,2017-07-19,3801,2017-06-23,1925,628,SOUTH,5,5,7,3801,0,0,0,,0,0B3,"HOWARD ST","RAUSCH ST",0.00,,Y,-,-,N,,,,,,,,,,N,3,0,1,2,A,-,05,21650,1,N,D,G,A,A,H,-,A,D,0,,Y,,,Y,,L,04,0,1,0,0,0,0,1,0,0,"- ","- ",,,"SAN FRANCISCO","SAN FRANCISCO",-122.41046987,37.777099989999996
8407598,2017,2017-07-20,3801,2017-06-29,1400,2116,E,4,5,7,3801,0,0,0,,0,002,"GOLDEN GATE AV","GOLDEN GATE AV 867",0.00,,-,A,-,N,,,,,,,,,,N,4,0,1,2,A,-,03,22350,,M,B,G,A,A,H,-,A,D,0,,Y,,,Y,,-,,0,0,1,0,0,0,1,0,0,"- ","- ",,,"SAN FRANCISCO","SAN FRANCISCO",-122.42504597,37.780438750000002
8407619,2017,2017-07-19,3801,2017-06-15,1238,273,MISSI,4,5,7,3801,0,0,0,,0,3D16C,"15TH ST","HARRISON ST",0.00,,Y,A,-,N,,,,,,,,,,N,4,0,1,2,A,-,17,21208,A,N,D,G,A,A,H,-,A,D,0,,Y,,,Y,,L,04,0,0,1,0,0,0,1,0,0,"- ","- ",,,"SAN FRANCISCO","SAN FRANCISCO",-122.41326997,37.76704994
8410779,2017,2017-07-26,3801,2017-06-16,1830,1188,TENDE,5,5,7,3801,0,0,0,,0,3J12D,"MARKET ST","4TH ST",55.00,W,N,A,-,N,,,,,,,,,,N,3,0,1,1,A,-,03,22350,,N,H,A,A,A,H,-,A,D,0,,Y,,,Y,,L,04,0,1,0,0,0,0,1,0,0,"- ","- ",,,"SAN FRANCISCO","SAN FRANCISCO",-122.40602210999999,37.78559121
8413060,2017,2017-07-26,3801,2017-06-16,0753,1469,NORTH,5,5,7,3801,0,0,0,,0,,"SCOTT ST","FELL ST",18.00,N,N,A,-,N,,,,,,,,,,N,4,0,1,2,A,-,04,21703,,N,C,G,A,A,H,-,A,A,0,,Y,,,Y,,A,01,0,0,1,0,0,0,1,0,0,"- ","- ",,,"SAN FRANCISCO","SAN FRANCISCO",-122.4359489,37.774318940000001
8413080,2017,2018-03-21,3801,2017-06-09,1700,1782,PARK,5,5,7,3801,0,0,0,,0,3F14C,"MCALLISTER ST","VAN NESS AV",0.00,,Y,A,-,Y,SF,4,101,-,T,5.198,I,6,N,N,3,0,1,2,A,-,03,22350,,F,C,G,A,A,H,-,A,A,0,,Y,,,Y,Y,A,01,0,1,0,0,0,0,1,0,0,"- ","- ",,,"SAN FRANCISCO","SAN FRANCISCO",-122.42016390000001,37.780100640000001
8421304,2017,2017-08-10,3801,2017-07-29,0849,1213,RICHM,6,5,7,3801,0,0,0,,0,3G44B,"8TH AV",CLEMENT,20.00,S,N,A,-,N,,,,,,,,,,N,4,0,2,3,A,-,17,22517,,N,H,G,A,A,H,-,A,D,0,,Y,,,Y,,-,,0,0,2,0,0,0,2,0,0,"- ","- ",,,"SAN FRANCISCO","SAN FRANCISCO",-122.46656452000001,37.782785230000002
8423765,2017,2017-11-14,3801,2017-07-15,1825,A21154,INGLE,6,5,7,3801,0,0,0,,0,"1 CAR","MISSION ST","MISSION ST 3447",0.00,,N,A,-,N,,,,,,,,,,N,3,0,1,2,A,-,08,22102,,F,D,G,A,A,H,-,A,D,0,,Y,,,Y,Y,A,01,0,1,0,0,0,0,1,0,0,"- ","- ",,,"SAN FRANCISCO","SAN FRANCISCO",-122.42247462,37.741587340000002
8423770,2017,2017-08-09,3801,2017-07-18,0840,708,MISSI,2,5,7,3801,0,0,0,,0,3D11A,"16TH ST",ALBION,0.00,,Y,A,-,N,,,,,,,,,,N,3,0,1,2,A,-,08,22107,,N,C,G,A,A,H,-,A,D,0,,Y,,,Y,,L,04,0,1,0,0,0,0,1,0,0,"- ","- ",,,"SAN FRANCISCO","SAN FRANCISCO",-122.42309996,37.764839889999998
8423782,2017,2017-08-09,3801,2017-07-19,1218,4136,INGLE,3,5,7,3801,0,0,0,,0,3H11C,"SAN JOSE AV","NIAGARA AV",0.00,,Y,A,-,N,,,,,,,,,,N,4,0,1,2,A,-,12,22450,A,N,D,G,A,A,H,-,A,A,0,,Y,,,Y,,L,04,0,0,1,0,0,0,1,0,0,"- ","- ",,,"SAN FRANCISCO","SAN FRANCISCO",-122.44760986,37.719479909999997
8423795,2017,2017-11-20,3801,2017-07-16,1546,375,MISSI,7,5,7,3801,0,0,0,,0,3D16D,"18TH ST","CHURCH ST",241.00,E,N,A,-,N,,,,,,,,,,N,3,0,1,2,A,-,17,22517,,N,B,G,A,A,H,-,A,D,0,,Y,,,Y,,A,01,0,1,0,0,0,0,1,0,0,"- ","- ",,,"SAN FRANCISCO","SAN FRANCISCO",-122.42754866999999,37.761352299999999
8423859,2017,2017-08-09,3801,2017-07-27,1300,432,A,4,5,7,3801,0,0,0,,0,COA,"3RD ST","HOWARD ST",0.00,,N,A,-,N,,,,,,,,,,N,4,0,1,2,A,-,08,22107,,N,B,G,A,A,H,-,A,D,0,,Y,,,Y,,L,04,0,0,1,0,0,0,1,0,0,"- ","- ",,,"SAN FRANCISCO","SAN FRANCISCO",-122.40049986,37.785009909999999
8423864,2017,2017-08-11,3801,2017-07-12,0957,837,CENTR,3,5,7,3801,0,0,0,,0,3A13B,"THE EMBARCADERO NORTH","MISSION ST",0.00,,Y,A,-,N,,,,,,,,,,N,3,0,1,2,A,-,08,22107,,N,H,G,A,A,H,-,A,A,0,,Y,,,Y,,A,01,0,1,0,0,0,0,1,0,0,"- ","- ",,,"SAN FRANCISCO","SAN FRANCISCO",-122.39262988999999,37.793709960000001
8423891,2017,2017-08-09,3801,2017-07-21,0118,4103,TENDE,5,5,7,3801,0,0,0,,0,3J12E,"GOLDEN GATE AV","LARKIN ST",0.00,,Y,A,-,N,,,,,,,,,,N,3,0,1,1,D,-,00,,,N,H,A,A,A,H,-,C,D,0,,Y,,,Y,,-,"- ",0,1,0,0,0,0,1,0,0,"- ","- ",,,"SAN FRANCISCO","SAN FRANCISCO",-122.41714999,37.781440000000003
8423940,2017,2017-08-10,3801,2017-07-25,1448,268,3801,2,5,7,3801,0,0,0,,0,,"3RD AV","CABRILLO ST",224.00,N,N,A,-,N,,,,,,,,,,N,3,0,1,2,A,-,11,21956,A,N,G,B,A,A,H,-,A,D,0,,Y,,,Y,,-,,0,1,0,0,0,0,1,0,0,"- ","- ",,,"SAN FRANCISCO","SAN FRANCISCO",-122.46072925999999,37.776124119999999
8423975,2017,2017-08-10,3801,2017-07-14,1645,970,SOUTH,5,5,7,3801,0,0,0,,0,0B1,"EMBARCADERO SOUTH","HARRISON ST",0.00,,Y,A,-,N,,,,,,,,,,N,4,0,1,2,D,-,00,,,F,D,C,A,A,H,-,A,A,0,,Y,,,Y,,-,"- ",0,0,1,0,0,0,1,0,0,"- ","- ",,,"SAN FRANCISCO","SAN FRANCISCO",-122.3886105,37.789496999999997
8444403,2017,2017-09-25,3801,2017-08-01,1300,1325,TENDE,2,5,7,3801,0,0,0,,0,3J11A,"OFARRELL ST","MASON ST",0.00,,Y,A,-,N,,,,,,,,,,N,3,0,1,2,A,-,17,22517,,N,H,G,A,A,H,-,A,D,0,,Y,,,Y,,A,01,0,1,0,0,0,0,1,0,0,"- ","- ",,,"SAN FRANCISCO","SAN FRANCISCO",-122.40965987,37.786219959999997
8444422,2017,2017-09-26,3801,2017-08-04,1300,A21550,CENTR,5,5,7,3801,0,0,0,,0,3A2A,"GRANT AV","JACKSON ST",0.00,,Y,B,-,N,,,,,,,,,,N,4,0,1,2,A,-,08,22107,,N,B,G,A,A,H,-,A,A,0,,Y,,,Y,,L,04,0,0,1,0,0,0,1,0,0,"- ","- ",,,"SAN FRANCISCO","SAN FRANCISCO",-122.40662999,37.796029930000003
8444426,2017,2017-09-26,3801,2017-08-01,1746,878,SOUTH,2,5,7,3801,0,0,0,,0,3B15D,"TOWNSEND ST","7TH ST",0.00,,Y,A,-,N,,,,,,,,,,Y,3,0,1,2,A,-,09,21801,A,N,A,G,A,A,H,-,A,A,0,,Y,,,Y,,L,04,0,1,0,0,0,0,1,0,0,"- ","- ",,,"SAN FRANCISCO","SAN FRANCISCO",-122.40165987,37.771829990000001
8444480,2017,2017-09-26,3801,2017-08-25,2024,1588,COD,5,5,7,3801,0,0,0,,0,3D11D,"VALENCIA ST","14TH ST",0.00,,Y,A,-,N,,,,,,,,,,N,4,0,1,2,A,-,21,22106,,N,C,G,A,A,H,-,C,A,0,,Y,,,Y,,-,,0,0,1,0,0,0,1,0,0,"- ","- ",,,"SAN FRANCISCO","SAN FRANCISCO",-122.42217989,37.768149889999997
8445861,2017,2017-09-13,3801,2017-08-20,1325,4006,NORTH,7,5,7,3801,0,0,0,,0,3E12C,"WEBSTER ST","GEARY BL",0.00,,Y,A,-,N,,,,,,,,,,N,3,0,1,2,A,-,17,21209,A,N,H,G,A,A,H,-,A,A,0,,Y,Y,,Y,,C,03,0,1,0,0,0,0,0,0,1,"- ","- ",,,"SAN FRANCISCO","SAN FRANCISCO",-122.4312999,37.784729929999997
8464087,2017,2017-11-14,3801,2017-09-21,1146,185,MISSI,4,5,7,3801,0,0,0,,0,3D14C,"DUBOCE ST","MISSION ST",5.00,E,N,A,-,N,,,,,,,,,,N,4,0,1,2,A,-,11,21456,B,N,H,G,A,A,H,-,A,A,0,,Y,,,Y,,L,04,0,0,1,0,0,0,1,0,0,"- ","- ",,,"SAN FRANCISCO","SAN FRANCISCO",-122.42018,37.76999
8464102,2017,2017-10-27,3801,2017-09-05,0614,4305,MISSI,2,5,7,3801,0,0,0,,0,3D16A,"SAN BRUNO AV","16TH ST",0.00,,Y,A,-,N,,,,,,,,,,N,4,0,1,2,A,-,09,21804,A,N,D,G,A,A,H,-,C,A,0,,Y,,,Y,,A,01,0,0,1,0,0,0,1,0,0,"- ","- ",,,"SAN FRANCISCO","SAN FRANCISCO",-122.40556993,37.765889899999998
8464124,2017,2017-10-30,3801,2017-09-19,2013,4187,MISSI,2,5,7,3801,0,0,0,,0,3D15D,"VALENCIA ST","19TH ST",189.00,N,N,A,-,N,,,,,,,,,,N,4,0,1,2,A,-,17,22517,,N,H,G,A,A,H,-,C,D,0,,Y,,,Y,,A,01,0,0,1,0,0,0,1,0,0,"- ","- ",,,"SAN FRANCISCO","SAN FRANCISCO",-122.42145176,37.760627579999998
8464143,2017,2017-10-19,3801,2017-09-25,0815,A22854,BAYVI,1,5,7,3801,0,0,0,,0,001,"CESAR CHAVEZ","EVANS AV",150.00,W,N,A,-,N,,,,,,,,,,N,3,0,1,2,A,-,07,21658,A,N,H,G,A,A,H,-,A,D,0,,Y,,,Y,,A,01,0,1,0,0,0,0,1,0,0,"- ","- ",,,"SAN FRANCISCO","SAN FRANCISCO",-122.3978376,37.749660140000003
8464156,2017,2017-10-19,3801,2017-09-30,0855,563,PARK,6,5,7,3801,0,0,0,,0,"3 CAR","FULTON ST","MASONIC AV",0.00,,Y,A,-,N,,,,,,,,,,N,3,0,1,2,A,-,09,21801,A,N,D,G,A,A,H,-,A,A,0,,Y,,,Y,,A,01,0,1,0,0,0,0,1,0,0,"- ","- ",,,"SAN FRANCISCO","SAN FRANCISCO",-122.44646989,37.775789979999999
8464207,2017,2017-11-22,3801,2017-09-12,1225,1459,NORTH,2,5,7,3801,0,0,0,,0,3E15C,"MCALLISTER ST","POLK ST",0.00,,Y,A,-,N,,,,,,,,,,N,4,0,1,2,A,-,08,22107,,N,B,G,A,A,H,-,A,A,0,,Y,,,Y,,A,01,0,0,1,0,0,0,1,0,0,"- ","- ",,,"SAN FRANCISCO","SAN FRANCISCO",-122.41859999,37.780269910000001
8465039,2017,2017-10-16,3801,2017-06-21,0845,868,NORTH,3,5,7,3801,0,0,0,,0,3E3,"MCALLISTER ST","POLK ST",77.00,E,N,A,-,N,,,,,,,,,,N,4,0,1,2,A,-,08,22102,,N,D,G,A,A,H,-,A,D,0,,Y,,,Y,,A,01,0,0,1,0,0,0,1,0,0,"- ","- ",37.780329999999999,-122.41871,"SAN FRANCISCO","SAN FRANCISCO",-122.41833756,37.780306830000001
8468944,2017,2018-05-17,3801,2017-09-25,1718,626,CENTR,1,5,7,3801,0,0,0,,0,3A14C,"NORTH POINT ST","POLK ST",12.00,N,N,A,-,N,,,,,,,,,,N,2,0,1,1,A,-,03,22350,,N,H,A,A,A,H,-,A,D,0,,Y,,,Y,,L,04,1,0,0,0,0,0,1,0,0,"- ","- ",,,"SAN FRANCISCO","SAN FRANCISCO",-122.42359899,37.80530529
8475920,2017,2017-11-18,3801,2017-10-20,1325,A10951,,5,5,7,3801,0,0,0,,0,3A46B,"POWELL ST","GEARY ST",0.00,,Y,A,-,N,,,,,,,,,,N,4,0,1,1,A,-,03,22350,,N,-,-,A,A,H,-,A,-,0,,Y,,,Y,,L,04,0,0,1,0,0,0,1,0,0,"- ","- ",,,"SAN FRANCISCO","SAN FRANCISCO",-122.40821,37.787359989999999
8491203,2017,2018-01-19,3801,2017-10-19,0700,A10936,SOUTH,4,5,7,3801,0,0,0,,0,SOUT,"FOLSOM ST",LANGTON,62.00,W,N,A,-,N,,,,,,,,,,N,4,0,1,1,A,-,03,22350,,N,F,-,A,A,D,-,C,D,0,,Y,,,Y,,L,04,0,0,1,0,0,0,1,0,0,"- ","- ",,,"SAN FRANCISCO","SAN FRANCISCO",-122.40855071999999,37.776198770000001
8491267,2017,2017-12-05,3801,2017-10-24,1747,A21392,RICHM,2,5,7,3801,0,0,0,,0,2CAR,"CALIFORNIA ST","ARGUELLO BL",0.00,,Y,A,-,N,,,,,,,,,,N,3,0,1,2,A,-,09,21801,A,N,D,G,A,-,H,-,A,A,0,,Y,,,Y,,A,01,0,1,0,0,0,0,1,0,0,"- ","- ",,,"SAN FRANCISCO","SAN FRANCISCO",-122.45920995,37.785669919999997
8491334,2017,2017-11-28,3801,2017-10-01,1228,299,RICHM,7,5,7,3801,0,0,0,,0,3G13A,"CABRILLO ST","12TH AV",99.00,E,N,A,-,N,,,,,,,,,,N,3,0,1,2,A,-,09,21801,A,N,D,G,A,A,H,-,A,D,0,,Y,,,Y,,A,01,0,1,0,0,0,0,1,0,0,"- ","- ",,,"SAN FRANCISCO","SAN FRANCISCO",-122.46996756999999,37.775099599999997
8491345,2017,2017-12-05,3801,2017-10-17,1111,2100,SOUTH,2,5,7,3801,0,0,0,,0,3B14A,"8TH ST","RINGOLD ST",0.00,,Y,A,-,N,,,,,,,,,,N,4,0,1,2,A,-,08,22107,,N,D,G,A,A,H,-,A,D,0,,Y,,,Y,,A,01,0,0,1,0,0,0,1,0,0,"- ","- ",,,"SAN FRANCISCO","SAN FRANCISCO",-122.40947998,37.774549919999998
8491396,2017,2017-11-28,3801,2017-10-17,1730,A22882,INGLE,2,5,7,3801,0,0,0,,0,0H5,"PERSIA AV","MUNICH ST",0.00,,Y,A,-,N,,,,,,,,,,N,3,0,1,2,A,-,08,22107,,N,D,G,A,A,H,-,B,D,0,,Y,,,Y,,A,01,0,1,0,0,0,0,1,0,0,"- ","- ",,,"SAN FRANCISCO","SAN FRANCISCO",-122.4279999,37.719319939999998
8491405,2017,2018-01-22,3801,2017-10-02,1830,A22872,,1,5,7,3801,0,0,0,,0,3H13D,"MISSION ST","PRECITA AV",170.00,N,N,A,-,N,,,,,,,,,,N,4,0,1,2,A,-,17,22517,,N,H,G,A,A,H,-,A,D,0,,Y,,,Y,,A,01,0,0,1,0,0,0,1,0,0,"- ","- ",,,"SAN FRANCISCO","SAN FRANCISCO",-122.41884082,37.747171049999999
8491436,2017,2017-11-28,3801,2017-10-09,1145,4020,SFPD,1,5,7,3801,0,0,0,,0,SOUTHE,"5TH ST","BRYANT ST",0.00,,Y,A,-,N,,,,,,,,,,Y,3,0,1,2,A,-,12,21453,A,N,D,G,A,A,H,-,A,A,0,,Y,,,Y,,L,04,0,1,0,0,0,0,1,0,0,"- ","- ",,,"SAN FRANCISCO","SAN FRANCISCO",-122.40028995999999,37.777799989999998
8496493,2017,2017-11-18,3801,2017-10-30,1900,459,,1,5,7,3801,0,0,0,,0,3G2D,"ARGUELLO BL","CORNWALL ST",0.00,,Y,A,-,N,,,,,,,,,,N,2,0,1,2,A,-,09,21801,A,N,B,G,A,A,H,-,C,D,0,,Y,,,Y,,A,01,1,0,0,0,0,0,1,0,0,"- ","- ",,,"SAN FRANCISCO","SAN FRANCISCO",-122.45916,37.785059889999999
8496505,2017,2017-11-18,3801,2017-10-09,0820,59,3D,1,5,7,3801,0,0,0,,0,,"GUERRERO ST","14TH ST",0.00,,Y,A,-,N,,,,,,,,,,N,4,0,2,2,A,-,11,21453,D,N,H,B,B,A,H,-,A,A,0,Y,Y,,,Y,,N,60,0,0,2,0,1,0,1,0,0,"- ","- ",,,"SAN FRANCISCO","SAN FRANCISCO",-122.42440985,37.768019940000002
8512637,2017,2018-01-03,3801,2017-11-01,2130,4125,TENDE,3,5,7,3801,0,0,0,,0,3J11E,"MARKET ST","HYDE ST",237.00,E,N,A,-,N,,,,,,,,,,N,4,0,1,2,A,-,03,22350,,N,B,G,A,A,G,-,C,D,0,,Y,,,Y,Y,L,04,0,0,1,0,0,0,1,0,0,"- ","- ",,,"SAN FRANCISCO","SAN FRANCISCO",-122.41417256,37.779164420000001
8515413,2017,2017-12-22,3801,2017-11-28,1825,1906,NORTH,2,5,7,3801,0,0,0,,0,3E2,"GEARY BL","SCOTT ST",0.00,,Y,A,-,N,,,,,,,,,,N,2,0,2,2,A,-,12,21453,A,N,H,-,B,A,H,-,C,A,0,Y,Y,,,Y,,L,04,1,1,0,0,1,0,1,0,0,"- ","- ",,,"SAN FRANCISCO","SAN FRANCISCO",-122.43784986999999,37.783789910000003
8515455,2017,2017-12-20,3801,2017-11-21,0947,2086,MISSI,2,5,7,3801,0,0,0,,0,3D15A,"VALENCIA ST","14TH ST",0.00,,Y,A,-,N,,,,,,,,,,N,3,0,1,2,A,-,12,21453,A,F,-,G,A,A,H,-,A,A,0,,Y,,,Y,,-,,0,1,0,0,0,0,1,0,0,"- ","- ",,,"SAN FRANCISCO","SAN FRANCISCO",-122.42217989,37.768149889999997
8515497,2017,2017-12-26,3801,2017-11-07,0939,A03640,3B15C,2,5,7,3801,0,0,0,,0,00B,"POST ST","KEARNY ST",60.00,W,N,A,-,N,,,,,,,,,,N,3,0,1,2,A,-,00,22617,,N,B,G,A,A,H,-,A,D,0,,Y,,,Y,,A,01,0,1,0,0,0,0,1,0,0,"- ","- ",,,"SAN FRANCISCO","SAN FRANCISCO",-122.40386563,37.78887683
8515524,2017,2017-12-22,3801,2017-10-02,0830,4084,MISSI,1,5,7,3801,0,0,0,,0,4B4B,"14TH ST",JULIAN,3.50,W,N,A,-,N,,,,,,,,,,N,4,0,1,2,A,-,08,22107,,F,D,G,A,A,H,-,A,A,0,,Y,,,Y,,A,01,0,0,1,0,0,0,1,0,0,"- ","- ",,,"SAN FRANCISCO","SAN FRANCISCO",-122.42122207,37.768209249999998
8515537,2017,2017-12-21,3801,2017-11-05,1026,2375,RICHM,7,5,7,3801,0,0,0,,0,3G60,"POINT LOBOS AV","48TH AV",756.00,W,N,A,-,N,,,,,,,,,,N,3,0,1,2,A,-,08,22107,,N,B,G,A,A,H,-,A,D,0,,Y,,,Y,,A,07,0,1,0,0,0,0,1,0,0,"- ","- ",,,"SAN FRANCISCO","SAN FRANCISCO",-122.51184447,37.779204210000003
8515632,2017,2017-12-20,3801,2017-11-15,0627,2375,RICHM,3,5,7,3801,0,0,0,,0,3G60,"FULTON ST","ARGUELLO BL",0.00,,Y,B,C,N,,,,,,,,,,N,4,0,1,2,A,-,12,21453,A,N,D,G,A,B,H,-,C,A,0,,Y,,,Y,,L,04,0,0,1,0,0,0,1,0,0,"- ","- ",,,"SAN FRANCISCO","SAN FRANCISCO",-122.45834993,37.774289899999999
8515676,2017,2018-01-19,3801,2017-11-12,1327,470,CENTR,7,5,7,3801,0,0,0,,0,001,"MARKET ST","4TH ST",180.00,E,N,A,-,N,,,,,,,,,,N,3,0,1,1,A,-,03,22350,,N,H,G,A,A,H,-,A,D,0,,Y,,,Y,,L,04,0,1,0,0,0,0,1,0,0,"- ","- ",,,"SAN FRANCISCO","SAN FRANCISCO",-122.40545387,37.786053099999997
8536804,2017,2018-02-26,3801,2017-12-01,2030,A20953,TENDE,5,5,7,3801,0,0,0,,0,,"SUTTER ST","POWELL ST",53.00,E,N,A,-,N,,,,,,,,,,N,3,0,1,2,A,-,17,22517,,N,B,G,A,A,H,-,C,D,0,,Y,,,Y,,A,01,0,1,0,0,0,0,1,0,0,"- ","- ",,,"SAN FRANCISCO","SAN FRANCISCO",-122.40842839,37.78925066
8539801,2017,2018-01-26,3801,2017-12-04,1400,515,A,1,5,7,3801,0,0,0,,0,03A,FRONT,CALIFORNIA,0.00,,Y,F,-,N,,,,,,,,,,N,4,0,1,2,A,-,17,22517,,N,H,G,A,A,H,-,A,D,0,,Y,,,Y,,-,,0,0,1,0,0,0,1,0,0,"- ","- ",,,"SAN FRANCISCO","SAN FRANCISCO",-122.39881993,37.793369890000001
8539810,2017,2018-01-27,3801,2017-12-08,1144,2204,MISSI,5,5,7,3801,0,0,0,,0,3D11C,"VALENCIA ST","18TH ST",0.00,,Y,A,-,N,,,,,,,,,,N,3,0,1,2,A,-,17,22517,,N,E,G,A,A,-,-,A,D,0,,Y,,,Y,,A,01,0,1,0,0,0,0,1,0,0,"- ","- ",,,"SAN FRANCISCO","SAN FRANCISCO",-122.42155988,37.761709949999997
8539848,2017,2018-01-26,3801,2017-12-11,0805,4305,MISIS,1,5,7,3801,0,0,0,,0,3D11A,"MARKET ST","CHURCH ST",0.00,,Y,A,-,N,,,,,,,,,,N,3,0,1,2,A,-,17,22517,,N,B,G,A,A,H,-,A,A,0,,Y,,,Y,,A,01,0,1,0,0,0,0,1,0,0,"- ","- ",,,"SAN FRANCISCO","SAN FRANCISCO",-122.42893989,37.767609890000003
8539871,2017,2018-01-26,3801,2017-12-27,1520,2100,RICHM,3,5,7,3801,0,0,0,,0,3G13D,"CLEMENT ST","PARK PRESIDIO BL",0.00,,Y,A,-,N,,,,,,,,,,N,4,0,1,2,A,-,04,21703,,N,B,G,A,A,H,-,A,A,0,,Y,,,Y,,A,01,0,0,1,0,0,0,1,0,0,"- ","- ",,,"SAN FRANCISCO","SAN FRANCISCO",-122.47246995,37.782579920000003
8539890,2017,2018-01-26,3801,2017-12-14,0935,1794,TENDE,4,5,7,3801,0,0,0,,0,4B1I,"6TH ST","JESSIE ALY",0.00,,Y,A,-,N,,,,,,,,,,N,4,0,1,2,A,-,08,22107,,N,B,-,A,A,H,-,-,D,0,,Y,,,Y,,L,04,0,0,1,0,0,0,1,0,0,"- ","- ",,,"SAN FRANCISCO","SAN FRANCISCO",-122.40920997000001,37.781399989999997
8539909,2017,2018-01-30,3801,2017-12-09,1453,385,NORTH,6,5,7,3801,0,0,0,,0,3E95A,"MARKET ST","1ST ST",0.00,,Y,A,-,N,,,,,,,,,,N,4,0,1,1,D,-,00,,,N,H,A,A,A,H,-,A,D,0,,Y,,,Y,,-,"- ",0,0,1,0,0,0,1,0,0,"- ","- ",,,"SAN FRANCISCO","SAN FRANCISCO",-122.39913993,37.791049889999996