CASE_ID,ACCIDENT_YEAR,PROC_DATE,JURIS,COLLISION_DATE,COLLISION_TIME,OFFICER_ID,REPORTING_DISTRICT,DAY_OF_WEEK,CHP_SHIFT,POPULATION,CNTY_CITY_LOC,SPECIAL_COND,BEAT_TYPE,CHP_BEAT_TYPE,CITY_DIVISION_LAPD,CHP_BEAT_CLASS,BEAT_NUMBER,PRIMARY_RD,SECONDARY_RD,DISTANCE,DIRECTION,INTERSECTION,WEATHER_1,WEATHER_2,STATE_HWY_IND,CALTRANS_COUNTY,CALTRANS_DISTRICT,STATE_ROUTE,ROUTE_SUFFIX,POSTMILE_PREFIX,POSTMILE,LOCATION_TYPE,RAMP_INTERSECTION,SIDE_OF_HWY,TOW_AWAY,COLLISION_SEVERITY,NUMBER_KILLED,NUMBER_INJURED,PARTY_COUNT,PRIMARY_COLL_FACTOR,PCF_CODE_OF_VIOL,PCF_VIOL_CATEGORY,PCF_VIOLATION,PCF_VIOL_SUBSECTION,HIT_AND_RUN,TYPE_OF_COLLISION,MVIW,PED_ACTION,ROAD_SURFACE,ROAD_COND_1,ROAD_COND_2,LIGHTING,CONTROL_DEVICE,CHP_ROAD_TYPE,PEDESTRIAN_ACCIDENT,BICYCLE_ACCIDENT,MOTORCYCLE_ACCIDENT,TRUCK_ACCIDENT,NOT_PRIVATE_PROPERTY,ALCOHOL_INVOLVED,STWD_VEHTYPE_AT_FAULT,CHP_VEHTYPE_AT_FAULT,COUNT_SEVERE_INJ,COUNT_VISIBLE_INJ,COUNT_COMPLAINT_PAIN,COUNT_PED_KILLED,COUNT_PED_INJURED,COUNT_BICYCLIST_KILLED,COUNT_BICYCLIST_INJURED,COUNT_MC_KILLED,COUNT_MC_INJURED,PRIMARY_RAMP,SECONDARY_RAMP,LATITUDE,LONGITUDE,COUNTY,CITY,POINT_X,POINT_Y
8540087,2017,2018-01-29,3801,2017-12-10,1506,865,MISIS,7,5,7,3801,0,0,0,,0,3D44C,"24TH ST","ALABAMA ST",55.00,W,N,A,-,N,,,,,,,,,,N,4,0,1,2,A,-,17,22517,,N,D,G,A,A,H,-,A,A,0,,Y,,,Y,,A,01,0,0,1,0,0,0,1,0,0,"- ","- ",,,"SAN FRANCISCO","SAN FRANCISCO",-122.41112968,37.75269789
8552820,2018,2018-02-14,3801,2018-01-10,1742,1613,MISSI,3,5,7,3801,0,0,0,,0,003,"21ST ST","FOLSOM ST",72.00,E,N,C,-,N,,,,,,,,,,N,4,0,1,3,A,-,17,22517,,N,B,G,A,B,H,-,C,D,0,,Y,Y,,Y,,C,06,0,0,1,0,0,0,1,0,0,"- ","- ",,,"SAN FRANCISCO","SAN FRANCISCO",-122.41426849365234,37.757312774658203
8552847,2018,2018-02-14,3801,2018-01-10,1755,819,TENDE,3,5,7,3801,0,0,0,,0,3J14D,"MARKET ST","8TH ST",190.00,E,N,C,-,N,,,,,,,,,,N,2,0,1,1,A,-,03,22350,,N,H,A,A,B,G,-,C,A,0,,Y,,,Y,,L,04,1,0,0,0,0,0,1,0,0,"- ","- ",,,"SAN FRANCISCO","SAN FRANCISCO",-122.41429138183594,37.779071807861328
8552862,2018,2018-02-13,3801,2018-01-24,1729,1613,MISSI,3,5,7,3801,0,0,0,,0,003,"BARTLETT ST","22ND ST",141.00,N,N,C,-,N,,,,,,,,,,N,4,0,1,2,A,-,08,22107,,N,B,G,A,B,H,-,D,D,0,,Y,Y,,Y,,C,06,0,0,1,0,0,0,1,0,0,"- ","- ",,,"SAN FRANCISCO","SAN FRANCISCO",-122.41988372802734,37.755756378173828
8552871,2018,2018-02-14,3801,2018-01-06,1645,A21266,TARAV,6,5,7,3801,0,0,0,,0,3I15B,"SLOAT BL","23RD AV",0.00,,Y,A,-,N,,,,,,,,,,N,4,0,1,2,A,-,09,21801,A,F,D,G,A,A,H,-,A,D,0,,Y,,,Y,,A,01,0,0,1,0,0,0,1,0,0,"- ","- ",,,"SAN FRANCISCO","SAN FRANCISCO",-122.4793701171875,37.734638214111328
8552905,2018,2018-02-14,3801,2018-01-24,1750,1785,J,3,5,7,3801,0,0,0,,0,4M53,"MARKET ST","SOUTH VAN NESS ST",38.00,E,N,C,E,N,,,,,,,,,,N,3,0,1,1,A,-,03,22350,,N,E,I,A,B,G,-,C,A,0,,Y,,,Y,,L,04,0,1,0,0,0,0,1,0,0,"- ","- ",,,"SAN FRANCISCO","SAN FRANCISCO",-122.41916656494141,37.775241851806641
8553165,2018,2018-02-14,3801,2018-01-10,1540,14102,E,3,5,7,3801,0,0,0,,0,3E12C,"VALENCIA ST","CESAR CHAVEZ ST",180.00,N,N,C,-,N,,,,,,,,,,N,2,0,1,2,A,-,17,22517,,F,H,G,A,B,H,-,A,D,0,,Y,,,Y,,A,01,1,0,0,0,0,0,1,0,0,"- ","- ",,,"SAN FRANCISCO","SAN FRANCISCO",-122.42031097412109,37.748611450195312
8553177,2018,2018-02-14,3801,2018-01-17,1708,427,RICHM,3,5,7,3801,0,0,0,,0,3G13D,"CLEMENT ST","28TH AV",0.00,,Y,A,-,N,,,,,,,,,,N,3,0,1,2,A,-,09,21804,A,N,D,G,A,A,H,-,B,D,0,,Y,,,Y,,L,04,0,1,0,0,0,0,1,0,0,"- ","- ",,,"SAN FRANCISCO","SAN FRANCISCO",-122.48808288574219,37.7818603515625
8572546,2018,2018-04-19,3801,2018-02-28,0800,979,BAYVI,3,5,7,3801,0,0,0,,0,3C15A,"22ND ST","TENNESSEE ST",0.00,,Y,A,-,N,,,,,,,,,,N,2,0,1,3,A,-,03,22350,,N,A,G,A,A,H,-,A,A,0,,Y,,,Y,,L,04,1,0,0,0,0,0,1,0,0,"- ","- ",,,"SAN FRANCISCO","SAN FRANCISCO",-122.38925170898438,37.757888793945312
8572680,2018,2018-03-14,3801,2018-02-09,2144,334,MISSI,5,5,7,3801,0,0,0,,0,901,"VALENCIA ST","16TH ST",144.00,S,N,A,-,N,,,,,,,,,,N,4,0,1,2,A,-,17,21200,,N,B,G,A,A,H,-,C,A,0,,Y,,,Y,,L,04,0,0,1,0,0,0,1,0,0,"- ","- ",,,"SAN FRANCISCO","SAN FRANCISCO",-122.42185211181641,37.764514923095703
8572684,2018,2018-03-27,3801,2018-02-06,1530,2213,TENDE,2,5,7,3801,0,0,0,,0,3J52D,"MARKET ST","MASON ST",0.00,,Y,A,-,N,,,,,,,,,,N,3,0,1,1,D,-,00,,,N,-,A,A,A,H,-,A,A,0,,Y,,,Y,,-,"- ",0,1,0,0,0,0,1,0,0,"- ","- ",,,"SAN FRANCISCO","SAN FRANCISCO",-122.40908050537109,37.783229827880859
8572816,2018,2018-03-14,3801,2018-02-04,1806,2095,COD,7,5,7,3801,0,0,0,,0,901,"DIAMOND ST","19TH ST",187.00,N,N,A,-,N,,,,,,,,,,N,2,0,1,2,A,-,03,22350,,N,B,G,A,A,H,-,C,D,0,,Y,,,Y,,L,04,1,0,0,0,0,0,1,0,0,"- ","- ",,,"SAN FRANCISCO","SAN FRANCISCO",-122.43707275390625,37.759662628173828
8573812,2018,2018-03-14,3801,2018-02-22,1122,4341,PARK,4,5,7,3801,0,0,0,,0,3F60,"FELL ST","BAKER ST",161.00,E,N,A,-,N,,,,,,,,,,N,4,0,1,2,A,-,08,22107,,N,D,G,A,A,H,-,A,A,0,,Y,,,Y,,A,01,0,0,1,0,0,0,1,0,0,"- ","- ",,,"SAN FRANCISCO","SAN FRANCISCO",-122.44038391113281,37.773693084716797
8573843,2018,2018-03-15,3801,2018-02-23,1611,A21077,SOUTH,5,5,7,3801,0,0,0,,0,1CAR,"SPEAR ST","HOWARD ST",0.00,,Y,A,-,N,,,,,,,,,,N,4,0,1,2,A,-,09,21801,,N,D,G,A,A,H,-,A,A,0,,Y,,,Y,,A,01,0,0,1,0,0,0,1,0,0,"- ","- ",,,"SAN FRANCISCO","SAN FRANCISCO",-122.39254760742188,37.79132080078125
8573847,2018,2018-03-15,3801,2018-02-13,1436,1511,BAYVI,2,5,7,3801,0,0,0,,0,3C11C,"TENNESSEE ST","CESAR CHAVEZ ST",0.00,,N,A,-,N,,,,,,,,,,N,4,0,1,2,A,-,"- ",,,N,D,G,A,A,H,-,A,D,0,,Y,,,Y,,L,04,0,0,1,0,0,0,1,0,0,"- ","- ",,,"SAN FRANCISCO","SAN FRANCISCO",-122.38848114013672,37.750171661376953
8573873,2018,2018-03-14,3801,2018-02-23,0838,4341,PARK,5,5,7,3801,0,0,0,,0,3F60,"PIERCE ST","WALLER ST",0.00,,Y,A,-,N,,,,,,,,,,N,4,0,1,1,A,-,17,21200,A,N,H,-,A,D,D,G,A,A,0,,Y,,,Y,,L,04,0,0,1,0,0,0,1,0,0,"- ","- ",,,"SAN FRANCISCO","SAN FRANCISCO",-122.43353271484375,37.770771026611328
8573891,2018,2018-03-15,3801,2018-02-20,0845,1116,MISSI,2,5,7,3801,0,0,0,,0,3D2A,"24TH ST","DIAMOND ST",174.00,E,N,A,-,N,,,,,,,,,,N,3,0,1,1,A,-,03,22350,,N,F,A,A,A,H,-,A,D,0,,Y,,,Y,,L,04,0,1,0,0,0,0,1,0,0,"- ","- ",,,"SAN FRANCISCO","SAN FRANCISCO",-122.43569946289062,37.751197814941406
8574141,2018,2018-03-15,3801,2018-01-23,1100,4315,SOUTH,2,5,7,3801,0,0,0,,0,3B3C,"HOWARD ST","5TH ST",110.00,E,N,A,-,N,,,,,,,,,,N,3,0,1,2,A,-,08,22107,,N,B,G,A,A,H,-,A,D,0,,Y,,,Y,,-,,0,1,0,0,0,0,1,0,0,"- ","- ",,,"SAN FRANCISCO","SAN FRANCISCO",-122.4046630859375,37.781723022460938
8574355,2018,2018-03-20,3801,2018-02-21,1105,319,RICHM,3,5,7,3801,0,0,0,,0,3G13A,"10TH AV","CLEMENT ST",0.00,,N,A,-,N,,,,,,,,,,N,3,0,1,1,A,-,03,22350,,N,H,A,A,A,H,-,A,D,0,,Y,,,Y,,J,48,0,1,0,0,0,0,1,0,0,"- ","- ",,,"SAN FRANCISCO","SAN FRANCISCO",-122.46871185302734,37.782730102539062
8594569,2018,2018-04-20,3801,2018-03-05,1700,671,MISSI,1,5,7,3801,0,0,0,,0,3D15C,"13TH ST","MISSION ST",5.00,E,N,A,-,N,,,,,,,,,,N,3,0,1,2,A,-,12,21453,A,N,D,H,A,A,-,-,A,A,0,,Y,,,Y,,L,04,0,1,0,0,0,0,1,0,0,"- ","- ",,,"SAN FRANCISCO","SAN FRANCISCO",-122.420166015625,37.769989013671875
8594602,2018,2018-04-20,3801,2018-03-05,1757,4315,SOUTH,1,5,7,3801,0,0,0,,0,3B1C,"HARRISON ST","2ND ST",0.00,,Y,A,-,N,,,,,,,,,,N,4,0,1,2,A,-,12,21453,A,N,D,G,A,A,H,-,A,A,0,,Y,,,Y,,L,04,0,0,1,0,0,0,1,0,0,"- ","- ",,,"SAN FRANCISCO","SAN FRANCISCO",-122.39517974853516,37.784328460693359
8594804,2018,2018-05-09,3801,2018-03-15,1816,386,TENDE,4,5,7,3801,0,0,0,,0,3J11D,"MARKET ST","10TH ST",230.00,W,N,C,-,N,,,,,,,,,,N,4,0,1,2,A,-,06,21755,A,N,H,G,A,B,H,-,B,D,0,,Y,,,Y,,L,04,0,0,1,0,0,0,1,0,0,"- ","- ",,,"SAN FRANCISCO","SAN FRANCISCO",-122.4180908203125,37.776081085205078
8594806,2018,2018-04-25,3801,2018-03-23,0105,2415,SOUTH,5,5,7,3801,0,0,0,,0,0J2,"9TH ST","MARKET ST",230.00,S,N,A,-,N,,,,,,,,,,N,4,0,1,2,A,-,03,22350,,N,C,G,A,A,H,-,C,A,0,,Y,,,Y,,A,01,0,0,1,0,0,0,1,0,0,"- ","- ",,,"SAN FRANCISCO","SAN FRANCISCO",-122.41576385498047,37.777053833007812
8594866,2018,2018-04-23,3801,2018-03-23,1742,1782,J,5,5,7,3801,0,0,0,,0,3J12D,"MARKET ST","5TH ST",0.00,,Y,A,-,N,,,,,,,,,,N,2,0,1,1,A,-,08,22107,,N,H,A,A,A,H,-,A,A,0,,Y,,,Y,,L,04,1,0,0,0,0,0,1,0,0,"- ","- ",,,"SAN FRANCISCO","SAN FRANCISCO",-122.40805816650391,37.784000396728516
8602985,2018,2018-05-22,3801,2018-04-20,0941,740,MISSI,5,5,7,3801,0,0,0,,0,0D1,"18TH ST","CHURCH ST",0.00,,Y,B,-,N,,,,,,,,,,N,3,0,1,2,A,-,03,22350,,F,C,G,A,A,-,-,C,D,0,,Y,,,Y,,A,01,0,1,0,0,0,0,1,0,0,"- ","- ",,,"SAN FRANCISCO","SAN FRANCISCO",-122.42838287353516,37.761299133300781
8603024,2018,2018-05-22,3801,2018-04-05,1020,381,NORTH,4,5,7,3801,0,0,0,,0,3E12A,"MARKET ST","OCTAVIA BL",0.00,,Y,A,-,N,,,,,,,,,,N,3,0,1,2,A,-,08,22101,D,F,D,G,A,A,H,-,A,A,0,,Y,,,Y,,A,01,0,1,0,0,0,0,1,0,0,"- ","- ",,,"SAN FRANCISCO","SAN FRANCISCO",-122.42359161376953,37.771778106689453
8603052,2018,2018-05-22,3801,2018-04-20,1040,A20301,SOUTH,5,5,7,3801,0,0,0,,0,,"S VAN NESS AV","MISSION ST",18.00,N,N,A,-,N,,,,,,,,,,N,2,0,1,2,A,-,08,22107,,N,B,G,A,A,H,-,A,A,0,,Y,,,Y,,A,01,1,0,0,0,0,0,1,0,0,"- ","- ",,,"SAN FRANCISCO","SAN FRANCISCO",-122.41864013671875,37.773159027099609
8603060,2018,2018-05-22,3801,2018-04-19,0907,158,INGLE,4,5,7,3801,0,0,0,,0,3H11A,"ALEMANY BL","HARRINGTON ST",100.00,S,N,A,-,N,,,,,,,,,,N,4,0,1,2,A,-,04,21703,,N,C,G,A,A,H,-,A,D,0,,Y,,,Y,,L,04,0,0,1,0,0,0,1,0,0,"- ","- ",,,"SAN FRANCISCO","SAN FRANCISCO",-122.43644714355469,37.725811004638672
8603064,2018,2018-05-22,3801,2018-04-17,1530,A11409,SOUTH,2,5,7,3801,0,0,0,,0,0B1,"HAWTHORNE ST","HAWTHORNE ST 170",0.00,,N,A,-,N,,,,,,,,,,N,4,0,1,2,A,-,17,22517,,N,E,G,A,-,G,-,A,D,0,,Y,,,Y,,A,01,0,0,1,0,0,0,1,0,0,"- ","- ",,,"SAN FRANCISCO","SAN FRANCISCO",-122.397605,37.784505000000003
8619091,2018,2018-05-22,3801,2018-04-24,0805,A21865,SOUTH,2,5,7,3801,0,0,0,,0,3B13A,"FOLSOM ST","LANGTON ST",0.00,,Y,A,-,N,,,,,,,,,,N,3,0,1,2,A,-,08,22107,,N,D,G,A,A,H,-,A,D,0,,Y,,,Y,,D,23,0,1,0,0,0,0,1,0,0,"- ","- ",,,"SAN FRANCISCO","SAN FRANCISCO",-122.40840148925781,37.776321411132812
8619207,2018,2018-05-21,3801,2018-04-03,1009,A08317,SOUTH,2,5,7,3801,0,0,0,,0,3B41,"8TH ST","MISSION ST",56.00,S,N,A,-,N,,,,,,,,,,N,3,0,1,2,C,-,18,,,N,B,G,A,A,H,-,A,D,0,,Y,,,Y,,-,"- ",0,1,0,0,0,0,1,0,0,"- ","- ",,,"SAN FRANCISCO","SAN FRANCISCO",-122.41301727294922,37.777355194091797
8619243,2018,2018-05-24,3801,2018-04-24,1247,2105,CENTR,2,5,7,3801,0,0,0,,0,3A40B,"NORTH POINT ST","COLUMBUS AV",0.00,,Y,A,-,N,,,,,,,,,,N,3,0,1,2,A,-,07,21658,A,N,C,G,A,A,H,-,A,A,0,,Y,,,Y,,A,01,0,1,0,0,0,0,1,0,0,"- ","- ",,,"SAN FRANCISCO","SAN FRANCISCO",-122.41837310791016,37.805980682373047
8619271,2018,2018-05-21,3801,2018-04-16,1935,276,MISSI,1,5,7,3801,0,0,0,,0,3D14D,"24TH ST","SHOTWELL ST",0.00,,Y,B,G,N,,,,,,,,,,N,3,0,1,2,A,-,05,21650,1,N,G,B,B,A,H,-,A,A,0,Y,Y,,,Y,,L,04,0,1,0,0,1,0,0,0,0,"- ","- ",,,"SAN FRANCISCO","SAN FRANCISCO",-122.41517639160156,37.752449035644531
8620662,2018,2018-05-21,3801,2018-04-13,0930,2023,PARK,5,5,7,3801,0,0,0,,0,001,"NANCY PELOSI DR","BOWLING GREEN DR",100.00,E,N,A,-,N,,,,,,,,,,N,3,0,1,2,A,-,09,21801,A,N,D,G,A,A,H,-,A,D,0,,Y,,,Y,,A,01,0,1,0,0,0,0,0,0,0,"- ","- ",,,"SAN FRANCISCO","SAN FRANCISCO",-122.45995330810547,37.770442962646484
8620697,2018,2018-05-18,3801,2018-04-28,0848,2023,PARK,6,5,7,3801,0,0,0,,0,002,"CLARENDON AV","TWIN PEAKS BL",15.00,E,N,A,-,N,,,,,,,,,,N,4,0,1,2,A,-,05,21651,,N,A,G,A,A,H,-,A,D,0,,Y,,,Y,,L,04,0,0,1,0,0,0,1,0,0,"- ","- ",,,"SAN FRANCISCO","SAN FRANCISCO",-122.44846343994141,37.759029388427734
8620718,2018,2018-05-21,3801,2018-04-02,0850,2339,PARK,1,5,7,3801,0,0,0,,0,3F43A,"KEZAR DR","LINCOLN WY",0.00,,Y,A,-,N,,,,,,,,,,N,4,0,1,2,A,-,09,21802,B,N,H,G,A,A,H,-,A,A,0,,Y,,,Y,,A,01,0,0,1,0,0,0,1,0,0,"- ","- ",,,"SAN FRANCISCO","SAN FRANCISCO",-122.4605712890625,37.766178131103516
8620949,2018,2018-06-07,3801,2018-04-03,1215,2352,NORTH,2,5,7,3801,0,0,0,,0,3E70B,"FULTON ST","WEBSTER ST",0.00,,Y,A,-,N,,,,,,,,,,N,4,0,1,2,A,-,03,22350,A,N,B,G,A,A,H,-,A,A,0,,Y,,,Y,,L,04,0,0,1,0,0,0,1,0,0,"- ","- ",,,"SAN FRANCISCO","SAN FRANCISCO",-122.42990875244141,37.777908325195312
8629294,2018,2018-07-27,3801,2018-04-28,0923,A22595,CENTR,6,5,7,3801,0,0,0,,0,3A1A,"COLUMBUS AV","MASON ST",0.00,,Y,A,-,N,,,,,,,,,,N,3,0,1,1,D,-,00,,,N,H,A,A,A,H,-,A,A,0,,Y,,,Y,,-,"- ",0,1,0,0,0,0,1,0,0,"- ","- ",,,"SAN FRANCISCO","SAN FRANCISCO",-122.41288757324219,37.802181243896484
8636811,2018,2018-06-22,3801,2018-05-19,1345,464,INGLE,6,5,7,3801,0,0,0,,0,3H73,"CESAR CHAVEZ ST","ALABAMA ST",0.00,,Y,A,-,N,,,,,,,,,,N,4,0,1,2,A,-,17,21451,A,N,D,G,A,A,H,-,A,A,0,,Y,,,Y,,L,04,0,0,1,0,0,0,1,0,0,"- ","- ",,,"SAN FRANCISCO","SAN FRANCISCO",-122.41053771972656,37.748329162597656
8636813,2018,2018-06-22,3801,2018-05-12,2325,1039,MISSI,6,5,7,3801,0,0,0,,0,003,"BRYANT ST","13TH ST",0.00,,Y,A,-,N,,,,,,,,,,N,4,0,1,2,A,-,08,22107,,N,B,G,A,A,H,-,C,A,0,,Y,Y,,Y,,C,06,0,0,1,0,0,0,1,0,0,"- ","- ",,,"SAN FRANCISCO","SAN FRANCISCO",-122.41082299999999,37.769309
8636843,2018,2018-06-22,3801,2018-05-29,2109,1372,INGLE,2,5,7,3801,0,0,0,,0,3H11E,"SAN JOSE AV","DOLORES ST",0.00,,Y,A,-,N,,,,,,,,,,N,3,0,1,2,A,-,09,21802,A,N,C,G,A,A,H,-,C,D,0,,Y,,,Y,,A,07,0,1,0,0,0,0,1,0,0,"- ","- ",,,"SAN FRANCISCO","SAN FRANCISCO",-122.42414093017578,37.740280151367188
8636878,2018,2018-06-22,3801,2018-05-13,1815,2374,INGLE,7,5,7,3801,0,0,0,,0,0H3,"CAMBRIDGE ST","GLADSTONE DR",72.00,W,N,A,-,N,,,,,,,,,,N,3,0,1,3,A,-,09,21804,A,N,D,G,A,A,H,-,A,D,0,,Y,,,Y,,L,04,0,1,0,0,0,0,1,0,0,"- ","- ",,,"SAN FRANCISCO","SAN FRANCISCO",-122.42041778564453,37.731433868408203
8636885,2018,2018-06-25,3801,2018-05-01,1326,453,TENDE,2,5,7,3801,0,0,0,,0,3J5,"ELLIS ST","LEAVENWORTH ST",168.00,W,N,A,-,N,,,,,,,,,,N,4,0,1,3,A,-,03,22350,,N,B,G,A,A,-,-,A,D,0,,Y,,,Y,,L,04,0,0,1,0,0,0,1,0,0,"- ","- ",,,"SAN FRANCISCO","SAN FRANCISCO",-122.41499328613281,37.784587860107422
8636902,2018,2018-06-21,3801,2018-05-05,1049,1125,NORTH,6,5,7,3801,0,0,0,,0,3E13A,"GOUGH ST","EDDY ST",0.00,,Y,A,-,N,,,,,,,,,,N,3,0,1,2,A,-,21,22106,,N,G,G,A,A,H,-,A,A,0,,Y,,,Y,,A,01,0,1,0,0,0,0,1,0,0,"- ","- ",,,"SAN FRANCISCO","SAN FRANCISCO",-122.42411804199219,37.782470703125
8636909,2018,2018-06-25,3801,2018-05-21,0925,2399,TENDE,1,5,7,3801,0,0,0,,0,9X11J,"MARKET ST","MARKET ST 1155",0.00,,N,A,-,N,,,,,,,,,,N,3,0,1,1,-,-,"- ",,,N,H,A,A,A,H,-,A,A,0,,Y,,,Y,,-,"- ",0,1,0,0,0,0,1,0,0,"- ","- ",,,"SAN FRANCISCO","SAN FRANCISCO",-122.413738,37.779505
8636912,2018,2018-06-25,3801,2018-05-11,2158,1696,NORTH,5,5,7,3801,0,0,0,,0,3E12E,"FRANKLIN ST","HAYES ST",0.00,,Y,A,-,N,,,,,,,,,,N,3,0,1,2,D,-,00,,,N,B,G,A,A,H,-,C,A,0,,Y,,,Y,,-,"- ",0,1,0,0,0,0,1,0,0,"- ","- ",,,"SAN FRANCISCO","SAN FRANCISCO",-122.42134094238281,37.777080535888672
8637034,2018,2018-06-21,3801,2018-05-31,0913,1572,SOUTH,4,5,7,3801,0,0,0,,0,3B1A,"5TH ST","5TH ST 450",0.00,,N,A,-,N,,,,,,,,,,N,3,0,1,2,A,-,03,22350,A,N,C,G,A,A,H,-,A,A,0,,Y,,,Y,,L,04,0,1,0,0,0,0,1,0,0,"- ","- ",,,"SAN FRANCISCO","SAN FRANCISCO",-122.40111,37.778435999999999
8637035,2018,2018-06-22,3801,2018-05-05,1610,2737,PAR,6,5,7,3801,0,0,0,,0,3F13D,"BAKER ST","FELL ST",0.00,,Y,B,-,N,,,,,,,,,,N,2,0,1,2,D,-,00,,,F,C,-,A,A,H,-,A,A,0,,Y,,,Y,,-,"- ",1,0,0,0,0,0,1,0,0,"- ","- ",,,"SAN FRANCISCO","SAN FRANCISCO",-122.44093322753906,37.77362060546875
8644517,2018,2018-06-26,3801,2018-02-07,1148,671,MISSI,3,5,7,3801,0,0,0,,0,3D13C,"DIVISION ST","SAN BRUNO AV",0.00,,Y,A,-,N,,,,,,,,,,N,4,0,1,2,A,-,09,21802,A,F,D,G,A,A,H,-,A,A,0,,Y,,,Y,,A,01,0,0,1,0,0,0,1,0,0,"- ","- ",,,"SAN FRANCISCO","SAN FRANCISCO",-122.40619659423828,37.769451141357422
8650542,2018,2018-09-10,3801,2018-07-10,0945,455,BAYVI,2,5,7,3801,0,0,0,,0,902,"OAKDALE AV","BARNEVELD AV",0.00,,Y,A,-,N,,,,,,,,,,N,4,0,1,2,A,-,09,21804,A,N,D,G,A,A,H,-,A,A,0,,Y,,,Y,,-,"- ",0,0,1,0,0,0,1,0,0,"- ","- ",,,"SAN FRANCISCO","SAN FRANCISCO",-122.40348815917969,37.742061614990234
8651559,2018,2018-10-02,3801,2018-08-14,1000,A22148,CENTR,2,5,7,3801,0,0,0,,0,002,"CALIFORNIA ST","MONTGOMERY ST",0.00,,Y,A,-,N,,,,,,,,,,N,3,0,1,2,A,-,11,21956,,N,H,A,E,A,H,-,A,A,0,Y,Y,,,Y,,N,60,0,1,0,0,0,0,1,0,0,"- ","- ",,,"SAN FRANCISCO","SAN FRANCISCO",-122.40277099609375,37.792888641357422
8656249,2018,2018-07-30,3801,2018-06-15,0901,466,TENDE,5,5,7,3801,0,0,0,,0,001,"MARKET ST","GOLDEN GATE AV",0.00,,Y,A,-,N,,,,,,,,,,N,3,0,1,1,-,-,"- ",,,N,H,A,A,A,H,-,A,D,0,,Y,,,Y,Y,-,"- ",0,1,0,0,0,0,1,0,0,"- ","- ",,,"SAN FRANCISCO","SAN FRANCISCO",-122.41030120849609,37.782238006591797
8661220,2018,2018-07-30,3801,2018-06-18,0909,1976,INGLE,1,5,7,3801,0,0,0,,0,3H1A,"VALENCIA ST","DOUGLASS ST",203.00,N,N,A,-,N,,,,,,,,,,N,4,0,1,2,A,-,03,22350,,N,E,I,A,A,H,-,A,D,0,,Y,,Y,Y,,L,04,0,0,1,0,0,0,1,0,0,"- ","- ",,,"SAN FRANCISCO","SAN FRANCISCO",,
8662384,2018,2018-08-09,3801,2018-06-04,1305,942,TARAV,1,5,7,3801,0,0,0,,0,3I16A,"EUCALYPTUS DR","MIDDLEFIELD DR",33.00,E,N,A,-,N,,,,,,,,,,N,4,0,1,2,A,-,09,21804,A,N,D,G,A,A,H,-,A,A,0,,Y,,,Y,,L,04,0,0,1,0,0,0,1,0,0,"- ","- ",,,"SAN FRANCISCO","SAN FRANCISCO",-122.48606872558594,37.730899810791016
8667365,2018,2018-07-23,3801,2018-06-11,1013,183,TENDE,1,5,7,3801,0,0,0,,0,3J13A,"MARKET ST","9TH ST",0.00,,Y,A,-,N,,,,,,,,,,N,3,0,1,2,A,-,08,22107,,F,B,G,A,A,H,-,A,D,0,,Y,,,Y,,A,01,0,1,0,0,0,0,1,0,0,"- ","- ",,,"SAN FRANCISCO","SAN FRANCISCO",-122.41632843017578,37.777500152587891
8667472,2018,2018-08-06,3801,2018-06-20,1602,472,NORTH,3,5,7,3801,0,0,0,,0,3E60,"GOUGH ST","EDDY ST",0.00,,Y,A,-,N,,,,,,,,,,N,4,0,1,2,A,-,09,21804,A,N,B,G,A,A,H,-,A,A,0,,Y,,,Y,,L,04,0,0,1,0,0,0,1,0,0,"- ","- ",,,"SAN FRANCISCO","SAN FRANCISCO",-122.42411804199219,37.782470703125
8683344,2018,2018-10-16,3801,2018-07-10,0940,20952,SOUTH,2,5,7,3801,0,0,0,,0,,"FOLSOM ST","SHERMAN ST",0.00,,Y,A,-,N,,,,,,,,,,N,3,0,1,2,A,-,08,22107,,N,D,G,A,A,H,-,A,D,0,,Y,,,Y,,D,22,0,1,0,0,0,0,1,0,0,"- ","- ",,,"SAN FRANCISCO","SAN FRANCISCO",-122.40702056884766,37.777408599853516
8683716,2018,2018-08-29,3801,2018-07-13,2025,2473,TENDE,5,5,7,3801,0,0,0,,0,3J11D,"MARKET ST","HYDE ST",139.00,E,N,B,-,N,,,,,,,,,,N,4,0,1,1,A,-,03,22350,,N,F,-,A,A,H,-,C,D,0,,Y,,,Y,,L,04,0,0,1,0,0,0,1,0,0,"- ","- ",,,"SAN FRANCISCO","SAN FRANCISCO",-122.41441345214844,37.778976440429688
8683759,2018,2018-08-31,3801,2018-07-16,1741,001460,SOUTH,1,5,7,3801,0,0,0,,0,3B5C,"HENRY ADAMS","DIVISION ST",60.00,W,N,A,-,N,,,,,,,,,,N,3,0,1,2,A,-,08,22102,,N,D,-,A,A,H,-,A,D,0,,Y,,,Y,,A,01,0,1,0,0,0,0,1,0,0,"- ","- ",,,"SAN FRANCISCO","SAN FRANCISCO",-122.40415191650391,37.769779205322266