CASE_ID,ACCIDENT_YEAR,PROC_DATE,JURIS,COLLISION_DATE,COLLISION_TIME,OFFICER_ID,REPORTING_DISTRICT,DAY_OF_WEEK,CHP_SHIFT,POPULATION,CNTY_CITY_LOC,SPECIAL_COND,BEAT_TYPE,CHP_BEAT_TYPE,CITY_DIVISION_LAPD,CHP_BEAT_CLASS,BEAT_NUMBER,PRIMARY_RD,SECONDARY_RD,DISTANCE,DIRECTION,INTERSECTION,WEATHER_1,WEATHER_2,STATE_HWY_IND,CALTRANS_COUNTY,CALTRANS_DISTRICT,STATE_ROUTE,ROUTE_SUFFIX,POSTMILE_PREFIX,POSTMILE,LOCATION_TYPE,RAMP_INTERSECTION,SIDE_OF_HWY,TOW_AWAY,COLLISION_SEVERITY,NUMBER_KILLED,NUMBER_INJURED,PARTY_COUNT,PRIMARY_COLL_FACTOR,PCF_CODE_OF_VIOL,PCF_VIOL_CATEGORY,PCF_VIOLATION,PCF_VIOL_SUBSECTION,HIT_AND_RUN,TYPE_OF_COLLISION,MVIW,PED_ACTION,ROAD_SURFACE,ROAD_COND_1,ROAD_COND_2,LIGHTING,CONTROL_DEVICE,CHP_ROAD_TYPE,PEDESTRIAN_ACCIDENT,BICYCLE_ACCIDENT,MOTORCYCLE_ACCIDENT,TRUCK_ACCIDENT,NOT_PRIVATE_PROPERTY,ALCOHOL_INVOLVED,STWD_VEHTYPE_AT_FAULT,CHP_VEHTYPE_AT_FAULT,COUNT_SEVERE_INJ,COUNT_VISIBLE_INJ,COUNT_COMPLAINT_PAIN,COUNT_PED_KILLED,COUNT_PED_INJURED,COUNT_BICYCLIST_KILLED,COUNT_BICYCLIST_INJURED,COUNT_MC_KILLED,COUNT_MC_INJURED,PRIMARY_RAMP,SECONDARY_RAMP,LATITUDE,LONGITUDE,COUNTY,CITY,POINT_X,POINT_Y
8683802,2018,2018-08-28,3801,2018-07-07,0835,924,MISSI,6,5,7,3801,0,0,0,,0,3D11A,"SANCHEZ ST","MARKET ST",0.00,,Y,A,-,N,,,,,,,,,,N,4,0,1,2,A,-,09,21801,A,N,A,G,A,A,H,-,A,A,0,,Y,,,Y,,A,01,0,0,1,0,0,0,1,0,0,"- ","- ",,,"SAN FRANCISCO","SAN FRANCISCO",-122.43100738525391,37.765979766845703
8683813,2018,2018-09-05,3801,2018-07-09,0821,2214,MISSI,1,5,7,3801,0,0,0,,0,3D14A,"FLORIDA ST","24TH ST",254.00,S,N,A,-,N,,,,,,,,,,N,2,0,1,2,A,-,11,21954,A,N,G,J,E,A,H,-,A,D,0,Y,Y,,,Y,,N,60,1,0,0,0,1,0,0,0,0,"- ","- ",,,"SAN FRANCISCO","SAN FRANCISCO",-122.40997314453125,37.752063751220703
8685726,2018,2018-09-04,3801,2018-07-24,1745,2095,MISSI,2,5,7,3801,0,0,0,,0,901,"VALENCIA ST","BROSNAN ST",22.00,N,N,A,-,N,,,,,,,,,,N,3,0,1,2,A,-,08,22107,,N,D,G,A,A,H,-,A,D,0,,Y,,,Y,,D,22,0,1,0,0,0,0,1,0,0,"- ","- ",,,"SAN FRANCISCO","SAN FRANCISCO",-122.42225646972656,37.768829345703125
8685749,2018,2018-08-31,3801,2018-06-07,1400,211,SOUTH,4,5,7,3801,0,0,0,,0,001,"MISSION ST","MAIN ST",130.00,E,N,A,-,N,,,,,,,,,,N,4,0,1,2,A,-,03,22350,,N,-,G,A,A,H,-,A,D,0,,Y,,,Y,,L,04,0,0,1,0,0,0,1,0,0,"- ","- ",,,"SAN FRANCISCO","SAN FRANCISCO",-122.39464569091797,37.792110443115234
8685862,2018,2018-08-29,3801,2018-07-03,1445,386,MISSI,2,5,7,3801,0,0,0,,0,3D44C,"HARRISON ST","14TH ST",0.00,,Y,A,-,N,,,,,,,,,,N,4,0,1,2,A,-,12,22450,A,N,D,G,A,A,H,-,A,D,0,,Y,,,Y,,L,04,0,0,1,0,0,0,1,0,0,"- ","- ",,,"SAN FRANCISCO","SAN FRANCISCO",-122.41343688964844,37.768661499023438
8685863,2018,2018-08-29,3801,2018-07-10,1347,2439,CENTR,2,5,7,3801,0,0,0,,0,3A14A,"1 JACKSON ST","DAVIS CT",0.00,,-,A,-,N,,,,,,,,,,N,4,0,1,2,A,-,17,22517,,N,H,G,A,A,H,-,A,D,0,,Y,,,Y,,A,01,0,0,1,0,0,0,1,0,0,"- ","- ",,,"SAN FRANCISCO","SAN FRANCISCO",-122.39833068847656,37.797080993652344
8685879,2018,2018-08-29,3801,2018-07-13,0900,2456,COF,5,5,7,3801,0,0,0,,0,3F3A,"FELL ST","MASONIC AV",0.00,,Y,B,-,N,,,,,,,,,,N,3,0,1,2,A,-,05,21650,1,N,B,G,A,A,H,-,A,A,0,,Y,,,Y,,L,04,0,1,0,0,0,0,1,0,0,"- ","- ",,,"SAN FRANCISCO","SAN FRANCISCO",-122.4459228515625,37.772979736328125
8685884,2018,2018-08-30,3801,2018-07-27,1824,831,MISSI,5,5,7,3801,0,0,0,,0,3D13C,"VALENCIA ST","20TH ST",0.00,,Y,A,-,N,,,,,,,,,,N,3,0,1,2,A,-,08,22107,,F,B,G,A,A,H,-,B,A,0,,Y,,,Y,,A,01,0,1,0,0,0,0,1,0,0,"- ","- ",,,"SAN FRANCISCO","SAN FRANCISCO",-122.42125701904297,37.758510589599609
8685898,2018,2018-08-30,3801,2018-07-15,1449,1198,BAYVI,7,5,7,3801,0,0,0,,0,,"CEASAR CHAVEZ ST","VERMONT ST",0.00,,Y,A,-,N,,,,,,,,,,N,3,0,1,2,A,-,06,21750,A,N,A,G,A,A,H,-,A,D,0,,Y,,,Y,,L,04,0,1,0,0,0,0,1,0,0,"- ","- ",,,"SAN FRANCISCO","SAN FRANCISCO",-122.40283203125,37.749439239501953
8685904,2018,2018-09-06,3801,2018-07-31,1903,892,SOUTH,2,5,7,3801,0,0,0,,0,3B15D,"4TH ST","CHANNEL ST",47.00,N,N,A,-,N,,,,,,,,,,,3,0,1,1,A,-,03,22350,,N,E,I,A,A,H,-,A,A,0,,Y,,,Y,,L,04,0,1,0,0,0,0,1,0,0,"- ","- ",,,"SAN FRANCISCO","SAN FRANCISCO",-122.39176177978516,37.774471282958984
8685949,2018,2018-09-06,3801,2018-07-22,2210,1033,MISSI,7,5,7,3801,0,0,0,,0,3D16E,"VALENCIA ST","21ST ST",0.00,,Y,A,-,N,,,,,,,,,,N,3,0,1,2,A,-,09,21801,A,F,D,G,A,A,H,-,C,A,0,,Y,,,Y,,A,01,0,1,0,0,0,0,1,0,0,"- ","- ",,,"SAN FRANCISCO","SAN FRANCISCO",-122.42109680175781,37.756908416748047
8688849,2018,2018-11-02,3801,2018-07-08,2247,1125,NORTH,7,5,7,3801,0,0,0,,0,3E14E,"VAN NESS AV","TURK ST",0.00,,Y,A,-,Y,SF,4,101,-,-,5.352,I,5,S,N,2,0,1,2,A,-,08,22101,D,F,D,G,A,A,H,-,C,A,0,,Y,,,Y,,A,01,1,0,0,0,0,0,1,0,0,"- ","- ",,,"SAN FRANCISCO","SAN FRANCISCO",-122.42073059082031,37.781955718994141
8690297,2018,2018-08-31,3801,2018-05-28,1305,917,BAYVI,1,5,7,3801,0,0,0,,0,4B4E,"EVANS AV","SELBY ST",141.00,E,N,A,-,N,,,,,,,,,,Y,2,0,1,2,A,-,09,21804,A,N,D,G,A,A,H,-,A,D,0,,Y,,,Y,Y,L,04,1,0,0,0,0,0,1,0,0,"- ","- ",,,"SAN FRANCISCO","SAN FRANCISCO",-122.39398956298828,37.746131896972656
8693133,2018,2018-09-27,3801,2018-08-02,0820,637,SOUTH,4,5,7,3801,0,0,0,,0,3B13A,"8TH ST","BRANNAN ST",0.00,,Y,B,-,N,,,,,,,,,,N,3,0,1,2,A,-,12,21453,A,N,D,G,A,A,H,-,A,A,0,,Y,,,Y,,L,04,0,1,0,0,0,0,1,0,0,"- ","- ",,,"SAN FRANCISCO","SAN FRANCISCO",-122.40543365478516,37.771289825439453
8693138,2018,2018-09-27,3801,2018-08-25,1843,529,CENRA,6,5,7,3801,0,0,0,,0,3A13C,"THE EMBARCADERO","CHESTNUT ST",100.00,N,N,A,-,N,,,,,,,,,,N,2,0,1,1,A,-,03,22350,,N,-,A,A,A,H,-,A,D,0,,Y,,,Y,Y,L,04,1,0,0,0,0,0,1,0,0,"- ","- ",,,"SAN FRANCISCO","SAN FRANCISCO",-122.40374755859375,37.805271148681641
8693169,2018,2018-09-27,3801,2018-08-03,2030,1148,MISSI,5,5,7,3801,0,0,0,,0,3D11E,"CESAR CHAVEZ ST","VALENCIA ST",0.00,,Y,A,-,N,,,,,,,,,,N,3,0,1,2,A,-,09,21801,A,F,D,G,A,A,H,-,C,A,0,,Y,,,Y,,A,01,0,1,0,0,0,0,1,0,0,"- ","- ",,,"SAN FRANCISCO","SAN FRANCISCO",-122.42024993896484,37.748119354248047
8693980,2018,2018-09-10,3801,2018-07-11,1030,1572,SOUTH,3,5,7,3801,0,0,0,,0,3B1A,"MAIN ST","MISSION ST",0.00,,-,A,-,N,,,,,,,,,,N,3,0,1,2,A,-,17,22517,,N,B,G,A,A,H,-,A,A,0,,Y,,,Y,,-,,0,1,0,0,0,0,1,0,0,"- ","- ",,,"SAN FRANCISCO","SAN FRANCISCO",-122.39497375488281,37.791858673095703
8697872,2018,2018-10-03,3801,2018-08-24,1805,1331,SOUTH,5,5,7,3801,0,0,0,,0,3B15D,"BERRY ST","4TH ST",200.00,W,N,A,-,N,,,,,,,,,,N,4,0,1,3,A,-,17,22517,,N,-,G,A,A,H,-,A,A,0,,Y,,,Y,,-,,0,0,1,0,0,0,1,0,0,"- ","- ",,,"SAN FRANCISCO","SAN FRANCISCO",-122.39382171630859,37.775386810302734
8698092,2018,2018-10-05,3801,2018-08-16,1310,204,TENDE,4,5,7,3801,0,0,0,,0,3J53C,"MARKET ST","6TH ST",0.00,,Y,A,-,N,,,,,,,,,,Y,4,0,3,5,A,-,03,22350,,N,A,C,A,A,H,-,A,A,0,,Y,,,Y,,A,01,0,0,3,0,0,0,1,0,0,"- ","- ",,,"SAN FRANCISCO","SAN FRANCISCO",-122.41030120849609,37.782238006591797
8698143,2018,2018-10-04,3801,2018-08-14,1020,1580,SOUTH,2,5,7,3801,0,0,0,,0,3B43,"MISSION ST","7TH ST",0.00,,Y,A,-,N,,,,,,,,,,N,4,0,1,2,A,-,08,22107,,N,C,C,A,A,H,-,A,A,0,,Y,,,Y,,L,04,0,0,1,0,0,0,1,0,0,"- ","- ",,,"SAN FRANCISCO","SAN FRANCISCO",-122.41089630126953,37.779209136962891
8698178,2018,2018-10-01,3801,2018-08-23,1352,1213,RICHM,4,5,7,3801,0,0,0,,0,6G44B,"CLEMENT ST","7TH AV",50.00,W,N,A,-,N,,,,,,,,,,,3,0,1,2,A,-,08,22107,,N,B,G,A,A,H,-,A,D,0,,Y,,,Y,,A,01,0,1,0,0,0,0,1,0,0,"- ","- ",,,"SAN FRANCISCO","SAN FRANCISCO",-122.46564483642578,37.782882690429688
8698205,2018,2018-10-01,3801,2018-08-26,2034,1033,MISSI,7,5,7,3801,0,0,0,,0,3D114,"19TH ST","LINDA ST",0.00,,Y,A,-,N,,,,,,,,,,N,3,0,1,2,A,-,05,21650,,F,A,G,A,A,H,-,C,D,0,,Y,,,Y,,A,01,0,1,0,0,0,0,1,0,0,"- ","- ",,,"SAN FRANCISCO","SAN FRANCISCO",-122.42285919189453,37.760021209716797
8699748,2018,2018-10-08,3801,2018-08-25,1044,993,SOUTH,6,5,7,3801,0,0,0,,0,SECTOR,"3RD ST","MISSION ROCK",52.00,N,N,A,-,N,,,,,,,,,,N,3,0,1,2,A,-,06,21760,B,N,B,G,A,A,H,-,A,D,0,,Y,,,Y,,-,,0,1,0,0,0,0,1,0,0,"- ","- ",,,"SAN FRANCISCO","SAN FRANCISCO",-122.38980865478516,37.773063659667969
8699760,2018,2018-10-08,3801,2018-08-30,2147,2353,NORTH,4,5,7,3801,0,0,0,,0,3E11E,"PAGE ST","BUCHANAN ST",134.00,W,N,-,-,N,,,,,,,,,,Y,3,0,1,2,A,-,06,21751,,N,A,G,A,A,H,-,D,D,0,,Y,,,Y,,A,01,0,1,0,0,0,0,1,0,0,"- ","- ",,,"SAN FRANCISCO","SAN FRANCISCO",-122.42781066894531,37.773391723632812
8705827,2018,2018-10-18,3801,2018-09-20,1345,257,TENDE,4,5,7,3801,0,0,0,,0,3J46C,"LARKIN ST","MYRTLE ST",5.00,S,N,A,-,N,,,,,,,,,,N,4,0,1,2,A,-,00,21560,,N,A,G,A,A,H,-,A,D,0,,Y,,,Y,,L,04,0,0,1,0,0,0,1,0,0,"- ","- ",,,"SAN FRANCISCO","SAN FRANCISCO",-122.41800689697266,37.785625457763672
8716412,2018,2018-10-22,3801,2018-09-17,2102,576,TENDE,1,5,7,3801,0,0,0,,0,001,"MARKET ST","HYDE ST",198.00,W,N,A,-,N,,,,,,,,,,N,3,0,1,2,A,-,11,21955,,N,G,B,D,A,H,-,C,A,0,Y,Y,,,Y,,N,60,0,1,0,0,1,0,0,0,0,"- ","- ",,,"SAN FRANCISCO","SAN FRANCISCO",-122.41526031494141,37.778335571289062
8716428,2018,2018-10-22,3801,2018-09-16,1845,2064,MISSI,7,5,7,3801,0,0,0,,0,3D11D,"23RD ST","CAPP ST",0.00,,Y,A,-,N,,,,,,,,,,N,4,0,1,2,A,-,12,22450,A,N,A,G,A,A,H,-,A,A,0,,Y,,,Y,,L,04,0,0,1,0,0,0,1,0,0,"- ","- ",,,"SAN FRANCISCO","SAN FRANCISCO",-122.41748046875,37.753910064697266
8716498,2018,2018-10-19,3801,2018-09-06,0702,827,MISIS,4,5,7,3801,0,0,0,,0,3D13A,"ALABAMA ST","19TH ST",0.00,,Y,A,-,N,,,,,,,,,,N,4,0,1,2,A,-,12,22450,A,N,B,G,A,A,H,-,A,A,0,,Y,,,Y,,L,04,0,0,1,0,0,0,1,0,0,"- ","- ",,,"SAN FRANCISCO","SAN FRANCISCO",-122.41191864013672,37.760391235351562
8716509,2018,2018-10-18,3801,2018-09-14,1051,4286,RICHM,5,5,7,3801,0,0,0,,0,0G2,"ARGUELLO BL","GEARY BL",215.00,S,N,A,-,N,,,,,,,,,,N,4,0,1,2,A,-,04,21703,,N,C,G,A,A,H,-,A,D,0,,Y,,,Y,,L,04,0,0,1,0,0,0,1,0,0,"- ","- ",,,"SAN FRANCISCO","SAN FRANCISCO",-122.45884704589844,37.780738830566406
8716560,2018,2018-10-19,3801,2018-09-11,2020,1237,NORTH,2,5,7,3801,0,0,0,,0,3E12D,"FILLMORE ST","GOLDEN GATE AV",0.00,,Y,A,-,N,,,,,,,,,,N,3,0,1,2,A,-,09,21801,A,M,B,G,A,A,H,-,C,A,0,,Y,,,Y,,A,01,0,1,0,0,0,0,1,0,0,"- ","- ",,,"SAN FRANCISCO","SAN FRANCISCO",-122.43193817138672,37.779560089111328
8716605,2018,2018-10-19,3801,2018-09-13,1750,4335,BAYVI,4,5,7,3801,0,0,0,,0,901,"INDIANA ST","25TH ST",20.00,N,N,A,-,N,,,,,,,,,,N,3,0,1,2,A,-,05,21651,C,N,D,G,A,A,H,-,A,D,0,,Y,,,Y,,L,04,0,1,0,0,0,0,1,0,0,"- ","- ",,,"SAN FRANCISCO","SAN FRANCISCO",-122.39070129394531,37.752735137939453
8718575,2018,2018-10-25,3801,2018-09-07,0859,540,SOUTH,5,5,7,3801,0,0,0,,0,3B2A,"THE EMBARCADERO","BRYANT ST",0.00,,Y,A,-,N,,,,,,,,,,N,3,0,1,2,A,-,08,22107,,N,H,G,A,A,H,-,A,A,0,,Y,,,Y,Y,A,01,0,1,0,0,0,0,1,0,0,"- ","- ",,,"SAN FRANCISCO","SAN FRANCISCO",-122.38800811767578,37.787090301513672
8718595,2018,2018-11-09,3801,2018-09-16,1125,1242,CENTR,7,5,7,3801,0,0,0,,0,3A15A,"MONTGOMERY ST",COMMERCIAL,0.00,,Y,-,-,N,,,,,,,,,,N,4,0,1,2,A,-,08,22107,,N,B,G,A,A,H,-,A,D,0,,Y,,,Y,,A,07,0,0,1,0,0,0,1,0,0,"- ","- ",,,"SAN FRANCISCO","SAN FRANCISCO",-122.40302276611328,37.794219970703125
8724539,2018,2018-10-30,3801,2018-09-10,1820,71,RICHM,1,5,7,3801,0,0,0,,0,901,"POINT LOBOS AV","BALBOA ST",0.00,,Y,A,-,N,,,,,,,,,,N,3,0,1,2,A,-,06,21755,A,N,B,G,A,A,H,-,A,D,0,,Y,,,Y,,L,04,0,1,0,0,0,0,1,0,0,"- ","- ",,,"SAN FRANCISCO","SAN FRANCISCO",-122.51131700000001,37.775077000000003
8731371,2018,2018-11-02,3801,2018-08-31,1913,4023,MISSI,5,5,7,3801,0,0,0,,0,3D11D,"VALENCIA ST","18TH ST",59.00,N,N,A,-,N,,,,,,,,,,N,2,0,1,3,A,-,17,22517,,N,H,G,A,A,H,-,A,D,0,,Y,,,Y,,A,01,1,0,0,0,0,0,1,0,0,"- ","- ",,,"SAN FRANCISCO","SAN FRANCISCO",-122.42157745361328,37.761871337890625
8747078,2018,2018-12-07,3801,2018-10-18,1335,1217,,4,5,7,3801,0,0,0,,0,3H16C,"SANTOS ST","VELASCO AV",0.00,,Y,A,-,N,,,,,,,,,,N,3,0,1,2,A,-,03,22350,A,N,B,G,A,A,H,-,A,D,0,,Y,,,Y,,L,04,0,1,0,0,0,0,1,0,0,"- ","- ",,,"SAN FRANCISCO","SAN FRANCISCO",-122.41938018798828,37.7099609375
8750479,2018,2018-12-07,3801,2018-10-18,1125,1242,CENTR,4,5,7,3801,0,0,0,,0,3A15A,"MONTGOMERY ST","BUSH ST",0.00,,Y,A,-,N,,,,,,,,,,N,3,0,1,2,A,-,12,21453,A,N,G,J,B,A,H,-,A,A,0,Y,Y,,,Y,,L,04,0,1,0,0,1,0,0,0,0,"- ","- ",,,"SAN FRANCISCO","SAN FRANCISCO",-122.40235900878906,37.790969848632812
8754644,2018,2018-12-07,3801,2018-10-20,1218,1368,PARK,6,5,7,3801,0,0,0,,0,3F1A,"JOHN F KENNEDY DR","CONSERVATORY DR E",200.00,W,N,A,-,N,,,,,,,,,,N,3,0,1,2,A,-,17,21209,A,N,D,G,A,A,H,-,A,D,0,,Y,,,Y,,A,01,0,1,0,0,0,0,1,0,0,"- ","- ",,,"SAN FRANCISCO","SAN FRANCISCO",-122.45755767822266,37.771068572998047
8754687,2018,2018-12-06,3801,2018-10-09,0913,878,SOUTH,2,5,7,3801,0,0,0,,0,3B15D,"16TH ST","WISCONSIN ST",0.00,,Y,A,-,N,,,,,,,,,,Y,3,0,1,2,A,-,09,21802,A,N,D,G,A,A,H,-,A,A,0,,Y,,,Y,,L,04,0,1,0,0,0,0,1,0,0,"- ","- ",,,"SAN FRANCISCO","SAN FRANCISCO",-122.39974975585938,37.766269683837891
8754783,2018,2018-12-11,3801,2018-10-01,1237,1978,BAYVI,1,5,7,3801,0,0,0,,0,001,"3RD ST","22ND ST",342.00,S,N,A,-,N,,,,,,,,,,N,4,0,1,2,A,-,09,21804,A,N,B,G,A,A,H,-,A,A,0,,Y,,,Y,,L,04,0,0,1,0,0,0,1,0,0,"- ","- ",,,"SAN FRANCISCO","SAN FRANCISCO",-122.3883056640625,37.757015228271484
8754812,2018,2018-12-10,3801,2018-10-24,2232,829,CENTR,3,5,7,3801,0,0,0,,0,3A12E,"KEARRY ST","CALIFORNIA ST",6.00,S,N,A,-,N,,,,,,,,,,N,4,0,1,2,A,-,12,21453,A,N,D,G,A,A,H,-,C,A,0,,Y,,,Y,,L,04,0,0,1,0,0,0,1,0,0,"- ","- ",,,"SAN FRANCISCO","SAN FRANCISCO",-122.40438079833984,37.79266357421875
8754823,2018,2018-12-10,3801,2018-10-22,1327,169,SOUTH,1,5,7,3801,0,0,0,,0,3B13A,"BRYANT ST","5TH ST",8.00,W,N,A,-,N,,,,,,,,,,N,4,0,1,2,A,-,10,21950,A,N,G,G,A,A,H,-,A,A,0,,Y,,,Y,,A,01,0,0,1,0,0,0,1,0,0,"- ","- ",,,"SAN FRANCISCO","SAN FRANCISCO",-122.40030670166016,37.777786254882812
8754833,2018,2018-12-07,3801,2018-10-17,1640,283,MISIS,3,5,7,3801,0,0,0,,0,0D1,"VALENCIA ST","16TH ST",75.00,N,N,A,-,N,,,,,,,,,,N,4,0,1,2,A,-,09,21804,A,N,B,G,A,A,H,-,A,A,0,,Y,,,Y,,A,01,0,0,1,0,0,0,1,0,0,"- ","- ",,,"SAN FRANCISCO","SAN FRANCISCO",-122.42190551757812,37.765113830566406
8754841,2018,2018-12-07,3801,2018-10-09,2004,1503,MISIS,2,5,7,3801,0,0,0,,0,3D11D,"17TH ST","ALBION ST",103.00,E,N,A,-,N,,,,,,,,,,,3,0,1,2,A,-,17,21208,A,N,B,G,A,A,H,-,C,D,0,,Y,,,Y,,L,04,0,1,0,0,0,0,1,0,0,"- ","- ",,,"SAN FRANCISCO","SAN FRANCISCO",-122.42235565185547,37.763263702392578
8754844,2018,2018-12-10,3801,2018-10-03,0941,839,SOUHT,3,5,7,3801,0,0,0,,0,0B2,"5TH ST","BRYANT ST",0.00,,Y,A,-,N,,,,,,,,,,N,3,0,1,2,A,-,09,21801,A,N,D,-,A,A,H,-,A,D,0,,Y,,,Y,,A,01,0,1,0,0,0,0,1,0,0,"- ","- ",,,"SAN FRANCISCO","SAN FRANCISCO",-122.40029144287109,37.777801513671875
8754858,2018,2018-12-07,3801,2018-10-27,0950,242,NORTH,6,5,7,3801,0,0,0,,0,005,"GREENWHICH ST","FILLMORE ST",0.00,,Y,A,-,N,,,,,,,,,,N,2,0,1,2,A,-,12,22450,A,N,B,G,A,A,H,-,A,A,0,,Y,,,Y,,L,04,1,0,0,0,0,0,1,0,0,"- ","- ",,,"SAN FRANCISCO","SAN FRANCISCO",-122.43588,37.798960000000001
8754938,2018,2018-12-06,3801,2018-10-26,1422,1520,NORTH,5,5,7,3801,0,0,0,,0,003,"POLK ST","ELM ST",0.00,,Y,A,-,N,,,,,,,,,,N,4,0,1,2,A,-,09,21801,A,N,D,G,A,A,H,-,A,D,0,,Y,,,Y,,-,,0,0,1,0,0,0,1,0,0,"- ","- ",,,"SAN FRANCISCO","SAN FRANCISCO",-122.41890716552734,37.781700134277344
8754982,2018,2018-12-07,3801,2018-10-19,1008,878,SOUTH,5,5,7,3801,0,0,0,,0,3B12A,"TOWNSEND ST","4TH ST",0.00,,Y,A,-,N,,,,,,,,,,N,3,0,1,2,A,-,06,21750,A,N,B,G,A,A,H,-,A,D,0,,Y,,,Y,,A,01,0,1,0,0,0,0,1,0,0,"- ","- ",,,"SAN FRANCISCO","SAN FRANCISCO",-122.39498901367188,37.777111053466797
8755002,2018,2018-12-06,3801,2018-10-29,0945,576,TENDE,1,5,7,3801,0,0,0,,0,005,"ELLIS ST","LEAVENWORTH ST",40.00,W,N,A,-,N,,,,,,,,,,N,3,0,1,1,A,-,03,22350,,N,H,J,A,A,H,-,A,A,0,,Y,,,Y,,L,04,0,1,0,0,0,0,1,0,0,"- ","- ",,,"SAN FRANCISCO","SAN FRANCISCO",-122.41455841064453,37.784648895263672
8756601,2018,2018-12-11,3801,2018-10-12,0556,1518,BAYVI,5,5,7,3801,0,0,0,,0,0C5,"CESAR CHAVEZ ST","CESAR CHAVEZ ST 2323",0.00,,Y,A,-,N,,,,,,,,,,N,3,0,2,2,A,-,17,21209,A,N,B,G,A,A,H,-,C,A,0,,Y,Y,,Y,,C,03,0,1,1,0,0,0,1,0,1,"- ","- ",,,"SAN FRANCISCO","SAN FRANCISCO",-122.400454,37.749487999999999
8756615,2018,2018-12-11,3801,2018-10-08,0326,2732,CENTR,1,5,7,3801,0,0,0,,0,,"GEARY ST","LARKIN ST",0.00,,Y,A,-,N,,,,,,,,,,N,3,0,1,2,A,-,17,21200,,N,C,G,A,A,H,-,C,A,0,,Y,,,Y,Y,L,04,0,1,0,0,0,0,1,0,0,"- ","- ",,,"SAN FRANCISCO","SAN FRANCISCO",-122.41811370849609,37.786109924316406
8758130,2018,2019-01-18,3801,2018-11-06,1400,895,INGLE,2,5,7,3801,0,0,0,,0,3H140,"OCEAN AV","HOWTH ST",0.00,,Y,A,-,N,,,,,,,,,,N,3,0,1,2,A,-,03,22350,,F,D,G,A,A,H,-,A,A,0,,Y,,,Y,,-,,0,1,0,0,0,0,1,0,0,"- ","- ",,,"SAN FRANCISCO","SAN FRANCISCO",-122.44957733154297,37.72296142578125
8758191,2018,2019-01-24,3801,2018-11-24,2054,1046,CENTR,6,5,7,3801,0,0,0,,0,3A12D,"KEARNY ST","CLAY ST",0.00,,Y,A,-,N,,,,,,,,,,N,3,0,1,3,A,-,17,22517,,N,E,G,A,A,-,-,C,A,0,,Y,,,Y,,A,01,0,1,0,0,0,0,1,0,0,"- ","- ",,,"SAN FRANCISCO","SAN FRANCISCO",-122.40477752685547,37.794448852539062
8758297,2018,2019-01-18,3801,2018-11-09,0953,4361,,5,5,7,3801,0,0,0,,0,,"14TH ST","VALENCIA ST",0.00,,Y,A,-,N,,,,,,,,,,N,3,0,1,2,A,-,08,22107,,N,B,G,A,A,H,-,A,A,0,,Y,,,Y,,A,08,0,1,0,0,0,0,1,0,0,"- ","- ",,,"SAN FRANCISCO","SAN FRANCISCO",-122.42218017578125,37.768150329589844
8758309,2018,2019-01-18,3801,2018-11-11,0442,1254,CENTR,7,5,7,3801,0,0,0,,0,3A14E,EMBARCADERO,BROADWAY,0.00,,Y,A,-,N,,,,,,,,,,N,3,0,1,2,A,-,12,21453,A,N,D,G,A,A,H,-,C,A,0,,Y,,,Y,,L,04,0,1,0,0,0,0,1,0,0,"- ","- ",,,"SAN FRANCISCO","SAN FRANCISCO",-122.397566,37.799287
8760501,2018,2018-12-24,3801,2018-11-08,0940,2376,SOUTH,4,5,7,3801,0,0,0,,0,3B5A,"7TH ST","KING ST",29.00,S,N,A,-,N,,,,,,,,,,,4,0,1,2,A,-,17,22517,,N,C,G,A,A,H,-,A,D,0,,Y,,,Y,,-,"- ",0,0,1,0,0,0,1,0,0,"- ","- ",,,"SAN FRANCISCO","SAN FRANCISCO",-122.40074157714844,37.771080017089844
8760525,2018,2018-12-24,3801,2018-11-17,1523,1398,NORTH,6,5,7,3801,0,0,0,,0,3E41C,"GOUGH ST","FELL ST",16.00,S,N,A,-,N,,,,,,,,,,N,4,0,1,3,A,-,17,22517,,F,E,G,A,A,A,-,A,A,0,,Y,,,Y,,A,01,0,0,1,0,0,0,1,0,0,"- ","- ",37.463321685791016,-122.25222015380859,"SAN FRANCISCO","SAN FRANCISCO",-122.42276763916016,37.775897979736328
8764304,2018,2018-12-28,3801,2018-11-12,1727,30,CENTR,1,5,7,3801,0,0,0,,0,4M54,"MARKET ST","BEALE ST",0.00,,Y,A,-,N,,,,,,,,,,N,3,0,1,1,B,-,22,,,N,E,-,A,A,G,-,C,A,0,,Y,,,Y,,L,04,0,1,0,0,0,0,1,0,0,"- ","- ",,,"SAN FRANCISCO","SAN FRANCISCO",-122.3973388671875,37.792488098144531
8777056,2018,2019-01-25,3801,2018-12-05,1543,215,BAYVI,3,5,7,3801,0,0,0,,0,2CAR,"PAUL AV","WHEAT ST",0.00,,-,B,-,N,,,,,,,,,,N,4,0,1,2,A,-,21,22106,,N,H,G,A,A,H,-,A,D,0,,Y,,,Y,Y,A,01,0,0,1,0,0,0,1,0,0,"- ","- ",,,"SAN FRANCISCO","SAN FRANCISCO",-122.40009307861328,37.723430633544922