CASE_ID,ACCIDENT_YEAR,PROC_DATE,JURIS,COLLISION_DATE,COLLISION_TIME,OFFICER_ID,REPORTING_DISTRICT,DAY_OF_WEEK,CHP_SHIFT,POPULATION,CNTY_CITY_LOC,SPECIAL_COND,BEAT_TYPE,CHP_BEAT_TYPE,CITY_DIVISION_LAPD,CHP_BEAT_CLASS,BEAT_NUMBER,PRIMARY_RD,SECONDARY_RD,DISTANCE,DIRECTION,INTERSECTION,WEATHER_1,WEATHER_2,STATE_HWY_IND,CALTRANS_COUNTY,CALTRANS_DISTRICT,STATE_ROUTE,ROUTE_SUFFIX,POSTMILE_PREFIX,POSTMILE,LOCATION_TYPE,RAMP_INTERSECTION,SIDE_OF_HWY,TOW_AWAY,COLLISION_SEVERITY,NUMBER_KILLED,NUMBER_INJURED,PARTY_COUNT,PRIMARY_COLL_FACTOR,PCF_CODE_OF_VIOL,PCF_VIOL_CATEGORY,PCF_VIOLATION,PCF_VIOL_SUBSECTION,HIT_AND_RUN,TYPE_OF_COLLISION,MVIW,PED_ACTION,ROAD_SURFACE,ROAD_COND_1,ROAD_COND_2,LIGHTING,CONTROL_DEVICE,CHP_ROAD_TYPE,PEDESTRIAN_ACCIDENT,BICYCLE_ACCIDENT,MOTORCYCLE_ACCIDENT,TRUCK_ACCIDENT,NOT_PRIVATE_PROPERTY,ALCOHOL_INVOLVED,STWD_VEHTYPE_AT_FAULT,CHP_VEHTYPE_AT_FAULT,COUNT_SEVERE_INJ,COUNT_VISIBLE_INJ,COUNT_COMPLAINT_PAIN,COUNT_PED_KILLED,COUNT_PED_INJURED,COUNT_BICYCLIST_KILLED,COUNT_BICYCLIST_INJURED,COUNT_MC_KILLED,COUNT_MC_INJURED,PRIMARY_RAMP,SECONDARY_RAMP,LATITUDE,LONGITUDE,COUNTY,CITY,POINT_X,POINT_Y
8777064,2018,2019-01-25,3801,2018-12-05,1119,1557,MISSI,3,5,7,3801,0,0,0,,0,3D13C,"CAPP ST","20TH ST",330.00,S,N,B,C,N,,,,,,,,,,N,3,0,1,2,A,-,09,21801,A,N,A,C,A,B,H,-,A,D,0,,Y,,,Y,,A,01,0,1,0,0,0,0,1,0,0,"- ","- ",,,"SAN FRANCISCO","SAN FRANCISCO",-122.41787719726562,37.757774353027344
8777080,2018,2019-01-25,3801,2018-12-08,1300,327,,6,5,7,3801,0,0,0,,0,,"VALENCIA ST","23RD ST",240.00,S,N,B,-,N,,,,,,,,,,N,4,0,1,2,A,-,03,22350,,N,B,G,A,A,A,-,A,D,0,,Y,,,Y,,L,04,0,0,1,0,0,0,1,0,0,"- ","- ",,,"SAN FRANCISCO","SAN FRANCISCO",-122.42074584960938,37.753044128417969
8777084,2018,2019-01-25,3801,2018-12-09,0221,2457,SOTHE,7,5,7,3801,0,0,0,,0,3B13E,"HOWARD ST","2ND ST",400.00,W,N,A,-,N,,,,,,,,,,N,2,0,1,3,A,-,03,22350,,F,C,G,A,A,H,-,E,D,0,,Y,Y,,Y,,-,,1,0,0,0,0,0,1,0,0,"- ","- ",,,"SAN FRANCISCO","SAN FRANCISCO",-122.39923095703125,37.786014556884766
8777104,2018,2019-01-25,3801,2018-12-02,1207,1116,MISSI,7,5,7,3801,0,0,0,,0,3D13A,"VALENCIA ST","19TH ST",138.00,S,N,A,-,N,,,,,,,,,,N,3,0,1,2,A,-,17,22517,,N,B,G,A,A,H,-,A,D,0,,Y,,,Y,,A,08,0,1,0,0,0,0,1,0,0,"- ","- ",,,"SAN FRANCISCO","SAN FRANCISCO",-122.42137145996094,37.759731292724609
8777162,2018,2019-01-30,3801,2018-12-17,1958,4022,,1,5,7,3801,0,0,0,,0,D41D,"17TH ST","DOLORES ST",153.00,E,N,A,-,N,,,,,,,,,,N,3,0,1,2,A,-,08,22100,B,N,D,G,A,A,H,-,C,D,0,,Y,,,Y,,D,22,0,1,0,0,0,0,1,0,0,"- ","- ",,,"SAN FRANCISCO","SAN FRANCISCO",-122.42577362060547,37.763050079345703
8777207,2018,2019-01-29,3801,2018-12-13,1430,2211,MISSI,4,5,7,3801,0,0,0,,0,3D11D,"HARRISON ST","12 ST",0.00,,Y,-,-,N,,,,,,,,,,N,4,0,1,1,D,-,00,,,N,H,A,A,A,B,D,A,D,0,,Y,,,Y,,-,"- ",0,0,1,0,0,0,1,0,0,"- ","- ",,,"SAN FRANCISCO","SAN FRANCISCO",-122.41306304931641,37.770088195800781
8777258,2018,2019-01-25,3801,2018-12-14,1814,308,MISIS,5,5,7,3801,0,0,0,,0,3D13D,"MISSION ST","22ND ST",260.00,S,N,C,-,N,,,,,,,,,,N,4,0,1,2,A,-,08,22102,,N,D,C,A,B,H,-,C,D,0,,Y,,,Y,,A,01,0,0,1,0,0,0,1,0,0,"- ","- ",,,"SAN FRANCISCO","SAN FRANCISCO",-122.41867828369141,37.754737854003906
8777279,2018,2019-01-29,3801,2018-12-02,2126,4106,NORTH,7,5,7,3801,0,0,0,,0,3E13E,"POLK ST","CEDAR ST",0.00,,Y,A,-,N,,,,,,,,,,N,4,0,1,2,A,-,03,22350,,F,C,G,A,A,H,-,C,D,0,,Y,,,Y,,-,,0,0,1,0,0,0,1,0,0,"- ","- ",,,"SAN FRANCISCO","SAN FRANCISCO",-122.41983032226562,37.786369323730469
8777328,2018,2019-01-29,3801,2018-12-01,2351,1861,TARAV,6,5,7,3801,0,0,0,,0,3I12D,"IRVING ST","31ST AV",0.00,,Y,A,-,N,,,,,,,,,,N,2,0,1,2,A,-,17,21200,A,N,D,G,A,A,H,-,C,A,0,,Y,,,Y,,L,04,1,0,0,0,0,0,1,0,0,"- ","- ",,,"SAN FRANCISCO","SAN FRANCISCO",-122.48998260498047,37.76300048828125
8777336,2018,2019-01-29,3801,2018-12-01,1752,2200,NORTH,6,5,7,3801,0,0,0,,0,002,"FULTON ST","BUCHANAN ST",0.00,,Y,A,-,N,,,,,,,,,,N,4,0,1,2,A,-,05,21650,1,F,D,G,A,A,H,-,C,A,0,,Y,,,Y,,L,04,0,0,1,0,0,0,1,0,0,"- ","- ",,,"SAN FRANCISCO","SAN FRANCISCO",-122.42838287353516,37.778110504150391
8787867,2018,2019-01-28,3801,2018-12-19,1800,179,SOUTH,3,5,7,3801,0,0,0,,0,3B14D,"VALENCIA ST","20TH ST",0.00,,Y,A,-,N,,,,,,,,,,N,3,0,1,2,A,-,08,22107,,F,H,A,A,A,H,-,C,A,0,,Y,,,Y,,-,,0,1,0,0,0,0,1,0,0,"- ","- ",,,"SAN FRANCISCO","SAN FRANCISCO",-122.42125701904297,37.758510589599609
8803815,2019,2019-03-01,3801,2019-01-02,2058,1115,SOUTH,3,5,7,3801,0,0,0,,0,3B107,"6TH ST","HOWARD ST",4.00,N,N,A,-,N,,,,,,,,,,N,4,0,1,2,A,-,06,21760,B,N,B,G,A,A,H,-,C,A,0,,Y,,,Y,,A,01,0,0,1,0,0,0,1,0,0,"- ","- ",,,"SAN FRANCISCO","SAN FRANCISCO",-122.40715026855469,37.779758453369141
8803844,2019,2019-05-11,3801,2019-01-09,0900,2376,SOUTH,3,5,7,3801,0,0,0,,0,3B14A,"8TH ST","BRYANT ST",65.00,S,N,B,-,N,,,,,,,,,,N,4,0,2,2,A,-,11,21956,A,N,B,B,E,B,H,-,A,D,0,Y,Y,,,Y,,N,60,0,0,2,0,1,0,1,0,0,"- ","- ",,,"SAN FRANCISCO","SAN FRANCISCO",-122.40689849853516,37.772342681884766
8803860,2019,2019-02-28,3801,2019-01-09,1625,892,SOUTH,3,5,7,3801,0,0,0,,0,3B12D,"HOWARD ST","6TH ST",150.00,E,N,A,-,N,,,,,,,,,,N,3,0,1,2,A,-,17,22517,,N,H,G,A,A,H,-,A,A,0,,Y,,,Y,,A,07,0,1,0,0,0,0,1,0,0,"- ","- ",,,"SAN FRANCISCO","SAN FRANCISCO",-122.40677642822266,37.780044555664062
8803882,2019,2019-02-28,3801,2019-01-22,1125,2132,MISSI,2,5,7,3801,0,0,0,,0,3D45C,"14TH ST","MISSION ST",0.00,,Y,A,-,N,,,,,,,,,,N,4,0,1,2,A,-,08,22100,A,N,B,G,A,A,H,-,A,A,0,,Y,,,Y,,A,01,0,0,1,0,0,0,1,0,0,"- ","- ",,,"SAN FRANCISCO","SAN FRANCISCO",-122.41996765136719,37.768291473388672
8803909,2019,2019-02-28,3801,2019-01-17,1810,2207,CENTR,4,5,7,3801,0,0,0,,0,3A14D,"THE EMBARCADERO","BAY ST",0.00,,Y,A,-,N,,,,,,,,,,N,4,0,1,2,D,-,00,,,N,B,G,A,A,H,-,C,A,0,,Y,,,Y,,-,"- ",0,0,1,0,0,0,1,0,0,"- ","- ",,,"SAN FRANCISCO","SAN FRANCISCO",-122.40596771240234,37.806629180908203
8809188,2019,2019-03-22,3801,2019-02-21,1916,412,TENDE,4,5,7,3801,0,0,0,,0,3J93,"MARKET ST","MARKET ST 1178",0.00,,N,A,-,N,,,,,,,,,,N,3,0,1,1,A,-,03,22350,,N,H,-,A,A,H,-,C,D,0,,Y,,,Y,,L,04,0,1,0,0,0,0,1,0,0,"- ","- ",,,"SAN FRANCISCO","SAN FRANCISCO",-122.41420100000001,37.779139999999998
8817455,2019,2019-03-22,3801,2019-02-19,1632,1425,NORTH,2,5,7,3801,0,0,0,,0,3E13D,"GOUGH ST","GROVE ST",0.00,,Y,A,-,N,,,,,,,,,,N,4,0,1,2,A,-,05,21650,,F,D,G,A,A,H,-,A,A,0,,Y,,Y,Y,,L,04,0,0,1,0,0,0,1,0,0,"- ","- ",,,"SAN FRANCISCO","SAN FRANCISCO",-122.42315673828125,37.777809143066406
8817777,2019,2019-03-20,3801,2019-02-01,1200,445,INGLE,5,5,7,3801,0,0,0,,0,005,GENEVA,"NAPLES ST",0.00,,Y,C,-,N,,,,,,,,,,N,3,0,1,2,D,-,00,,,N,D,-,A,B,H,-,A,A,0,,Y,,,Y,,-,"- ",0,1,0,0,0,0,1,0,0,"- ","- ",,,"SAN FRANCISCO","SAN FRANCISCO",-122.43618774414062,37.714210510253906
8817834,2019,2019-03-19,3801,2019-02-10,1847,308,MISSI,7,5,7,3801,0,0,0,,0,3D15D,"17TH ST","ALBION ST",0.00,,Y,A,-,N,,,,,,,,,,N,4,0,1,2,A,-,03,22350,,N,G,B,E,A,H,-,C,D,0,Y,Y,,,Y,,L,04,0,0,1,0,1,0,0,0,0,"- ","- ",,,"SAN FRANCISCO","SAN FRANCISCO",-122.42270660400391,37.763240814208984
8820319,2019,2019-03-21,3801,2019-01-03,1220,4320,TRAFF,4,5,7,3801,0,0,0,,0,,"TAYLOR ST","MARKET ST",0.00,,Y,A,-,N,,,,,,,,,,N,4,0,1,2,A,-,08,22107,,N,B,G,A,A,H,-,A,A,0,,Y,,,Y,,L,04,0,0,1,0,0,0,1,0,0,"- ","- ",,,"SAN FRANCISCO","SAN FRANCISCO",-122.41030120849609,37.782238006591797
8823941,2019,2019-05-08,3801,2019-03-04,1903,584,TENDE,1,5,7,3801,0,0,0,,0,3J96,"MARKET ST","7TH ST",10.00,E,N,A,-,N,,,,,,,,,,N,3,0,1,3,A,-,17,22517,,N,G,G,A,A,H,-,C,A,0,,Y,,,Y,,-,,0,1,0,0,0,0,1,0,0,"- ","- ",,,"SAN FRANCISCO","SAN FRANCISCO",-122.41248321533203,37.780498504638672
8845472,2019,2019-05-01,3801,2019-03-21,1759,A22028,SOUTH,4,5,7,3801,0,0,0,,0,3B14D,"DIVISION ST","VERMONT ST",0.00,,Y,A,-,N,,,,,,,,,,N,3,0,1,2,A,-,09,21801,A,N,D,G,A,A,H,-,A,D,0,,Y,,,Y,,A,01,0,1,0,0,0,0,1,0,0,"- ","- ",,,"SAN FRANCISCO","SAN FRANCISCO",-122.40496826171875,37.769741058349609
8845479,2019,2019-04-30,3801,2019-03-30,1206,2210,SOUTH,6,5,7,3801,0,0,0,,0,3B15A,"17TH ST","KANSAS ST",0.00,,Y,A,-,N,,,,,,,,,,N,4,0,1,2,A,-,12,22450,A,N,D,G,A,A,H,-,A,A,0,,Y,,,Y,,L,04,0,0,1,0,0,0,1,0,0,"- ","- ",37.764690399169922,-122.40354156494141,"SAN FRANCISCO","SAN FRANCISCO",-122.40351867675781,37.764728546142578
8845693,2019,2019-05-02,3801,2019-03-28,1750,4132,MISSI,4,5,7,3801,0,0,0,,0,6CAR,"13TH ST","HARRISON ST",0.00,,Y,A,-,N,,,,,,,,,,N,3,0,1,2,A,-,08,22100,A,N,B,G,A,A,H,-,A,A,0,,Y,,,Y,,A,01,0,1,0,0,0,0,1,0,0,"- ","- ",,,"SAN FRANCISCO","SAN FRANCISCO",-122.41340637207031,37.769451141357422
8845808,2019,2019-04-30,3801,2019-03-30,1110,50,TENDE,6,5,7,3801,0,0,0,,0,003,"LARKIN ST","GROVE ST",0.00,,Y,A,-,N,,,,,,,,,,N,3,0,1,2,A,-,12,21453,A,N,D,G,A,A,H,-,A,A,0,,Y,,,Y,,L,04,0,1,0,0,0,0,1,0,0,"- ","- ",,,"SAN FRANCISCO","SAN FRANCISCO",-122.41658782958984,37.778659820556641
8845831,2019,2019-05-02,3801,2019-03-17,1315,1102,MISSI,7,5,7,3801,0,0,0,,0,3D14A,"18TH ST","CHURCH ST",156.00,W,N,A,-,N,,,,,,,,,,N,4,0,1,2,A,-,06,21755,A,N,B,G,A,A,H,-,A,D,0,,Y,,,Y,,L,04,0,0,1,0,0,0,1,0,0,"- ","- ",,,"SAN FRANCISCO","SAN FRANCISCO",-122.42891693115234,37.761264801025391
8853134,2019,2019-05-01,3801,2019-03-02,1310,274,MISSI,6,5,7,3801,0,0,0,,0,3D44C,"CESAR CHAVEZ ST","VALENCIA ST",0.00,,Y,C,-,N,,,,,,,,,,N,4,0,1,2,A,-,03,22350,,N,D,G,A,B,H,-,A,A,0,,Y,,,Y,,L,04,0,0,1,0,0,0,1,0,0,"- ","- ",,,"SAN FRANCISCO","SAN FRANCISCO",-122.42024993896484,37.748119354248047
8853146,2019,2019-05-01,3801,2019-03-19,0822,748,CENTR,2,5,7,3801,0,0,0,,0,0A2,"CLAY ST","MONTGOMERY ST",0.00,,Y,A,-,N,,,,,,,,,,N,2,0,2,2,A,-,11,21453,D,N,H,-,B,A,H,-,A,A,0,Y,Y,,,Y,,N,60,2,0,0,0,1,0,1,0,0,"- ","- ",,,"SAN FRANCISCO","SAN FRANCISCO",-122.40312194824219,37.794681549072266
8857816,2019,2019-05-21,3801,2019-04-20,0818,HICKS,NORTH,6,5,7,3801,0,0,0,,0,3E12A,"WEBSTER ST","EDDY ST",0.00,,-,A,-,N,,,,,,,,,,N,4,0,1,2,A,-,12,21453,A,N,H,G,A,A,H,-,A,A,0,,Y,,,Y,,L,04,0,0,1,0,0,0,1,0,0,"- ","- ",,,"SAN FRANCISCO","SAN FRANCISCO",-122.43067169189453,37.781620025634766
8857828,2019,2019-05-21,3801,2019-04-19,1238,1454,SOUTH,5,5,7,3801,0,0,0,,0,3B12B,"MARKET ST","DRUMM ST",0.00,,Y,A,-,N,,,,,,,,,,N,2,0,1,1,A,-,03,22350,,N,H,I,A,A,H,-,A,A,0,,Y,,,Y,,L,04,1,0,0,0,0,0,1,0,0,"- ","- ",,,"SAN FRANCISCO","SAN FRANCISCO",-122.39634704589844,37.793251037597656
8857920,2019,2019-06-03,3801,2019-04-21,1015,1482,TENDE,7,5,7,3801,0,0,0,,0,3J11A,"MASON ST","EDDY ST",0.00,,Y,A,-,N,,,,,,,,,,N,4,0,1,2,A,-,17,21657,,F,D,G,A,A,H,-,A,A,0,,Y,,,Y,,L,04,0,0,1,0,0,0,1,0,0,"- ","- ",,,"SAN FRANCISCO","SAN FRANCISCO",-122.4093017578125,37.784381866455078
8857944,2019,2019-05-21,3801,2019-04-24,1842,2470,CENTR,3,5,7,3801,0,0,0,,0,3A15D,"KEARNY ST","GEARY ST",12.00,S,N,A,-,N,,,,,,,,,,N,4,0,1,2,A,-,08,22107,,N,C,G,A,A,H,-,A,D,0,,Y,,,Y,,L,04,0,0,1,0,0,0,1,0,0,"- ","- ",,,"SAN FRANCISCO","SAN FRANCISCO",-122.40350341796875,37.787918090820312
8857949,2019,2019-05-21,3801,2019-04-12,1614,1453,CENTR,5,5,7,3801,0,0,0,,0,03A,"CALIFORNIA ST","MONTGOMERY ST",0.00,,Y,A,-,N,,,,,,,,,,N,4,0,1,3,A,-,05,21202,A,N,D,-,A,A,H,-,A,D,0,,Y,,,Y,,L,04,0,0,1,0,0,0,1,0,0,"- ","- ",,,"SAN FRANCISCO","SAN FRANCISCO",-122.40277099609375,37.792888641357422
8857980,2019,2019-07-17,3801,2019-04-13,1440,2203,TENDE,6,5,7,3801,0,0,0,,0,3J51C,"MCALLISTER ST","LEAVENWORTH ST",0.00,,Y,A,-,N,,,,,,,,,,N,2,0,1,2,A,-,05,21651,B,N,-,G,A,A,H,-,A,A,0,,Y,,,Y,,A,01,1,0,0,0,0,0,1,0,0,"- ","- ",,,"SAN FRANCISCO","SAN FRANCISCO",-122.41368865966797,37.780929565429688
8858007,2019,2019-05-21,3801,2019-04-17,1022,1307,NORTH,3,5,7,3801,0,0,0,,0,3E13D,"MARKET ST","11TH ST",0.00,,Y,-,-,N,,,,,,,,,,N,3,0,1,2,C,-,18,,,N,-,-,A,-,-,-,-,-,0,,Y,,,Y,,-,"- ",0,1,0,0,0,0,1,0,0,"- ","- ",,,"SAN FRANCISCO","SAN FRANCISCO",-122.418701171875,37.775600433349609
8858029,2019,2019-05-21,3801,2019-04-25,0730,317,SOUTH,4,5,7,3801,0,0,0,,0,SECTOR,"MARKET ST","ELGIN PARK",0.00,,Y,A,-,N,,,,,,,,,,N,3,0,1,2,A,-,08,22107,,N,D,G,A,A,H,-,A,D,0,,Y,,,Y,,A,07,0,1,0,0,0,0,1,0,0,"- ","- ",,,"SAN FRANCISCO","SAN FRANCISCO",-122.42381286621094,37.771598815917969
8858055,2019,2019-05-28,3801,2019-04-18,0842,998,NORTH,4,5,7,3801,0,0,0,,0,002,"DIVISADERO ST","EDDY ST",0.00,,Y,A,-,N,,,,,,,,,,N,3,0,1,2,A,-,12,21453,A,N,H,G,A,A,H,-,A,A,0,,Y,Y,,Y,,-,"- ",0,1,0,0,0,0,1,0,0,"- ","- ",,,"SAN FRANCISCO","SAN FRANCISCO",-122.43891143798828,37.78057861328125
8858058,2019,2019-05-29,3801,2019-04-08,2025,2209,MISSI,1,5,7,3801,0,0,0,,0,3D15D,"VALENCIA ST","23RD ST",0.00,,Y,C,-,N,,,,,,,,,,N,3,0,1,2,A,-,09,21453,B,N,D,G,A,B,H,-,C,A,0,,Y,,,Y,,A,01,0,1,0,0,0,0,1,0,0,"- ","- ",,,"SAN FRANCISCO","SAN FRANCISCO",-122.42080688476562,37.753700256347656
8858126,2019,2019-05-24,3801,2019-04-07,1851,1544,CENTR,7,5,7,3801,0,0,0,,0,3A4,"THE EMBARCADERO NORTH","BAY ST",158.00,S,N,A,-,N,,,,,,,,,,N,4,0,1,2,A,-,17,22517,,N,B,G,A,A,H,-,A,D,0,,Y,,,Y,,A,01,0,0,1,0,0,0,1,0,0,"- ","- ",,,"SAN FRANCISCO","SAN FRANCISCO",-122.40550231933594,37.806400299072266
8878522,2019,2019-06-26,3801,2019-05-02,1439,1400,CENTR,4,5,7,3801,0,0,0,,0,3A13C,"MARKET ST","KEARNY ST",0.00,,Y,A,-,N,,,,,,,,,,,4,0,1,2,A,-,08,22101,D,N,D,G,A,A,H,-,A,A,0,,Y,,,Y,,A,01,0,0,1,0,0,0,1,0,0,"- ","- ",,,"SAN FRANCISCO","SAN FRANCISCO",-122.40345764160156,37.78765869140625
8878616,2019,2019-06-19,3801,2019-05-25,1611,11,CENTR,6,5,7,3801,0,0,0,,0,03A,"COLUMBUS AV","MASON ST",70.00,N,N,A,-,N,,,,,,,,,,N,4,0,1,1,B,-,22,,,N,H,A,A,A,G,-,A,A,0,,Y,,,Y,,-,"- ",0,0,1,0,0,0,1,0,0,"- ","- ",,,"SAN FRANCISCO","SAN FRANCISCO",-122.41307067871094,37.80230712890625
8878642,2019,2019-06-19,3801,2019-05-10,1458,1523,NORTH,5,5,7,3801,0,0,0,,0,3E45C,"UNION ST","GOUGH ST",0.00,,Y,A,-,N,,,,,,,,,,N,3,0,1,3,A,-,13,22500,,N,H,G,A,A,H,-,A,D,0,,Y,,,Y,,A,07,0,1,0,0,0,0,1,0,0,"- ","- ",,,"SAN FRANCISCO","SAN FRANCISCO",-122.42726135253906,37.798141479492188
8878661,2019,2019-06-19,3801,2019-05-14,0812,2266,INGLE,2,5,7,3801,0,0,0,,0,3H11A,"MISSION ST","FAIR AV",135.00,N,N,B,-,N,,,,,,,,,,N,3,0,1,2,A,-,07,21658,A,N,B,G,A,A,H,-,A,D,0,,Y,,,Y,,A,01,0,1,0,0,0,0,1,0,0,"- ","- ",,,"SAN FRANCISCO","SAN FRANCISCO",-122.41967010498047,37.745925903320312
8878694,2019,2019-06-19,3801,2019-05-11,1611,2239,INGLE,6,5,7,3801,0,0,0,,0,3H11C,"CORTLAND AV","MISSION ST",63.00,E,N,A,-,N,,,,,,,,,,N,3,0,1,2,A,-,09,21804,,N,D,G,A,A,H,-,A,D,0,,Y,,,Y,,-,,0,1,0,0,0,0,1,0,0,"- ","- ",,,"SAN FRANCISCO","SAN FRANCISCO",-122.42264556884766,37.740936279296875
8878894,2019,2019-06-21,3801,2019-04-20,1900,582,CENTR,6,5,7,3801,0,0,0,,0,3A11D,"POWELL ST","POST ST",0.00,,Y,A,-,N,,,,,,,,,,N,3,0,1,2,A,-,17,22517,,F,B,G,A,A,H,-,A,D,0,,Y,,,Y,,-,,0,1,0,0,0,0,1,0,0,"- ","- ",,,"SAN FRANCISCO","SAN FRANCISCO",-122.40840148925781,37.788288116455078
8891293,2019,2019-10-29,3801,2019-09-27,1724,1194,SOUTH,5,5,7,3801,0,0,0,,0,3B14D,"MISSION ST","6TH ST",27.00,W,N,A,-,N,,,,,,,,,,N,3,0,1,2,A,-,07,21658,A,N,B,G,A,A,H,-,A,A,0,,Y,,,Y,,-,"- ",0,1,0,0,0,0,1,0,0,"- ","- ",,,"SAN FRANCISCO","SAN FRANCISCO",-122.40875244140625,37.780925750732422
8891319,2019,2019-10-24,3801,2019-09-06,0905,552,SOUTH,5,5,7,3801,0,0,0,,0,03B,"BERRY ST","4TH ST",65.00,E,N,A,-,N,,,,,,,,,,N,4,0,1,2,D,-,00,,,N,D,G,A,A,H,-,A,D,0,,Y,,,Y,,-,"- ",0,0,1,0,0,0,1,0,0,"- ","- ",,,"SAN FRANCISCO","SAN FRANCISCO",-122.39318084716797,37.775905609130859
8891924,2019,2019-11-05,3801,2019-09-23,1616,71,RICHM,1,5,7,3801,0,0,0,,0,,"POINT LOBOS AV","BALBOA ST",1063.00,N,N,A,-,N,,,,,,,,,,N,3,0,1,2,A,-,06,21755,,N,D,G,A,A,H,-,A,D,0,,Y,,,Y,,L,04,0,1,0,0,0,0,1,0,0,"- ","- ",,,"SAN FRANCISCO","SAN FRANCISCO",-122.51286315917969,37.777622222900391
8891933,2019,2019-10-25,3801,2019-09-20,0850,4313,RICHM,5,5,7,3801,0,0,0,,0,0G3,"BALBOA ST","12TH AV",0.00,,Y,A,-,N,,,,,,,,,,N,4,0,1,2,A,-,09,21802,A,N,D,G,A,A,H,-,A,A,0,,Y,,,Y,,A,01,0,0,1,0,0,0,1,0,0,"- ","- ",,,"SAN FRANCISCO","SAN FRANCISCO",-122.470458984375,37.776939392089844
8892021,2019,2019-11-01,3801,2019-09-07,1628,1696,NORTH,6,5,7,3801,0,0,0,,0,3E12D,"OCTAVIA ST","OAK ST",0.00,,Y,A,-,N,,,,,,,,,,N,4,0,1,2,A,-,12,21457,A,N,D,G,A,A,H,-,A,A,0,,Y,,,Y,,L,04,0,0,1,0,0,0,1,0,0,"- ","- ",,,"SAN FRANCISCO","SAN FRANCISCO",-122.42430114746094,37.774799346923828
8892049,2019,2019-11-01,3801,2019-09-07,0752,610,MISSI,6,5,7,3801,0,0,0,,0,3D11A,"17TH ST","DOLORES ST",0.00,,Y,B,-,N,,,,,,,,,,N,4,0,1,1,A,-,03,22350,A,N,H,J,A,B,G,-,A,D,0,,Y,,,Y,,L,04,0,0,1,0,0,0,1,0,0,"- ","- ",,,"SAN FRANCISCO","SAN FRANCISCO",-122.42630004882812,37.763008117675781
8892064,2019,2019-10-31,3801,2019-09-17,1820,318,MISSI,2,5,7,3801,0,0,0,,0,003,"CAPP ST","21ST ST",0.00,,Y,A,-,N,,,,,,,,,,Y,4,0,1,3,A,-,12,22450,,N,D,C,A,A,H,-,A,A,0,,Y,,,Y,,A,01,0,0,1,0,0,0,0,0,0,"- ","- ",,,"SAN FRANCISCO","SAN FRANCISCO",-122.41780853271484,37.757080078125
8896088,2019,2019-10-29,3801,2019-09-02,1445,34,TRAFF,1,5,7,3801,0,0,0,,0,4B4G,"THE EMBARCADERO","GRANT AV",70.00,S,N,A,-,N,,,,,,,,,,N,3,0,1,1,B,-,22,,,N,H,J,A,A,H,-,A,A,0,,Y,,,Y,,L,04,0,1,0,0,0,0,1,0,0,"- ","- ",,,"SAN FRANCISCO","SAN FRANCISCO",-122.40885925292969,37.808048248291016
8896109,2019,2019-10-30,3801,2019-09-10,0830,737,NORTH,2,5,7,3801,0,0,0,,0,3E13A,"GOLDEN GATE","VAN NESS",110.00,W,N,A,-,N,,,,,,,,,,N,4,0,1,2,A,-,17,22517,,N,B,G,A,A,H,-,A,D,0,,Y,,,Y,,-,,0,0,1,0,0,0,1,0,0,"- ","- ",,,"SAN FRANCISCO","SAN FRANCISCO",-122.42090606689453,37.780963897705078
8896117,2019,2019-11-15,3801,2019-09-08,1750,1023,CENTR,7,5,7,3801,0,0,0,,0,3A4D,"BEACH ST","HYDE ST",0.00,,Y,A,-,N,,,,,,,,,,N,3,0,1,2,A,-,10,21950,A,F,G,-,B,A,H,-,A,A,0,Y,Y,,,Y,,L,04,0,1,0,0,1,0,0,0,0,"- ","- ",,,"SAN FRANCISCO","SAN FRANCISCO",-122.42054748535156,37.806659698486328
8896121,2019,2019-10-30,3801,2019-09-08,1400,399,PARK,7,5,7,3801,0,0,0,,0,0F1,"7TH AV","KIRKHAM ST",0.00,,Y,A,-,N,,,,,,,,,,N,3,0,1,1,D,-,00,,,N,H,-,A,A,-,-,A,-,0,,Y,,,Y,,-,"- ",0,1,0,0,0,0,1,0,0,"- ","- ",,,"SAN FRANCISCO","SAN FRANCISCO",-122.46392059326172,37.760391235351562
8899313,2019,2019-07-26,3801,2019-06-20,1849,2008,MISSI,4,5,7,3801,0,0,0,,0,3D14D,"VALENCIA ST","15TH ST",206.00,S,N,A,-,N,,,,,,,,,,N,4,0,1,2,A,-,09,21801,A,N,B,G,A,A,H,-,A,D,0,,Y,,,Y,,A,01,0,0,1,0,0,0,1,0,0,"- ","- ",,,"SAN FRANCISCO","SAN FRANCISCO",-122.42197418212891,37.765964508056641
8900609,2019,2019-07-25,3801,2019-06-06,2257,2488,MISSI,4,5,7,3801,0,0,0,,0,3D13E,"DOLORES ST","18TH ST",0.00,,Y,A,-,N,,,,,,,,,,N,4,0,1,2,A,-,05,21650,1,N,D,G,A,A,H,-,C,A,0,,Y,,,Y,,L,04,0,0,1,0,0,0,1,0,0,"- ","- ",,,"SAN FRANCISCO","SAN FRANCISCO",-122.42616271972656,37.761440277099609