CASE_ID,ACCIDENT_YEAR,PROC_DATE,JURIS,COLLISION_DATE,COLLISION_TIME,OFFICER_ID,REPORTING_DISTRICT,DAY_OF_WEEK,CHP_SHIFT,POPULATION,CNTY_CITY_LOC,SPECIAL_COND,BEAT_TYPE,CHP_BEAT_TYPE,CITY_DIVISION_LAPD,CHP_BEAT_CLASS,BEAT_NUMBER,PRIMARY_RD,SECONDARY_RD,DISTANCE,DIRECTION,INTERSECTION,WEATHER_1,WEATHER_2,STATE_HWY_IND,CALTRANS_COUNTY,CALTRANS_DISTRICT,STATE_ROUTE,ROUTE_SUFFIX,POSTMILE_PREFIX,POSTMILE,LOCATION_TYPE,RAMP_INTERSECTION,SIDE_OF_HWY,TOW_AWAY,COLLISION_SEVERITY,NUMBER_KILLED,NUMBER_INJURED,PARTY_COUNT,PRIMARY_COLL_FACTOR,PCF_CODE_OF_VIOL,PCF_VIOL_CATEGORY,PCF_VIOLATION,PCF_VIOL_SUBSECTION,HIT_AND_RUN,TYPE_OF_COLLISION,MVIW,PED_ACTION,ROAD_SURFACE,ROAD_COND_1,ROAD_COND_2,LIGHTING,CONTROL_DEVICE,CHP_ROAD_TYPE,PEDESTRIAN_ACCIDENT,BICYCLE_ACCIDENT,MOTORCYCLE_ACCIDENT,TRUCK_ACCIDENT,NOT_PRIVATE_PROPERTY,ALCOHOL_INVOLVED,STWD_VEHTYPE_AT_FAULT,CHP_VEHTYPE_AT_FAULT,COUNT_SEVERE_INJ,COUNT_VISIBLE_INJ,COUNT_COMPLAINT_PAIN,COUNT_PED_KILLED,COUNT_PED_INJURED,COUNT_BICYCLIST_KILLED,COUNT_BICYCLIST_INJURED,COUNT_MC_KILLED,COUNT_MC_INJURED,PRIMARY_RAMP,SECONDARY_RAMP,LATITUDE,LONGITUDE,COUNTY,CITY,POINT_X,POINT_Y
8900637,2019,2019-07-25,3801,2019-06-16,1400,4020,MISIS,7,5,7,3801,0,0,0,,0,3D16C,"14TH ST","GUERRERO ST",75.00,E,N,A,-,N,,,,,,,,,,N,3,0,1,3,A,-,02,21211,B,N,E,G,A,A,H,-,A,D,0,,Y,,,Y,,A,01,0,1,0,0,0,0,1,0,0,"- ","- ",,,"SAN FRANCISCO","SAN FRANCISCO",-122.42414855957031,37.768035888671875
8900758,2019,2019-07-26,3801,2019-06-27,1024,1102,MISSI,4,5,7,3801,0,0,0,,0,0D1,"MARKET ST","EUREKA ST",0.00,,Y,A,-,N,,,,,,,,,,N,4,0,1,2,A,-,12,21453,A,N,D,G,A,A,H,-,A,A,0,,Y,,,Y,,A,08,0,0,1,0,0,0,1,0,0,"- ","- ",,,"SAN FRANCISCO","SAN FRANCISCO",-122.43834686279297,37.76171875
8900790,2019,2019-07-26,3801,2019-06-11,1948,970,SOUTH,2,5,7,3801,0,0,0,,0,0B4,"S VAN NESS AV","OTIS ST",3.00,N,N,A,-,N,,,,,,,,,,N,3,0,1,2,A,-,05,21651,B,N,D,G,A,A,H,-,A,A,0,,Y,,,Y,,L,04,0,1,0,0,0,0,1,0,0,"- ","- ",,,"SAN FRANCISCO","SAN FRANCISCO",-122.41863250732422,37.773117065429688
8909658,2019,2019-10-31,3801,2019-09-09,1115,1950,RICHM,1,5,7,3801,0,0,0,,0,3G1A,"MARTIN LUTHER KING DR","CROSSOVER DR",0.00,,Y,A,-,N,,,,,,,,,,N,3,0,1,2,A,-,03,22350,,N,B,G,A,A,H,-,A,D,0,,Y,,,Y,,A,01,0,1,0,0,0,0,1,0,0,"- ","- ",,,"SAN FRANCISCO","SAN FRANCISCO",-122.47737884521484,37.766040802001953
8913672,2018,2019-08-30,3801,2018-09-17,0749,4286,RICHA,1,5,7,3801,0,0,0,,0,0G3,"GEARY BL","4TH AV",0.00,,Y,A,-,N,,,,,,,,,,N,3,0,1,2,A,-,12,21453,A,N,D,G,A,A,H,-,A,A,0,,Y,,,Y,,L,04,0,1,0,0,0,0,1,0,0,"- ","- ",,,"SAN FRANCISCO","SAN FRANCISCO",-122.46215057373047,37.78118896484375
8916828,2019,2019-09-19,3801,2019-07-11,1825,221,PARK,4,5,7,3801,0,0,0,,0,3F14D,"ASHBURY ST","FREDERICK ST",192.00,N,N,A,-,N,,,,,,,,,,,2,0,1,1,D,-,00,,,N,H,A,A,A,H,-,A,D,0,,Y,,,Y,,-,"- ",1,0,0,0,0,0,1,0,0,"- ","- ",,,"SAN FRANCISCO","SAN FRANCISCO",-122.44647216796875,37.767742156982422
8919607,2019,2019-08-27,3801,2019-07-26,2036,529,CENTR,5,5,7,3801,0,0,0,,0,3A15D,"LEAVENWORTH ST","NORTH POINT ST",150.00,S,N,A,-,N,,,,,,,,,,N,3,0,1,1,A,-,03,22350,,N,H,J,A,A,H,-,C,A,0,,Y,,,Y,Y,L,04,0,1,0,0,0,0,1,0,0,"- ","- ",,,"SAN FRANCISCO","SAN FRANCISCO",-122.41865539550781,37.805522918701172
8919624,2019,2019-08-22,3801,2019-07-18,2307,1823,SOUTH,4,5,7,3801,0,0,0,,0,3B12E,"NATOMA ST","5TH ST",0.00,,Y,A,-,N,,,,,,,,,,N,2,0,1,2,A,-,10,21950,A,F,D,G,A,A,H,-,C,D,0,,Y,,,Y,,A,01,1,0,0,0,0,0,1,0,0,"- ","- ",,,"SAN FRANCISCO","SAN FRANCISCO",-122.40545654296875,37.781948089599609
8919663,2019,2019-08-27,3801,2019-07-02,1743,556,SOUTE,2,5,7,3801,0,0,0,,0,004,"MARKET ST","VALENCIA ST",0.00,,Y,A,-,N,,,,,,,,,,N,4,0,1,2,A,-,08,22107,,N,C,G,A,A,H,-,A,A,0,,Y,,,Y,,A,07,0,0,1,0,0,0,1,0,0,"- ","- ",,,"SAN FRANCISCO","SAN FRANCISCO",-122.42262268066406,37.772548675537109
8919676,2019,2019-08-23,3801,2019-07-20,1239,1827,07202,6,5,7,3801,0,0,0,,0,1239,"POST ST","TAYLOR ST",0.00,,-,A,-,N,,,,,,,,,,N,4,0,1,2,A,-,07,21658,A,N,B,G,A,A,H,-,A,D,0,,Y,,,Y,,A,01,0,0,1,0,0,0,1,0,0,"- ","- ",,,"SAN FRANCISCO","SAN FRANCISCO",-122.41169738769531,37.787860870361328
8919682,2019,2019-08-22,3801,2019-07-22,1512,4335,NORTH,1,5,7,3801,0,0,0,,0,901,"MCALLISTER ST","FILLMORE ST",0.00,,Y,A,-,N,,,,,,,,,,N,4,0,1,2,A,-,08,22107,,N,B,G,A,A,H,-,A,A,0,,Y,Y,,Y,,L,04,0,0,1,0,0,0,1,0,0,"- ","- ",,,"SAN FRANCISCO","SAN FRANCISCO",-122.43174743652344,37.778640747070312
8919684,2019,2019-08-28,3801,2019-07-21,2045,801,SOUTH,7,5,7,3801,0,0,0,,0,0B3,"6TH ST","TEHAMA ST",0.00,,Y,A,-,N,,,,,,,,,,N,4,0,1,2,A,-,07,21658,A,N,B,G,A,A,H,-,C,D,0,,Y,,,Y,Y,L,04,0,0,1,0,0,0,1,0,0,"- ","- ",,,"SAN FRANCISCO","SAN FRANCISCO",-122.40659332275391,37.779308319091797
8919690,2019,2019-08-22,3801,2019-07-22,1210,717,CENTR,1,5,7,3801,0,0,0,,0,4-CAR,"THE EMBARCADERO",BROADWAY,0.00,,Y,A,-,N,,,,,,,,,,N,3,0,1,2,A,-,"- ",,,N,A,A,F,A,H,-,A,D,0,Y,Y,,,Y,,L,04,0,1,0,0,1,0,0,0,0,"- ","- ",,,"SAN FRANCISCO","SAN FRANCISCO",-122.39775848388672,37.799179077148438
8919731,2019,2019-08-22,3801,2019-07-12,0945,1631,SOUTH,5,5,7,3801,0,0,0,,0,0945,"6TH ST","NATOMA ST",9.00,E,N,A,-,N,,,,,,,,,,N,4,0,1,2,A,-,09,21804,A,N,D,G,A,A,H,-,A,D,0,,Y,,,Y,,-,,0,0,1,0,0,0,1,0,0,"- ","- ",,,"SAN FRANCISCO","SAN FRANCISCO",-122.40764617919922,37.780162811279297
8919742,2019,2019-08-22,3801,2019-07-20,1832,455,SOUTH,6,5,7,3801,0,0,0,,0,0B4,"VALENCIA ST","MCCOPPIN ST",0.00,,Y,A,-,N,,,,,,,,,,Y,4,0,1,2,A,-,03,22350,,F,D,G,A,A,H,-,A,A,0,,Y,,,Y,,L,04,0,0,1,0,0,0,1,0,0,"- ","- ",,,"SAN FRANCISCO","SAN FRANCISCO",-122.42253112792969,37.771591186523438
8936904,2019,2019-09-19,3801,2019-08-03,0644,4095,MISSI,6,5,7,3801,0,0,0,,0,0D5,"13TH ST","MISSION ST",0.00,,Y,A,-,N,,,,,,,,,,N,3,0,1,2,A,-,12,21453,A,N,D,G,A,A,H,-,A,A,0,,Y,,,Y,,L,04,0,1,0,0,0,0,1,0,0,"- ","- ",,,"SAN FRANCISCO","SAN FRANCISCO",-122.42018127441406,37.769989013671875
8936956,2019,2019-09-30,3801,2019-08-21,0852,2749,RICHM,3,5,7,3801,0,0,0,,0,3G3A,"GEARY BL","ARGUELLO BL",0.00,,-,A,-,N,,,,,,,,,,N,2,0,1,2,A,-,09,21804,A,N,D,G,A,A,H,-,A,A,0,,Y,,,Y,,-,,1,0,0,0,0,0,1,0,0,"- ","- ",,,"SAN FRANCISCO","SAN FRANCISCO",-122.45887756347656,37.781330108642578
8936991,2019,2019-10-08,3801,2019-08-12,1755,455,SOUTH,1,5,7,3801,0,0,0,,0,03B,"8TH ST","DIVISION ST",0.00,,Y,A,-,N,,,,,,,,,,N,4,0,1,2,A,-,08,22107,,N,C,G,A,A,H,-,A,A,0,,Y,,,Y,,A,01,0,0,1,0,0,0,1,0,0,"- ","- ",,,"SAN FRANCISCO","SAN FRANCISCO",-122.403907,37.770038
8937007,2019,2019-10-08,3801,2019-08-19,1410,1396,SOUTH,1,5,7,3801,0,0,0,,0,3B45,"BRANNAN ST","BRANNAN ST 885",0.00,,N,A,-,N,,,,,,,,,,N,3,0,1,2,A,-,06,21760,C,N,B,G,A,A,H,-,A,D,0,,Y,,,Y,,A,01,0,1,0,0,0,0,1,0,0,"- ","- ",,,"SAN FRANCISCO","SAN FRANCISCO",-122.404454,37.772041999999999
8937034,2019,2019-10-15,3801,2019-08-15,2330,1860,TENDE,4,5,7,3801,0,0,0,,0,3J12E,"MARKET ST","4TH ST",250.00,E,N,A,-,N,,,,,,,,,,N,4,0,1,2,A,-,11,21954,A,M,G,B,D,A,H,-,C,A,0,Y,Y,,,Y,Y,N,60,0,0,1,0,0,0,1,0,0,"- ","- ",,,"SAN FRANCISCO","SAN FRANCISCO",-122.40528869628906,37.786190032958984
8937043,2019,2019-10-08,3801,2019-08-26,0845,1707,NORTH,1,5,7,3801,0,0,0,,0,3E13A,"POLK ST","REDWOOD ST",0.00,,Y,A,-,N,,,,,,,,,,N,3,0,1,2,A,-,07,21658,A,N,D,G,A,A,H,-,A,D,0,,Y,,,Y,,L,04,0,1,0,0,0,0,1,0,0,"- ","- ",,,"SAN FRANCISCO","SAN FRANCISCO",-122.41869354248047,37.780750274658203
8937059,2019,2019-09-25,3801,2019-08-26,1121,4239,PARK,1,5,7,3801,0,0,0,,0,3F13A,"OAK ST","ASHBURY ST",0.00,,Y,A,-,N,,,,,,,,,,N,4,0,1,2,A,-,12,21453,A,N,D,J,A,A,H,-,A,A,0,,Y,,,Y,,A,01,0,0,1,0,0,0,1,0,0,"- ","- ",,,"SAN FRANCISCO","SAN FRANCISCO",-122.44731903076172,37.771881103515625
8937073,2019,2019-09-19,3801,2019-08-05,0853,1190,SOUTH,1,5,7,3801,0,0,0,,0,4B14A,"TOWNSEND ST","CLARENCE PL",15.00,N,N,A,-,N,,,,,,,,,,N,3,0,2,2,A,-,04,21703,,N,C,G,A,A,H,-,A,D,0,,Y,,,Y,,L,04,0,1,1,0,0,0,2,0,0,"- ","- ",,,"SAN FRANCISCO","SAN FRANCISCO",-122.39218139648438,37.779319763183594
8940042,2019,2019-10-24,3801,2019-09-13,0753,891,PARK,5,5,7,3801,0,0,0,,0,3F14A,"14TH ST","CHURCH ST",0.00,,Y,A,-,N,,,,,,,,,,N,4,0,1,2,D,-,00,,,N,H,G,A,A,H,-,A,A,0,,Y,,,Y,,-,"- ",0,0,1,0,0,0,1,0,0,"- ","- ",,,"SAN FRANCISCO","SAN FRANCISCO",-122.42894744873047,37.767711639404297
8940050,2019,2019-10-24,3801,2019-09-12,2047,1709,TENDE,4,5,7,3801,0,0,0,,0,001,"MARKET ST","JONES ST",70.00,E,N,A,-,N,,,,,,,,,,N,3,0,1,2,A,-,08,22107,,N,D,G,A,A,H,-,C,D,0,,Y,,,Y,,D,22,0,1,0,0,0,0,1,0,0,"- ","- ",,,"SAN FRANCISCO","SAN FRANCISCO",-122.41181182861328,37.781047821044922
8969375,2019,2019-11-14,3801,2019-09-04,1020,1276,MISSI,3,5,7,3801,0,0,0,,0,3D11A,"DOLORES ST","16TH ST",0.00,,Y,A,-,N,,,,,,,,,,N,4,0,1,2,A,-,06,21755,A,N,D,G,A,A,H,-,A,A,0,,Y,,,Y,,L,04,0,0,1,0,0,0,1,0,0,"- ","- ",,,"SAN FRANCISCO","SAN FRANCISCO",-122.42643737792969,37.764640808105469
8969978,2019,2019-12-12,3801,2019-10-10,1310,1804,MISSI,4,5,7,3801,0,0,0,,0,3D16A,"16TH ST","SOUTH VAN NESS AV",96.00,E,N,A,-,N,,,,,,,,,,N,3,0,1,2,A,-,09,21804,A,N,D,G,A,A,H,-,A,D,0,,Y,,,Y,,A,07,0,1,0,0,0,0,1,0,0,"- ","- ",,,"SAN FRANCISCO","SAN FRANCISCO",-122.41716003417969,37.765201568603516
8969992,2019,2019-11-21,3801,2019-10-14,0916,1129,TARAV,1,5,7,3801,0,0,0,,0,005,"FONT BL","SERRANO DR",83.00,W,N,A,-,N,,,,,,,,,,N,3,0,1,2,A,-,08,22107,,N,B,G,A,A,H,-,A,D,0,,Y,,,Y,,A,01,0,1,0,0,0,0,1,0,0,"- ","- ",,,"SAN FRANCISCO","SAN FRANCISCO",-122.48003387451172,37.719867706298828
8981444,2019,2020-01-10,3801,2019-11-12,1605,1501,INGLE,2,5,7,3801,0,0,0,,0,,"GENEVA AV","GLORIA CT",0.00,,Y,A,-,N,,,,,,,,,,N,4,0,1,2,A,-,06,21755,A,N,B,G,A,A,H,-,A,D,0,,Y,,,Y,,L,04,0,0,1,0,0,0,1,0,0,"- ","- ",,,"SAN FRANCISCO","SAN FRANCISCO",-122.44158172607422,37.717239379882812
8981447,2019,2020-01-14,3801,2019-11-07,1226,2108,TENDE,4,5,7,3801,0,0,0,,0,3J52C,"MARKET ST","7TH ST",380.00,E,N,A,-,N,,,,,,,,,,N,2,0,1,1,A,-,03,22350,,N,E,J,A,A,H,-,A,A,0,,Y,,,Y,,L,04,1,0,0,0,0,0,1,0,0,"- ","- ",,,"SAN FRANCISCO","SAN FRANCISCO",-122.41158294677734,37.781223297119141
8981483,2019,2020-01-14,3801,2019-11-30,0910,563,TARAV,6,5,7,3801,0,0,0,,0,002,"WAWONA ST","20TH AV",0.00,,Y,B,-,N,,,,,,,,,,N,4,0,1,2,A,-,12,22450,A,N,D,G,A,B,H,-,A,A,0,,Y,,,Y,,L,04,0,0,1,0,0,0,1,0,0,"- ","- ",,,"SAN FRANCISCO","SAN FRANCISCO",-122.47635650634766,37.737400054931641
8981564,2019,2020-01-11,3801,2019-11-27,1530,798,TARAV,3,5,7,3801,0,0,0,,0,3J116D,"MONTANA ST","PLYMOUTH AV",0.00,,Y,B,-,N,,,,,,,,,,N,4,0,1,2,A,-,09,21802,A,N,D,G,A,B,H,-,A,D,0,,Y,,,Y,,A,01,0,0,1,0,0,0,1,0,0,"- ","- ",,,"SAN FRANCISCO","SAN FRANCISCO",-122.45610809326172,37.716609954833984
8981568,2019,2020-01-11,3801,2019-11-27,1501,1371,MISIS,3,5,7,3801,0,0,0,,0,006,"FOLSOM ST","14TH ST",97.00,S,N,B,C,N,,,,,,,,,,N,3,0,1,2,A,-,08,22107,,N,C,G,A,B,H,-,A,A,0,,Y,,,Y,,A,01,0,1,0,0,0,0,1,0,0,"- ","- ",,,"SAN FRANCISCO","SAN FRANCISCO",-122.41558837890625,37.768272399902344
8981701,2019,2019-11-20,3801,2019-10-12,1916,1062,TARAV,6,5,7,3801,0,0,0,,0,3I13D,"TARAVAL ST","44TH AV",34.00,E,N,A,-,N,,,,,,,,,,N,4,0,1,2,A,-,08,22107,,N,C,G,A,A,H,-,C,A,0,,Y,,,Y,,L,04,0,0,1,0,0,0,1,0,0,"- ","- ",,,"SAN FRANCISCO","SAN FRANCISCO",-122.50234985351562,37.741874694824219
8981770,2019,2020-01-03,3801,2019-10-13,1350,319,CENTR,7,5,7,3801,0,0,0,,0,3A11A,"PIER 1 1/2","THE EMBARCADERO",65.00,N,N,A,-,N,,,,,,,,,,N,3,0,1,3,A,-,17,22517,,N,H,G,A,A,H,-,A,D,0,,Y,,,Y,,A,01,0,1,0,0,0,0,1,0,0,"- ","- ",,,"SAN FRANCISCO","SAN FRANCISCO",-122.39541625976562,37.797210693359375
8981835,2019,2019-11-21,3801,2019-10-10,1313,2059,CENTR,4,5,7,3801,0,0,0,,0,3A12A,"POWELL ST","OFARRELL ST",0.00,,Y,A,-,N,,,,,,,,,,N,4,0,1,2,A,-,12,21453,A,F,H,B,B,A,H,-,A,A,0,Y,Y,,,Y,,L,04,0,0,1,0,1,0,0,0,0,"- ","- ",,,"SAN FRANCISCO","SAN FRANCISCO",-122.40802764892578,37.786441802978516
8981843,2019,2019-12-06,3801,2019-10-29,1900,1239,MISSI,2,5,7,3801,0,0,0,,0,,"VALENCIA ST","26TH ST",68.00,N,N,A,-,N,,,,,,,,,,N,4,0,1,2,A,-,00,22460,A,N,H,G,A,A,H,-,C,A,0,,Y,,,Y,,A,01,0,0,1,0,0,0,1,0,0,"- ","- ",,,"SAN FRANCISCO","SAN FRANCISCO",-122.42037200927734,37.749095916748047
8981905,2019,2019-11-22,3801,2019-10-30,0922,405,INGLE,3,5,7,3801,0,0,0,,0,3H60,"SAN JOSE AV","30TH ST",215.00,N,N,A,-,N,,,,,,,,,,N,4,0,1,2,A,-,08,22107,,N,D,G,A,A,H,-,A,A,0,,Y,,,Y,,A,01,0,0,1,0,0,0,1,0,0,"- ","- ",,,"SAN FRANCISCO","SAN FRANCISCO",-122.42314910888672,37.742851257324219
8981917,2019,2020-01-03,3801,2019-10-31,0903,4333,NORTH,4,5,7,3801,0,0,0,,0,3E11A,"PAGE ST","OCTAVIA ST",0.00,,Y,A,-,N,,,,,,,,,,N,2,0,1,2,A,-,08,22107,,N,D,G,A,A,H,-,A,A,0,,Y,,,Y,,A,01,1,0,0,0,0,0,1,0,0,"- ","- ",,,"SAN FRANCISCO","SAN FRANCISCO",-122.42411041259766,37.773880004882812
8981926,2019,2019-11-26,3801,2019-10-25,1758,2443,BAYVI,5,5,7,3801,0,0,0,,0,3C13D,"3RD ST","KIRKWOOD AV",0.00,,Y,A,-,N,,,,,,,,,,N,3,0,2,2,A,-,11,21456,C,N,G,B,B,A,H,-,A,A,0,Y,Y,,,Y,,N,60,0,1,1,0,1,0,1,0,0,"- ","- ",,,"SAN FRANCISCO","SAN FRANCISCO",-122.38967895507812,37.737998962402344
8981955,2019,2019-11-21,3801,2019-10-01,1759,4047,MISSI,2,5,7,3801,0,0,0,,0,3D41D,"VALENCIA ST","SYCAMORE ST",12.00,S,N,A,-,N,,,,,,,,,,N,4,0,1,2,A,-,17,22517,,N,H,G,A,A,H,-,A,D,0,,Y,,,Y,,A,01,0,0,1,0,0,0,1,0,0,"- ","- ",,,"SAN FRANCISCO","SAN FRANCISCO",-122.42164611816406,37.762516021728516
8981967,2019,2019-11-21,3801,2019-10-01,1229,1362,RICHM,2,5,7,3801,0,0,0,,0,3G1,"JOHN F KENNEDY DR","JOHN F KENNEDY DR  1349",0.00,,Y,A,-,N,,,,,,,,,,N,4,0,1,2,D,-,00,,,N,C,G,A,A,H,-,A,D,0,,Y,,,Y,,-,"- ",0,0,1,0,0,0,1,0,0,"- ","- ",,,"SAN FRANCISCO","SAN FRANCISCO",,
8981999,2019,2019-11-21,3801,2019-10-29,0846,4139,TENDE,2,5,7,3801,0,0,0,,0,001,"MARKET ST","MARKET ST  1098A",0.00,,Y,A,-,N,,,,,,,,,,N,3,0,1,1,B,-,22,,,N,H,A,A,A,H,-,A,A,0,,Y,,,Y,,L,04,0,1,0,0,0,0,1,0,0,"- ","- ",,,"SAN FRANCISCO","SAN FRANCISCO",-122.41159399999999,37.781207000000002
8987492,2019,2019-11-26,3801,2019-09-26,0930,2476,BAYVI,4,5,7,3801,0,0,0,,0,3C00,"KANSAS ST","23RD ST",0.00,,Y,A,-,N,,,,,,,,,,N,3,0,1,2,D,-,00,,,N,B,G,A,A,H,-,A,A,0,,Y,,,Y,,-,"- ",0,1,0,0,0,0,1,0,0,"- ","- ",,,"SAN FRANCISCO","SAN FRANCISCO",-122.40254211425781,37.754520416259766
8995205,2019,2020-01-23,3801,2019-11-05,1359,1217,PARK,2,5,7,3801,0,0,0,,0,PARK1C,"JOHN F KENNEDY DR","CONSERVATORY DR EAST",0.00,,Y,A,-,N,,,,,,,,,,N,3,0,1,2,A,-,09,21804,A,N,D,G,A,A,H,-,A,D,0,,Y,,,Y,,L,04,0,1,0,0,0,0,1,0,0,"- ","- ",,,"SAN FRANCISCO","SAN FRANCISCO",-122.45687103271484,37.770988464355469
90011610,2015,2015-10-19,9350,2015-08-25,1555,013450,,2,2,7,3801,0,1,3,,2,011,"SR 1 (N/B) VETERANS BLVD","LAKE ST.",528.00,N,N,A,-,Y,,,,,,,,,,N,3,0,1,1,A,-,03,22350,,N,F,A,A,A,H,-,A,A,0,,Y,,,Y,,L,04,0,1,0,0,0,0,1,0,0,"- ","- ",,,"SAN FRANCISCO","SAN FRANCISCO",,
90037911,2015,2015-10-26,9335,2015-09-20,2249,020889,,7,3,7,3801,0,1,2,,2,013,"US-101S/B TO THIRD ST.","HARKNESS AVE PED. OVERCROSSING",155.00,N,N,A,-,Y,,,101,,,,R,,,Y,2,0,1,2,A,-,08,22107,,N,H,G,A,A,H,-,C,D,0,,Y,,,Y,,L,04,1,0,0,0,0,0,1,0,0,"- ","- ",37.718409999999999,-122.39993,"SAN FRANCISCO","SAN FRANCISCO",-122.39993,37.718409999999999
90041401,2015,2015-10-30,9350,2015-10-23,1347,020955,,5,1,7,3801,0,1,2,,1,120,"US 101 N/B EAST SIDEWALK","GOLDEN GATE BRIDGE NORTH TOWER",1056.00,S,N,B,-,N,,,,,,,,,,N,3,0,1,1,B,-,22,,,N,E,J,A,A,H,-,A,D,0,,Y,,,Y,,L,04,0,1,0,0,0,0,1,0,0,"- ","- ",37.822969999999998,-122.47887,"SAN FRANCISCO","SAN FRANCISCO",,
90060947,2015,2015-11-30,9350,2015-11-21,1400,019927,,6,2,7,3801,0,1,2,,1,120,"GOLDEN GATE BRIDGE WEST SIDEWALKLTPL 93","ALEXANDER AVE",6336.00,S,N,A,-,Y,,,,,,,,,,N,3,0,1,1,A,-,08,22107,,N,E,I,A,A,H,-,A,D,0,,Y,,,Y,,L,04,0,1,0,0,0,0,1,0,0,"- ","- ",37.816400000000002,-122.47771,"SAN FRANCISCO","SAN FRANCISCO",,
9035543,2019,2020-02-05,3801,2019-12-17,1722,1878,SOUTH,2,5,7,3801,0,0,0,,0,0B2,"BRANNAN ST","4TH ST",225.00,,N,A,-,N,,,,,,,,,,N,4,0,1,2,A,-,08,22107,,N,D,G,A,A,H,-,D,D,0,,Y,,,Y,,A,01,0,0,1,0,0,0,1,0,0,"- ","- ",,,"SAN FRANCISCO","SAN FRANCISCO",-122.39653778076172,37.778331756591797
9035657,2019,2020-01-29,3801,2019-12-02,0901,1276,MISSI,1,5,7,3801,0,0,0,,0,3D5A,"14TH ST","SHOTWELL ST",0.00,,Y,-,-,N,,,,,,,,,,N,3,0,1,2,A,-,08,22107,,F,B,G,A,B,H,-,A,A,0,,Y,,,Y,,A,01,0,1,0,0,0,0,1,0,0,"- ","- ",,,"SAN FRANCISCO","SAN FRANCISCO",-122.41670989990234,37.768478393554688
9035684,2019,2020-01-30,3801,2019-12-09,2111,2479,CENTR,1,5,7,3801,0,0,0,,0,3A11E,"BAY ST","COLUMBUS AV",0.00,,Y,B,-,N,,,,,,,,,,N,3,0,1,2,A,-,03,22350,,N,C,G,A,-,H,-,C,A,0,,Y,,,Y,,L,04,0,1,0,0,0,0,1,0,0,"- ","- ",,,"SAN FRANCISCO","SAN FRANCISCO",-122.41719818115234,37.805191040039062
9035731,2019,2020-01-29,3801,2019-12-07,1803,2188,INGLE,6,5,7,3801,0,0,0,,0,1600,"MONTEREY BL","EDNA ST",0.00,,Y,C,-,N,,,,,,,,,,N,4,0,1,2,A,-,12,22450,A,N,D,G,A,B,H,-,C,D,0,,Y,,,Y,,L,04,0,0,1,0,0,0,1,0,0,"- ","- ",,,"SAN FRANCISCO","SAN FRANCISCO",-122.44727325439453,37.731559753417969
9035749,2019,2020-03-12,3801,2019-12-14,1528,2467,CENTR,6,5,7,3801,0,0,0,,0,3A12D,"MASON ST","POST ST",0.00,,N,A,-,N,,,,,,,,,,N,4,0,1,2,A,-,09,21801,A,N,B,G,A,A,H,-,A,A,0,,Y,,,Y,,A,01,0,0,1,0,0,0,1,0,0,"- ","- ",,,"SAN FRANCISCO","SAN FRANCISCO",-122.41002655029297,37.788051605224609
90414963,2017,2017-03-20,9350,2017-03-12,1256,021520,,7,1,7,3801,0,1,2,,1,120,"US-101 S/B (GGB WEST SIDEWALK)","GOLDEN GATE BRIDGE SOUTH TOWER",295.00,S,N,A,-,N,,,101,,,,,,S,N,2,0,1,1,B,-,22,,,N,H,I,A,A,H,-,A,D,0,,Y,,,Y,,L,04,1,0,0,0,0,0,1,0,0,"- ","- ",37.81315,-122.47794,"SAN FRANCISCO","SAN FRANCISCO",-122.47795444,37.813148310000003
90429411,2017,2017-04-06,9350,2017-03-31,1510,021586,,5,2,7,3801,0,1,2,,1,120,"US-101 SOUTHBOUND (GGB WEST WALKWAY)","NORTH TOWER OF GOLDEN GATE BRIDGE",2250.00,S,N,A,-,Y,,,101,,,,,,S,N,3,0,1,1,B,-,22,,,N,B,I,A,A,H,-,A,D,0,,Y,,,Y,,L,04,0,1,0,0,0,0,1,0,0,"- ","- ",37.816740000000003,-122.47828,"SAN FRANCISCO","SAN FRANCISCO",-122.47841959,37.816722769999998
9047549,2020,2020-03-06,3801,2020-01-31,1305,2743,SOUTH,5,5,7,3801,0,0,0,,0,3B4,"MISSION ST","10TH ST",0.00,,Y,A,-,N,,,,,,,,,,N,2,0,1,2,A,-,12,21453,A,F,D,G,A,A,H,-,A,A,0,,Y,,,Y,,-,,1,0,0,0,0,0,1,0,0,"- ","- ",,,"SAN FRANCISCO","SAN FRANCISCO",-122.41590881347656,37.775279998779297
9047556,2020,2020-03-12,3801,2020-01-18,1922,7,NORTH,6,5,7,3801,0,0,0,,0,3E14D,"FILLMORE ST","OFARRELL ST",0.00,,Y,A,-,N,,,,,,,,,,N,4,0,1,2,-,-,"- ",,,N,H,G,A,A,H,-,C,A,0,,Y,,,Y,,-,"- ",0,0,1,0,0,0,1,0,0,"- ","- ",,,"SAN FRANCISCO","SAN FRANCISCO",-122.43270874023438,37.783279418945312