CASE_ID,ACCIDENT_YEAR,PROC_DATE,JURIS,COLLISION_DATE,COLLISION_TIME,OFFICER_ID,REPORTING_DISTRICT,DAY_OF_WEEK,CHP_SHIFT,POPULATION,CNTY_CITY_LOC,SPECIAL_COND,BEAT_TYPE,CHP_BEAT_TYPE,CITY_DIVISION_LAPD,CHP_BEAT_CLASS,BEAT_NUMBER,PRIMARY_RD,SECONDARY_RD,DISTANCE,DIRECTION,INTERSECTION,WEATHER_1,WEATHER_2,STATE_HWY_IND,CALTRANS_COUNTY,CALTRANS_DISTRICT,STATE_ROUTE,ROUTE_SUFFIX,POSTMILE_PREFIX,POSTMILE,LOCATION_TYPE,RAMP_INTERSECTION,SIDE_OF_HWY,TOW_AWAY,COLLISION_SEVERITY,NUMBER_KILLED,NUMBER_INJURED,PARTY_COUNT,PRIMARY_COLL_FACTOR,PCF_CODE_OF_VIOL,PCF_VIOL_CATEGORY,PCF_VIOLATION,PCF_VIOL_SUBSECTION,HIT_AND_RUN,TYPE_OF_COLLISION,MVIW,PED_ACTION,ROAD_SURFACE,ROAD_COND_1,ROAD_COND_2,LIGHTING,CONTROL_DEVICE,CHP_ROAD_TYPE,PEDESTRIAN_ACCIDENT,BICYCLE_ACCIDENT,MOTORCYCLE_ACCIDENT,TRUCK_ACCIDENT,NOT_PRIVATE_PROPERTY,ALCOHOL_INVOLVED,STWD_VEHTYPE_AT_FAULT,CHP_VEHTYPE_AT_FAULT,COUNT_SEVERE_INJ,COUNT_VISIBLE_INJ,COUNT_COMPLAINT_PAIN,COUNT_PED_KILLED,COUNT_PED_INJURED,COUNT_BICYCLIST_KILLED,COUNT_BICYCLIST_INJURED,COUNT_MC_KILLED,COUNT_MC_INJURED,PRIMARY_RAMP,SECONDARY_RAMP,LATITUDE,LONGITUDE,COUNTY,CITY,POINT_X,POINT_Y
9047603,2020,2020-03-06,3801,2020-01-23,0825,2210,SOUTH,4,5,7,3801,0,0,0,,0,0B3,"BRANNAN ST","8TH ST",0.00,,Y,A,-,N,,,,,,,,,,N,4,0,1,2,A,-,12,21453,A,N,D,G,A,A,H,-,A,A,0,,Y,Y,,Y,,L,04,0,0,1,0,0,0,1,0,0,"- ","- ",,,"SAN FRANCISCO","SAN FRANCISCO",-122.40543365478516,37.771289825439453
9047619,2020,2020-03-06,3801,2020-01-22,1800,1238,INGLE,3,5,7,3801,0,0,0,,0,3H16D,"GENEBERN WY",COLLEGE,42.00,W,N,A,-,N,,,,,,,,,,N,3,0,1,3,A,-,05,21650,,N,B,E,A,A,H,-,D,D,0,,Y,,,Y,,L,04,0,1,0,0,0,0,1,0,0,"- ","- ",,,"SAN FRANCISCO","SAN FRANCISCO",-122.42404937744141,37.734519958496094
9047638,2020,2020-03-06,3801,2020-01-10,0450,377,SOUTH,5,5,7,3801,0,0,0,,0,3B12E,"HARRISON ST","5TH ST",0.00,,Y,A,-,N,,,,,,,,,,N,4,0,1,2,A,-,09,21453,C,N,B,G,A,A,H,-,C,A,0,,Y,,,Y,,A,08,0,0,1,0,0,0,1,0,0,"- ","- ",,,"SAN FRANCISCO","SAN FRANCISCO",-122.40187072753906,37.779060363769531
90522122,2017,2017-08-14,9350,2017-08-03,1130,019150,,4,1,7,3801,0,1,2,,1,120,"GGB EAST SIDEWALK","GGB TOLL PLAZA",560.00,N,N,B,-,N,,,,,,,,,,Y,2,0,2,2,B,-,22,,,N,G,B,E,A,H,-,A,D,0,Y,Y,,,Y,,L,04,1,1,0,0,1,0,1,0,0,"- ","- ",37.808489999999999,-122.47671,"SAN FRANCISCO","SAN FRANCISCO",,
90697789,2018,2018-04-03,9350,2018-03-29,1236,021075,,4,1,7,3801,0,1,2,,2,020,"US-101 N/B (GOLDEN GATE BRIDGE)","NORTH TOWER",4.00,S,N,A,-,Y,,,101,,,,,,N,Y,3,0,1,1,A,-,03,22350,,N,F,A,A,A,H,-,A,D,0,,Y,,,Y,,L,04,0,1,0,0,0,0,1,0,0,"- ","- ",37.825489044189453,-122.47917938232422,"SAN FRANCISCO","SAN FRANCISCO",-122.47943115234375,37.825454711914062
9074754,2020,2020-06-11,3801,2020-02-29,0055,882,,6,5,7,3801,0,0,0,,0,3J15E,"LARKIN ST","ELLIS ST",32.00,N,N,A,-,N,,,,,,,,,,N,3,0,1,2,A,-,06,21760,C,M,C,G,A,A,H,-,C,D,0,,Y,,,Y,,D,22,0,1,0,0,0,0,1,0,0,"- ","- ",,,"SAN FRANCISCO","SAN FRANCISCO",-122.41773986816406,37.784336090087891
9075060,2020,2020-05-16,3801,2020-02-18,1358,2210,SOUTH,2,5,7,3801,0,0,0,,0,0B5,"GENE FRIEND WY","B ST",22.00,E,N,A,-,N,,,,,,,,,,N,4,0,1,2,A,-,08,22107,,F,D,G,A,A,H,-,A,D,0,,Y,,,Y,Y,A,01,0,0,1,0,0,0,1,0,0,"- ","- ",,,"SAN FRANCISCO","SAN FRANCISCO",,
9075083,2020,2020-05-16,3801,2020-02-13,1550,4187,NORTH,4,5,7,3801,0,0,0,,0,3E15D,"POLK ST","CALIFORNIA ST",0.00,,Y,A,-,N,,,,,,,,,,N,3,0,1,2,A,-,10,21950,A,N,G,B,B,A,H,-,A,A,0,Y,Y,,,Y,,L,04,0,1,0,0,1,0,0,0,0,"- ","- ",,,"SAN FRANCISCO","SAN FRANCISCO",-122.42067718505859,37.790569305419922
9075097,2020,2020-05-16,3801,2020-02-22,1658,1352,SOUTH,6,5,7,3801,0,0,0,,0,3B13D,"3RD ST","16TH ST",0.00,,Y,B,-,N,,,,,,,,,,N,4,0,1,2,A,-,07,21658,,N,B,G,A,A,H,-,A,A,0,,Y,,,Y,,A,01,0,0,1,0,0,0,1,0,0,"- ","- ",,,"SAN FRANCISCO","SAN FRANCISCO",-122.38921356201172,37.766941070556641
9075111,2020,2020-05-16,3801,2020-02-14,1907,899,TENDE,5,5,7,3801,0,0,0,,0,3J12D,"EDDY ST","TAYLOR ST",0.00,,-,A,-,N,,,,,,,,,,N,3,0,1,4,A,-,17,22517,,N,H,G,A,A,H,-,C,D,0,,Y,,,Y,Y,A,01,0,1,0,0,0,0,1,0,0,"- ","- ",,,"SAN FRANCISCO","SAN FRANCISCO",-122.41094970703125,37.784160614013672
9075145,2020,2020-05-16,3801,2020-02-11,0815,2445,SOUTE,2,5,7,3801,0,0,0,,0,3B13A,"MARKET ST","GUERRERO ST",0.00,,Y,A,-,N,,,,,,,,,,N,3,0,1,2,A,-,03,22350,,N,D,G,A,A,H,-,A,A,0,,Y,,,Y,,L,04,0,1,0,0,0,0,1,0,0,"- ","- ",,,"SAN FRANCISCO","SAN FRANCISCO",-122.42485809326172,37.770748138427734
9087224,2020,2020-07-10,3801,2020-03-24,1630,1772,MISSI,2,5,7,3801,0,0,0,,0,3D11D,"MISSION ST","ERIE ST",96.00,N,N,B,-,N,,,,,,,,,,N,3,0,1,2,A,-,17,22517,,N,H,G,A,B,H,-,A,D,0,,Y,,,Y,,A,01,0,1,0,0,0,0,1,0,0,"- ","- ",,,"SAN FRANCISCO","SAN FRANCISCO",-122.42000579833984,37.769332885742188
9087286,2020,2020-07-08,3801,2020-02-28,0928,2247,SOUTH,5,5,7,3801,0,0,0,,0,,"BEALE ST","BRYANT ST",0.00,,Y,A,-,N,,,,,,,,,,N,3,0,1,2,A,-,08,22107,,N,D,G,A,A,H,-,A,D,0,,Y,,,Y,,A,01,0,1,0,0,0,0,1,0,0,"- ","- ",,,"SAN FRANCISCO","SAN FRANCISCO",-122.38968658447266,37.786220550537109
9087293,2020,2020-07-08,3801,2020-03-10,1717,2493,INGLE,2,5,7,3801,0,0,0,,0,3H15D,"OCEAN AV","SAN JOSE AV",85.00,W,N,A,-,N,,,,,,,,,,N,3,0,1,1,A,-,03,22350,,N,E,I,A,A,G,-,A,A,0,,Y,,,Y,,L,04,0,1,0,0,0,0,1,0,0,"- ","- ",,,"SAN FRANCISCO","SAN FRANCISCO",-122.44510650634766,37.722930908203125
9092195,2020,2021-08-03,3801,2020-02-01,1034,1730,TRAFF,6,5,7,3801,0,0,0,,0,4B1H,"RIVERA ST","42ND AV",0.00,,Y,A,-,N,,,,,,,,,,N,2,0,1,2,A,-,09,21802,B,N,D,G,A,A,H,-,A,A,0,,Y,,,Y,,-,,1,0,0,0,0,0,1,0,0,"- ","- ",,,"SAN FRANCISCO","SAN FRANCISCO",-122.50057983398438,37.745689392089844
9101778,2020,2020-08-03,3801,2020-04-12,1805,2731,RICHM,7,5,7,3801,0,0,0,,0,0G2,CALIFORNIA,"PRESIDIO AV",0.00,,Y,A,-,N,,,,,,,,,,N,3,0,1,1,C,-,18,,,N,F,A,A,A,A,-,A,D,0,,Y,,,Y,,-,"- ",0,1,0,0,0,0,1,0,0,"- ","- ",,,"SAN FRANCISCO","SAN FRANCISCO",-122.44677734375,37.787258148193359
9101849,2020,2020-08-03,3801,2020-04-24,2500,2419,RICHM,5,5,7,3801,0,0,0,,0,0G3,"CLEMENT ST","ARGUELLO BL",107.00,W,N,A,-,N,,,,,,,,,,N,4,0,1,2,A,-,21,22106,,N,B,G,A,A,H,-,A,D,0,,Y,,,Y,,A,01,0,0,1,0,0,0,1,0,0,"- ","- ",,,"SAN FRANCISCO","SAN FRANCISCO",-122.45938873291016,37.783172607421875
9106462,2020,2020-10-29,3801,2020-05-24,1815,1688,NORTH,7,5,7,3801,0,0,0,,0,3E15D,"OAK ST","STEINER ST",0.00,,Y,A,-,N,,,,,,,,,,N,3,0,1,2,A,-,17,21200,A,N,D,G,A,A,H,-,A,A,0,,Y,,,Y,,L,04,0,1,0,0,0,0,1,0,0,"- ","- ",,,"SAN FRANCISCO","SAN FRANCISCO",-122.43245697021484,37.773750305175781
9108272,2020,2020-08-03,3801,2020-04-09,1800,1052,RICHM,4,5,7,3801,0,0,0,,0,3G1C,"TRANSVERSE DR","JOHN F KENNEDY DR",502.00,W,N,A,-,N,,,,,,,,,,N,3,0,1,2,A,-,08,22107,,N,B,G,A,A,H,-,A,D,0,,Y,,,Y,,A,01,0,1,0,0,0,0,1,0,0,"- ","- ",,,"SAN FRANCISCO","SAN FRANCISCO",-122.48111724853516,37.771446228027344
9111043,2020,2020-10-30,3801,2020-05-11,2255,2166,MISSI,1,5,7,3801,0,0,0,,0,903,"DIVISION ST","10TH ST",45.00,W,N,A,-,N,,,,,,,,,,N,4,0,1,2,A,-,05,21650,,F,A,G,A,A,H,-,C,D,0,,Y,,,Y,,-,,0,0,1,0,0,0,1,0,0,"- ","- ",,,"SAN FRANCISCO","SAN FRANCISCO",-122.40849304199219,37.769195556640625
9111062,2020,2020-11-12,3801,2020-05-02,2030,4046,MISSI,6,5,7,3801,0,0,0,,0,3D13D,"FOLSOM ST","23RD ST",107.00,N,N,A,-,N,,,,,,,,,,N,3,0,1,2,A,-,03,22350,,N,C,G,A,A,H,-,C,A,0,,Y,,,Y,,L,04,0,1,0,0,0,0,0,0,0,"- ","- ",,,"SAN FRANCISCO","SAN FRANCISCO",-122.41427612304688,37.754413604736328
9111067,2020,2020-11-02,3801,2020-05-03,1835,4314,RICHM,7,5,7,3801,0,0,0,,0,0G1,"JOHN F KENNEDY DR","TRANSVERSE DR",1584.00,W,N,A,-,N,,,,,,,,,,N,4,0,1,2,A,-,11,21954,A,N,-,-,-,A,H,-,A,D,0,Y,Y,,,Y,,N,60,0,0,1,0,0,0,1,0,0,"- ","- ",,,"SAN FRANCISCO","SAN FRANCISCO",-122.48521423339844,37.770088195800781
9111068,2020,2020-11-02,3801,2020-05-05,0621,3801,"PARK ",2,5,7,3801,0,0,0,,0,901,"6TH AV","HUGO ST",0.00,,Y,A,-,N,,,,,,,,,,N,3,0,1,2,D,-,00,,,N,D,-,A,A,H,-,A,D,0,,Y,,,Y,,-,"- ",0,1,0,0,0,0,1,0,0,"- ","- ",,,"SAN FRANCISCO","SAN FRANCISCO",-122.46317291259766,37.765098571777344
9111072,2020,2020-11-02,3801,2020-05-30,1636,1769,NORTH,6,5,7,3801,0,0,0,,0,3E16A,"PACIFIC AVE","VAN NESS AVE",203.00,W,N,A,-,N,,,,,,,,,,N,3,0,1,1,-,-,"- ",,,N,H,J,A,A,G,-,A,A,0,,Y,,,Y,,-,"- ",0,1,0,0,0,0,1,0,0,"- ","- ",,,"SAN FRANCISCO","SAN FRANCISCO",-122.42401123046875,37.794723510742188
9111132,2020,2020-11-02,3801,2020-05-27,1246,311,PARK,3,5,7,3801,0,0,0,,0,3F13E,"BOWLING GREEN DR","MARTIN LUTHER KING JR DR",0.00,,Y,A,-,N,,,,,,,,,,N,4,0,1,2,A,-,21,22106,,M,H,G,A,A,H,-,A,D,0,,Y,,,Y,,-,"- ",0,0,1,0,0,0,1,0,0,"- ","- ",,,"SAN FRANCISCO","SAN FRANCISCO",-122.46063995361328,37.767421722412109
9111246,2020,2020-08-27,3801,2020-05-12,0956,2172,NORTH,2,5,7,3801,0,0,0,,0,003,"ELLIS ST","POLK ST",0.00,,Y,A,-,N,,,,,,,,,,N,3,0,1,2,-,-,"- ",,,N,D,G,A,A,H,-,A,D,0,,Y,,,Y,,L,04,0,1,0,0,0,0,1,0,0,"- ","- ",,,"SAN FRANCISCO","SAN FRANCISCO",-122.41934967041016,37.784038543701172
9111263,2020,2020-09-01,3801,2020-05-29,1146,1542,INGLE,5,5,7,3801,0,0,0,,0,3H1C,"SAN JOSE AV","30TH ST",0.00,,Y,A,-,N,,,,,,,,,,N,3,0,1,2,A,-,12,21453,A,N,D,G,A,A,H,-,A,A,0,,Y,,,Y,,L,04,0,1,0,0,0,0,1,0,0,"- ","- ",,,"SAN FRANCISCO","SAN FRANCISCO",-122.42328643798828,37.742279052734375
9120785,2020,2020-08-26,3801,2020-06-12,1825,4132,MISSI,5,5,7,3801,0,0,0,,0,6CAR,"16TH  ST","HARRISON ST",0.00,,Y,A,-,N,,,,,,,,,,N,2,0,1,2,A,-,12,21453,A,N,D,G,A,A,H,-,A,A,0,,Y,,,Y,,L,04,1,0,0,0,0,0,1,0,0,"- ","- ",,,"SAN FRANCISCO","SAN FRANCISCO",-122.41314697265625,37.765449523925781
9120794,2020,2020-08-26,3801,2020-06-02,1445,1023,MISSI,2,5,7,3801,0,0,0,,0,3CAR,"17TH ST","VALENCIA ST",0.00,,Y,A,-,N,,,,,,,,,,N,3,0,1,2,A,-,09,21801,,N,B,-,A,A,H,-,A,A,0,,Y,,,Y,,-,"- ",0,1,0,0,0,0,1,0,0,"- ","- ",,,"SAN FRANCISCO","SAN FRANCISCO",-122.42173767089844,37.763298034667969
9120799,2020,2020-08-26,3801,2020-06-03,1350,2459,NORTH,3,5,7,3801,0,0,0,,0,3E11C,"HAIGHT ST","OCTAVIA ST",0.00,,Y,A,-,N,,,,,,,,,,N,4,0,1,2,A,-,12,21453,,N,D,G,A,A,H,-,A,A,0,,Y,,,Y,Y,L,04,0,0,1,0,0,0,1,0,0,"- ","- ",,,"SAN FRANCISCO","SAN FRANCISCO",-122.42392730712891,37.772960662841797
9120800,2020,2020-08-26,3801,2020-06-02,1238,1438,INGLE,2,5,7,3801,0,0,0,,0,3CAR,"MISSION ST","SILVER AV",0.00,,Y,A,-,N,,,,,,,,,,N,4,0,1,2,A,-,03,22350,,N,C,G,A,A,H,-,A,D,0,,Y,,,Y,,L,04,0,0,1,0,0,0,1,0,0,"- ","- ",,,"SAN FRANCISCO","SAN FRANCISCO",-122.43128204345703,37.728740692138672
9120812,2020,2020-09-10,3801,2020-06-14,1520,969,PARK,7,5,7,3801,0,0,0,,0,3F13D,"LINCOLN WAY","7TH AVE",0.00,,Y,A,-,N,,,,,,,,,,N,4,0,1,2,A,-,12,21453,A,N,D,G,A,A,H,-,A,A,0,,Y,,,Y,,I,11,0,0,1,0,0,0,1,0,0,"- ","- ",,,"SAN FRANCISCO","SAN FRANCISCO",-122.46430206298828,37.766040802001953
9120889,2020,2020-08-27,3801,2020-06-07,1322,1377,INGLE,7,5,7,3801,0,0,0,,0,3H16C,"GENEVA AV","REFERENCE POINT",45.00,E,N,A,-,N,,,,,,,,,,N,3,0,1,1,D,-,00,,,N,-,-,A,A,H,-,A,B,0,,Y,,,Y,,-,"- ",0,1,0,0,0,0,1,0,0,"- ","- ",,,"SAN FRANCISCO","SAN FRANCISCO",,
9120893,2020,2020-08-27,3801,2020-06-06,1730,2307,INGLE,6,5,7,3801,0,0,0,,0,3H15D,"JOHN F SHEELLEY DR","CAMBRIDGE ST",9950.00,W,N,A,-,N,,,,,,,,,,N,4,0,1,2,A,-,04,21703,,N,C,G,A,A,H,-,A,D,0,,Y,,,Y,,L,04,0,0,1,0,0,0,0,0,0,"- ","- ",,,"SAN FRANCISCO","SAN FRANCISCO",-122.41851806640625,37.718780517578125
9120918,2020,2020-08-28,3801,2020-06-18,1324,2459,NORTH,4,5,7,3801,0,0,0,,0,3E47C,"BAY ST","FRANKLIN ST",0.00,,Y,A,-,N,,,,,,,,,,N,3,0,1,2,A,-,04,21703,,N,C,G,A,A,H,-,A,A,0,,Y,,,Y,,A,07,0,1,0,0,0,0,1,0,0,"- ","- ",,,"SAN FRANCISCO","SAN FRANCISCO",-122.42674255371094,37.803951263427734
9120933,2020,2020-09-02,3801,2020-06-23,1031,1023,MISSI,2,5,7,3801,0,0,0,,0,1CAR,"CHURCH ST","17TH ST",20.00,N,N,A,-,N,,,,,,,,,,N,3,0,1,1,A,-,03,22350,,N,F,-,A,A,H,-,A,A,0,,Y,,,Y,,L,04,0,1,0,0,0,0,1,0,0,"- ","- ",,,"SAN FRANCISCO","SAN FRANCISCO",-122.42851257324219,37.762935638427734
9137534,2020,2020-09-25,3801,2020-07-07,1552,1031,PARK,2,5,7,3801,0,0,0,,0,3F13D,"FELL ST","MASONIC AV",0.00,,Y,A,-,N,,,,,,,,,,N,4,0,1,2,A,-,09,21804,A,N,D,G,A,A,H,-,A,A,0,,Y,,,Y,,L,04,0,0,1,0,0,0,1,0,0,"- ","- ",,,"SAN FRANCISCO","SAN FRANCISCO",-122.4459228515625,37.772979736328125
9138686,2020,2020-09-24,3801,2020-07-14,0755,2417,BAYVE,2,5,7,3801,0,0,0,,0,3C12A,"TOLAND ST","NEWCOMB ST",0.00,,Y,A,-,N,,,,,,,,,,N,4,0,1,2,A,-,09,21802,A,N,D,G,A,A,A,-,A,A,0,,Y,,,Y,,L,04,0,0,1,0,0,0,1,0,0,"- ","- ",,,"SAN FRANCISCO","SAN FRANCISCO",-122.40096282958984,37.741580963134766
9138706,2020,2020-09-24,3801,2020-07-10,0820,1689,CENTR,5,5,7,3801,0,0,0,,0,4CAR,"BATTERY ST","JACKSON ST",0.00,,Y,A,-,N,,,,,,,,,,N,4,0,1,2,A,-,12,21453,A,N,D,G,A,A,H,-,A,A,0,,Y,,,Y,,L,04,0,0,1,0,0,0,1,0,0,"- ","- ",,,"SAN FRANCISCO","SAN FRANCISCO",-122.40068817138672,37.796779632568359
9138824,2020,2020-09-24,3801,2020-07-02,1657,4187,NORTH,4,5,7,3801,0,0,0,,0,3E11D,"MCALLISTER ST","GOUGH ST",266.00,W,N,A,G,N,,,,,,,,,,N,3,0,2,2,A,-,06,21750,A,N,D,-,A,A,H,-,A,D,0,,Y,Y,,Y,,C,03,0,1,1,0,0,0,1,0,1,"- ","- ",,,"SAN FRANCISCO","SAN FRANCISCO",-122.42444610595703,37.779548645019531
9138916,2020,2020-10-09,3801,2020-07-22,1225,608,PARK,3,5,7,3801,0,0,0,,0,3F4A,"FELL ST","BRODERICK ST",0.00,,Y,A,-,N,,,,,,,,,,N,4,0,1,2,A,-,08,22107,,F,C,G,A,A,H,-,A,A,0,,Y,,,Y,,A,01,0,0,1,0,0,0,1,0,0,"- ","- ",,,"SAN FRANCISCO","SAN FRANCISCO",-122.43929290771484,37.773838043212891
9138917,2020,2020-10-09,3801,2020-07-22,0639,1198,MISSI,3,5,7,3801,0,0,0,,0,6CAR,"POTRERO AV","22ND ST",0.00,,Y,B,-,N,,,,,,,,,,N,3,0,1,2,A,-,08,22107,,N,B,-,A,A,H,-,A,A,0,,Y,,,Y,,L,04,0,1,0,0,0,0,1,0,0,"- ","- ",,,"SAN FRANCISCO","SAN FRANCISCO",-122.40670013427734,37.756839752197266
9138924,2020,2020-10-09,3801,2020-07-04,1259,2375,RICHM,6,5,7,3801,0,0,0,,0,3G4A,"POINT LOBOS AV","48TH AV",1150.00,W,N,A,-,N,,,,,,,,,,N,3,0,1,2,A,-,08,22107,,N,B,G,A,A,H,-,A,D,0,,Y,,,Y,,A,01,0,1,0,0,0,0,1,0,0,"- ","- ",,,"SAN FRANCISCO","SAN FRANCISCO",-122.51316833496094,37.779033660888672
9138930,2020,2020-10-09,3801,2020-07-31,2116,2457,SOUTH,5,5,7,3801,0,0,0,,0,SECTOR,"MARKET ST","VALENCIA ST",0.00,,Y,A,-,N,,,,,,,,,,N,2,0,2,2,A,-,05,21651,B,N,A,G,A,A,H,-,C,A,0,,Y,,,Y,,-,,1,1,0,0,0,0,1,0,0,"- ","- ",,,"SAN FRANCISCO","SAN FRANCISCO",-122.42262268066406,37.772548675537109
9138934,2020,2020-10-09,3801,2020-07-19,1824,2726,RICHM,7,5,7,3801,0,0,0,,0,003,"CALIFORNIA ST","15TH AV",0.00,,Y,A,-,N,,,,,,,,,,N,4,0,1,2,A,-,12,22450,A,N,D,G,A,A,H,-,A,D,0,,Y,,,Y,,L,04,0,0,1,0,0,0,1,0,0,"- ","- ",,,"SAN FRANCISCO","SAN FRANCISCO",-122.47425842285156,37.784370422363281
9138937,2020,2020-10-09,3801,2020-07-18,1728,80,RICHM,6,5,7,3801,0,0,0,,0,3G4C,"ARGUELLO BL","GEARY ST",0.00,,Y,A,-,N,,,,,,,,,,N,4,0,1,2,A,-,09,21801,A,N,B,G,A,A,-,-,A,A,0,,Y,,,Y,,A,07,0,0,1,0,0,0,1,0,0,"- ","- ",,,"SAN FRANCISCO","SAN FRANCISCO",-122.45887756347656,37.781330108642578
9138945,2020,2020-09-24,3801,2020-07-17,0904,229,MISSI,5,5,7,3801,0,0,0,,0,0D6,"POTRERO AV","23RD ST",0.00,,Y,A,-,N,,,,,,,,,,N,4,0,1,2,A,-,03,22350,,N,D,G,A,A,H,-,A,A,0,,Y,,,Y,,L,04,0,0,1,0,0,0,1,0,0,"- ","- ",,,"SAN FRANCISCO","SAN FRANCISCO",-122.40647125244141,37.754581451416016
9145187,2020,2020-10-13,3801,2020-08-13,2202,983,BAYVI,4,5,7,3801,0,0,0,,0,3C13E,"CARGO WY","MENDELL ST",54.00,W,N,A,-,N,,,,,,,,,,N,2,0,1,2,D,-,00,,,F,H,G,A,A,H,-,E,A,0,,Y,,,Y,,-,"- ",1,0,0,0,0,0,1,0,0,"- ","- ",,,"SAN FRANCISCO","SAN FRANCISCO",-122.38329315185547,37.743995666503906
91459240,2021,2021-04-27,9350,2021-04-20,1141,022445,,2,1,7,3801,0,1,2,,1,120,"US-101 N/B (GGB EAST SIDEWALK)","GGB SOUTH TOWER",800.00,S,N,A,-,N,,,101,,,,,,N,N,4,0,1,2,B,-,22,,,N,B,G,A,A,H,-,A,D,0,,Y,,,Y,,L,04,0,0,1,0,0,0,1,0,0,"- ","- ",37.811740875244141,-122.47721099853516,"SAN FRANCISCO","SAN FRANCISCO",-122.47765350341797,37.811683654785156
9151413,2020,2020-10-13,3801,2020-08-10,1411,783,TENDE,1,5,7,3801,0,0,0,,0,3J13C,"GOLDEN GATE AV","HYDE ST",48.00,E,N,A,-,N,,,,,,,,,,N,3,0,1,2,A,-,03,22350,A,N,B,G,A,A,H,-,A,D,0,,Y,,,Y,,L,04,0,1,0,0,0,0,1,0,0,"- ","- ",,,"SAN FRANCISCO","SAN FRANCISCO",-122.41533660888672,37.781673431396484
9151420,2020,2020-10-13,3801,2020-08-08,2202,524,INGLE,6,5,7,3801,0,0,0,,0,3H13E,"MISSION ST","TRUMBULL ST",0.00,,Y,A,-,N,,,,,,,,,,N,2,0,1,2,A,-,12,21453,A,N,D,G,A,A,H,-,C,A,0,,Y,,,Y,,A,07,1,0,0,0,0,0,1,0,0,"- ","- ",,,"SAN FRANCISCO","SAN FRANCISCO",-122.42925262451172,37.730781555175781
9159960,2020,2020-11-03,3801,2020-09-22,1735,2435,MISSI,2,5,7,3801,0,0,0,,0,003,"22ND ST","GUERRERO ST",0.00,,Y,A,-,N,,,,,,,,,,,3,0,1,2,A,-,10,21950,A,N,D,G,A,A,H,-,A,A,0,,Y,,,Y,,A,01,0,1,0,0,0,0,1,0,0,"- ","- ",,,"SAN FRANCISCO","SAN FRANCISCO",-122.42317962646484,37.755180358886719
9166821,2020,2020-11-25,3801,2020-09-30,2020,1937,PARK,3,5,7,3801,0,0,0,,0,3F13D,"FELL ST","STANYAN ST",0.00,,Y,A,-,N,,,,,,,,,,N,3,0,1,2,A,-,08,22107,,N,B,G,A,A,H,-,C,A,0,,Y,,,Y,,L,04,0,1,0,0,0,0,1,0,0,"- ","- ",,,"SAN FRANCISCO","SAN FRANCISCO",-122.45407104492188,37.771968841552734
9166935,2020,2020-11-30,3801,2020-09-05,2044,A21570,CENTR,6,5,7,3801,0,0,0,,0,3A13D,"BAY  ST","COLUMBUS AV",0.00,,Y,A,-,N,,,,,,,,,,N,4,0,1,2,A,-,09,21801,A,N,-,G,A,A,H,-,C,D,0,,Y,,,Y,,A,01,0,0,1,0,0,0,1,0,0,"- ","- ",,,"SAN FRANCISCO","SAN FRANCISCO",-122.41719818115234,37.805191040039062
9168131,2020,2020-11-16,3801,2020-09-25,1746,312,TARAV,5,5,7,3801,0,0,0,,0,1CAR,"9TH AV","IRVING ST",258.00,S,N,A,-,N,,,,,,,,,,N,3,0,1,2,A,-,05,21651,B,N,A,G,A,A,H,-,A,D,0,,Y,,,Y,,L,04,0,1,0,0,0,0,1,0,0,"- ","- ",,,"SAN FRANCISCO","SAN FRANCISCO",-122.46627044677734,37.763332366943359
9169219,2020,2020-11-17,3801,2020-09-08,0904,1500,CENTR,2,5,7,3801,0,0,0,,0,3A14A,"POWELL ST","BAY ST",96.00,S,N,B,-,N,,,,,,,,,,N,4,0,1,2,A,-,06,21756,A,N,H,B,E,A,H,-,A,D,0,Y,Y,,,Y,,L,04,0,0,1,0,1,0,0,0,0,"- ","- ",,,"SAN FRANCISCO","SAN FRANCISCO",-122.41188812255859,37.805580139160156
9181628,2020,2021-01-05,3801,2020-10-23,1208,1118,SOUTH,5,5,7,3801,0,0,0,,0,3B12C,"MICHIGAN ST","4TH ST",311.00,E,N,A,-,N,,,,,,,,,,N,3,0,1,2,A,-,09,21804,A,N,D,G,A,A,H,-,A,D,0,,Y,,,Y,,L,04,0,1,0,0,0,0,1,0,0,"- ","- ",,,"SAN FRANCISCO","SAN FRANCISCO",,
9182384,2020,2020-12-23,3801,2020-10-25,0832,1833,BAYVI,7,5,7,3801,0,0,0,,0,004,"FELTON ST","PRINCETON AV",0.00,,Y,A,-,N,,,,,,,,,,N,4,0,1,2,A,-,03,22350,A,N,D,-,A,A,H,-,A,A,0,,Y,,,Y,,L,04,0,0,1,0,0,0,1,0,0,"- ","- ",,,"SAN FRANCISCO","SAN FRANCISCO",-122.41542816162109,37.727218627929688
9182403,2020,2020-12-26,3801,2020-10-13,0755,1593,PARK,2,5,7,3801,0,0,0,,0,PARK,"CLAYTON ST","PARNASSUS AV",105.00,N,N,A,-,N,,,,,,,,,,N,4,0,1,2,A,-,08,22103,,N,A,G,A,A,H,-,A,D,0,,Y,,,Y,,D,22,0,0,1,0,0,0,1,0,0,"- ","- ",,,"SAN FRANCISCO","SAN FRANCISCO",-122.44770050048828,37.765403747558594