CASE_ID,ACCIDENT_YEAR,PROC_DATE,JURIS,COLLISION_DATE,COLLISION_TIME,OFFICER_ID,REPORTING_DISTRICT,DAY_OF_WEEK,CHP_SHIFT,POPULATION,CNTY_CITY_LOC,SPECIAL_COND,BEAT_TYPE,CHP_BEAT_TYPE,CITY_DIVISION_LAPD,CHP_BEAT_CLASS,BEAT_NUMBER,PRIMARY_RD,SECONDARY_RD,DISTANCE,DIRECTION,INTERSECTION,WEATHER_1,WEATHER_2,STATE_HWY_IND,CALTRANS_COUNTY,CALTRANS_DISTRICT,STATE_ROUTE,ROUTE_SUFFIX,POSTMILE_PREFIX,POSTMILE,LOCATION_TYPE,RAMP_INTERSECTION,SIDE_OF_HWY,TOW_AWAY,COLLISION_SEVERITY,NUMBER_KILLED,NUMBER_INJURED,PARTY_COUNT,PRIMARY_COLL_FACTOR,PCF_CODE_OF_VIOL,PCF_VIOL_CATEGORY,PCF_VIOLATION,PCF_VIOL_SUBSECTION,HIT_AND_RUN,TYPE_OF_COLLISION,MVIW,PED_ACTION,ROAD_SURFACE,ROAD_COND_1,ROAD_COND_2,LIGHTING,CONTROL_DEVICE,CHP_ROAD_TYPE,PEDESTRIAN_ACCIDENT,BICYCLE_ACCIDENT,MOTORCYCLE_ACCIDENT,TRUCK_ACCIDENT,NOT_PRIVATE_PROPERTY,ALCOHOL_INVOLVED,STWD_VEHTYPE_AT_FAULT,CHP_VEHTYPE_AT_FAULT,COUNT_SEVERE_INJ,COUNT_VISIBLE_INJ,COUNT_COMPLAINT_PAIN,COUNT_PED_KILLED,COUNT_PED_INJURED,COUNT_BICYCLIST_KILLED,COUNT_BICYCLIST_INJURED,COUNT_MC_KILLED,COUNT_MC_INJURED,PRIMARY_RAMP,SECONDARY_RAMP,LATITUDE,LONGITUDE,COUNTY,CITY,POINT_X,POINT_Y
9182415,2020,2020-12-26,3801,2020-10-30,2153,1442,INGLE,5,5,7,3801,0,0,0,,0,3H00,"CIRCULAR AV","MONTEREY BL",0.00,,Y,A,-,N,,,,,,,,,,N,3,0,1,2,A,-,03,22350,,F,C,G,A,A,H,-,C,A,0,,Y,,,Y,Y,A,01,0,1,0,0,0,0,1,0,0,"- ","- ",,,"SAN FRANCISCO","SAN FRANCISCO",-122.4365234375,37.731578826904297
9182416,2020,2020-12-26,3801,2020-10-11,1300,2741,BAYVI,7,5,7,3801,0,0,0,,0,3C14C,"3RD ST","25TH ST",0.00,,Y,A,-,N,,,,,,,,,,N,3,0,1,3,A,-,12,21453,A,F,D,G,A,A,H,-,A,A,0,,Y,Y,,Y,,A,07,0,1,0,0,0,0,1,0,0,"- ","- ",,,"SAN FRANCISCO","SAN FRANCISCO",-122.38787841796875,37.752838134765625
9184137,2020,2020-12-03,3801,2020-10-18,1910,1817,CENTR,7,5,7,3801,0,0,0,,0,3A13C,"PIER 3","EMBARCADERO NORTH",0.00,,Y,A,-,N,,,,,,,,,,N,3,0,1,2,D,-,00,,,N,G,G,A,A,H,-,E,D,0,,Y,,,Y,,-,"- ",0,1,0,0,0,0,1,0,0,"- ","- ",,,"SAN FRANCISCO","SAN FRANCISCO",,
9184155,2020,2020-12-11,3801,2020-10-03,1238,2059,CENTR,6,5,7,3801,0,0,0,,0,3A13A,"COLUMBUS AV","LOMBARD ST",0.00,,Y,A,-,N,,,,,,,,,,N,3,0,1,1,A,-,03,22350,,N,H,A,A,A,H,-,A,A,0,,Y,,,Y,,L,04,0,1,0,0,0,0,1,0,0,"- ","- ",,,"SAN FRANCISCO","SAN FRANCISCO",-122.41367340087891,37.802738189697266
91872295,2022,2022-09-23,9350,2022-09-20,1720,021696,,2,2,7,3801,0,1,2,,1,120,"US-101 N/B (GGB EAST SIDEWALK)","GOLDEN GATE BRIDGE SOUTH TOWER",40.00,S,N,A,-,Y,,,,,,,,,,N,2,0,1,1,A,-,21,22106,,N,E,A,A,A,H,-,A,D,0,,Y,,,Y,,L,04,1,0,0,0,0,0,1,0,0,"- ","- ",37.813980102539062,-122.47775268554688,"SAN FRANCISCO","SAN FRANCISCO",-122.47794342041016,37.813953399658203
9194230,2020,2021-01-15,3801,2020-11-21,1016,2490,NORTH,6,5,7,3801,0,0,0,,0,3E12A,"EDDY ST","STEINER ST",184.00,W,N,A,-,N,,,,,,,,,,N,4,0,1,1,A,-,03,22350,,N,E,I,A,A,H,-,A,D,0,,Y,,,Y,,L,04,0,0,1,0,0,0,1,0,0,"- ","- ",,,"SAN FRANCISCO","SAN FRANCISCO",-122.43458557128906,37.781131744384766
9194235,2020,2021-01-15,3801,2020-11-06,1345,2151,BAYVI,5,5,7,3801,0,0,0,,0,3C11A,"MARIPOSA ST","INDIANA ST",0.00,,Y,A,-,N,,,,,,,,,,N,3,0,1,2,A,-,09,21801,A,N,D,G,A,A,H,-,A,A,0,,Y,,,Y,,L,04,0,1,0,0,0,0,1,0,0,"- ","- ",,,"SAN FRANCISCO","SAN FRANCISCO",-122.39173889160156,37.764148712158203
9194241,2020,2021-01-20,3801,2020-11-05,1026,2453,MISSI,4,5,7,3801,0,0,0,,0,3D14A,"26TH ST","HARRISON ST",0.00,,Y,A,-,N,,,,,,,,,,N,3,0,1,2,A,-,05,21650,1,M,A,G,A,A,H,-,A,D,0,,Y,,,Y,,L,04,0,1,0,0,0,0,1,0,0,"- ","- ",,,"SAN FRANCISCO","SAN FRANCISCO",-122.41163635253906,37.749439239501953
9194268,2020,2021-01-25,3801,2020-11-16,0147,2341,MISSI,1,5,7,3801,0,0,0,,0,3D15E,"CESAR CHAVEZ ST","MISSION ST",0.00,,Y,A,-,N,,,,,,,,,,N,4,0,1,2,A,-,12,21453,A,N,D,G,A,A,H,-,C,A,0,,Y,,,Y,,L,04,0,0,1,0,0,0,1,0,0,"- ","- ",,,"SAN FRANCISCO","SAN FRANCISCO",-122.41815185546875,37.748180389404297
9209135,2020,2021-02-22,3801,2020-12-08,0850,2339,PARK,2,5,7,3801,0,0,0,,0,3F13A,"PANHANDLE PARK","BAKER ST",220.00,W,N,A,-,N,,,,,,,,,,N,3,0,2,2,C,-,18,,,N,C,G,A,A,H,-,A,D,0,,Y,,,Y,,-,"- ",0,1,1,0,0,0,2,0,0,"- ","- ",,,"SAN FRANCISCO","SAN FRANCISCO",,
9215567,2020,2021-02-24,3801,2020-12-07,0755,245,PARK,1,5,7,3801,0,0,0,,0,03C,"HAIGHT ST","BRODERICK ST",66.00,W,N,A,-,N,,,,,,,,,,N,2,0,1,1,C,-,18,,,N,H,A,A,A,H,-,A,D,0,,Y,,,Y,,-,"- ",1,0,0,0,0,0,1,0,0,"- ","- ",,,"SAN FRANCISCO","SAN FRANCISCO",-122.43894195556641,37.771022796630859
9218634,2020,2021-02-08,3801,2020-12-15,1855,2228,CENTR,2,5,7,3801,0,0,0,,0,3A12D,"THE EMBARCADERO NORTH",BROADWAY,0.00,,Y,A,-,N,,,,,,,,,,N,4,0,1,2,A,-,12,21453,A,N,A,G,A,A,H,-,C,A,0,,Y,,,Y,,L,04,0,0,1,0,0,0,1,0,0,"- ","- ",,,"SAN FRANCISCO","SAN FRANCISCO",-122.39775848388672,37.799179077148438
9223337,2020,2021-02-18,3801,2020-11-04,1136,673,CENTR,3,5,7,3801,0,0,0,,0,,"MARKET ST","FRONT ST",0.00,,Y,-,-,N,,,,,,,,,,,2,0,1,1,C,-,18,,,N,-,-,A,A,H,-,A,A,0,,Y,,,Y,,-,"- ",1,0,0,0,0,0,1,0,0,"- ","- ",,,"SAN FRANCISCO","SAN FRANCISCO",-122.39833831787109,37.791690826416016
9223609,2021,2021-03-23,3801,2021-01-17,0935,2368,NORTH,7,5,7,3801,0,0,0,,0,3E14A,"CLAY ST","DIVISADERO ST",0.00,,Y,A,-,N,,,,,,,,,,N,4,0,1,2,A,-,12,22450,A,N,D,G,A,A,H,-,A,A,0,,Y,,,Y,,A,01,0,0,1,0,0,0,1,0,0,"- ","- ",,,"SAN FRANCISCO","SAN FRANCISCO",-122.44081115722656,37.789867401123047
9223611,2021,2021-03-23,3801,2021-01-16,1829,2740,MISSI,6,5,7,3801,0,0,0,,0,0D5,"18TH ST","LEXINGTON ST",20.00,E,N,A,-,N,,,,,,,,,,N,3,0,1,1,A,-,03,22350,,N,H,-,A,A,-,-,C,-,0,,Y,,,Y,,L,04,0,1,0,0,0,0,1,0,0,"- ","- ",,,"SAN FRANCISCO","SAN FRANCISCO",-122.42070770263672,37.761753082275391
9223620,2021,2021-03-23,3801,2021-01-19,0930,1945,CENTR,2,5,7,3801,0,0,0,,0,3A15A,"BATTERY ST","BUSH ST",0.00,,Y,A,-,N,,,,,,,,,,N,3,0,1,2,A,-,12,21453,A,N,D,G,A,A,H,-,A,A,0,,Y,,,Y,,A,07,0,1,0,0,0,0,1,0,0,"- ","- ",,,"SAN FRANCISCO","SAN FRANCISCO",-122.39959716796875,37.791351318359375
9223767,2021,2021-03-20,3801,2021-01-28,1327,2175,NORTH,4,5,7,3801,0,0,0,,0,3E13C,"FRANCISCO ST","VAN NESS AV",0.00,,Y,B,-,N,,,,,,,,,,N,4,0,1,2,A,-,08,22107,,N,D,G,A,B,H,-,A,A,0,,Y,,,Y,,A,01,0,0,1,0,0,0,1,0,0,"- ","- ",,,"SAN FRANCISCO","SAN FRANCISCO",-122.42496490478516,37.803203582763672
9223784,2021,2021-03-23,3801,2021-01-09,1510,,NORTH,6,5,7,3801,0,0,0,,0,3E3D,"POLK ST","PACIFIC AV",0.00,,Y,A,-,N,,,,,,,,,,,4,0,1,2,A,-,09,21804,A,N,B,G,A,A,H,-,A,-,0,,Y,,,Y,,A,01,0,0,1,0,0,0,1,0,0,"- ","- ",,,"SAN FRANCISCO","SAN FRANCISCO",-122.42158508300781,37.795032501220703
9223807,2021,2021-03-22,3801,2021-01-01,1643,2379,INGLE,5,5,7,3801,0,0,0,,0,3H15D,"OCEAN AV","FRIDA KAHLO WY",0.00,,Y,A,-,N,,,,,,,,,,N,4,0,1,1,C,-,18,,,N,H,G,A,A,H,-,A,A,0,,Y,,,Y,,-,"- ",0,0,1,0,0,0,1,0,0,"- ","- ",,,"SAN FRANCISCO","SAN FRANCISCO",-122.45233154296875,37.723068237304688
9223813,2021,2021-03-23,3801,2021-01-03,2110,2023,PARK,7,5,7,3801,0,0,0,,0,003,"MASONIC AV","FELL ST",0.00,,Y,B,-,N,,,,,,,,,,N,3,0,1,2,-,-,"- ",,A,N,D,G,A,A,H,-,C,A,0,,Y,,,Y,,L,04,0,1,0,0,0,0,1,0,0,"- ","- ",,,"SAN FRANCISCO","SAN FRANCISCO",-122.44591522216797,37.772983551025391
9223895,2021,2021-06-02,3801,2021-01-25,1138,A10096,PARK,1,5,7,3801,0,0,0,,0,3F44C,"17TH ST","ROOSEVELT WY",0.00,,Y,A,-,N,,,,,,,,,,N,3,0,1,2,A,-,08,22107,,N,G,G,A,A,H,-,A,A,0,,Y,,,Y,,A,01,0,1,0,0,0,0,1,0,0,"- ","- ",,,"SAN FRANCISCO","SAN FRANCISCO",-122.44530487060547,37.761867523193359
9223916,2021,2021-03-22,3801,2021-01-23,2003,2200,NORTH,6,5,7,3801,0,0,0,,0,002,"VAN NESS AV","BROADWAY ST",0.00,,Y,A,-,N,,,,,,,,,,N,3,0,1,2,A,-,09,21801,A,N,D,G,A,A,H,-,C,A,0,,Y,,,Y,,A,07,0,1,0,0,0,0,1,0,0,"- ","- ",,,"SAN FRANCISCO","SAN FRANCISCO",-122.42332458496094,37.795753479003906
9224041,2021,2021-03-17,3801,2021-01-20,1521,2419,RICHM,3,5,7,3801,0,0,0,,0,901,"CLAY ST","ARGUELLO BL",363.00,E,N,A,-,N,,,,,,,,,,N,3,0,1,2,A,-,03,22350,,N,B,G,A,A,H,-,A,D,0,,Y,,,Y,,L,04,0,1,0,0,0,0,1,0,0,"- ","- ",,,"SAN FRANCISCO","SAN FRANCISCO",-122.45809173583984,37.787666320800781
9224060,2021,2021-03-23,3801,2021-01-06,1745,2490,NORTH,3,5,7,3801,0,0,0,,0,8E15D,"STEINER ST","PACIFIC ST",34.00,N,N,A,-,N,,,,,,,,,,N,4,0,1,1,A,-,03,22350,,N,H,A,A,A,H,-,C,A,0,,Y,,,Y,,L,04,0,0,1,0,0,0,1,0,0,"- ","- ",,,"SAN FRANCISCO","SAN FRANCISCO",-122.4364013671875,37.793231964111328
9224067,2021,2021-03-30,3801,2021-01-28,1715,2400,SOUTH,4,5,7,3801,0,0,0,,0,,"11TH ST","13TH ST",231.00,N,N,B,-,N,,,,,,,,,,N,3,0,1,2,A,-,08,22107,,N,B,G,A,B,G,H,B,D,0,,Y,,,Y,,-,"- ",0,1,0,0,0,0,1,0,0,"- ","- ",,,"SAN FRANCISCO","SAN FRANCISCO",-122.41139221191406,37.769763946533203
9227530,2021,2021-04-12,3801,2021-02-01,1135,2375,RICHM,1,5,7,3801,0,0,0,,0,3G60,"MARTIN LUTHER KING JR DR","MIDDLE WEST DR",183.00,W,N,A,-,N,,,,,,,,,,Y,3,0,1,2,A,-,04,21703,,F,C,G,A,A,H,-,A,D,0,,Y,,,Y,,A,01,0,1,0,0,0,0,1,0,0,"- ","- ",,,"SAN FRANCISCO","SAN FRANCISCO",-122.49885559082031,37.764968872070312
9227537,2021,2021-04-12,3801,2021-02-04,1341,207,CENTR,4,5,7,3801,0,0,0,,0,3A15C,"MARKET ST","BATTERY ST",5.00,E,N,A,-,N,,,,,,,,,,N,4,0,1,2,A,-,11,21954,A,N,D,B,D,A,H,-,A,D,0,Y,Y,,,Y,,N,60,0,0,1,0,0,0,1,0,0,"- ","- ",,,"SAN FRANCISCO","SAN FRANCISCO",-122.39949798583984,37.790779113769531
9227557,2021,2021-04-13,3801,2021-02-24,1430,283,MISSO,3,5,7,3801,0,0,0,,0,0D2,"GUERRERO ST","25TH ST",118.00,N,N,A,-,N,,,,,,,,,,N,4,0,1,2,-,-,"- ",,,N,B,G,A,A,H,-,-,A,0,,Y,,,Y,,A,08,0,0,1,0,0,0,1,0,0,"- ","- ",,,"SAN FRANCISCO","SAN FRANCISCO",-122.42275238037109,37.750713348388672
9227569,2021,2021-04-14,3801,2021-02-20,1121,2195,SOUTH,6,5,7,3801,0,0,0,,0,004,"DIVISION ST","8TH AV",0.00,,Y,A,-,N,,,,,,,,,,N,3,0,1,2,A,-,12,22450,A,N,C,G,A,A,H,-,A,D,0,,Y,,,Y,,L,04,0,1,0,0,0,0,1,0,0,"- ","- ",,,"SAN FRANCISCO","SAN FRANCISCO",-122.40385437011719,37.77001953125
9227571,2021,2021-04-07,3801,2021-02-19,1846,2279,INGLE,5,5,7,3801,0,0,0,,0,005,"HURON AV","SICKLES AV",0.00,,Y,A,-,N,,,,,,,,,,N,4,0,1,3,A,-,09,21800,A,N,D,G,A,A,H,-,C,A,0,,Y,,,Y,,L,04,0,0,1,0,0,0,1,0,0,"- ","- ",,,"SAN FRANCISCO","SAN FRANCISCO",-122.45323944091797,37.709182739257812
9227595,2021,2021-03-27,3801,2021-02-13,1531,2731,RICHM,6,5,7,3801,0,0,0,,0,0G4,"CLEMENT ST","25TH AV",90.00,W,N,A,-,N,,,,,,,,,,N,3,0,1,2,A,-,17,22517,,N,B,G,A,A,H,-,A,D,0,,Y,,,Y,,A,01,0,1,0,0,0,0,1,0,0,"- ","- ",,,"SAN FRANCISCO","SAN FRANCISCO",-122.48519134521484,37.782005310058594
9228204,2021,2021-03-23,3801,2021-02-23,1406,319,CENTR,2,5,7,3801,0,0,0,,0,3A11A,"SUTTER ST","LARKIN ST",0.00,,Y,A,-,N,,,,,,,,,,N,2,0,1,2,A,-,03,22350,A,F,B,B,B,A,H,-,A,A,0,Y,Y,,,Y,,L,04,1,0,0,0,1,0,0,0,0,"- ","- ",,,"SAN FRANCISCO","SAN FRANCISCO",-122.41846466064453,37.787967681884766
9239159,2021,2021-04-20,3801,2021-03-10,2205,2483,NORTH,3,5,7,3801,0,0,0,,0,3E13E,"HAIGHT ST","OCTAVIA ST",0.00,,Y,C,-,N,,,,,,,,,,N,4,0,1,2,A,-,03,22350,,N,H,G,A,B,H,-,C,A,0,,Y,,,Y,,L,04,0,0,1,0,0,0,1,0,0,"- ","- ",,,"SAN FRANCISCO","SAN FRANCISCO",-122.42392730712891,37.772964477539062
9252275,2021,2021-04-27,3801,2021-03-30,0650,2002,PARK,2,5,7,3801,0,0,0,,0,3F13A,"TURK BL","STANYAN ST",0.00,,Y,A,-,N,,,,,,,,,,N,3,0,1,2,A,-,09,21801,A,N,A,G,A,A,H,-,A,A,0,,Y,,,Y,,A,01,0,1,0,0,0,0,1,0,0,"- ","- ",,,"SAN FRANCISCO","SAN FRANCISCO",-122.45523071289062,37.777591705322266
9252725,2021,2021-04-24,3801,2021-03-05,0930,4301,NORTH,5,5,7,3801,0,0,0,,0,3E15A,"CHESTNUT ST","FRAKLIN ST",0.00,,Y,A,-,N,,,,,,,,,,N,4,0,1,2,A,-,12,21453,A,N,D,G,A,A,H,-,A,A,0,,Y,,,Y,,L,04,0,0,1,0,0,0,1,0,0,"- ","- ",,,"SAN FRANCISCO","SAN FRANCISCO",-122.42637634277344,37.802070617675781
9252818,2021,2021-04-28,3801,2021-03-28,1047,1725,RICHM,7,5,7,3801,0,0,0,,0,3G2A,"BRODERICK ST","CLAY ST",0.00,,Y,A,-,N,,,,,,,,,,N,4,0,1,2,A,-,12,22450,A,N,B,G,A,A,H,-,A,A,0,,Y,,,Y,,L,04,0,0,1,0,0,0,1,0,0,"- ","- ",,,"SAN FRANCISCO","SAN FRANCISCO",-122.44248199462891,37.789649963378906
9253090,2021,2021-04-21,3801,2021-03-26,1850,246,TARAV,5,5,7,3801,0,0,0,,0,"6 CAR","OCEAN AV","HAROLD ST",75.00,W,N,A,-,N,,,,,,,,,,N,4,0,1,2,A,-,17,22517,,F,G,G,A,A,H,-,A,A,0,,Y,,,Y,Y,A,01,0,0,1,0,0,0,1,0,0,"- ","- ",,,"SAN FRANCISCO","SAN FRANCISCO",-122.45337677001953,37.723323822021484
9253283,2021,2021-04-26,3801,2021-03-23,2500,328,CENTR,2,5,7,3801,0,0,0,,0,,"PACIFIC ST","KEARNY ST",0.00,,Y,A,-,N,,,,,,,,,,,4,0,1,2,A,-,08,22100,B,N,B,G,A,A,H,-,A,A,0,,Y,,,Y,,L,04,0,0,1,0,0,0,1,0,0,"- ","- ",,,"SAN FRANCISCO","SAN FRANCISCO",-122.40538787841797,37.79705810546875
9262741,2021,2021-05-11,3801,2021-04-16,1250,1237,CENTR,5,5,7,3801,0,0,0,,0,3A46C,"BUSH ST","GRANT AV",151.00,E,N,A,-,N,,,,,,,,,,N,2,0,1,1,A,-,03,22350,,N,F,J,A,A,-,-,A,D,0,,Y,,,Y,,L,04,1,0,0,0,0,0,1,0,0,"- ","- ",,,"SAN FRANCISCO","SAN FRANCISCO",-122.40502166748047,37.790634155273438
9262779,2021,2021-05-11,3801,2021-04-19,1512,4012,TARAV,1,5,7,3801,0,0,0,,0,3I11D,"17TH AV","17TH AV  1467",0.00,,Y,A,-,N,,,,,,,,,,N,2,0,1,2,A,-,06,21750,A,N,-,G,A,A,H,-,A,D,0,,Y,,,Y,,L,04,1,0,0,0,0,0,1,0,0,"- ","- ",,,"SAN FRANCISCO","SAN FRANCISCO",-122.474762,37.760548
9262785,2021,2021-05-11,3801,2021-04-21,1820,1194,SOUTH,3,5,7,3801,0,0,0,,0,0B3,"7TH ST","KING ST",0.00,,Y,A,-,N,,,,,,,,,,N,4,0,1,2,A,-,09,21801,A,N,D,G,A,A,H,-,A,D,0,,Y,,,Y,,A,01,0,0,1,0,0,0,1,0,0,"- ","- ",,,"SAN FRANCISCO","SAN FRANCISCO",-122.40081024169922,37.771137237548828
9262839,2021,2021-05-17,3801,2021-04-29,1640,2709,PARK,4,5,7,3801,0,0,0,,0,3F13D,"FELL ST","MASONIC ST",0.00,,Y,A,-,N,,,,,,,,,,N,3,0,1,2,A,-,04,21703,,F,C,G,A,A,H,-,A,D,0,,Y,,,Y,,A,01,0,1,0,0,0,0,1,0,0,"- ","- ",,,"SAN FRANCISCO","SAN FRANCISCO",-122.44591522216797,37.772983551025391
9275108,2021,2021-07-02,3801,2021-05-06,0856,2247,NORTH,4,5,7,3801,0,0,0,,0,03E,"POLK ST",MCALLISTER,0.00,,Y,A,-,N,,,,,,,,,,N,4,0,1,2,A,-,12,21453,A,N,D,G,A,A,H,-,A,A,0,,Y,,,Y,,-,"- ",0,0,1,0,0,0,1,0,0,"- ","- ",,,"SAN FRANCISCO","SAN FRANCISCO",-122.41860198974609,37.7802734375
9275154,2021,2021-07-08,3801,2021-05-08,1306,2238,PARK,6,5,7,3801,0,0,0,,0,001,"JOHN F KENNEDY DR","CONSERVATORY DR",60.00,E,N,A,-,N,,,,,,,,,,N,3,0,2,2,A,-,22,23123,A,N,G,B,E,A,H,-,A,D,0,Y,Y,,,Y,,L,04,0,2,0,0,1,0,1,0,0,"- ","- ",,,"SAN FRANCISCO","SAN FRANCISCO",-122.46184539794922,37.771732330322266
9275174,2021,2021-07-08,3801,2021-05-27,1445,NORTHERN,NORTH,4,5,7,3801,0,0,0,,0,3E44C,"OFARRELL ST","SCOTT ST",0.00,,Y,A,-,N,,,,,,,,,,N,4,0,1,2,A,-,12,22450,,N,D,G,A,A,H,-,A,A,0,,Y,,,Y,,L,04,0,0,1,0,0,0,1,0,0,"- ","- ",,,"SAN FRANCISCO","SAN FRANCISCO",-122.4376220703125,37.782646179199219
9285678,2021,2021-06-30,3801,2021-05-28,1518,1118,SOUTH,5,5,7,3801,0,0,0,,0,3B13C,"FOLSOM ST","6TH ST",0.00,,Y,A,-,N,,,,,,,,,,N,3,0,1,2,A,-,12,21453,A,F,D,G,A,A,H,-,A,A,0,,Y,,,Y,,A,01,0,1,0,0,0,0,1,0,0,"- ","- ",,,"SAN FRANCISCO","SAN FRANCISCO",-122.40560150146484,37.778499603271484
9285689,2021,2021-07-02,3801,2021-05-19,1732,4012,TARAV,3,5,7,3801,0,0,0,,0,3I1D,"IRVING ST","18TH AV",0.00,,Y,A,-,N,,,,,,,,,,N,3,0,1,2,A,-,06,21750,A,N,D,G,A,A,H,-,A,D,0,,Y,,,Y,,L,04,0,1,0,0,0,0,1,0,0,"- ","- ",,,"SAN FRANCISCO","SAN FRANCISCO",-122.47605133056641,37.763614654541016
9285713,2021,2021-07-01,3801,2021-05-18,1020,2065,NORTH,2,5,7,3801,0,0,0,,0,3E12A,"FULTON ST","FILLMORE ST",0.00,,Y,A,-,N,,,,,,,,,,N,3,0,1,2,A,-,03,22350,,F,D,G,A,A,H,-,A,A,0,,Y,,,Y,,-,"- ",0,1,0,0,0,0,1,0,0,"- ","- ",,,"SAN FRANCISCO","SAN FRANCISCO",-122.43155670166016,37.777690887451172
9288109,2021,2021-07-02,3801,2021-01-01,1343,970,SOUTH,5,5,7,3801,0,0,0,,0,,"MARKET ST","VALENCIA ST",0.00,,Y,A,-,N,,,,,,,,,,,3,0,1,2,A,-,08,22101,D,F,D,G,A,A,H,-,A,A,0,,Y,,,Y,,A,01,0,1,0,0,0,0,1,0,0,"- ","- ",,,"SAN FRANCISCO","SAN FRANCISCO",-122.42262268066406,37.772548675537109
9288138,2021,2021-07-07,3801,2021-04-10,1508,1332,SOUTH,6,5,7,3801,0,0,0,,0,001,"HOWARD ST","FREMONT ST",0.00,,Y,A,-,N,,,,,,,,,,N,4,0,1,2,A,-,08,22100,A,N,D,G,A,A,H,-,A,A,0,,Y,,,Y,,A,01,0,0,1,0,0,0,1,0,0,"- ","- ",,,"SAN FRANCISCO","SAN FRANCISCO",-122.3951416015625,37.789226531982422
9290649,2021,2021-08-09,3801,2021-06-19,1244,1377,INGLE,6,5,7,3801,0,0,0,,0,3H11C,"MISSION ST","SILVER AV",0.00,,Y,A,-,N,,,,,,,,,,N,4,0,1,2,A,-,09,21801,A,N,A,G,A,A,H,-,A,A,0,,Y,,,Y,,A,01,0,0,1,0,0,0,1,0,0,"- ","- ",,,"SAN FRANCISCO","SAN FRANCISCO",-122.43128204345703,37.728736877441406
9294125,2021,2021-08-02,3801,2021-06-14,0730,1871,INGLE,1,5,7,3801,0,0,0,,0,901,"NIAGARA AV","ALEMANY BL",0.00,,Y,B,F,N,,,,,,,,,,N,3,0,1,2,D,-,00,,,N,D,G,A,B,-,-,A,A,0,,Y,,,Y,,-,"- ",0,1,0,0,0,0,1,0,0,"- ","- ",,,"SAN FRANCISCO","SAN FRANCISCO",-122.44346618652344,37.717002868652344
9295563,2021,2021-08-04,3801,2021-06-24,2115,1350,BAYVI,4,5,7,3801,0,0,0,,0,3C12E,"MARIN ST","BAY SHORE BL",0.00,,Y,A,-,N,,,,,,,,,,N,4,0,1,2,A,-,08,22107,,F,D,G,A,A,H,-,C,A,0,,Y,,,Y,,A,07,0,0,1,0,0,0,1,0,0,"- ","- ",,,"SAN FRANCISCO","SAN FRANCISCO",-122.40351867675781,37.748123168945312
9295696,2021,2021-08-02,3801,2021-06-07,2045,1909,NORTH,1,5,7,3801,0,0,0,,0,NORTHE,"BUCHANAN ST","NORTH POINT ST",10.00,W,N,A,-,N,,,,,,,,,,N,4,0,1,2,A,-,17,22517,,N,E,G,A,A,H,-,B,D,0,,Y,,,Y,,A,01,0,0,1,0,0,0,1,0,0,"- ","- ",,,"SAN FRANCISCO","SAN FRANCISCO",-122.43351745605469,37.804058074951172
9297720,2021,2021-09-13,3801,2021-07-20,1306,1886,TENDE,2,5,7,3801,0,0,0,,0,3J97C,"MARKET ST","MARKET ST 945",0.00,,-,A,-,N,,,,,,,,,,N,4,0,1,2,A,-,08,22107,,N,H,-,A,A,H,-,A,D,0,,Y,,,Y,,L,04,0,0,1,0,0,0,1,0,0,"- ","- ",,,"SAN FRANCISCO","SAN FRANCISCO",,
9308295,2021,2021-08-27,3801,2021-07-27,1411,1342,NORTH,2,5,7,3801,0,0,0,,0,,"GOUGH ST","FULTON ST",0.00,,Y,A,-,N,,,,,,,,,,,3,0,1,2,A,-,08,22107,,N,B,G,A,A,H,-,A,A,0,,Y,,,Y,,A,01,0,1,0,0,0,0,1,0,0,"- ","- ",,,"SAN FRANCISCO","SAN FRANCISCO",-122.42334747314453,37.778751373291016
9313274,2021,2021-09-03,3801,2021-07-06,1855,1666,PARK,2,5,7,3801,0,0,0,,0,4-CAR,"OAK ST","DIVISADERO ST",0.00,,Y,A,-,N,,,,,,,,,,N,4,0,1,2,A,-,08,22100,A,N,D,G,A,A,H,-,B,A,0,,Y,,,Y,,A,01,0,0,1,0,0,0,1,0,0,"- ","- ",,,"SAN FRANCISCO","SAN FRANCISCO",-122.43743133544922,37.773143768310547
9341106,2021,2021-10-08,3801,2021-08-28,1049,A22051,CENTR,6,5,7,3801,0,0,0,,0,3A3A,"BEACH ST","LARKIN ST",0.00,,Y,A,-,N,,,,,,,,,,N,4,0,1,2,A,-,12,22450,,F,B,G,A,A,H,-,A,A,0,,Y,,,Y,,A,01,0,0,1,0,0,0,1,0,0,"- ","- ",,,"SAN FRANCISCO","SAN FRANCISCO",-122.42217254638672,37.806442260742188
9341108,2021,2021-10-08,3801,2021-08-27,1620,2107,NORTH,5,5,7,3801,0,0,0,,0,3E12D,"TURK ST","SCOTT ST",0.00,,Y,A,-,N,,,,,,,,,,N,3,0,1,2,A,-,12,21453,A,N,D,G,A,A,H,-,A,A,0,,Y,,,Y,,L,04,0,1,0,0,0,0,1,0,0,"- ","- ",,,"SAN FRANCISCO","SAN FRANCISCO",-122.43706512451172,37.779857635498047