CASE_ID,ACCIDENT_YEAR,PROC_DATE,JURIS,COLLISION_DATE,COLLISION_TIME,OFFICER_ID,REPORTING_DISTRICT,DAY_OF_WEEK,CHP_SHIFT,POPULATION,CNTY_CITY_LOC,SPECIAL_COND,BEAT_TYPE,CHP_BEAT_TYPE,CITY_DIVISION_LAPD,CHP_BEAT_CLASS,BEAT_NUMBER,PRIMARY_RD,SECONDARY_RD,DISTANCE,DIRECTION,INTERSECTION,WEATHER_1,WEATHER_2,STATE_HWY_IND,CALTRANS_COUNTY,CALTRANS_DISTRICT,STATE_ROUTE,ROUTE_SUFFIX,POSTMILE_PREFIX,POSTMILE,LOCATION_TYPE,RAMP_INTERSECTION,SIDE_OF_HWY,TOW_AWAY,COLLISION_SEVERITY,NUMBER_KILLED,NUMBER_INJURED,PARTY_COUNT,PRIMARY_COLL_FACTOR,PCF_CODE_OF_VIOL,PCF_VIOL_CATEGORY,PCF_VIOLATION,PCF_VIOL_SUBSECTION,HIT_AND_RUN,TYPE_OF_COLLISION,MVIW,PED_ACTION,ROAD_SURFACE,ROAD_COND_1,ROAD_COND_2,LIGHTING,CONTROL_DEVICE,CHP_ROAD_TYPE,PEDESTRIAN_ACCIDENT,BICYCLE_ACCIDENT,MOTORCYCLE_ACCIDENT,TRUCK_ACCIDENT,NOT_PRIVATE_PROPERTY,ALCOHOL_INVOLVED,STWD_VEHTYPE_AT_FAULT,CHP_VEHTYPE_AT_FAULT,COUNT_SEVERE_INJ,COUNT_VISIBLE_INJ,COUNT_COMPLAINT_PAIN,COUNT_PED_KILLED,COUNT_PED_INJURED,COUNT_BICYCLIST_KILLED,COUNT_BICYCLIST_INJURED,COUNT_MC_KILLED,COUNT_MC_INJURED,PRIMARY_RAMP,SECONDARY_RAMP,LATITUDE,LONGITUDE,COUNTY,CITY,POINT_X,POINT_Y
9341110,2021,2021-10-20,3801,2021-08-27,1242,2247,NORTH,5,5,7,3801,0,0,0,,0,3E15A,"MARINA BL","BAKER ST",6.00,S,N,A,-,N,,,,,,,,,,N,3,0,2,2,A,-,12,22450,A,N,D,C,B,A,H,-,A,A,0,Y,Y,,,Y,,L,04,0,1,1,0,1,0,1,0,0,"- ","- ",,,"SAN FRANCISCO","SAN FRANCISCO",-122.44732666015625,37.80517578125
9341994,2021,2021-10-22,3801,2021-09-15,1547,1148,MISSI,3,5,7,3801,0,0,0,,0,3D16D,"14TH ST","SOUTH VAN NESS",0.00,,Y,A,-,N,,,,,,,,,,N,3,0,1,2,A,-,08,22107,,N,D,G,A,A,H,-,A,A,0,,Y,,,Y,,A,01,0,1,0,0,0,0,1,0,0,"- ","- ",,,"SAN FRANCISCO","SAN FRANCISCO",-122.41780090332031,37.768417358398438
9343037,2021,2021-10-14,3801,2021-08-01,1336,4335,NORTH,7,5,7,3801,0,0,0,,0,901,"MARINA BL","DIVISADERO ST",0.00,,Y,A,-,N,,,,,,,,,,N,3,0,2,2,A,-,05,21650,,N,A,G,A,A,H,-,A,D,0,,Y,,,Y,,L,04,0,2,0,0,0,0,2,0,0,"- ","- ",,,"SAN FRANCISCO","SAN FRANCISCO",-122.44400024414062,37.805587768554688
9343167,2021,2021-10-13,3801,2021-08-13,1100,317,CENTR,5,5,7,3801,0,0,0,,0,SECTOR,"MARKET ST","SUTTER ST",0.00,,Y,A,-,N,,,,,,,,,,N,3,0,2,2,A,-,06,21750,A,N,B,G,A,B,H,-,A,A,0,,Y,,,Y,,L,04,0,1,1,0,0,0,2,0,0,"- ","- ",,,"SAN FRANCISCO","SAN FRANCISCO",-122.40013885498047,37.790298461914062
9343177,2021,2021-10-13,3801,2021-08-03,1445,1422,TRAFF,2,5,7,3801,0,0,0,,0,,"3RD ST","BERRY ST",0.00,,Y,A,-,N,,,,,,,,,,N,3,0,1,2,A,-,08,22107,,N,B,G,A,A,-,-,A,A,0,,Y,,,Y,,L,04,0,1,0,0,0,0,1,0,0,"- ","- ",,,"SAN FRANCISCO","SAN FRANCISCO",-122.39110565185547,37.77752685546875
9343320,2021,2021-10-13,3801,2021-08-23,0848,283,MISSI,1,5,7,3801,0,0,0,,0,0D6,"BRYANT ST","17TH ST",0.00,,Y,A,-,N,,,,,,,,,,N,3,0,1,2,A,-,12,21453,A,N,D,G,A,A,H,-,A,A,0,,Y,,,Y,,L,04,0,1,0,0,0,0,1,0,0,"- ","- ",,,"SAN FRANCISCO","SAN FRANCISCO",-122.41038513183594,37.764324188232422
9345624,2021,2021-10-29,3801,2021-09-23,2303,2220,MISSI,4,5,7,3801,0,0,0,,0,,"GUERRERO ST","17TH ST",0.00,,Y,A,-,N,,,,,,,,,,N,2,0,1,2,A,-,"- ",,,N,D,-,F,A,H,-,C,A,0,Y,Y,,,Y,,L,04,1,0,0,0,1,0,0,0,0,"- ","- ",,,"SAN FRANCISCO","SAN FRANCISCO",-122.42392730712891,37.763172149658203
9345640,2021,2021-10-30,3801,2021-09-26,2127,4136,RICHM,7,5,7,3801,0,0,0,,0,3G13E,"CALIFORNIA ST","6TH AV",0.00,,Y,A,-,N,,,,,,,,,,N,4,0,1,1,D,-,00,,,N,H,A,A,A,H,-,C,D,0,,Y,,,Y,,-,"- ",0,0,1,0,0,0,1,0,0,"- ","- ",,,"SAN FRANCISCO","SAN FRANCISCO",-122.46457672119141,37.784988403320312
9345845,2021,2021-10-27,3801,2021-09-03,1819,1631,SOUTH,5,5,7,3801,0,0,0,,0,3B13D,"MISSION ST","8TH ST",0.00,,Y,A,-,N,,,,,,,,,,N,4,0,1,2,A,-,17,21200,A,N,D,G,A,A,H,-,A,A,0,,Y,,,Y,,L,04,0,0,1,0,0,0,1,0,0,"- ","- ",,,"SAN FRANCISCO","SAN FRANCISCO",-122.41315460205078,37.7774658203125
9347360,2021,2021-10-28,3801,2021-09-30,1420,2210,SOUTH,4,5,7,3801,0,0,0,,0,0B4,"MARKET ST","OCTAVIA ST",0.00,,Y,A,-,N,,,,,,,,,,N,4,0,1,2,A,-,08,22101,D,N,D,G,A,A,-,-,A,A,0,,Y,,,Y,,A,01,0,0,1,0,0,0,1,0,0,"- ","- ",,,"SAN FRANCISCO","SAN FRANCISCO",-122.42359161376953,37.771774291992188
9347439,2021,2021-10-28,3801,2021-09-04,0112,2368,TENDE,6,5,7,3801,0,0,0,,0,0J5,"ELLIS ST","TAYLOR ST",0.00,,Y,A,-,N,,,,,,,,,,,4,0,1,2,A,-,12,21453,A,F,B,G,A,A,H,-,C,A,0,,Y,,,Y,Y,-,99,0,0,1,0,0,0,1,0,0,"- ","- ",,,"SAN FRANCISCO","SAN FRANCISCO",-122.41112518310547,37.78509521484375
9347722,2021,2021-10-27,3801,2021-09-30,0901,1118,SOUTH,4,5,7,3801,0,0,0,,0,3B14A,"11TH ST","BRYANT ST",88.00,N,N,A,-,N,,,,,,,,,,N,4,0,1,3,A,-,08,22107,,N,D,G,A,A,H,-,A,D,0,,Y,,,Y,,A,01,0,0,1,0,0,0,1,0,0,"- ","- ",,,"SAN FRANCISCO","SAN FRANCISCO",-122.41101837158203,37.769493103027344
9347726,2021,2021-10-27,3801,2021-09-17,1700,4798,NORTH,5,5,7,3801,0,0,0,,0,3E00D,"OCTAVIA BL","OAK ST",0.00,,Y,A,-,N,,,,,,,,,,N,3,0,1,2,A,-,03,22350,,F,D,G,A,A,H,-,A,A,0,,Y,,,Y,,A,01,0,1,0,0,0,0,1,0,0,"- ","- ",,,"SAN FRANCISCO","SAN FRANCISCO",-122.42430114746094,37.774799346923828
9348930,2022,2022-07-20,3801,2022-05-20,0319,1688,BAYVI,5,5,7,3801,0,0,0,,0,3C15E,"CAMBRIDGE ST","SWEENY ST",42.00,N,N,A,-,N,,,,,,,,,,N,4,0,1,1,A,I,"- ",,,N,H,J,A,A,H,-,C,D,0,,Y,,,Y,,L,04,0,0,1,0,0,0,1,0,0,"- ","- ",,,"SAN FRANCISCO","SAN FRANCISCO",-122.41935729980469,37.730533599853516
9349614,2021,2021-10-26,3801,2021-09-01,1508,1524,INGLE,3,5,7,3801,0,0,0,,0,3H15C,"BOSWORTH ST","LIPPARD AV",0.00,,Y,A,-,N,,,,,,,,,,N,3,0,1,2,A,-,12,22450,A,N,D,G,A,A,H,-,A,A,0,,Y,,,Y,,L,04,0,1,0,0,0,0,1,0,0,"- ","- ",,,"SAN FRANCISCO","SAN FRANCISCO",-122.43581390380859,37.73388671875
9350355,2021,2021-10-25,3801,2021-09-21,1430,1601,BAYVI,2,5,7,3801,0,0,0,,0,0C1,"CESAR CHAVEZ","CONNECTICUT ST",0.00,,Y,A,-,N,,,,,,,,,,N,3,0,1,2,A,-,05,21650,1,N,D,G,A,A,H,-,A,A,0,,Y,,,Y,,L,04,0,1,0,0,0,0,1,0,0,"- ","- ",,,"SAN FRANCISCO","SAN FRANCISCO",-122.39627075195312,37.749752044677734
9350738,2021,2021-10-30,3801,2021-09-03,1744,1062,MISSI,5,5,7,3801,0,0,0,,0,3D45C,"HARRISON ST","5TH ST",0.00,,Y,A,-,N,,,,,,,,,,N,3,0,1,2,A,-,"- ",,,F,A,G,A,A,H,-,A,A,0,,Y,,,Y,Y,A,01,0,1,0,0,0,0,1,0,0,"- ","- ",,,"SAN FRANCISCO","SAN FRANCISCO",-122.40187072753906,37.779056549072266
9362823,2021,2021-12-01,3801,2021-10-18,1945,1514,MISSI,1,5,7,3801,0,0,0,,0,,"18TH ST","18TH ST 3489",0.00,,Y,A,-,N,,,,,,,,,,N,3,0,1,2,A,-,03,22350,,N,-,G,A,A,H,-,D,D,0,,Y,,,Y,,A,01,0,1,0,0,0,0,1,0,0,"- ","- ",,,"SAN FRANCISCO","SAN FRANCISCO",,
9362855,2021,2021-12-01,3801,2021-10-07,2341,1024,TENDE,4,5,7,3801,0,0,0,,0,2J13E,"ELM ST",POLK,0.00,,Y,A,-,N,,,,,,,,,,N,4,0,1,2,A,-,07,21658,,N,C,G,A,A,H,-,C,A,0,,Y,,,Y,,A,01,0,0,1,0,0,0,1,0,0,"- ","- ",,,"SAN FRANCISCO","SAN FRANCISCO",-122.41890716552734,37.781703948974609
9365792,2021,2021-12-13,3801,2021-10-28,2007,1994,TRAFF,4,5,7,3801,0,0,0,,0,4B3G,"PARKER AV","GEARY BL",0.00,,Y,A,-,N,,,,,,,,,,Y,2,0,1,2,A,-,09,21801,A,N,D,G,A,A,H,-,C,A,0,,Y,,,Y,,A,01,1,0,0,0,0,0,1,0,0,"- ","- ",,,"SAN FRANCISCO","SAN FRANCISCO",-122.45416259765625,37.781658172607422
9369302,2021,2021-12-20,3801,2021-11-24,1410,1628,RICHM,3,5,7,3801,0,0,0,,0,5CAR,"POINT LOBOS AV","POINT LOBOS AV 1090",0.00,,-,A,-,N,,,,,,,,,,N,3,0,1,2,A,-,08,22107,,N,D,G,A,A,H,-,A,A,0,,Y,,,Y,,A,01,0,1,0,0,0,0,1,0,0,"- ","- ",,,"SAN FRANCISCO","SAN FRANCISCO",,
9376219,2021,2021-12-30,3801,2021-11-04,0820,768,INGLE,4,5,7,3801,0,0,0,,0,3H11A,"FOLSOM ST","PRECITA AV",0.00,,Y,B,-,N,,,,,,,,,,N,3,0,1,1,A,-,03,22350,,N,H,A,A,B,H,-,A,A,0,,Y,,,Y,,L,04,0,1,0,0,0,0,1,0,0,"- ","- ",,,"SAN FRANCISCO","SAN FRANCISCO",-122.41358184814453,37.747188568115234
9376233,2021,2021-12-30,3801,2021-11-07,1550,1207,MISSI,7,5,7,3801,0,0,0,,0,,"SOUTH VAN NESS AV","ERIE ST",0.00,,Y,A,-,N,,,,,,,,,,N,4,0,1,2,A,-,08,22107,,N,B,G,A,A,H,-,A,D,0,,Y,,,Y,,L,04,0,0,1,0,0,0,1,0,0,"- ","- ",,,"SAN FRANCISCO","SAN FRANCISCO",-122.41783142089844,37.769203186035156
9376239,2021,2021-12-30,3801,2021-11-05,1954,2132,PARK,5,5,7,3801,0,0,0,,0,,"STANYAN ST","OAK ST",0.00,,Y,A,-,N,,,,,,,,,,N,3,0,1,2,A,-,03,22350,,N,D,G,A,A,H,-,C,A,0,,Y,,,Y,,A,01,0,1,0,0,0,0,1,0,0,"- ","- ",,,"SAN FRANCISCO","SAN FRANCISCO",-122.45395660400391,37.771354675292969
9376333,2021,2021-12-17,3801,2021-11-06,1744,784,SOUTH,6,5,7,3801,0,0,0,,0,0B4,"MARKET ST","LAGUNA ST",0.00,,Y,A,-,N,,,,,,,,,,N,3,0,1,1,A,-,03,22350,,N,-,-,A,A,H,-,A,D,0,,Y,,,Y,,L,04,0,1,0,0,0,0,1,0,0,"- ","- ",,,"SAN FRANCISCO","SAN FRANCISCO",-122.42485809326172,37.770748138427734
9382256,2021,2022-01-08,3801,2021-11-12,1745,969,MISSI,5,5,7,3801,0,0,0,,0,3D16D,"17TH ST","HARRISON ST",0.00,,Y,A,-,N,,,,,,,,,,N,3,0,1,2,A,-,00,21807,A,N,D,G,A,A,H,-,C,A,0,,Y,,,Y,,A,01,0,1,0,0,0,0,1,0,0,"- ","- ",,,"SAN FRANCISCO","SAN FRANCISCO",-122.41303253173828,37.764091491699219
9389204,2021,2022-02-18,3801,2021-12-14,0930,4305,NORTH,2,5,7,3801,0,0,0,,0,,"WEBSTER ST","TURK ST",0.00,,Y,B,-,N,,,,,,,,,,N,4,0,1,2,A,-,03,22350,,N,B,G,A,B,H,-,A,A,0,,Y,,,Y,,L,04,0,0,1,0,0,0,1,0,0,"- ","- ",,,"SAN FRANCISCO","SAN FRANCISCO",-122.43048858642578,37.780685424804688
9390950,2021,2022-01-27,3801,2021-12-01,1709,2181,NORTH,3,5,7,3801,0,0,0,,0,3E11D,"HAYES ST","FRANKLIN ST",5.00,W,N,A,-,N,,,,,,,,,,N,4,0,1,2,A,-,11,21950,B,N,D,G,A,A,H,-,C,A,0,,Y,,,Y,,L,04,0,0,1,0,0,0,1,0,0,"- ","- ",,,"SAN FRANCISCO","SAN FRANCISCO",-122.42135620117188,37.777076721191406
9391962,2021,2022-01-20,3801,2021-12-28,1545,4314,RICHM,2,5,7,3801,0,0,0,,0,0G5,"CHAIN OF LAKES DR","JOHN F KENNEDY DR",0.00,,Y,B,-,N,,,,,,,,,,N,4,0,1,2,D,-,00,,,F,D,G,A,B,H,-,A,A,0,,Y,,,Y,,-,"- ",0,0,1,0,0,0,1,0,0,"- ","- ",,,"SAN FRANCISCO","SAN FRANCISCO",,
9396439,2022,2022-06-15,3801,2022-05-21,0917,2461,SOUTH,6,5,7,3801,0,0,0,,0,3B14A,"FOLSOM ST","HARRIET ST",0.00,,Y,A,-,N,,,,,,,,,,N,4,0,1,2,A,-,08,22107,,F,D,G,A,A,H,-,A,D,0,,Y,,,Y,,A,01,0,0,1,0,0,0,1,0,0,"- ","- ",,,"SAN FRANCISCO","SAN FRANCISCO",-122.40613555908203,37.778076171875
9396468,2022,2022-06-15,3801,2022-05-12,1611,1766,PARK,4,5,7,3801,0,0,0,,0,4B103,"HAYES ST","BRODERICK ST",226.00,W,N,A,-,N,,,,,,,,,,N,2,0,1,1,D,-,00,,,N,H,-,A,A,H,-,A,D,0,,Y,,,Y,,-,"- ",1,0,0,0,0,0,1,0,0,"- ","- ",,,"SAN FRANCISCO","SAN FRANCISCO",-122.44024658203125,37.774665832519531
9400642,2022,2022-02-22,3801,2022-01-26,1400,1355,TARAV,3,5,7,3801,0,0,0,,0,3116B,"SKYLINE BL","LAKE MERCED BL",49.00,N,N,A,-,N,,,,,,,,,,N,4,0,1,2,A,-,08,22107,,N,D,G,A,A,-,-,A,D,0,,Y,,,Y,,A,01,0,0,1,0,0,0,1,0,0,"- ","- ",,,"SAN FRANCISCO","SAN FRANCISCO",-122.49884033203125,37.731639862060547
9405019,2022,2022-02-17,3801,2022-01-18,1703,1642,INGLE,2,5,7,3801,0,0,0,,0,3H15D,"ALEMANY BL","SENECA AV",0.00,,Y,A,-,N,,,,,,,,,,N,3,0,1,2,A,-,08,22100,,N,D,G,A,A,-,-,A,A,0,,Y,,,Y,,L,04,0,1,0,0,0,0,1,0,0,"- ","- ",,,"SAN FRANCISCO","SAN FRANCISCO",-122.44136047363281,37.718658447265625
9405563,2021,2022-02-28,3801,2021-12-31,1439,1936,TRAFF,5,5,7,3801,0,0,0,,0,4B1D,"MASONIC AV","FREDERICK ST",212.00,N,N,A,-,N,,,,,,,,,,N,2,0,1,2,A,-,06,21755,A,N,D,G,A,A,H,-,A,A,0,,Y,,,Y,,L,04,1,0,0,0,0,0,1,0,0,"- ","- ",,,"SAN FRANCISCO","SAN FRANCISCO",-122.44485473632812,37.76800537109375
9405699,2022,2022-02-11,3801,2022-01-08,1018,1377,INGLE,6,5,7,3801,0,0,0,,0,3H15A,"BRUNSWICK ST","OLIVER ST",0.00,,Y,A,-,N,,,,,,,,,,N,3,0,1,2,A,-,12,22450,A,N,A,G,A,A,H,-,A,A,0,,Y,,,Y,,L,04,0,1,0,0,0,0,1,0,0,"- ","- ",,,"SAN FRANCISCO","SAN FRANCISCO",-122.44985961914062,37.708324432373047
9410117,2022,2022-03-14,3801,2022-01-31,1818,1286,SOUTH,1,5,7,3801,0,0,0,,0,3B2,"5TH ST","FOLSOM ST",93.00,S,N,A,-,N,,,,,,,,,,N,2,0,1,2,A,-,05,21650,1,N,A,-,A,A,H,-,C,A,0,,Y,,,Y,,L,04,1,0,0,0,0,0,1,0,0,"- ","- ",,,"SAN FRANCISCO","SAN FRANCISCO",-122.40317535400391,37.780086517333984
9414381,2022,2022-03-25,3801,2022-01-29,1440,2707,TARAV,6,5,7,3801,0,0,0,,0,"6 CAR","SKYLINE BL","GREAT HWY",0.00,,Y,A,-,Y,SF,4,35,-,-,1.260,I,5,S,N,4,0,1,2,A,-,09,21801,A,N,D,G,A,A,H,-,A,D,0,,Y,,,Y,,L,04,0,0,1,0,0,0,1,0,0,"- ","- ",,,"SAN FRANCISCO","SAN FRANCISCO",-122.50310516357422,37.725189208984375
9416980,2022,2022-05-10,3801,2022-02-05,0941,728,TARAV,6,5,7,3801,0,0,0,,0,3I13A,"24TH AV","24TH AV 2610",0.00,,-,A,-,N,,,,,,,,,,N,3,0,2,2,A,-,21,22106,,N,C,G,A,A,H,-,A,D,0,,Y,,,Y,,A,01,0,2,0,0,0,0,2,0,0,"- ","- ",,,"SAN FRANCISCO","SAN FRANCISCO",,
9422555,2022,2022-06-03,3801,2022-04-21,1120,4132,MISSI,4,5,7,3801,0,0,0,,0,6CAR,"HARRISON ST","16TH ST",0.00,,Y,A,-,N,,,,,,,,,,N,4,0,1,2,A,-,09,21801,A,N,D,G,A,A,H,-,A,A,0,,Y,,,Y,,A,01,0,0,1,0,0,0,1,0,0,"- ","- ",,,"SAN FRANCISCO","SAN FRANCISCO",-122.41314697265625,37.765449523925781
9425299,2022,2022-04-19,3801,2022-03-05,1445,986,TARAV,6,5,7,3801,0,0,0,,0,3I15B,"SLOAT BL","ZOO RD",0.00,,Y,A,-,N,,,,,,,,,,N,4,0,1,2,A,-,08,22107,,N,B,G,A,A,G,H,A,D,0,,Y,,,Y,,A,07,0,0,1,0,0,0,1,0,0,"- ","- ",,,"SAN FRANCISCO","SAN FRANCISCO",,
9427854,2022,2022-04-13,3801,2022-02-23,0940,1872,MISSI,3,5,7,3801,0,0,0,,0,,"23RD ST","HARRISON ST",0.00,,Y,A,-,N,,,,,,,,,,N,4,0,1,2,A,-,12,22450,,N,D,G,A,A,H,-,A,D,0,,Y,,,Y,,L,04,0,0,1,0,0,0,1,0,0,"- ","- ",,,"SAN FRANCISCO","SAN FRANCISCO",-122.41210174560547,37.754245758056641
9431501,2022,2022-04-18,3801,2022-02-11,0041,1688,BAYVI,5,5,7,3801,0,0,0,,0,3C12E,"3RD ST","FAIRFAX AV",14.00,N,N,A,-,N,,,,,,,,,,N,2,0,1,2,A,-,06,21760,B,F,C,G,A,A,H,-,C,D,0,,Y,,,Y,,A,01,1,0,0,0,0,0,1,0,0,"- ","- ",,,"SAN FRANCISCO","SAN FRANCISCO",-122.38827514648438,37.742008209228516
9431567,2022,2022-04-15,3801,2022-03-04,0928,1605,NORTH,5,5,7,3801,0,0,0,,0,3E15A,"OCTAVIA ST","PAGE ST",0.00,,Y,A,-,N,,,,,,,,,,N,2,0,2,2,A,-,12,21453,A,N,D,G,A,B,-,-,A,A,0,,Y,,,Y,,L,04,1,1,0,0,0,0,2,0,0,"- ","- ",,,"SAN FRANCISCO","SAN FRANCISCO",-122.42411041259766,37.773883819580078
9433281,2022,2022-09-27,3801,2022-08-01,2052,4084,TRAFF,1,5,7,3801,0,0,0,,0,COA,"STOCKTON ST","SUTTER ST",0.00,,Y,B,-,N,,,,,,,,,,N,3,0,1,2,A,-,12,21453,A,N,D,G,A,A,H,-,C,A,0,,Y,,,Y,Y,L,04,0,1,0,0,0,0,1,0,0,"- ","- ",,,"SAN FRANCISCO","SAN FRANCISCO",-122.40693664550781,37.789417266845703
9434253,2022,2022-05-09,3801,2022-03-03,0730,2376,SOUTH,4,5,7,3801,0,0,0,,0,3B15A,"16TH ST","4TH ST",0.00,,Y,A,-,N,,,,,,,,,,N,2,0,1,2,A,-,08,22107,,N,D,-,A,A,H,-,A,A,0,,Y,,,Y,,A,01,1,0,0,0,0,0,1,0,0,"- ","- ",,,"SAN FRANCISCO","SAN FRANCISCO",-122.39083099365234,37.766845703125
9435252,2022,2022-04-29,3801,2022-03-13,1724,1033,TENDE,7,5,7,3801,0,0,0,,0,3J15D,"OFARRELL ST","HYDE ST",20.00,E,N,A,-,N,,,,,,,,,,N,4,0,1,1,C,-,18,,,N,H,J,A,A,A,-,A,D,0,,Y,,,Y,,-,"- ",0,0,1,0,0,0,1,0,0,"- ","- ",,,"SAN FRANCISCO","SAN FRANCISCO",-122.41619110107422,37.785400390625
9437212,2022,2022-05-16,3801,2022-04-03,0136,2094,SOUTH,7,5,7,3801,0,0,0,,0,3B14E,"10TH ST","HARRISON ST",107.00,S,N,A,-,N,,,,,,,,,,Y,2,0,1,2,A,-,09,21804,A,N,B,G,A,A,H,-,C,A,0,,Y,,,Y,,L,04,1,0,0,0,0,0,1,0,0,"- ","- ",,,"SAN FRANCISCO","SAN FRANCISCO",-122.41099548339844,37.771389007568359
9437546,2022,2022-06-03,3801,2022-04-22,1537,319,CENTR,5,5,7,3801,0,0,0,,0,3A15D,"NEW MONTGOMERY ST","JESSIE ST",0.00,,Y,A,-,N,,,,,,,,,,N,4,0,1,2,A,-,03,22350,A,F,B,G,A,A,H,-,A,A,0,,Y,,,Y,,A,01,0,0,1,0,0,0,1,0,0,"- ","- ",,,"SAN FRANCISCO","SAN FRANCISCO",-122.40099334716797,37.787868499755859
9442114,2022,2022-05-17,3801,2022-04-13,0815,1477,MISSI,3,5,7,3801,0,0,0,,0,3D13A,"YORK ST","CESAR CHAVEZ ST",8.00,N,N,A,-,N,,,,,,,,,,N,4,0,1,2,A,-,07,21658,A,F,A,G,A,A,H,-,A,A,0,,Y,,,Y,,A,08,0,0,1,0,0,0,1,0,0,"- ","- ",,,"SAN FRANCISCO","SAN FRANCISCO",-122.40789031982422,37.748329162597656
9446808,2022,2022-06-09,3801,2022-04-28,1630,713,CENTR,4,5,7,3801,0,0,0,,0,3A14D,"THE EMBARCADERO",BROADWAY,339.00,S,N,A,-,N,,,,,,,,,,N,4,0,1,2,A,-,08,22107,,N,B,G,A,A,H,-,A,D,0,,Y,,,Y,,A,01,0,0,1,0,0,0,1,0,0,"- ","- ",,,"SAN FRANCISCO","SAN FRANCISCO",-122.39743804931641,37.798290252685547
9446888,2022,2022-05-19,3801,2022-04-07,2203,4798,NORTH,4,5,7,3801,0,0,0,,0,3E00D,"POLK ST","ELLIS ST",0.00,,Y,A,-,N,,,,,,,,,,N,3,0,1,2,A,-,08,22107,,F,B,G,A,A,H,-,C,A,0,,Y,,,Y,,A,01,0,1,0,0,0,0,1,0,0,"- ","- ",,,"SAN FRANCISCO","SAN FRANCISCO",-122.41934967041016,37.784042358398438
94489051,2023,2024-12-02,9335,2023-10-14,"25  ",023067,,6,3,7,3801,0,1,1,,2,023,"I-280 N/B","MISSION ST",375.00,S,N,A,-,Y,SF,,280," ",R,3.028,H,,R,N,1,1,0,2,A,-,17,21200,,F,H,G,A,A,H,-,D,D,0,,Y,,,Y,Y,L,04,0,0,0,0,0,1,0,0,0,"- ","- ",37.732059478759766,-122.42970275878906,"SAN FRANCISCO","SAN FRANCISCO",-122.42967987060547,37.732128143310547
9453954,2022,2022-07-14,3801,2022-06-18,1600,2107,NORTH,6,5,7,3801,0,0,0,,0,3E15D,"MARINA BL","LYON ST",0.00,,Y,A,-,N,,,,,,,,,,N,3,0,1,2,A,-,12,22450,,N,D,G,A,A,H,-,A,A,0,,Y,,,Y,,L,04,0,1,0,0,0,0,1,0,0,"- ","- ",,,"SAN FRANCISCO","SAN FRANCISCO",-122.44829559326172,37.804744720458984
9453961,2022,2022-07-14,3801,2022-06-22,1818,1160,SOUTH,3,5,7,3801,0,0,0,,0,0B1,"HOWARD ST","HAWTHORNE ST",0.00,,Y,B,-,N,,,,,,,,,,N,3,0,1,2,A,-,12,21453,A,N,D,B,B,A,H,-,A,A,0,Y,Y,,,Y,,L,04,0,1,0,0,1,0,0,0,0,"- ","- ",,,"SAN FRANCISCO","SAN FRANCISCO",-122.39937591552734,37.785888671875
9453970,2022,2023-02-09,3801,2022-06-23,0802,9,CENTR,4,5,7,3801,0,0,0,,0,,"NORTH POINT ST","JONES ST",64.00,E,N,A,-,N,,,,,,,,,,N,1,1,0,1,A,-,03,22350,,N,B,I,A,A,B,-,A,A,0,,Y,,,Y,,L,04,0,0,0,0,0,1,0,0,0,"- ","- ",,,"SAN FRANCISCO","SAN FRANCISCO",-122.41687774658203,37.806179046630859
9453983,2022,2022-12-05,3801,2022-06-22,0903,1297,PARK,3,5,7,3801,0,0,0,,0,3F13A,"MASONIC AV","OFARRELL ST",0.00,,Y,A,-,N,,,,,,,,,,N,4,0,1,2,A,-,08,22107,,N,D,G,A,A,H,-,A,A,0,,Y,,,Y,,A,01,0,0,1,0,0,0,1,0,0,"- ","- ",,,"SAN FRANCISCO","SAN FRANCISCO",-122.44754028320312,37.781036376953125
9459049,2022,2022-06-09,3801,2022-05-21,1254,001460,SOUTH,6,5,7,3801,0,0,0,,0,3B5A,"KING ST","2ND ST",180.00,N,N,A,-,N,,,,,,,,,,N,3,0,3,2,A,-,17,22517,,N,B,G,A,A,H,-,A,D,0,,Y,,,Y,,A,01,0,2,1,0,0,0,3,0,0,"- ","- ",,,"SAN FRANCISCO","SAN FRANCISCO",-122.38925933837891,37.780281066894531
9459373,2022,2022-11-03,3801,2022-03-18,1409,2706,MISSI,5,5,7,3801,0,0,0,,0,3D14C,"POTRERO AV","21ST ST",0.00,,Y,A,-,N,,,,,,,,,,N,4,0,1,2,A,-,17,22517,,N,B,G,A,A,-,-,A,A,0,,Y,,,Y,,-,"- ",0,0,1,0,0,0,1,0,0,"- ","- ",,,"SAN FRANCISCO","SAN FRANCISCO",-122.40678405761719,37.757762908935547
9468618,2023,2023-09-08,3801,2023-08-03,1831,1150,PARK,4,5,7,3801,0,0,0,,0,3F14D,"SANCHEZ ST","DUBOCE AV",0.00,,-,B,-,N,,,,,,,,,,,4,0,1,2,A,-,21,22106,,N,D,G,A,A,H,-,A,D,0,,Y,,,Y,,A,01,0,0,1,0,0,0,1,0,0,"- ","- ",,,"SAN FRANCISCO","SAN FRANCISCO",-122.43133544921875,37.769329071044922