CASE_ID,ACCIDENT_YEAR,PROC_DATE,JURIS,COLLISION_DATE,COLLISION_TIME,OFFICER_ID,REPORTING_DISTRICT,DAY_OF_WEEK,CHP_SHIFT,POPULATION,CNTY_CITY_LOC,SPECIAL_COND,BEAT_TYPE,CHP_BEAT_TYPE,CITY_DIVISION_LAPD,CHP_BEAT_CLASS,BEAT_NUMBER,PRIMARY_RD,SECONDARY_RD,DISTANCE,DIRECTION,INTERSECTION,WEATHER_1,WEATHER_2,STATE_HWY_IND,CALTRANS_COUNTY,CALTRANS_DISTRICT,STATE_ROUTE,ROUTE_SUFFIX,POSTMILE_PREFIX,POSTMILE,LOCATION_TYPE,RAMP_INTERSECTION,SIDE_OF_HWY,TOW_AWAY,COLLISION_SEVERITY,NUMBER_KILLED,NUMBER_INJURED,PARTY_COUNT,PRIMARY_COLL_FACTOR,PCF_CODE_OF_VIOL,PCF_VIOL_CATEGORY,PCF_VIOLATION,PCF_VIOL_SUBSECTION,HIT_AND_RUN,TYPE_OF_COLLISION,MVIW,PED_ACTION,ROAD_SURFACE,ROAD_COND_1,ROAD_COND_2,LIGHTING,CONTROL_DEVICE,CHP_ROAD_TYPE,PEDESTRIAN_ACCIDENT,BICYCLE_ACCIDENT,MOTORCYCLE_ACCIDENT,TRUCK_ACCIDENT,NOT_PRIVATE_PROPERTY,ALCOHOL_INVOLVED,STWD_VEHTYPE_AT_FAULT,CHP_VEHTYPE_AT_FAULT,COUNT_SEVERE_INJ,COUNT_VISIBLE_INJ,COUNT_COMPLAINT_PAIN,COUNT_PED_KILLED,COUNT_PED_INJURED,COUNT_BICYCLIST_KILLED,COUNT_BICYCLIST_INJURED,COUNT_MC_KILLED,COUNT_MC_INJURED,PRIMARY_RAMP,SECONDARY_RAMP,LATITUDE,LONGITUDE,COUNTY,CITY,POINT_X,POINT_Y
9468651,2023,2023-09-20,3801,2023-08-17,1540,1246,BAYVI,4,5,7,3801,0,0,0,,0,3C15D,"3RD ST","VAN DYKE AV",0.00,,Y,A,-,N,,,,,,,,,,N,3,0,1,2,A,-,03,22350,,N,H,G,A,A,H,-,A,D,0,,Y,,,Y,,L,04,0,1,0,0,0,0,1,0,0,"- ","- ",,,"SAN FRANCISCO","SAN FRANCISCO",-122.39257049560547,37.729206085205078
9468657,2023,2023-09-21,3801,2023-08-22,"845 ",1061,SOUTH,2,5,7,3801,0,0,0,,0,3B14A,"MARKET ST","OCTAVIA ST",0.00,,Y,A,-,N,,,,,,,,,,N,4,0,1,2,A,-,08,22101,D,N,D,G,A,A,H,-,A,A,0,,Y,,,Y,,A,01,0,0,1,0,0,0,1,0,0,"- ","- ",,,"SAN FRANCISCO","SAN FRANCISCO",-122.42359161376953,37.771774291992188
9468669,2023,2023-09-11,3801,2023-08-14,1536,A09968,PARK,1,5,7,3801,0,0,0,,0,3F2D,"CLAYTON ST","MARKET ST",0.00,,Y,A,-,N,,,,,,,,,,N,4,0,1,2,A,-,04,21703,,N,C,G,A,-,H,-,A,A,0,,Y,,,Y,,A,07,0,0,1,0,0,0,1,0,0,"- ","- ",,,"SAN FRANCISCO","SAN FRANCISCO",-122.4437255859375,37.758148193359375
9468675,2023,2023-09-08,3801,2023-08-17,"925 ",2453,MISSI,4,5,7,3801,0,0,0,,0,3D13A,"FOLSOM ST","23RD ST",40.00,N,N,A,-,N,,,,,,,,,,N,4,0,1,2,A,-,17,22517,,N,B,G,A,A,H,-,A,D,0,,Y,,,Y,,A,01,0,0,1,0,0,0,1,0,0,"- ","- ",,,"SAN FRANCISCO","SAN FRANCISCO",-122.41426086425781,37.754230499267578
9468686,2023,2023-09-27,3801,2023-08-11,"955 ",2707,TARAV,5,5,7,3801,0,0,0,,0,002,"JACKSON ST","FILLMORE ST",0.00,,Y,-,-,N,,,,,,,,,,N,3,0,1,2,D,-,00,,,N,H,J,A,-,-,-,A,-,0,,Y,,,Y,Y,-,"- ",0,1,0,0,0,0,1,0,0,"- ","- ",,,"SAN FRANCISCO","SAN FRANCISCO",-122.43454742431641,37.792465209960938
9468691,2023,2023-09-15,3801,2023-08-08,"218 ",276,NORTH,2,5,7,3801,0,0,0,,0,3E13E,"MCALLISTER ST","POLK ST",0.00,,Y,A,-,N,,,,,,,,,,N,4,0,1,2,A,-,12,21453,A,N,B,G,A,A,H,-,C,A,0,,Y,,,Y,,L,04,0,0,1,0,0,0,1,0,0,"- ","- ",,,"SAN FRANCISCO","SAN FRANCISCO",-122.41860198974609,37.7802734375
9469457,2023,2023-09-13,3801,2023-08-07,"158 ",2391,NORTH,1,5,7,3801,0,0,0,,0,3E12E,"HAYES ST","POLK ST",0.00,,Y,A,G,N,,,,,,,,,,N,3,0,1,2,A,-,12,21453,A,N,D,G,A,A,H,-,C,A,0,,Y,,,Y,,L,04,0,1,0,0,0,0,1,0,0,"- ","- ",,,"SAN FRANCISCO","SAN FRANCISCO",-122.41803741455078,37.777507781982422
9469533,2023,2023-10-02,3801,2023-08-25,1706,2461,SOUTH,5,5,7,3801,0,0,0,,0,0B1,"THE EMBARCADERO","FOLSOM ST",0.00,,Y,A,-,N,,,,,,,,,,N,3,0,1,2,-,-,"- ",,,N,H,G,A,A,H,-,A,A,0,,Y,,,Y,,-,"- ",0,1,0,0,0,0,1,0,0,"- ","- ",,,"SAN FRANCISCO","SAN FRANCISCO",-122.39015960693359,37.790756225585938
9472030,2022,2022-07-13,3801,2022-06-16,1038,2196,MISSI,4,5,7,3801,0,0,0,,0,3D2A,"CHURCH ST","HILL ST",41.00,S,N,A,-,N,,,,,,,,,,N,2,0,1,1,A,-,03,22350,,N,A,I,A,A,H,-,A,D,0,,Y,,,Y,,L,04,1,0,0,0,0,0,1,0,0,"- ","- ",,,"SAN FRANCISCO","SAN FRANCISCO",-122.42781066894531,37.755577087402344
9472273,2022,2022-07-20,3801,2022-04-04,1608,2475,CENTR,1,5,7,3801,0,0,0,,0,3A11D,"GEARY ST","HYDE ST",0.00,,Y,A,-,N,,,,,,,,,,N,4,0,1,2,A,-,05,21650,1,N,A,G,A,A,-,-,A,D,0,,Y,,,Y,,L,04,0,0,1,0,0,0,1,0,0,"- ","- ",,,"SAN FRANCISCO","SAN FRANCISCO",-122.41645050048828,37.786319732666016
9478918,2022,2022-08-09,3801,2022-04-13,0610,4294,NORTH,3,5,7,3801,0,0,0,,0,0E1,"OCTAVIA ST","PAGE ST",0.00,,Y,A,-,N,,,,,,,,,,N,3,0,1,2,A,-,12,21453,A,F,D,G,A,A,H,-,A,A,0,,Y,,,Y,,A,01,0,1,0,0,0,0,1,0,0,"- ","- ",,,"SAN FRANCISCO","SAN FRANCISCO",-122.42411041259766,37.773883819580078
9478976,2022,2022-08-10,3801,2022-07-02,0943,936,CENTR,6,5,7,3801,0,0,0,,0,3A13A,"NORTH POINT ST","POWELL ST",88.00,W,N,B,-,N,,,,,,,,,,N,3,0,1,2,A,-,17,22517,,N,B,G,A,A,H,-,A,D,0,,Y,,,Y,,A,01,0,1,0,0,0,0,1,0,0,"- ","- ",,,"SAN FRANCISCO","SAN FRANCISCO",-122.41242980957031,37.806728363037109
9481483,2022,2022-08-08,3801,2022-07-11,2147,2741,MISSI,1,5,7,3801,0,0,0,,0,901,"HARRISON ST","16TH ST",0.00,,Y,A,-,N,,,,,,,,,,N,3,0,1,2,A,-,09,21801,,N,D,J,A,A,H,-,C,A,0,,Y,,,Y,,A,01,0,1,0,0,0,0,1,0,0,"- ","- ",,,"SAN FRANCISCO","SAN FRANCISCO",-122.41314697265625,37.765449523925781
9481509,2022,2022-08-10,3801,2022-07-23,1613,1160,SOUTH,6,5,7,3801,0,0,0,,0,0B1,"2ND ST","TEHAMA ST",0.00,,Y,A,-,N,,,,,,,,,,N,3,0,1,1,A,-,03,22350,,N,H,J,A,A,H,-,A,D,0,,Y,,,Y,,L,04,0,1,0,0,0,0,1,0,0,"- ","- ",,,"SAN FRANCISCO","SAN FRANCISCO",-122.39771270751953,37.786346435546875
9481512,2022,2022-08-10,3801,2022-07-22,1932,2407,MISSI,5,5,7,3801,0,0,0,,0,3D14D,"ALABAMA ST","26TH ST",0.00,,Y,A,-,N,,,,,,,,,,N,3,0,1,2,A,-,12,22450,A,F,D,G,A,A,H,-,A,A,0,,Y,,,Y,,A,01,0,1,0,0,0,0,1,0,0,"- ","- ",,,"SAN FRANCISCO","SAN FRANCISCO",-122.41063690185547,37.749500274658203
9481887,2022,2022-08-08,3801,2022-04-05,1250,4286,RICHM,2,5,7,3801,0,0,0,,0,0G2,"CLAY ST","MAPLE ST",0.00,,Y,A,-,N,,,,,,,,,,N,3,0,1,2,A,-,09,21802,A,N,D,G,A,A,H,-,A,D,0,,Y,,,Y,,L,04,0,1,0,0,0,0,1,0,0,"- ","- ",,,"SAN FRANCISCO","SAN FRANCISCO",-122.45542907714844,37.788013458251953
9483555,2022,2022-08-08,3801,2022-06-30,1400,4274,RICHM,4,5,7,3801,0,0,0,,0,4G13C,"BALBOA ST","GREAT HWY",0.00,,Y,A,-,N,,,,,,,,,,N,4,0,1,2,A,-,12,22450,A,N,D,G,A,A,H,-,A,A,0,,Y,,,Y,,L,04,0,0,1,0,0,0,1,0,0,"- ","- ",,,"SAN FRANCISCO","SAN FRANCISCO",-122.51129150390625,37.775077819824219
9483590,2022,2022-08-05,3801,2022-07-15,1629,1823,SOUTH,5,5,7,3801,0,0,0,,0,001,"NEW MONTGOMERY ST","MISSION ST",0.00,,Y,A,-,N,,,,,,,,,,N,2,0,1,2,A,-,12,21453,A,N,D,G,A,A,H,-,A,A,0,,Y,,,Y,,A,01,1,0,0,0,0,0,1,0,0,"- ","- ",,,"SAN FRANCISCO","SAN FRANCISCO",-122.40049743652344,37.787452697753906
9483598,2022,2022-08-05,3801,2022-07-04,1100,4267,TARAV,1,5,7,3801,0,0,0,,0,3I41,"OCEAN AV","KEYSTONE WY",0.00,,-,A,-,N,,,,,,,,,,N,3,0,1,2,A,-,08,22107,,N,B,G,A,A,H,-,A,D,0,,Y,,,Y,,A,01,0,1,0,0,0,0,1,0,0,"- ","- ",,,"SAN FRANCISCO","SAN FRANCISCO",-122.46285247802734,37.725490570068359
9502424,2022,2022-12-12,3801,2022-03-09,1334,1435,TRAFF,3,5,7,3801,0,0,0,,0,4B4G,BRANNAN,"BOARDMAN PL",0.00,,N,A,-,N,,,,,,,,,,N,4,0,1,2,D,-,00,,,N,H,G,A,-,H,-,A,D,0,,Y,,,Y,,-,"- ",0,0,1,0,0,0,1,0,0,"- ","- ",,,"SAN FRANCISCO","SAN FRANCISCO",-122.40267181396484,37.774429321289062
9503048,2022,2022-09-21,3801,2022-08-05,2230,221,RICHM,5,5,7,3801,0,0,0,,0,3G12E,"FULTON ST","DIVISADERO ST",0.00,,Y,A,-,N,,,,,,,,,,N,3,0,1,2,A,-,08,22107,,N,B,G,A,A,H,-,C,A,0,,Y,,,Y,,A,01,0,1,0,0,0,0,1,0,0,"- ","- ",,,"SAN FRANCISCO","SAN FRANCISCO",-122.43816375732422,37.776859283447266
9503097,2022,2022-09-21,3801,2022-08-05,1628,2419,RICHM,5,5,7,3801,0,0,0,,0,908,"CLAY ST","LYON ST",194.00,W,N,A,-,N,,,,,,,,,,N,2,0,1,1,A,-,03,22350,,N,H,A,A,A,G,-,A,D,0,,Y,,,Y,,L,04,1,0,0,0,0,0,1,0,0,"- ","- ",,,"SAN FRANCISCO","SAN FRANCISCO",-122.44643402099609,37.789157867431641
9503103,2022,2022-09-21,3801,2022-08-08,1350,1100,TENDE,1,5,7,3801,0,0,0,,0,3J4A,"EDDY ST","HYDE ST",207.00,E,N,A,-,N,,,,,,,,,,N,3,0,1,3,A,-,17,22517,,N,B,G,A,A,H,-,A,D,0,,Y,,,Y,,A,01,0,1,0,0,0,0,1,0,0,"- ","- ",,,"SAN FRANCISCO","SAN FRANCISCO",-122.41518402099609,37.783603668212891
9503194,2022,2022-09-21,3801,2022-08-28,1145,664,MISSI,7,5,7,3801,0,0,0,,0,003,"GUERRERO ST","19TH ST",0.00,,Y,A,-,N,,,,,,,,,,N,4,0,1,2,A,-,08,22100,B,N,B,G,A,A,H,-,A,A,0,,Y,,,Y,,L,04,0,0,1,0,0,0,1,0,0,"- ","- ",,,"SAN FRANCISCO","SAN FRANCISCO",-122.42362976074219,37.759975433349609
9503224,2022,2022-09-21,3801,2022-08-05,0830,2088,INGLE,5,5,7,3801,0,0,0,,0,3H2C,"CESAR CHAVEZ ST","HARRISTON ST",0.00,,Y,A,-,N,,,,,,,,,,N,2,0,1,1,D,-,00,,,N,H,-,A,A,H,-,A,A,0,,Y,,,Y,,-,"- ",1,0,0,0,0,0,1,0,0,"- ","- ",,,"SAN FRANCISCO","SAN FRANCISCO",-122.41151428222656,37.748359680175781
9503241,2022,2022-09-22,3801,2022-08-08,0814,1693,BAYVI,1,5,7,3801,0,0,0,,0,901,"MISSISSIPPI ST","MARIPOSA ST",0.00,,Y,A,-,N,,,,,,,,,,N,3,0,1,2,A,-,12,22450,A,F,D,G,A,A,H,-,A,A,0,,Y,,,Y,,-,99,0,1,0,0,0,0,1,0,0,"- ","- ",,,"SAN FRANCISCO","SAN FRANCISCO",-122.39473724365234,37.763980865478516
9503246,2022,2022-09-21,3801,2022-08-04,0958,2098,TENDE,4,5,7,3801,0,0,0,,0,3J93A,"EDDY ST","VAN NESS AV",0.00,,Y,A,-,N,,,,,,,,,,N,4,0,1,2,A,-,05,21650,,N,B,G,A,A,H,-,A,A,0,,Y,,,Y,Y,L,04,0,0,1,0,0,0,1,0,0,"- ","- ",,,"SAN FRANCISCO","SAN FRANCISCO",-122.42076110839844,37.782890319824219
9505126,2022,2022-10-10,3801,2022-06-14,1748,426,NORTH,2,5,7,3801,0,0,0,,0,3E13D,"POLK ST","SUTTER ST",0.00,,Y,A,-,N,,,,,,,,,,N,2,0,1,2,A,-,12,21453,,N,D,G,A,A,H,-,A,A,0,,Y,,,Y,,L,04,1,0,0,0,0,0,1,0,0,"- ","- ",,,"SAN FRANCISCO","SAN FRANCISCO",-122.42010498046875,37.787761688232422
9505611,2022,2022-11-21,3801,2022-10-18,2130,1472,PARK,2,5,7,3801,0,0,0,,0,3F13E,"OAK ST","SHRADER ST",0.00,,Y,A,-,N,,,,,,,,,,N,4,0,1,2,A,-,03,22350,,F,C,G,A,A,H,-,C,A,0,,Y,,,Y,,D,22,0,0,1,0,0,0,1,0,0,"- ","- ",,,"SAN FRANCISCO","SAN FRANCISCO",-122.45221710205078,37.771228790283203
9505796,2022,2022-11-18,3801,2022-09-30,1305,4132,MISSI,5,5,7,3801,0,0,0,,0,1CAR,"15TH ST","ALBION ST",40.00,E,N,A,-,N,,,,,,,,,,N,2,0,1,2,A,-,"- ",,,N,D,B,F,A,H,-,A,D,0,Y,Y,,,Y,,L,04,1,0,0,0,1,0,0,0,0,"- ","- ",,,"SAN FRANCISCO","SAN FRANCISCO",-122.42311859130859,37.766460418701172
9505832,2022,2022-11-16,3801,2022-10-16,1708,670,INGLE,7,5,7,3801,0,0,0,,0,,"MISSION ST","TRUMBULL ST",0.00,,Y,A,-,N,,,,,,,,,,N,3,0,1,2,A,-,17,22517,,N,H,G,A,A,H,-,A,D,0,,Y,,,Y,,A,01,0,1,0,0,0,0,1,0,0,"- ","- ",,,"SAN FRANCISCO","SAN FRANCISCO",-122.42925262451172,37.730781555175781
9506045,2022,2022-11-10,3801,2022-10-15,1722,1527,NORTH,6,5,7,3801,0,0,0,,0,0E3,"EDDY ST","POLK ST",30.00,W,N,A,-,N,,,,,,,,,,N,4,0,1,2,A,-,17,22517,,N,A,G,A,A,H,-,A,D,0,,Y,,,Y,,A,01,0,0,1,0,0,0,1,0,0,"- ","- ",,,"SAN FRANCISCO","SAN FRANCISCO",-122.41928100585938,37.783065795898438
9506050,2022,2022-11-18,3801,2022-10-14,1812,1745,BAYVI,5,5,7,3801,0,0,0,,0,003,MENDELL,"EVANS AV",60.00,S,N,A,-,N,,,,,,,,,,N,4,0,1,2,A,-,03,22350,,N,C,G,A,A,H,-,A,D,0,,Y,,,Y,,-,"- ",0,0,1,0,0,0,1,0,0,"- ","- ",,,"SAN FRANCISCO","SAN FRANCISCO",-122.38488006591797,37.740715026855469
9506385,2022,2022-10-31,3801,2022-09-11,1500,2401,MISSI,7,5,7,3801,0,0,0,,0,3D15A,"SOUTH VAN NESS AV","22ND ST",30.00,N,N,A,-,N,,,,,,,,,,N,3,0,1,2,A,-,17,22517,,N,B,-,A,A,H,-,A,A,0,,Y,,,Y,,-,,0,1,0,0,0,0,1,0,0,"- ","- ",,,"SAN FRANCISCO","SAN FRANCISCO",-122.41659545898438,37.755653381347656
9506547,2022,2022-10-31,3801,2022-09-24,1515,1534,INGLE,6,5,7,3801,0,0,0,,0,3H11D,"MISSION ST","CORTLAND AV",0.00,,Y,A,-,N,,,,,,,,,,,3,0,1,2,A,-,03,22350,,N,C,-,A,A,A,-,A,D,0,,Y,,,Y,,L,04,0,1,0,0,0,0,1,0,0,"- ","- ",,,"SAN FRANCISCO","SAN FRANCISCO",-122.42284393310547,37.741012573242188
9506548,2022,2022-10-10,3801,2022-09-24,2309,2164,INGLE,6,5,7,3801,0,0,0,,0,3H13E,"ROLPH ST","PARIS ST",0.00,,Y,A,-,N,,,,,,,,,,N,4,0,1,2,A,-,12,22450,A,F,B,G,A,A,H,-,C,-,0,,Y,,,Y,,-,,0,0,1,0,0,0,1,0,0,"- ","- ",,,"SAN FRANCISCO","SAN FRANCISCO",-122.43990325927734,37.715011596679688
9506550,2022,2022-10-10,3801,2022-09-22,1445,2239,INGLE,4,5,7,3801,0,0,0,,0,3H11D,"ROSENKRANZ ST","CHAPMAN ST",0.00,,N,A,-,N,,,,,,,,,,N,3,0,1,1,D,-,00,,,N,H,-,A,A,H,-,A,D,0,,Y,,,Y,,-,"- ",0,1,0,0,0,0,1,0,0,"- ","- ",,,"SAN FRANCISCO","SAN FRANCISCO",-122.41069030761719,37.741825103759766
9506552,2022,2022-10-10,3801,2022-09-27,1639,649,INGLE,2,5,7,3801,0,0,0,,0,3H12D,"PORTOLA DR","OSHAUGHNESSY BL",0.00,,Y,A,-,N,,,,,,,,,,N,3,0,1,2,A,-,08,22107,,N,B,G,A,A,H,-,A,A,0,,Y,,,Y,,A,01,0,1,0,0,0,0,1,0,0,"- ","- ",,,"SAN FRANCISCO","SAN FRANCISCO",-122.45160675048828,37.745479583740234
9509956,2022,2022-12-15,3801,2022-11-11,2021,319,CENTR,5,5,7,3801,0,0,0,,0,3A12D,"CALIFORNIA ST","FRONT ST",110.00,E,N,A,-,N,,,,,,,,,,N,3,0,1,2,A,-,08,22107,,F,B,G,A,A,H,-,C,D,0,,Y,,,Y,,A,01,0,1,0,0,0,0,1,0,0,"- ","- ",,,"SAN FRANCISCO","SAN FRANCISCO",-122.39844512939453,37.793403625488281
9509978,2022,2022-12-21,3801,2022-11-27,1703,1582,CENTR,7,5,7,3801,0,0,0,,0,3A14D,"STOCKTON ST","WASHINGTON ST",24.00,N,N,A,-,N,,,,,,,,,,,2,0,1,2,A,-,03,22350,,F,H,B,E,A,H,-,C,A,0,Y,Y,,,Y,,L,04,1,0,0,0,1,0,0,0,0,"- ","- ",,,"SAN FRANCISCO","SAN FRANCISCO",-122.40804290771484,37.795024871826172
9518818,2022,2023-02-02,3801,2022-05-02,1845,1389,BAYVI,1,5,7,3801,0,0,0,,0,3C13D,KISKA,"KISKA 188",0.00,,-,A,-,N,,,,,,,,,,N,4,0,1,1,A,-,03,22350,,N,H,A,A,A,B,-,B,D,0,,Y,,,Y,,L,04,0,0,1,0,0,0,1,0,0,"- ","- ",,,"SAN FRANCISCO","SAN FRANCISCO",,
9522341,2022,2022-12-19,3801,2022-11-19,1835,2046,NORTH,6,5,7,3801,0,0,0,,0,,"POLK ST","EDDY ST",118.00,S,N,A,-,N,,,,,,,,,,N,4,0,1,2,A,-,03,22350,,N,C,E,A,A,H,-,C,A,0,,Y,,,Y,,L,04,0,0,1,0,0,0,1,0,0,"- ","- ",,,"SAN FRANCISCO","SAN FRANCISCO",-122.41911315917969,37.782760620117188
9522354,2022,2022-12-19,3801,2022-11-22,1705,1897,INGLE,2,5,7,3801,0,0,0,,0,3H13D,"LYELL ST","CAYUGA AV",30.00,E,N,A,-,N,,,,,,,,,,N,4,0,1,2,A,-,17,22517,,N,H,G,A,A,H,-,C,A,0,,Y,,,Y,,A,01,0,0,1,0,0,0,1,0,0,"- ","- ",37.730819702148438,-122.43138122558594,"SAN FRANCISCO","SAN FRANCISCO",-122.43138122558594,37.730953216552734
9522372,2022,2022-12-28,3801,2022-11-21,1945,1741,SOUTH,1,5,7,3801,0,0,0,,0,901,"FOLSOM ST","1ST ST",0.00,,Y,A,-,N,,,,,,,,,,N,4,0,1,2,A,-,13,22502,,N,A,E,A,A,H,-,C,A,0,,Y,,,Y,,A,01,0,0,1,0,0,0,1,0,0,"- ","- ",,,"SAN FRANCISCO","SAN FRANCISCO",-122.39447021484375,37.787319183349609
9543115,2022,2023-02-07,3801,2022-12-27,1747,2433,SOUTH,2,5,7,3801,0,0,0,,0,3B13D,"6TH ST","MINNA ST",0.00,,Y,A,-,N,,,,,,,,,,N,4,0,1,2,A,-,12,21453,A,F,D,G,A,A,H,-,C,A,0,,Y,,,Y,,A,01,0,0,1,0,0,0,1,0,0,"- ","- ",,,"SAN FRANCISCO","SAN FRANCISCO",-122.40813446044922,37.780551910400391
9543232,2022,2023-02-16,3801,2022-12-18,2025,2470,CENTR,7,5,7,3801,0,0,0,,0,3A13D,"COLUMBUS AV","BAY ST",166.00,S,N,A,-,N,,,,,,,,,,Y,3,0,1,2,A,-,01,23152,A,N,C,G,A,A,H,-,C,D,0,,Y,,,Y,Y,A,01,0,1,0,0,0,0,1,0,0,"- ","- ",,,"SAN FRANCISCO","SAN FRANCISCO",-122.41677093505859,37.804889678955078
9545462,2023,2023-02-27,3801,2023-01-01,1541,4115,CENTR,7,5,7,3801,0,0,0,,0,3A12C,"NORTH POINT ST","NORTH POINT ST 870",0.00,,N,A,-,N,,,,,,,,,,N,3,0,2,2,A,-,06,21756,A,N,G,B,E,-,H,-,A,D,0,Y,Y,,,Y,,L,04,0,1,1,0,1,0,1,0,0,"- ","- ",,,"SAN FRANCISCO","SAN FRANCISCO",,
9545474,2023,2023-02-24,3801,2023-01-01,1706,2293,NORTH,7,5,7,3801,0,0,0,,0,0E1,"OCTAVIA ST","HAIGHT ST",0.00,,Y,A,-,N,,,,,,,,,,N,4,0,1,2,A,-,12,21453,A,N,D,G,A,A,H,-,A,A,0,,Y,,,Y,,L,04,0,0,1,0,0,0,1,0,0,"- ","- ",,,"SAN FRANCISCO","SAN FRANCISCO",-122.42392730712891,37.772964477539062
9545528,2023,2023-02-25,3801,2023-01-03,1355,4274,RICHM,2,5,7,3801,0,0,0,,0,3B13C,"BALBOA ST","ARGUELLO BL",0.00,,Y,A,-,N,,,,,,,,,,N,4,0,1,2,D,-,00,,,N,A,G,A,A,H,-,A,A,0,,Y,,,Y,,-,"- ",0,0,1,0,0,0,1,0,0,"- ","- ",,,"SAN FRANCISCO","SAN FRANCISCO",-122.45858764648438,37.777248382568359
9545588,2023,2023-02-23,3801,2023-01-27,1239,2706,MISSI,5,5,7,3801,0,0,0,,0,3D15A,"DUBOCE AV","WOODWARD ST",0.00,,Y,A,-,N,,,,,,,,,,N,4,0,2,3,A,-,07,21658,A,N,D,G,A,A,H,-,A,D,0,,Y,Y,,Y,,L,04,0,0,2,0,0,0,1,0,1,"- ","- ",,,"SAN FRANCISCO","SAN FRANCISCO",-122.42092132568359,37.769939422607422
9545704,2022,2023-02-09,3801,2022-10-31,0738,2748,MISSI,1,5,7,3801,0,0,0,,0,3D14A,"13TH ST","MISSION ST",0.00,,Y,A,-,N,,,,,,,,,,N,4,0,1,2,A,-,12,21453,A,N,D,G,A,A,H,-,A,A,0,,Y,,,Y,Y,L,04,0,0,1,0,0,0,1,0,0,"- ","- ",,,"SAN FRANCISCO","SAN FRANCISCO",-122.419921875,37.769977569580078
9553886,2023,2023-03-15,3801,2023-01-26,1735,713,CENTR,4,5,7,3801,0,0,0,,0,3A13D,"3RD ST","JESSIE ST",6.00,N,N,A,-,N,,,,,,,,,,N,3,0,1,2,A,-,08,22107,,N,B,G,A,A,H,-,C,D,0,,Y,,,Y,,A,01,0,1,0,0,0,0,1,0,0,"- ","- ",,,"SAN FRANCISCO","SAN FRANCISCO",-122.40254211425781,37.786712646484375
9553923,2023,2023-03-25,3801,2023-02-03,1621,2100,MISSI,5,5,7,3801,0,0,0,,0,3D11D,"CESAR CHAVEZ ST","CHURCH ST",188.00,W,N,A,-,N,,,,,,,,,,N,3,0,1,1,A,-,03,22350,,N,F,A,A,A,H,-,A,D,0,,Y,,,Y,,L,04,0,1,0,0,0,0,1,0,0,"- ","- ",,,"SAN FRANCISCO","SAN FRANCISCO",-122.42768859863281,37.747692108154297
9553959,2023,2023-04-11,3801,2023-02-04,"50  ",1216,NORTH,6,5,7,3801,0,0,0,,0,3E16E,"LOMBARD ST","VAN NESS AV",250.00,W,N,A,-,N,,,,,,,,,,N,2,0,1,2,A,-,03,22350,,F,C,G,A,A,H,-,C,-,0,,Y,,,Y,,-,99,1,0,0,0,0,0,1,0,0,"- ","- ",37.801151275634766,-122.425537109375,"SAN FRANCISCO","SAN FRANCISCO",-122.42554473876953,37.801162719726562
9554081,2023,2023-03-17,3801,2023-02-13,2005,2272,BAYVI,1,5,7,3801,0,0,0,,0,3C15D,"BAYSHORE BL","CORTLAND AV",0.00,,Y,A,-,N,,,,,,,,,,N,4,0,1,2,A,-,12,21453,A,N,D,G,A,A,H,-,C,D,0,,Y,,,Y,,L,04,0,0,1,0,0,0,1,0,0,"- ","- ",,,"SAN FRANCISCO","SAN FRANCISCO",-122.40699005126953,37.739582061767578
9554112,2023,2023-03-16,3801,2023-02-12,1040,1148,MISSI,7,5,7,3801,0,0,0,,0,3D15A,"17TH ST","SOUTH VAN NESS AV",0.00,,-,-,-,N,,,,,,,,,,N,3,0,1,2,A,-,09,21801,A,N,D,G,A,A,H,-,-,A,0,,Y,,,Y,,A,01,0,1,0,0,0,0,1,0,0,"- ","- ",,,"SAN FRANCISCO","SAN FRANCISCO",-122.41733551025391,37.763557434082031
9554134,2023,2023-03-25,3801,2023-02-05,1846,2008,MISSI,7,5,7,3801,0,0,0,,0,3D15D,"17TH ST","VALENCIA ST",145.00,E,N,A,-,N,,,,,,,,,,N,3,0,1,2,A,-,09,21804,A,N,D,G,A,A,H,-,C,D,0,,Y,,,Y,,A,07,0,1,0,0,0,0,1,0,0,"- ","- ",,,"SAN FRANCISCO","SAN FRANCISCO",-122.42124176025391,37.763332366943359
9561207,2023,2023-04-24,3801,2023-03-06,"926 ",428,CENTR,1,5,7,3801,0,0,0,,0,,"POWELL ST","CALIFORNIA ST",75.00,N,N,A,-,N,,,,,,,,,,N,4,0,1,2,A,-,09,21804,A,N,D,G,A,A,H,-,A,D,0,,Y,,,Y,,A,07,0,0,1,0,0,0,1,0,0,"- ","- ",,,"SAN FRANCISCO","SAN FRANCISCO",-122.40921020507812,37.792251586914062
9561211,2023,2023-04-24,3801,2023-03-21,"758 ",1825,SOUTH,2,5,7,3801,0,0,0,,0,3B2A,"4TH ST","HARRISON ST",0.00,,Y,C,-,N,,,,,,,,,,N,3,0,1,2,A,-,17,21461,A,N,B,G,A,B,H,-,A,A,0,,Y,,,Y,,L,04,0,1,0,0,0,0,1,0,0,"- ","- ",,,"SAN FRANCISCO","SAN FRANCISCO",-122.39962768554688,37.780776977539062