CASE_ID,ACCIDENT_YEAR,PROC_DATE,JURIS,COLLISION_DATE,COLLISION_TIME,OFFICER_ID,REPORTING_DISTRICT,DAY_OF_WEEK,CHP_SHIFT,POPULATION,CNTY_CITY_LOC,SPECIAL_COND,BEAT_TYPE,CHP_BEAT_TYPE,CITY_DIVISION_LAPD,CHP_BEAT_CLASS,BEAT_NUMBER,PRIMARY_RD,SECONDARY_RD,DISTANCE,DIRECTION,INTERSECTION,WEATHER_1,WEATHER_2,STATE_HWY_IND,CALTRANS_COUNTY,CALTRANS_DISTRICT,STATE_ROUTE,ROUTE_SUFFIX,POSTMILE_PREFIX,POSTMILE,LOCATION_TYPE,RAMP_INTERSECTION,SIDE_OF_HWY,TOW_AWAY,COLLISION_SEVERITY,NUMBER_KILLED,NUMBER_INJURED,PARTY_COUNT,PRIMARY_COLL_FACTOR,PCF_CODE_OF_VIOL,PCF_VIOL_CATEGORY,PCF_VIOLATION,PCF_VIOL_SUBSECTION,HIT_AND_RUN,TYPE_OF_COLLISION,MVIW,PED_ACTION,ROAD_SURFACE,ROAD_COND_1,ROAD_COND_2,LIGHTING,CONTROL_DEVICE,CHP_ROAD_TYPE,PEDESTRIAN_ACCIDENT,BICYCLE_ACCIDENT,MOTORCYCLE_ACCIDENT,TRUCK_ACCIDENT,NOT_PRIVATE_PROPERTY,ALCOHOL_INVOLVED,STWD_VEHTYPE_AT_FAULT,CHP_VEHTYPE_AT_FAULT,COUNT_SEVERE_INJ,COUNT_VISIBLE_INJ,COUNT_COMPLAINT_PAIN,COUNT_PED_KILLED,COUNT_PED_INJURED,COUNT_BICYCLIST_KILLED,COUNT_BICYCLIST_INJURED,COUNT_MC_KILLED,COUNT_MC_INJURED,PRIMARY_RAMP,SECONDARY_RAMP,LATITUDE,LONGITUDE,COUNTY,CITY,POINT_X,POINT_Y
6540684,2014,2014-07-25,3801,2014-04-21,0758,73,MISSI,1,5,7,3801,0,0,0,,0,4B6D,"MISSION ST","13TH ST",0.00,,Y,A,-,N,,,,,,,,,,,4,0,1,2,A,-,12,21453,A,N,D,G,A,A,H,-,A,A,0,,Y,,,Y,,L,04,0,0,1,0,0,0,1,0,0,"- ","- ",,,"SAN FRANCISCO","SAN FRANCISCO",-122.42017991,37.769989959999997
6540688,2014,2014-07-25,3801,2014-04-22,0920,2460,SOUTH,2,5,7,3801,0,0,0,,0,3B15A,"BRYANT ST","5TH ST",20.00,W,N,A,-,N,,,,,,,,,,N,3,0,1,3,A,-,08,22107,,N,B,G,A,A,H,-,A,D,0,,Y,,,Y,,L,04,0,1,0,0,0,0,1,0,0,"- ","- ",,,"SAN FRANCISCO","SAN FRANCISCO",-122.4003396,37.777761669999997
6541170,2014,2015-01-13,3801,2014-01-20,2246,004263,MISSI,1,5,7,3801,0,0,0,,0,3D60,"17TH ST","MISSION ST",51.00,W,N,A,-,N,,,,,,,,,,N,4,0,1,2,A,-,05,21650,1,N,D,G,A,A,H,-,C,A,0,,Y,,,Y,,L,04,0,0,1,0,0,0,1,0,0,"- ","- ",,,"SAN FRANCISCO","SAN FRANCISCO",-122.41967606999999,37.76341043
6546049,2014,2014-07-21,3801,2014-01-16,0018,1537,,4,5,7,3801,0,0,0,,0,3D14D,"HARRISON ST","24TH ST",33.00,N,N,A,-,N,,,,,,,,,,N,4,0,1,1,A,-,03,22350,,N,E,I,A,-,H,-,C,D,0,,Y,,,Y,Y,L,04,0,0,1,0,0,0,1,0,0,"- ","- ",,,"SAN FRANCISCO","SAN FRANCISCO",-122.41190450000001,37.752739920000003
6546084,2014,2014-07-21,3801,2014-01-22,1958,000845,SOUTH,3,5,7,3801,0,0,0,,0,4K3F,"HOWARD ST","BEALE ST",7.00,W,N,A,-,N,,,,,,,,,,N,4,0,1,2,A,-,12,21453,A,N,B,G,A,A,H,-,C,A,0,,Y,,,Y,,A,07,0,0,1,0,0,0,1,0,0,"- ","- ",,,"SAN FRANCISCO","SAN FRANCISCO",-122.39429693,37.789906240000001
6546110,2014,2014-07-21,3801,2014-01-24,1538,441,,5,5,7,3801,0,0,0,,0,4B7F,"MARKET ST","OCTAVIA ST",0.00,,Y,A,-,N,,,,,,,,,,N,4,0,1,2,-,-,"- ",,,F,D,G,A,A,H,-,A,A,0,,Y,,,Y,,-,"- ",0,0,1,0,0,0,1,0,0,"- ","- ",,,"SAN FRANCISCO","SAN FRANCISCO",-122.42358993000001,37.771779950000003
6546136,2014,2014-07-22,3801,2014-01-23,0754,848,SOUTH,4,5,7,3801,0,0,0,,0,001,"HOWARD ST",STEWART,84.00,W,N,A,-,N,,,,,,,,,,N,4,0,1,2,A,-,08,22107,,N,B,G,A,A,-,-,A,D,0,,Y,,,Y,,-,"- ",0,0,1,0,0,0,1,0,0,"- ","- ",,,"SAN FRANCISCO","SAN FRANCISCO",-122.39186525,37.791845170000002
6546138,2014,2014-07-21,3801,2014-01-18,1957,000251,RICHA,6,5,7,3801,0,0,0,,0,3G60,"CALIFORNIA ST","LOCUST ST",116.00,W,N,A,-,N,,,,,,,,,,N,4,0,1,2,A,-,07,21658,A,F,B,G,A,A,H,-,C,D,0,,Y,,,Y,,A,07,0,0,1,0,0,0,1,0,0,"- ","- ",,,"SAN FRANCISCO","SAN FRANCISCO",-122.45214652999999,37.786559840000002
6546140,2014,2014-07-21,3801,2014-01-19,1340,2265,TARAV,7,5,7,3801,0,0,0,,0,312B,"SUNSET BL","SANTIAGO ST",0.00,,Y,A,-,N,,,,,,,,,,N,3,0,1,2,A,-,00,20001,A,F,D,G,A,A,H,-,A,A,0,,Y,,,Y,,-,,0,1,0,0,0,0,1,0,0,"- ","- ",,,"SAN FRANCISCO","SAN FRANCISCO",-122.49464985,37.744099919999996
6546161,2014,2014-07-21,3801,2014-02-22,1400,001241,SOUTH,6,5,7,3801,0,0,0,,0,3B4A,"8TH ST","CLEMENTINA ST",0.00,,Y,A,-,N,,,,,,,,,,N,3,0,2,2,A,-,10,21950,A,N,G,B,B,A,H,-,A,D,0,Y,Y,,,Y,,L,04,0,1,1,0,1,0,1,0,0,"- ","- ",,,"SAN FRANCISCO","SAN FRANCISCO",-122.41056989,37.775419890000002
6546164,2014,2014-07-22,3801,2014-02-19,0815,671,MISSI,3,5,7,3801,0,0,0,,0,4K2B,"MARKET ST","EUREKA ST",6.00,W,N,A,-,N,,,,,,,,,,N,4,0,1,2,A,-,06,21755,,N,D,G,A,A,H,-,A,A,0,,Y,,,Y,,L,04,0,0,1,0,0,0,1,0,0,"- ","- ",,,"SAN FRANCISCO","SAN FRANCISCO",-122.43836992999999,37.761715369999997
6546167,2014,2014-07-31,3801,2014-02-09,1435,41,,7,5,7,3801,0,0,0,,0,3A2C,"BROADWAY ST","EMBARCADERO NORTH ST",44.00,W,N,C,-,N,,,,,,,,,,N,3,0,1,2,A,-,09,21801,A,N,D,G,A,B,H,-,A,D,0,,Y,,,Y,,A,01,0,1,0,0,0,0,1,0,0,"- ","- ",,,"SAN FRANCISCO","SAN FRANCISCO",-122.39769638,37.799204039999999
6546186,2014,2014-07-22,3801,2014-02-27,0834,002179,,4,5,7,3801,0,0,0,,0,3A60,"NORTHPOINT DR","LEAVENWORTH ST",0.00,,Y,A,-,N,,,,,,,,,,N,4,0,1,2,A,-,08,22107,,N,D,G,A,A,H,-,A,A,0,,Y,,,Y,,A,01,0,0,1,0,0,0,1,0,0,"- ","- ",,,"SAN FRANCISCO","SAN FRANCISCO",-122.418729,37.805931000000001
6546190,2014,2014-07-22,3801,2014-02-07,1550,002036,BAYVI,5,5,7,3801,0,0,0,,0,3C6D,"17TH ST","POTRERO AV",0.00,,Y,B,C,N,,,,,,,,,,N,2,0,1,2,A,-,17,21209,A,N,B,-,A,B,H,-,A,D,0,,Y,,,Y,,A,01,1,0,0,0,0,0,1,0,0,"- ","- ",,,"SAN FRANCISCO","SAN FRANCISCO",-122.40742988,37.764489990000001
6547455,2014,2014-07-25,3801,2014-02-03,1800,2446,,1,5,7,3801,0,0,0,,0,3D6D,"16TH ST","POTRERO AV",0.00,,Y,A,-,N,,,,,,,,,,N,2,0,2,2,A,-,09,21801,A,N,A,G,A,A,H,-,B,A,0,,Y,Y,,Y,,L,04,1,0,1,0,0,0,1,0,1,"- ","- ",,,"SAN FRANCISCO","SAN FRANCISCO",-122.40755998,37.765769929999998
6547487,2014,2014-07-24,3801,2014-02-04,1920,2337,INGLE,2,5,7,3801,0,0,0,,0,3H11D,"VIRGINIA AV","WINFIELD ST",0.00,,Y,A,-,N,,,,,,,,,,N,4,0,1,2,B,-,22,,,N,H,G,A,A,H,-,A,D,0,,Y,,,Y,,L,04,0,0,1,0,0,0,1,0,0,"- ","- ",,,"SAN FRANCISCO","SAN FRANCISCO",-122.41889988,37.742059910000002
6547491,2014,2014-07-23,3801,2014-02-05,1834,004268,SOUTH,3,5,7,3801,0,0,0,,0,3B14D,"HARRISON ST","9TH ST",0.00,,Y,C,-,N,,,,,,,,,,N,4,0,1,2,A,-,"- ",,,N,E,G,A,B,H,-,C,A,0,,Y,,,Y,,L,04,0,0,1,0,0,0,1,0,0,"- ","- ",,,"SAN FRANCISCO","SAN FRANCISCO",-122.41004995999999,37.77252996
6547492,2014,2014-07-25,3801,2014-02-27,1615,00711,BAYVI,4,5,7,3801,0,0,0,,0,3C13D,"3RD ST","LA SALLE AV",70.00,N,N,A,-,N,,,,,,,,,,N,3,0,1,2,A,-,07,21658,A,N,B,G,A,A,H,-,A,A,0,,Y,,,Y,,A,01,0,1,0,0,0,0,1,0,0,"- ","- ",,,"SAN FRANCISCO","SAN FRANCISCO",-122.38987803000001,37.737405899999999
6547501,2014,2014-07-21,3801,2014-02-13,2221,390,MISSI,4,5,7,3801,0,0,0,,0,004,"CESAR CHAVEZ DR","MISSION ST",7.00,E,N,B,-,N,,,,,,,,,,N,4,0,1,2,A,-,12,21453,A,N,D,G,A,A,H,-,C,A,0,,Y,,,Y,,A,01,0,0,1,0,0,0,1,0,0,"- ","- ",,,"SAN FRANCISCO","SAN FRANCISCO",-122.41812578,37.748179999999998
6547504,2014,2014-07-25,3801,2014-02-03,1230,1598,MISSI,1,5,7,3801,0,0,0,,0,901,"MARKET ST","NOE ST",169.00,W,N,A,-,N,,,,,,,,,,N,3,0,1,2,A,-,17,21209,A,N,B,G,A,A,H,-,A,A,0,,Y,,,Y,,A,07,0,1,0,0,0,0,1,0,0,"- ","- ",,,"SAN FRANCISCO","SAN FRANCISCO",-122.43357592,37.763930559999999
6547519,2014,2014-07-23,3801,2014-02-06,0858,351,SOUTH,4,5,7,3801,0,0,0,,0,3B14A,"8TH ST","DIVISION ST",0.00,,Y,C,-,N,,,,,,,,,,N,4,0,1,2,A,-,03,22350,,N,B,G,A,B,H,-,A,A,0,,Y,,,Y,,L,04,0,0,1,0,0,0,1,0,0,"- ","- ",,,"SAN FRANCISCO","SAN FRANCISCO",-122.40353107,37.769805869999999
6547527,2014,2014-07-22,3801,2014-01-29,2330,2260,SOUTH,3,5,7,3801,0,0,0,,0,3E61,"VAN NESS AV","MARKET ST",0.00,,Y,-,-,N,,,,,,,,,,N,4,0,1,2,A,-,10,21950,A,N,D,G,A,A,H,-,C,A,0,,Y,,,Y,,A,01,0,0,1,0,0,0,1,0,0,"- ","- ",,,"SAN FRANCISCO","SAN FRANCISCO",-122.41925990999999,37.775169959999999
6547532,2014,2014-07-21,3801,2014-02-12,1139,848,SOUTH,3,5,7,3801,0,0,0,,0,004,"MARKET ST","GOUGH ST",91.00,E,N,A,-,N,,,,,,,,,,N,3,0,1,2,A,-,11,21954,A,F,H,B,D,A,H,-,A,A,0,Y,Y,,,Y,Y,N,60,0,1,0,0,1,0,0,0,0,"- ","- ",,,"SAN FRANCISCO","SAN FRANCISCO",-122.42197953,37.773040369999997
6547534,2014,2014-07-22,3801,2014-01-03,1909,000398,SOUTH,5,5,7,3801,0,0,0,,0,3B13D,"MISSION ST","7TH ST",0.00,,Y,D,-,N,,,,,,,,,,N,3,0,1,2,A,-,08,22101,D,N,A,G,A,A,H,-,C,A,0,,Y,,,Y,,A,01,0,1,0,0,0,0,1,0,0,"- ","- ",,,"SAN FRANCISCO","SAN FRANCISCO",-122.41089991,37.779209899999998
6547543,2014,2014-07-22,3801,2014-01-28,1335,899,PARK,2,5,7,3801,0,0,0,,0,4K5F,"DIVISADERO ST","OAK ST",150.00,N,N,A,-,N,,,,,,,,,,N,4,0,1,2,A,-,"- ",,,N,B,G,A,A,H,-,A,D,0,,Y,,,Y,,L,04,0,0,1,0,0,0,1,0,0,"- ","- ",,,"SAN FRANCISCO","SAN FRANCISCO",-122.43750534,37.773547710000003
6547551,2014,2014-07-22,3801,2014-01-02,1125,1887,TRAFF,4,5,7,3801,0,0,0,,0,4K1C,"GEARY BL","ARGUELLO BL",0.00,,Y,A,-,N,,,,,,,,,,N,3,0,1,2,A,-,09,21801,A,N,B,G,A,A,H,-,A,A,0,,Y,,,Y,,A,01,0,1,0,0,0,0,1,0,0,"- ","- ",,,"SAN FRANCISCO","SAN FRANCISCO",-122.45887996,37.781329919999997
6547554,2014,2014-07-22,3801,2014-01-05,2110,002038,F,7,5,7,3801,0,0,0,,0,3F14E,"OAK ST","SCOTT ST",2.00,E,N,A,-,N,,,,,,,,,,N,3,0,1,2,A,-,08,22107,,F,D,G,A,A,H,-,C,A,0,,Y,,,Y,,A,01,0,1,0,0,0,0,1,0,0,"- ","- ",,,"SAN FRANCISCO","SAN FRANCISCO",-122.43576315999999,37.773330860000002
6547585,2014,2014-07-21,3801,2014-01-28,2023,441,PARKD,2,5,7,3801,0,0,0,,0,4B7F,"MASONIC AV","FELL ST",20.00,S,N,A,-,N,,,,,,,,,,N,4,0,1,2,A,-,10,21950,A,N,D,G,A,A,H,-,C,A,0,,Y,,,Y,,A,01,0,0,1,0,0,0,1,0,0,"- ","- ",,,"SAN FRANCISCO","SAN FRANCISCO",-122.44591011,37.772925620000002
6547587,2014,2014-07-22,3801,2014-01-10,1515,441,SOUTH,5,5,7,3801,0,0,0,,0,4B7F,"OTIS ST","MCCOPPIN ST",0.00,,Y,A,-,N,,,,,,,,,,N,4,0,1,2,A,-,05,21650,1,F,B,G,F,A,H,-,A,D,0,Y,Y,,,Y,,L,04,0,0,1,0,1,0,0,0,0,"- ","- ",,,"SAN FRANCISCO","SAN FRANCISCO",-122.42032998000001,37.771779989999999
6547588,2014,2014-07-22,3801,2014-01-07,1007,529,INGLE,2,5,7,3801,0,0,0,,0,3H11C,"MISSION ST","EUGENIA ST",0.00,,Y,A,B,N,,,,,,,,,,N,3,0,1,2,A,-,09,21801,A,N,H,G,A,A,H,-,A,A,0,,Y,,,Y,,A,01,0,1,0,0,0,0,1,0,0,"- ","- ",,,"SAN FRANCISCO","SAN FRANCISCO",-122.42207993,37.742219919999997
6547589,2014,2014-07-21,3801,2014-01-29,0821,1590,NORTH,3,5,7,3801,0,0,0,,0,3E2A,"FULTON ST","WEBSTER ST",116.00,W,N,B,C,N,,,,,,,,,,N,3,0,1,2,A,-,05,21651,A,N,D,G,A,B,H,-,A,D,0,,Y,,,Y,,A,08,0,1,0,0,0,0,1,0,0,"- ","- ",,,"SAN FRANCISCO","SAN FRANCISCO",-122.43030648,37.777859810000002
6556981,2014,2014-07-22,3801,2014-03-14,1950,001101,PARK,5,5,7,3801,0,0,0,,0,3F13D,"WALLER ST","SHRADER ST",10.00,E,N,A,-,N,,,,,,,,,,N,4,0,1,2,A,-,17,22517,,N,H,G,A,A,H,-,C,D,0,,Y,,,Y,,A,01,0,0,1,0,0,0,1,0,0,"- ","- ",,,"SAN FRANCISCO","SAN FRANCISCO",-122.45162594,37.76843487
6556983,2014,2014-07-22,3801,2014-03-13,1811,646,SOUTH,4,5,7,3801,0,0,0,,0,3B60,"HOWARD ST","4TH ST",345.00,W,N,A,-,N,,,,,,,,,,N,3,0,1,2,A,-,07,21658,A,N,B,G,A,A,H,-,A,D,0,,Y,,,Y,,L,04,0,1,0,0,0,0,1,0,0,"- ","- ",,,"SAN FRANCISCO","SAN FRANCISCO",-122.40354677000001,37.782601710000002
6556996,2014,2014-07-22,3801,2014-03-10,2040,2310,SOUTH,1,5,7,3801,0,0,0,,0,3B96E,"MARKET ST","CYRIL MAGNIN",0.00,,Y,A,-,N,,,,,,,,,,N,3,0,1,2,A,-,12,21453,A,N,D,G,A,A,H,-,C,A,0,,Y,,,Y,,L,04,0,1,0,0,0,0,1,0,0,"- ","- ",,,"SAN FRANCISCO","SAN FRANCISCO",-122.40805989,37.783999919999999
6557000,2014,2014-07-21,3801,2014-03-25,1653,2337,INGLE,2,5,7,3801,0,0,0,,0,3H1D,"MISSION ST",CORTLAND,0.00,,Y,A,-,N,,,,,,,,,,N,4,0,1,2,A,-,09,21801,A,N,B,G,A,-,H,-,A,A,0,,Y,,,Y,,A,01,0,0,1,0,0,0,1,0,0,"- ","- ",,,"SAN FRANCISCO","SAN FRANCISCO",-122.42283986,37.741009990000002
6557009,2014,2014-07-21,3801,2014-03-26,1727,4259,MISSI,3,5,7,3801,0,0,0,,0,908,"18TH ST","OAKWOOD ST",70.00,E,N,A,-,N,,,,,,,,,,N,4,0,2,2,A,-,11,21954,A,N,G,B,D,A,H,-,A,D,0,Y,Y,,,Y,,N,60,0,0,2,0,1,0,1,0,0,"- ","- ",,,"SAN FRANCISCO","SAN FRANCISCO",-122.42476883,37.761507940000001
6557021,2014,2014-07-26,3801,2014-03-22,2243,1513,RICHM,6,5,7,3801,0,0,0,,0,3G13E,"CALIFORNIA ST","6TH AV",31.00,W,N,A,-,N,,,,,,,,,,N,4,0,1,2,A,-,"- ",,,N,H,B,F,A,H,-,C,D,0,Y,Y,,,Y,,L,04,0,0,1,0,1,0,0,0,0,"- ","- ",,,"SAN FRANCISCO","SAN FRANCISCO",-122.46468605,37.784976989999997
6557024,2014,2014-07-21,3801,2014-03-22,1327,1043,INGLE,6,5,7,3801,0,0,0,,0,4B1H,"OCEAN AV","OCEAN AV 1000",0.00,,N,A,-,N,,,,,,,,,,N,3,0,1,2,D,-,00,,,N,H,G,A,A,H,-,A,A,0,,Y,,,Y,,-,"- ",0,1,0,0,0,0,1,0,0,"- ","- ",,,"SAN FRANCISCO","SAN FRANCISCO",-122.45288461,37.723204870000004
6557042,2014,2014-07-21,3801,2014-03-03,0908,1265,SOUTH,1,5,7,3801,0,0,0,,0,03B,"MISSION ST","BEALE ST",0.00,,Y,A,-,N,,,,,,,,,,N,3,0,1,2,A,-,09,21801,A,N,H,G,A,A,H,-,A,A,0,,Y,,,Y,,A,01,0,1,0,0,0,0,1,0,0,"- ","- ",,,"SAN FRANCISCO","SAN FRANCISCO",-122.39583991000001,37.791159960000002
6557056,2014,2014-07-21,3801,2014-03-18,0656,1900,TARAV,2,5,7,3801,0,0,0,,0,3I12A,"GREAT HWY","ULLOA ST",40.00,S,N,A,-,N,,,,,,,,,,N,3,0,1,2,D,-,00,,,N,C,G,A,-,G,-,A,D,0,,Y,,,Y,,-,"- ",0,1,0,0,0,0,1,0,0,"- ","- ",,,"SAN FRANCISCO","SAN FRANCISCO",-122.50669517999999,37.739720740000003
6557073,2014,2014-07-21,3801,2014-03-16,1912,004175,MISSI,7,5,7,3801,0,0,0,,0,4K7D,VALENCIA,"17TH ST",40.00,N,N,A,-,N,,,,,,,,,,N,4,0,1,2,A,-,04,21703,,N,C,G,A,A,-,-,B,A,0,,Y,,,Y,,L,04,0,0,1,0,0,0,1,0,0,"- ","- ",,,"SAN FRANCISCO","SAN FRANCISCO",-122.42175021,37.763409590000002
6557082,2014,2014-07-21,3801,2014-03-20,0847,38,SOUTH,4,5,7,3801,0,0,0,,0,5CAR,"4TH ST","BRYANT ST",22.00,S,N,A,-,N,,,,,,,,,,N,2,0,1,2,A,-,12,21453,A,N,-,C,A,D,D,-,A,A,0,,Y,,,Y,Y,L,04,1,0,0,0,0,0,1,0,0,"- ","- ",,,"SAN FRANCISCO","SAN FRANCISCO",-122.39801687000001,37.779526709999999
6557097,2014,2014-07-30,3801,2014-03-07,1848,004294,MISSI,5,5,7,3801,0,0,0,,0,3D13D,"20TH ST","ALABAMA ST",0.00,,Y,A,-,N,,,,,,,,,,N,4,0,1,2,A,-,17,22517,,N,H,G,A,A,H,-,B,A,0,,Y,,,Y,,A,01,0,0,1,0,0,0,1,0,0,"- ","- ",,,"SAN FRANCISCO","SAN FRANCISCO",-122.41153994,37.759089950000003
6557111,2014,2014-07-21,3801,2014-03-04,1141,1882,RICHM,2,5,7,3801,0,0,0,,0,3G60,"JOHN F KENNEDY DR","TRANSVERSE DR",1584.00,W,N,A,-,N,,,,,,,,,,N,3,0,1,2,A,-,08,22107,,N,D,G,A,A,H,-,A,D,0,,Y,,,Y,,A,01,0,1,0,0,0,0,1,0,0,"- ","- ",,,"SAN FRANCISCO","SAN FRANCISCO",-122.48521058999999,37.770086579999997
6563689,2014,2014-07-25,3801,2014-04-19,1559,386,MISSI,6,5,7,3801,0,0,0,,0,3D14D,"24TH ST","YORK ST",38.00,W,N,A,-,N,,,,,,,,,,N,3,0,1,2,A,-,03,22350,,N,C,G,A,A,H,-,A,D,0,,Y,,,Y,,L,04,0,1,0,0,0,0,1,0,0,"- ","- ",,,"SAN FRANCISCO","SAN FRANCISCO",-122.40831137000001,37.752865759999999
6563698,2014,2014-07-25,3801,2014-04-11,2255,1128,PARK,5,5,7,3801,0,0,0,,0,3F14E,"MCALLISTER ST","PIERCE ST",36.00,W,N,A,-,N,,,,,,,,,,N,2,0,1,2,D,-,00,,,N,B,G,A,A,H,-,C,D,0,,Y,,,Y,,-,"- ",1,0,0,0,0,0,1,0,0,"- ","- ",,,"SAN FRANCISCO","SAN FRANCISCO",-122.43517303,37.778204340000002
6563992,2014,2014-07-23,3801,2014-04-12,1547,2065,,6,5,7,3801,0,0,0,,0,3D60,"24TH ST","CHURCH ST",0.00,,Y,A,-,N,,,,,,,,,,N,4,0,1,3,A,-,17,22517,,N,A,G,A,A,H,-,A,A,0,,Y,,,Y,,A,01,0,0,1,0,0,0,1,0,0,"- ","- ",,,"SAN FRANCISCO","SAN FRANCISCO",-122.42743,37.751709890000001
6565843,2014,2015-03-05,3801,2014-04-23,1408,1994,NORTH,3,5,7,3801,0,0,0,,0,4K8E,"LARKIN ST","EDDY ST",118.00,S,N,A,-,N,,,,,,,,,,N,4,0,1,2,A,-,07,21658,A,N,B,G,A,A,H,-,A,A,0,,Y,,,Y,Y,L,04,0,0,1,0,0,0,1,0,0,"- ","- ",,,"SAN FRANCISCO","SAN FRANCISCO",-122.41745733,37.782979679999997
6565904,2014,2015-10-23,3801,2014-04-30,0621,000769,3A12A,3,5,7,3801,0,0,0,,0,002,"MASON ST","POST ST",0.00,,Y,A,-,N,,,,,,,,,,N,3,0,1,2,A,-,12,21453,A,N,D,G,A,A,H,-,B,A,0,,Y,,,Y,,L,04,0,1,0,0,0,0,1,0,0,"- ","- ",,,"SAN FRANCISCO","SAN FRANCISCO",-122.41002994999999,37.788049940000001
6565926,2014,2014-09-30,3801,2014-04-15,0930,1003,TENDE,2,5,7,3801,0,0,0,,0,003,"POWELL ST","OFARRELL ST",50.00,,N,A,-,N,,,,,,,,,,N,3,0,1,2,A,-,17,22517,,N,H,G,A,A,H,-,A,D,0,,Y,,,Y,,A,01,0,1,0,0,0,0,1,0,0,"- ","- ",,,"SAN FRANCISCO","SAN FRANCISCO",-122.40802995999999,37.78643993
6565939,2014,2014-07-24,3801,2014-04-13,1913,1445,MISSI,7,5,7,3801,0,0,0,,0,901,"VALENCIA ST","18TH ST",200.00,S,N,A,-,N,,,,,,,,,,N,4,0,1,2,A,-,06,21750,,N,B,G,A,A,H,-,A,A,0,,Y,,,Y,,L,04,0,0,1,0,0,0,1,0,0,"- ","- ",,,"SAN FRANCISCO","SAN FRANCISCO",-122.42150522999999,37.761162290000001
6565944,2014,2014-07-24,3801,2014-04-24,2355,1881,SOUTH,4,5,7,3801,0,0,0,,0,3B11E,"MARKET ST","6TH ST",50.00,E,N,C,-,N,,,,,,,,,,N,3,0,1,2,A,-,03,22350,,F,B,G,A,B,H,-,C,A,0,,Y,,,Y,,A,01,0,1,0,0,0,0,1,0,0,"- ","- ",,,"SAN FRANCISCO","SAN FRANCISCO",-122.41017811,37.782337509999998
6565957,2014,2014-07-24,3801,2014-04-24,0012,1110,RICHM,4,5,7,3801,0,0,0,,0,3G3E,"FULTON ST","6TH AV",0.00,,Y,A,-,N,,,,,,,,,,N,3,0,1,2,A,-,10,21950,A,N,A,G,A,A,H,-,C,A,0,,Y,,,Y,,A,01,0,1,0,0,0,0,1,0,0,"- ","- ",,,"SAN FRANCISCO","SAN FRANCISCO",-122.46375988,37.773609950000001
6565964,2014,2014-07-25,3801,2014-04-01,1730,1192,,2,5,7,3801,0,0,0,,0,3B61,"HOWARD ST","4TH ST",26.00,W,N,C,-,N,,,,,,,,,,N,3,0,1,2,A,-,08,22107,,N,B,G,A,B,H,-,A,A,0,,Y,,,Y,,A,01,0,1,0,0,0,0,1,0,0,"- ","- ",,,"SAN FRANCISCO","SAN FRANCISCO",-122.40276382,37.783219639999999
6565967,2014,2014-07-25,3801,2014-04-08,2224,658,MISSI,2,5,7,3801,0,0,0,,0,901,"20TH ST","FOLSOM ST",0.00,,Y,A,-,N,,,,,,,,,,N,4,0,1,2,A,-,14,21201,D,N,A,G,A,A,H,-,C,A,0,,Y,,,Y,Y,L,04,0,0,1,0,0,0,1,0,0,"- ","- ",,,"SAN FRANCISCO","SAN FRANCISCO",-122.41467991,37.758889959999998
6565969,2014,2014-07-24,3801,2014-04-03,0810,4160,3B,4,5,7,3801,0,0,0,,0,,"BRANNAN ST","COLIN P KELLY ST",128.00,E,N,A,-,N,,,,,,,,,,N,4,0,1,2,A,-,05,21650,,N,D,G,A,A,H,-,A,D,0,,Y,,,Y,,L,04,0,0,1,0,0,0,1,0,0,"- ","- ",,,"SAN FRANCISCO","SAN FRANCISCO",-122.39095688,37.782711280000001
6565975,2014,2014-07-25,3801,2014-04-09,1210,73,MISSI,3,5,7,3801,0,0,0,,0,4B6D,"GUERRERO ST","15TH ST",0.00,,Y,A,-,N,,,,,,,,,,N,3,0,1,2,A,-,08,22107,,N,B,G,A,A,H,-,A,A,0,,Y,Y,,Y,,L,04,0,1,0,0,0,0,0,0,1,"- ","- ",,,"SAN FRANCISCO","SAN FRANCISCO",-122.42423995,37.766399939999999
6565977,2014,2014-07-24,3801,2014-04-02,2308,2386,INGLE,3,5,7,3801,0,0,0,,0,3H2E,"MISSION ST","30TH ST",90.00,N,N,A,-,N,,,,,,,,,,N,4,0,1,2,A,-,06,21755,,N,D,G,A,A,H,-,C,D,0,,Y,,,Y,,L,04,0,0,1,0,0,0,1,0,0,"- ","- ",,,"SAN FRANCISCO","SAN FRANCISCO",-122.42183195,37.742615370000003
6565978,2014,2014-07-25,3801,2014-04-28,1818,530,MISSI,1,5,7,3801,0,0,0,,0,3D11D,"BRYANT ST","20TH ST",120.00,S,N,A,-,N,,,,,,,,,,N,2,0,1,1,C,-,18,,,N,H,A,A,A,H,-,A,D,0,,Y,,,Y,,-,"- ",1,0,0,0,0,0,1,0,0,"- ","- ",,,"SAN FRANCISCO","SAN FRANCISCO",-122.40973706,37.758882110000002