CASE_ID,ACCIDENT_YEAR,PROC_DATE,JURIS,COLLISION_DATE,COLLISION_TIME,OFFICER_ID,REPORTING_DISTRICT,DAY_OF_WEEK,CHP_SHIFT,POPULATION,CNTY_CITY_LOC,SPECIAL_COND,BEAT_TYPE,CHP_BEAT_TYPE,CITY_DIVISION_LAPD,CHP_BEAT_CLASS,BEAT_NUMBER,PRIMARY_RD,SECONDARY_RD,DISTANCE,DIRECTION,INTERSECTION,WEATHER_1,WEATHER_2,STATE_HWY_IND,CALTRANS_COUNTY,CALTRANS_DISTRICT,STATE_ROUTE,ROUTE_SUFFIX,POSTMILE_PREFIX,POSTMILE,LOCATION_TYPE,RAMP_INTERSECTION,SIDE_OF_HWY,TOW_AWAY,COLLISION_SEVERITY,NUMBER_KILLED,NUMBER_INJURED,PARTY_COUNT,PRIMARY_COLL_FACTOR,PCF_CODE_OF_VIOL,PCF_VIOL_CATEGORY,PCF_VIOLATION,PCF_VIOL_SUBSECTION,HIT_AND_RUN,TYPE_OF_COLLISION,MVIW,PED_ACTION,ROAD_SURFACE,ROAD_COND_1,ROAD_COND_2,LIGHTING,CONTROL_DEVICE,CHP_ROAD_TYPE,PEDESTRIAN_ACCIDENT,BICYCLE_ACCIDENT,MOTORCYCLE_ACCIDENT,TRUCK_ACCIDENT,NOT_PRIVATE_PROPERTY,ALCOHOL_INVOLVED,STWD_VEHTYPE_AT_FAULT,CHP_VEHTYPE_AT_FAULT,COUNT_SEVERE_INJ,COUNT_VISIBLE_INJ,COUNT_COMPLAINT_PAIN,COUNT_PED_KILLED,COUNT_PED_INJURED,COUNT_BICYCLIST_KILLED,COUNT_BICYCLIST_INJURED,COUNT_MC_KILLED,COUNT_MC_INJURED,PRIMARY_RAMP,SECONDARY_RAMP,LATITUDE,LONGITUDE,COUNTY,CITY,POINT_X,POINT_Y
6565982,2014,2015-10-23,3801,2014-04-30,1600,2066,BAYVI,3,5,7,3801,0,0,0,,0,3C11D,"TERRY A FRANCOIS BL","CHINA BASIN ST",0.00,,Y,A,-,N,,,,,,,,,,N,2,0,1,2,A,-,09,21801,A,N,B,G,A,A,H,-,A,D,0,,Y,,,Y,,A,01,1,0,0,0,0,0,1,0,0,"- ","- ",,,"SAN FRANCISCO","SAN FRANCISCO",-122.38696991,37.772179899999998
6565995,2014,2014-07-25,3801,2014-04-08,0800,1430,PARK,2,5,7,3801,0,0,0,,0,4K6F,"OAK AV","SCOTT ST",0.00,,Y,A,-,N,,,,,,,,,,N,3,0,1,2,A,-,12,21453,A,N,D,G,A,A,H,-,A,A,0,,Y,,,Y,,L,04,0,1,0,0,0,0,1,0,0,"- ","- ",,,"SAN FRANCISCO","SAN FRANCISCO",-122.43576998,37.773329959999998
6567674,2014,2014-08-15,3801,2014-04-18,0517,826,NORTH,5,5,7,3801,0,0,0,,0,3E13E,"LARKIN ST","ELLIS ST",0.00,,Y,A,-,N,,,,,,,,,,N,3,0,1,2,A,-,12,21453,A,N,D,G,A,A,H,-,C,A,0,,Y,,Y,Y,,L,04,0,1,0,0,0,0,1,0,0,"- ","- ",,,"SAN FRANCISCO","SAN FRANCISCO",-122.41771996999999,37.784249889999998
6661959,2014,2014-11-12,3801,2014-09-03,2115,756,,3,5,7,3801,0,0,0,,0,,"HOLLOWAY AV","THORNTON HALL",0.00,,Y,A,-,N,,,,,,,,,,N,3,0,1,6,A,-,03,22350,,N,G,B,D,A,H,-,C,D,0,Y,Y,,,Y,,L,04,0,1,0,0,1,0,0,0,0,"- ","- ",,,"SAN FRANCISCO","SAN FRANCISCO",,
6854743,2015,2016-06-02,3801,2015-06-06,2102,578,,6,5,7,3801,0,0,0,,0,51B,"PERSIA AV","SUNNYDALE AV",528.00,N,N,A,-,N,,,,,,,,,,Y,1,1,0,2,A,-,01,21200,5,N,D,G,A,A,H,-,D,D,0,,Y,,,Y,,L,04,0,0,0,0,0,1,0,0,0,"- ","- ",,,"SAN FRANCISCO","SAN FRANCISCO",-122.42742317,37.719042270000003
6866956,2014,2015-08-04,3801,2014-09-24,1042,824,SOUTH,3,5,7,3801,0,0,0,,0,3B4,"MARKET ST","10TH ST",0.00,,Y,A,-,N,,,,,,,,,,N,3,0,1,2,A,-,09,21800,A,N,B,G,A,A,H,-,A,A,0,,Y,,,Y,,L,04,0,1,0,0,0,0,1,0,0,"- ","- ",,,"SAN FRANCISCO","SAN FRANCISCO",-122.41752993,37.776529969999999
6918966,2015,2015-11-14,3801,2015-10-13,0525,1849,INGLE,2,5,7,3801,0,0,0,,0,3H13E,"MISSION ST","NEY ST",0.00,,Y,A,-,N,,,,,,,,,,N,3,0,1,2,A,-,07,21658,A,N,D,G,A,A,H,-,C,D,0,,Y,,,Y,,I,11,0,1,0,0,0,0,1,0,0,"- ","- ",,,"SAN FRANCISCO","SAN FRANCISCO",-122.43000996000001,37.730009920000001
6918970,2015,2015-11-14,3801,2015-10-13,1155,2375,RICHM,2,5,7,3801,0,0,0,,0,901,"MARTIN LUTHER KING JR DR","STOW LAKE DR E",182.00,N,N,A,-,N,,,,,,,,,,N,3,0,1,2,A,-,08,22107,,N,B,G,A,A,H,-,A,D,0,,Y,,,Y,,A,01,0,1,0,0,0,0,1,0,0,"- ","- ",,,"SAN FRANCISCO","SAN FRANCISCO",-122.47249166,37.767972020000002
6918979,2015,2015-11-14,3801,2015-09-27,1039,1582,BAYVI,7,5,7,3801,0,0,0,,0,3C12B,"BARNEVELD AV","JERROLD AV",0.00,,Y,A,-,N,,,,,,,,,,N,3,0,1,2,A,-,09,21802,A,N,B,G,A,A,H,-,A,D,0,,Y,,,Y,,A,08,0,1,0,0,0,0,1,0,0,"- ","- ",,,"SAN FRANCISCO","SAN FRANCISCO",-122.4026799,37.746349979999998
6918985,2015,2015-11-14,3801,2015-10-14,0146,000315,SOUTH,3,5,7,3801,0,0,0,,0,5CAR,"5TH ST","BRANNAN ST",0.00,,Y,A,-,N,,,,,,,,,,N,3,0,1,1,A,-,03,22350,,N,H,A,A,A,H,-,C,D,0,,Y,,,Y,,L,04,0,1,0,0,0,0,1,0,0,"- ","- ",,,"SAN FRANCISCO","SAN FRANCISCO",-122.39875995,37.776569889999998
6926058,2015,2016-11-03,9350,2015-05-03,1815,013450,,7,2,7,3801,0,1,2,,1,120,"RT 101","NORTH TOWER",1056.00,S,N,A,-,Y,SF,4,101,-,-,10.980,H,-,N,N,3,0,1,1,B,-,22,,,N,F,A,A,A,H,-,A,D,4,,Y,,,Y,,L,04,0,1,0,0,0,0,1,0,0,"- ","- ",,,"SAN FRANCISCO","SAN FRANCISCO",-122.47902021,37.82263064
6937768,2014,2015-08-22,3801,2014-12-13,2242,1480,MISSI,6,5,7,3801,0,0,0,,0,901,"DOLORES ST","19TH ST",10.00,S,N,A,-,N,,,,,,,,,,N,2,0,1,1,A,-,17,21200,,N,E,J,A,A,A,-,C,D,0,,Y,,,Y,,L,04,1,0,0,0,0,0,1,0,0,"- ","- ",,,"SAN FRANCISCO","SAN FRANCISCO",-122.42599733,37.759822610000001
6997220,2014,2015-08-11,3801,2014-09-07,1420,001512,TARAV,7,5,7,3801,0,0,0,,0,3I41,"LINCOLN HWY","20TH AV",0.00,,Y,A,-,N,,,,,,,,,,N,4,0,1,2,A,-,09,21804,A,N,D,G,A,A,H,-,A,A,0,,Y,,,Y,,L,04,0,0,1,0,0,0,1,0,0,"- ","- ",,,"SAN FRANCISCO","SAN FRANCISCO",-122.47832993,37.765399889999998
6997256,2014,2015-08-11,3801,2014-05-18,0630,351,,7,5,7,3801,0,0,0,,0,,"10TH ST","MISSION ST",20.00,N,N,A,-,N,,,,,,,,,,N,3,0,1,2,A,-,03,22350,,N,B,G,A,A,H,-,B,A,0,,Y,,,Y,,L,04,0,1,0,0,0,0,1,0,0,"- ","- ",,,"SAN FRANCISCO","SAN FRANCISCO",-122.41595898999999,37.775318820000003
6997294,2014,2015-08-03,3801,2014-09-10,1655,000868,RICHM,3,5,7,3801,0,0,0,,0,4K8G,"CLEMENT ST","32ND AV",0.00,,Y,A,-,N,,,,,,,,,,N,4,0,1,2,A,-,12,22450,A,N,D,G,A,A,H,-,A,A,0,,Y,,,Y,,L,04,0,0,1,0,0,0,1,0,0,"- ","- ",,,"SAN FRANCISCO","SAN FRANCISCO",-122.49234988000001,37.781659990000001
6997297,2014,2015-08-03,3801,2014-09-09,1708,000321,RICHM,2,5,7,3801,0,0,0,,0,3G3C,"CABRILLO ST","5TH AV",0.00,,Y,A,-,N,,,,,,,,,,N,3,0,1,2,D,-,00,,,N,G,G,A,A,H,-,A,A,0,,Y,,,Y,,-,"- ",0,1,0,0,0,0,1,0,0,"- ","- ",,,"SAN FRANCISCO","SAN FRANCISCO",-122.46280991,37.77541995
6997298,2014,2016-04-28,3801,2014-09-22,1534,2468,COB,1,5,7,3801,0,0,0,,0,004,"MARKET ST","11TH ST",20.00,W,N,A,-,Y,SF,4,101,-,T,4.860,I,6,N,N,3,0,1,1,A,-,03,22350,,N,-,-,A,A,H,-,A,-,0,,Y,,,Y,,L,04,0,1,0,0,0,0,1,0,0,"- ","- ",,,"SAN FRANCISCO","SAN FRANCISCO",-122.41920589999999,37.775241430000001
6997301,2014,2015-08-03,3801,2014-09-09,1445,001544,NORTH,2,5,7,3801,0,0,0,,0,901,"LARKIN ST","GOLDEN GATE AV",0.00,,Y,A,-,N,,,,,,,,,,N,4,0,1,2,D,-,00,,,N,H,G,A,A,H,-,A,A,0,,Y,,,Y,,-,"- ",0,0,1,0,0,0,1,0,0,"- ","- ",,,"SAN FRANCISCO","SAN FRANCISCO",-122.41714999,37.781440000000003
6997310,2014,2015-08-03,3801,2014-09-07,1125,2450,,7,5,7,3801,0,0,0,,0,3G14D,"HARRIET ST","HARRISON ST",3.00,N,N,A,-,N,,,,,,,,,,N,4,0,1,2,A,-,03,22350,,M,-,G,A,A,H,-,A,-,0,,Y,,,Y,,A,01,0,0,1,0,0,0,1,0,0,"- ","- ",,,"SAN FRANCISCO","SAN FRANCISCO",-122.40464,37.776859999999999
6997321,2014,2015-08-03,3801,2014-09-06,2220,1475,PARKD,6,5,7,3801,0,0,0,,0,3F61,"OAK ST","MASONIC AV",0.00,,Y,A,-,N,,,,,,,,,,N,4,0,1,2,A,-,17,21451,A,N,A,G,A,A,H,-,C,A,0,,Y,,,Y,Y,L,04,0,0,1,0,0,0,1,0,0,"- ","- ",,,"SAN FRANCISCO","SAN FRANCISCO",-122.44574996,37.772079900000001
6997335,2014,2015-08-13,3801,2014-09-26,1759,4350,MISIS,5,5,7,3801,0,0,0,,0,3D2D,"22ND ST","VALENCIA ST",27.00,E,N,A,-,N,,,,,,,,,,N,3,0,1,2,A,-,17,22517,,N,H,G,A,A,H,-,A,A,0,,Y,,,Y,,D,22,0,1,0,0,0,0,1,0,0,"- ","- ",,,"SAN FRANCISCO","SAN FRANCISCO",-122.42087678999999,37.755314990000002
6997337,2014,2016-02-29,3801,2014-09-09,0030,1696,MISSI,2,5,7,3801,0,0,0,,0,3D14E,"17TH ST","GUERRERO ST",0.00,,Y,A,-,N,,,,,,,,,,N,4,0,1,2,A,-,09,21801,A,N,D,G,A,A,H,-,C,A,0,,Y,,,Y,,A,01,0,0,1,0,0,0,1,0,0,"- ","- ",,,"SAN FRANCISCO","SAN FRANCISCO",-122.42393,37.763169910000002
6997345,2014,2016-06-24,3801,2014-09-07,1815,004330,TARAV,7,5,7,3801,0,0,0,,0,315D,"SKYLINE BL","GREAT HWY",0.00,,Y,A,-,Y,SF,4,35,-,-,1.260,I,5,S,N,4,0,1,2,A,-,12,22450,A,N,B,G,A,A,H,-,A,A,0,,Y,,,Y,,L,04,0,0,1,0,0,0,1,0,0,"- ","- ",,,"SAN FRANCISCO","SAN FRANCISCO",-122.50309489,37.72526869
6997367,2014,2015-08-06,3801,2014-09-01,1904,1546,RICHM,1,5,7,3801,0,0,0,,0,3G15D,"JOHN F KENNEDY DR","CHAIN OF LAKES DR",525.00,E,N,A,-,N,,,,,,,,,,N,3,0,1,2,A,-,03,22350,,N,C,E,A,A,H,-,A,D,0,,Y,,,Y,,L,04,0,1,0,0,0,0,1,0,0,"- ","- ",,,"SAN FRANCISCO","SAN FRANCISCO",-122.49882221999999,37.768673159999999
6997377,2014,2015-08-11,3801,2014-05-27,1805,739,CENTR,2,5,7,3801,0,0,0,,0,3A61,"10TH AV","HYDE ST",4.00,W,N,A,-,N,,,,,,,,,,N,4,0,1,3,A,-,17,22517,,N,H,G,A,A,H,-,A,D,0,,Y,,,Y,Y,A,01,0,0,1,0,0,0,1,0,0,"- ","- ",,,"SAN FRANCISCO","SAN FRANCISCO",,
6997381,2014,2015-08-11,3801,2014-05-26,1458,2225,CENTR,1,5,7,3801,0,0,0,,0,3A13C,"NORTH POINT ST","JONES ST",49.00,E,N,A,-,N,,,,,,,,,,N,4,0,1,3,A,-,17,21209,A,N,E,G,A,A,H,-,A,D,0,,Y,,,Y,,B,07,0,0,1,0,0,0,1,0,0,"- ","- ",,,"SAN FRANCISCO","SAN FRANCISCO",-122.41693245,37.806171159999998
6997387,2014,2015-08-06,3801,2014-09-02,1445,1054,G,2,5,7,3801,0,0,0,,0,002,"ARGUELLO BL","CALIFORNIA ST",0.00,,Y,A,-,N,,,,,,,,,,N,4,0,1,2,D,-,00,,,N,B,G,A,A,H,-,A,A,0,,Y,,,Y,,-,"- ",0,0,1,0,0,0,1,0,0,"- ","- ",,,"SAN FRANCISCO","SAN FRANCISCO",-122.45920995,37.785669919999997
6997396,2014,2015-08-17,3801,2014-09-16,0845,784,TENDE,2,5,7,3801,0,0,0,,0,3T13A,"HYDE ST","ELLIS ST",23.00,S,N,-,-,N,,,,,,,,,,N,4,0,1,1,A,-,03,22350,,N,H,A,A,-,-,-,-,-,0,,Y,,,Y,,L,04,0,0,1,0,0,0,1,0,0,"- ","- ",,,"SAN FRANCISCO","SAN FRANCISCO",-122.41604869,37.784387459999998
6997421,2014,2015-08-07,3801,2014-05-13,1440,002179,CENTR,2,5,7,3801,0,0,0,,0,3A60,"CALIFORNIA ST","BATTERY ST",0.00,,Y,A,-,N,,,,,,,,,,N,4,0,1,2,A,-,03,22350,,F,B,B,B,A,H,-,A,A,0,Y,Y,,,Y,,L,04,0,0,1,0,1,0,0,0,0,"- ","- ",,,"SAN FRANCISCO","SAN FRANCISCO",-122.39997992000001,37.7932299
6997437,2014,2015-08-05,3801,2014-05-08,2047,2348,INGLE,4,5,7,3801,0,0,0,,0,3H15D,"MISSION ST","POPE ST",90.00,S,N,C,-,N,,,,,,,,,,N,4,0,1,2,A,-,21,22106,,F,B,G,A,B,H,-,C,D,0,,Y,,,Y,,A,01,0,0,1,0,0,0,1,0,0,"- ","- ",,,"SAN FRANCISCO","SAN FRANCISCO",-122.44199835000001,37.71522204
6997452,2014,2015-08-11,3801,2014-09-07,2007,004373,RICHM,7,5,7,3801,0,0,0,,0,3G13D,"MARTIN LUTHER KING DR","CROSSOVER DR",0.00,,Y,A,-,N,,,,,,,,,,N,2,0,1,2,A,-,12,21453,A,N,D,G,A,A,H,-,C,A,0,,Y,,,Y,,A,01,1,0,0,0,0,0,1,0,0,"- ","- ",,,"SAN FRANCISCO","SAN FRANCISCO",-122.47737995999999,37.766039999999997
6997454,2014,2016-02-29,3801,2014-09-22,1953,04343,SOUTH,1,5,7,3801,0,0,0,,0,001,"MARKET ST","1ST ST",0.00,,Y,A,-,N,,,,,,,,,,,4,0,2,2,A,-,07,21658,A,N,B,-,A,A,H,-,A,A,0,,Y,,,Y,,L,04,0,0,2,0,0,0,2,0,0,"- ","- ",,,"SAN FRANCISCO","SAN FRANCISCO",-122.39913993,37.791049889999996
6997469,2014,2015-08-05,3801,2014-09-12,1205,1265,SOUTH,5,5,7,3801,0,0,0,,0,03B,"3RD ST","MARKET ST",5.00,S,N,A,-,N,,,,,,,,,,N,4,0,1,2,A,-,"- ",,,N,B,G,A,A,H,-,A,A,0,,Y,,,Y,,A,01,0,0,1,0,0,0,1,0,0,"- ","- ",,,"SAN FRANCISCO","SAN FRANCISCO",-122.40345679000001,37.787646500000001
6997473,2014,2016-01-13,3801,2014-09-12,1930,02273,SOUTH,5,5,7,3801,0,0,0,,0,3B11D,"3RD ST","HOWARD ST",0.00,,Y,A,-,N,,,,,,,,,,N,4,0,1,2,A,-,05,21650,1,N,D,G,A,A,H,-,B,A,0,,Y,,,Y,,L,04,0,0,1,0,0,0,1,0,0,"- ","- ",,,"SAN FRANCISCO","SAN FRANCISCO",-122.40049986,37.785009909999999
6997479,2014,2015-08-18,3801,2014-09-18,2117,357,MISSI,4,5,7,3801,0,0,0,,0,,"VALENCIA ST","LIBERTY ST",0.00,,Y,A,-,N,,,,,,,,,,N,4,0,1,2,A,-,11,21954,A,N,G,B,E,A,H,-,C,A,0,Y,Y,,,Y,,N,60,0,0,1,0,0,0,1,0,0,"- ","- ",,,"SAN FRANCISCO","SAN FRANCISCO",-122.42116986000001,37.757689990000003
6997481,2014,2015-08-05,3801,2014-09-13,0032,01740,NORTH,6,5,7,3801,0,0,0,,0,3E14E,"PACIFIC AV","GOUGH ST",0.00,,Y,A,-,N,,,,,,,,,,N,4,0,1,1,B,-,22,,,N,F,A,A,A,H,-,C,D,0,,Y,,,Y,,L,04,0,0,1,0,0,0,1,0,0,"- ","- ",,,"SAN FRANCISCO","SAN FRANCISCO",-122.42649994,37.794389940000002
6997493,2014,2015-08-05,3801,2014-09-26,1149,4354,SOUTH,5,5,7,3801,0,0,0,,0,3B4C,"MARKET ST","GUERRERO ST",0.00,,Y,A,-,N,,,,,,,,,,N,4,0,1,1,D,-,00,,,N,H,A,A,A,H,-,A,D,0,,Y,,,Y,,-,"- ",0,0,1,0,0,0,1,0,0,"- ","- ",,,"SAN FRANCISCO","SAN FRANCISCO",-122.42485991,37.770749879999997
6997495,2014,2015-08-10,3801,2014-09-14,2046,001861,SOUTH,7,5,7,3801,0,0,0,,0,3B12D,"5TH ST","MARKET ST",0.00,,Y,A,-,N,,,,,,,,,,N,3,0,1,2,B,-,22,,,F,H,B,F,A,H,-,C,D,0,Y,Y,,,Y,,L,04,0,1,0,0,1,0,0,0,0,"- ","- ",,,"SAN FRANCISCO","SAN FRANCISCO",-122.40805989,37.783999919999999
6997501,2014,2015-08-05,3801,2014-09-26,0852,2044,SOUTH,5,5,7,3801,0,0,0,,0,3B12A,"OCTAVIA BL","MARKET ST",0.00,,Y,A,-,N,,,,,,,,,,N,4,0,1,2,A,-,08,22101,D,F,H,A,A,A,H,-,A,A,0,,Y,,,Y,Y,A,01,0,0,1,0,0,0,1,0,0,"- ","- ",,,"SAN FRANCISCO","SAN FRANCISCO",-122.42358993000001,37.771779950000003
6997516,2014,2015-08-10,3801,2014-09-30,0920,000162,INGLE,2,5,7,3801,0,0,0,,0,3H1A,"TIFFANY AV","29TH ST",490.00,N,N,A,-,N,,,,,,,,,,N,4,0,1,2,A,-,21,22106,,N,D,G,A,A,H,-,A,D,0,,Y,,,Y,,A,01,0,0,1,0,0,0,1,0,0,"- ","- ",,,"SAN FRANCISCO","SAN FRANCISCO",-122.42121573,37.745167500000001
6997517,2014,2015-08-05,3801,2014-09-23,2210,A21608,SOUTH,2,5,7,3801,0,0,0,,0,3B13E,"MARKET ST","7TH ST",75.00,E,N,B,-,N,,,,,,,,,,N,4,0,1,2,A,-,17,22517,,N,B,G,A,A,H,-,C,A,0,,Y,,,Y,,A,07,0,0,1,0,0,0,1,0,0,"- ","- ",,,"SAN FRANCISCO","SAN FRANCISCO",-122.41232847000001,37.780627279999997
6997519,2014,2016-02-29,3801,2014-09-16,1805,000796,SOUTH,2,5,7,3801,0,0,0,,0,3B14D,"10TH ST","JESSIE ALLEY",0.00,,Y,A,-,N,,,,,,,,,,N,4,0,1,2,A,-,09,21804,A,F,E,G,A,A,H,-,A,A,0,,Y,,,Y,Y,A,01,0,0,1,0,0,0,1,0,0,"- ","- ",,,"SAN FRANCISCO","SAN FRANCISCO",-122.41650989999999,37.775759979999997
6997836,2014,2015-08-10,3801,2014-08-01,1500,848,SOUTH,5,5,7,3801,0,0,0,,0,004,"MISSION ST","10TH ST",0.00,,Y,A,-,N,,,,,,,,,,N,3,0,1,2,A,-,03,22350,,N,B,G,A,A,H,-,A,A,0,,Y,,,Y,,D,23,0,1,0,0,0,0,1,0,0,"- ","- ",,,"SAN FRANCISCO","SAN FRANCISCO",-122.41590991,37.775279990000001
6997906,2014,2015-08-05,3801,2014-08-05,1829,000569,CENTR,2,5,7,3801,0,0,0,,0,3A12D,"MASON ST","BUSH ST",0.00,,Y,B,-,N,,,,,,,,,,N,4,0,1,1,A,-,03,22350,,N,H,A,A,A,H,-,A,A,0,,Y,,,Y,Y,L,04,0,0,1,0,0,0,1,0,0,"- ","- ",,,"SAN FRANCISCO","SAN FRANCISCO",-122.41042993000001,37.789959979999999
6997909,2014,2015-08-05,3801,2014-08-05,1415,001084,COD,2,5,7,3801,0,0,0,,0,3D13C,"22ND ST","DOLORES ST",45.00,W,N,A,-,N,,,,,,,,,,N,3,0,1,2,A,-,17,22517,,N,G,G,A,A,H,-,A,D,0,,Y,,,Y,,A,08,0,1,0,0,0,0,1,0,0,"- ","- ",,,"SAN FRANCISCO","SAN FRANCISCO",-122.42568475,37.755026350000001
7004045,2014,2015-08-11,3801,2014-06-12,1550,01922,SOUTH,4,5,7,3801,0,0,0,,0,3B3C,"HOWARD ST","HARRIET ST",0.00,,Y,A,-,N,,,,,,,,,,N,2,0,1,2,A,-,"- ",,,F,G,B,B,A,H,-,A,A,0,Y,Y,,,Y,,L,04,1,0,0,0,1,0,0,0,0,"- ","- ",,,"SAN FRANCISCO","SAN FRANCISCO",-122.40767989,37.779319999999998
7004049,2014,2015-08-08,3801,2014-10-03,1215,001161,,5,5,7,3801,0,0,0,,0,3H1,"SAN JOSE AV","30TH ST",0.00,,Y,A,-,N,,,,,,,,,,N,3,0,1,2,A,-,03,22350,,N,B,G,A,A,H,-,A,A,0,,Y,,,Y,,L,04,0,1,0,0,0,0,1,0,0,"- ","- ",,,"SAN FRANCISCO","SAN FRANCISCO",-122.42328998000001,37.7422799
7004061,2014,2015-08-08,3801,2014-10-03,1713,1537,,5,5,7,3801,0,0,0,,0,3D11D,"VALENCIA ST","24TH ST",175.00,N,N,A,-,N,,,,,,,,,,N,3,0,1,1,A,-,03,22350,,N,F,-,A,A,H,-,A,D,0,,Y,,,Y,,L,04,0,1,0,0,0,0,1,0,0,"- ","- ",,,"SAN FRANCISCO","SAN FRANCISCO",-122.42069822000001,37.752589229999998
7004069,2014,2015-09-19,3801,2014-10-21,1645,193100,,2,5,7,3801,0,0,0,,0,3C12D,"ILLINOIS ST","22ND ST",288.00,S,N,A,-,N,,,,,,,,,,N,2,0,1,1,A,-,03,22350,,N,E,I,A,A,H,-,A,D,0,,Y,,,Y,,L,04,1,0,0,0,0,0,1,0,0,"- ","- ",,,"SAN FRANCISCO","SAN FRANCISCO",-122.38727421,37.757190549999997
7004077,2014,2015-08-08,3801,2014-10-21,0916,1593,,2,5,7,3801,0,0,0,,0,901,"MARKET ST","CASTRO ST",0.00,,Y,A,-,N,,,,,,,,,,N,3,0,1,1,A,-,03,22350,,N,H,A,A,A,D,G,A,A,0,,Y,,,Y,,L,04,0,1,0,0,0,0,1,0,0,"- ","- ",,,"SAN FRANCISCO","SAN FRANCISCO",-122.43516,37.762639970000002
7006441,2015,2017-04-04,3801,2015-12-14,1015,518,BAYVI,1,5,7,3801,0,0,0,,0,4B6H,"GOETTINGEN ST","WAYLAND ST",150.00,W,N,A,-,N,,,,,,,,,,Y,1,1,0,3,A,-,05,21650,,N,A,G,A,A,H,-,A,D,0,,Y,,,Y,,A,01,0,0,0,0,0,1,0,0,0,"- ","- ",,,"SAN FRANCISCO","SAN FRANCISCO",-122.40622172,37.72605154
7006904,2014,2015-08-13,3801,2014-10-03,0005,A20303,,5,5,7,3801,0,0,0,,0,3C11E,"MARIPOSA ST","PENNSYLVANIA AV",0.00,,Y,A,-,N,,,,,,,,,,,3,0,1,2,A,-,14,21201,D,N,-,-,A,A,D,-,C,-,0,,Y,,,Y,,L,04,0,1,0,0,0,0,1,0,0,"- ","- ",,,"SAN FRANCISCO","SAN FRANCISCO",-122.39374997,37.764039930000003
7006946,2014,2015-08-11,3801,2014-10-03,1450,1502,SOUTH,5,5,7,3801,0,0,0,,0,3B13C,"MARKET ST","CHARLES J BRENHAM RD",0.00,,Y,A,-,N,,,,,,,,,,N,3,0,1,2,A,-,"- ",,,N,B,G,A,A,H,-,A,A,0,,Y,,,Y,,I,10,0,1,0,0,0,0,1,0,0,"- ","- ",,,"SAN FRANCISCO","SAN FRANCISCO",-122.4125099,37.780479900000003
7006968,2014,2015-08-11,3801,2014-10-22,0852,615,MISSI,3,5,7,3801,0,0,0,,0,3D11A,"MARKET ST","16TH ST",0.00,,Y,A,-,N,,,,,,,,,,N,2,0,1,3,A,-,17,21451,A,N,H,G,A,A,H,-,A,A,0,,Y,,Y,Y,,L,04,1,0,0,0,0,0,1,0,0,"- ","- ",,,"SAN FRANCISCO","SAN FRANCISCO",-122.43313992,37.764239959999998
7006981,2014,2015-07-31,3801,2014-06-08,2324,1751,06082,7,5,7,3801,0,0,0,,0,2325,"OCEAN AV","ONONDAGA LN",0.00,,Y,A,-,N,,,,,,,,,,N,2,0,1,2,A,-,09,21802,A,N,B,G,A,A,H,-,C,D,0,,Y,,,Y,,A,01,1,0,0,0,0,0,1,0,0,"- ","- ",,,"SAN FRANCISCO","SAN FRANCISCO",-122.44253995,37.723169910000003
7007013,2014,2015-08-13,3801,2014-06-05,0650,001241,SOUTH,4,5,7,3801,0,0,0,,0,3B5A,"EMBARCADERO SOUTH ST","BRYANT ST",0.00,,Y,A,-,N,,,,,,,,,,N,3,0,1,2,A,-,08,22107,,N,-,G,A,A,H,-,A,A,0,,Y,,,Y,,A,01,0,1,0,0,0,0,1,0,0,"- ","- ",,,"SAN FRANCISCO","SAN FRANCISCO",-122.38772213,37.787079460000001
7007015,2014,2015-08-13,3801,2014-10-19,1306,2420,SOUTH,7,5,7,3801,0,0,0,,0,3B2C,"MARKET ST","1ST ST",257.00,W,N,A,-,N,,,,,,,,,,N,4,0,1,2,A,-,06,21750,,N,B,G,A,A,H,-,A,D,0,,Y,,,Y,,L,04,0,0,1,0,0,0,1,0,0,"- ","- ",,,"SAN FRANCISCO","SAN FRANCISCO",-122.39978551999999,37.790564179999997
7007018,2014,2015-07-31,3801,2014-06-08,0119,001290,MISSI,7,5,7,3801,0,0,0,,0,901,"19TH ST","HARRISON ST",0.00,,Y,A,-,N,,,,,,,,,,N,3,0,1,2,A,-,09,21801,A,N,A,G,A,A,H,-,C,D,0,,Y,,,Y,,A,07,0,1,0,0,0,0,1,0,0,"- ","- ",,,"SAN FRANCISCO","SAN FRANCISCO",-122.41269993,37.760649979999997
7008007,2014,2015-08-06,3801,2014-05-15,1445,1420,BAYVI,4,5,7,3801,0,0,0,,0,4K3A,"3RD ST","PAUL AV",13.00,E,N,A,-,N,,,,,,,,,,N,4,0,1,2,A,-,12,21453,A,N,D,G,A,A,H,-,A,A,0,,Y,,,Y,,L,04,0,0,1,0,0,0,1,0,0,"- ","- ",,,"SAN FRANCISCO","SAN FRANCISCO",-122.39573430999999,37.722443470000002
7008022,2014,2015-08-06,3801,2014-09-24,1717,4254,MISSI,3,5,7,3801,0,0,0,,0,3D11D,"VALENCIA ST","17TH ST",15.00,N,N,A,-,N,,,,,,,,,,N,4,0,1,2,A,-,"- ",,,N,C,G,A,A,H,-,A,A,0,,Y,,,Y,,A,01,0,0,1,0,0,0,1,0,0,"- ","- ",,,"SAN FRANCISCO","SAN FRANCISCO",-122.42174383,37.763341099999998