CASE_ID,ACCIDENT_YEAR,PROC_DATE,JURIS,COLLISION_DATE,COLLISION_TIME,OFFICER_ID,REPORTING_DISTRICT,DAY_OF_WEEK,CHP_SHIFT,POPULATION,CNTY_CITY_LOC,SPECIAL_COND,BEAT_TYPE,CHP_BEAT_TYPE,CITY_DIVISION_LAPD,CHP_BEAT_CLASS,BEAT_NUMBER,PRIMARY_RD,SECONDARY_RD,DISTANCE,DIRECTION,INTERSECTION,WEATHER_1,WEATHER_2,STATE_HWY_IND,CALTRANS_COUNTY,CALTRANS_DISTRICT,STATE_ROUTE,ROUTE_SUFFIX,POSTMILE_PREFIX,POSTMILE,LOCATION_TYPE,RAMP_INTERSECTION,SIDE_OF_HWY,TOW_AWAY,COLLISION_SEVERITY,NUMBER_KILLED,NUMBER_INJURED,PARTY_COUNT,PRIMARY_COLL_FACTOR,PCF_CODE_OF_VIOL,PCF_VIOL_CATEGORY,PCF_VIOLATION,PCF_VIOL_SUBSECTION,HIT_AND_RUN,TYPE_OF_COLLISION,MVIW,PED_ACTION,ROAD_SURFACE,ROAD_COND_1,ROAD_COND_2,LIGHTING,CONTROL_DEVICE,CHP_ROAD_TYPE,PEDESTRIAN_ACCIDENT,BICYCLE_ACCIDENT,MOTORCYCLE_ACCIDENT,TRUCK_ACCIDENT,NOT_PRIVATE_PROPERTY,ALCOHOL_INVOLVED,STWD_VEHTYPE_AT_FAULT,CHP_VEHTYPE_AT_FAULT,COUNT_SEVERE_INJ,COUNT_VISIBLE_INJ,COUNT_COMPLAINT_PAIN,COUNT_PED_KILLED,COUNT_PED_INJURED,COUNT_BICYCLIST_KILLED,COUNT_BICYCLIST_INJURED,COUNT_MC_KILLED,COUNT_MC_INJURED,PRIMARY_RAMP,SECONDARY_RAMP,LATITUDE,LONGITUDE,COUNTY,CITY,POINT_X,POINT_Y
7008028,2014,2015-08-05,3801,2014-05-27,1855,70,A,2,5,7,3801,0,0,0,,0,003,"COLUMBUS AV","BROADWAY ST",118.00,S,N,A,-,N,,,,,,,,,,N,3,0,1,2,A,-,13,22500,H,N,H,G,A,A,H,-,A,D,0,,Y,,,Y,,A,01,0,1,0,0,0,0,1,0,0,"- ","- ",,,"SAN FRANCISCO","SAN FRANCISCO",-122.40633884,37.797670969999999
7008036,2014,2015-08-12,3801,2014-05-29,1225,001375,COD,4,5,7,3801,0,0,0,,0,,"BRYANT ST","18TH ST",61.00,S,N,A,-,N,,,,,,,,,,N,3,0,1,1,A,-,03,22350,,N,H,J,A,A,H,-,A,D,0,,Y,,,Y,,L,04,0,1,0,0,0,0,1,0,0,"- ","- ",,,"SAN FRANCISCO","SAN FRANCISCO",-122.41013263000001,37.761582990000001
7008040,2014,2015-12-07,3801,2014-05-29,1445,004260,MISSI,4,5,7,3801,0,0,0,,0,3D4C,"POTRERO AV","19TH ST",134.00,N,N,A,-,N,,,,,,,,,,N,3,0,1,2,A,-,17,22517,,N,B,G,A,A,H,-,A,A,0,,Y,,,Y,,A,01,0,1,0,0,0,0,1,0,0,"- ","- ",,,"SAN FRANCISCO","SAN FRANCISCO",-122.40712944000001,37.761036779999998
7008077,2014,2015-08-06,3801,2014-09-29,0944,783,,1,5,7,3801,0,0,0,,0,,"HARRISON ST","16TH ST",0.00,,Y,A,-,N,,,,,,,,,,N,4,0,1,2,A,-,08,22107,,N,H,G,A,A,H,-,A,A,0,,Y,,,Y,,A,08,0,0,1,0,0,0,1,0,0,"- ","- ",,,"SAN FRANCISCO","SAN FRANCISCO",-122.41314996,37.765449940000003
7008089,2014,2015-08-05,3801,2014-05-01,1440,1968,CENTR,4,5,7,3801,0,0,0,,0,3A70B,"EMBARCADERO ST","BAY ST",260.00,S,N,A,-,N,,,,,,,,,,N,4,0,1,2,C,-,18,,,N,C,G,A,A,H,-,A,D,0,,Y,,,Y,,-,"- ",0,0,1,0,0,0,1,0,0,"- ","- ",,,"SAN FRANCISCO","SAN FRANCISCO",-122.40520656,37.806235110000003
7008092,2014,2015-08-05,3801,2014-05-28,1309,001846,MISSI,3,5,7,3801,0,0,0,,0,3D41C,"VALENCIA ST","14TH ST",0.00,N,N,A,-,N,,,,,,,,,,N,3,0,1,3,A,-,17,22517,,N,H,A,A,A,H,-,A,D,0,,Y,,,Y,,-,,0,1,0,0,0,0,1,0,0,"- ","- ",,,"SAN FRANCISCO","SAN FRANCISCO",-122.42217989,37.768149889999997
7008101,2014,2015-08-05,3801,2014-05-06,0906,251,RICHM,2,5,7,3801,0,0,0,,0,661,"ARGUELLO BL","EDWARD ST",0.00,,Y,A,-,N,,,,,,,,,,N,4,0,1,2,A,-,09,21801,A,N,-,A,A,A,H,-,A,D,0,,Y,,,Y,,A,01,0,0,1,0,0,0,1,0,0,"- ","- ",,,"SAN FRANCISCO","SAN FRANCISCO",-122.45863994,37.778019919999998
7008107,2014,2015-08-06,3801,2014-05-14,0306,004347,CENTR,3,5,7,3801,0,0,0,,0,3A12E,"POWELL ST","POST ST",56.00,S,N,A,-,N,,,,,,,,,,N,4,0,1,1,A,-,05,21202,A,N,H,G,A,A,-,-,C,D,0,,Y,,,Y,,L,04,0,0,1,0,0,0,1,0,0,"- ","- ",,,"SAN FRANCISCO","SAN FRANCISCO",-122.40836772999999,37.788138310000001
7008117,2014,2015-08-05,3801,2014-05-28,1900,4314,CENTE,3,5,7,3801,0,0,0,,0,908,"KEARNY ST","JACKSON ST",98.00,N,N,A,-,N,,,,,,,,,,N,3,0,1,2,A,-,08,22107,,N,B,G,A,A,H,-,C,D,0,,Y,,,Y,,A,01,0,1,0,0,0,0,1,0,0,"- ","- ",,,"SAN FRANCISCO","SAN FRANCISCO",-122.40519436,37.796485740000001
7008122,2014,2015-08-07,3801,2014-05-05,0740,38,SOUTH,1,5,7,3801,0,0,0,,0,005,TOWNSEND,"3RD ST",0.00,,Y,A,-,N,,,,,,,,,,N,4,0,1,2,A,-,09,21801,A,N,D,G,A,A,H,-,A,A,0,,Y,,,Y,,A,01,0,0,1,0,0,0,1,0,0,"- ","- ",,,"SAN FRANCISCO","SAN FRANCISCO",-122.39274995,37.77885989
7008128,2014,2015-08-17,3801,2014-05-17,1400,1572,SOUTH,6,5,7,3801,0,0,0,,0,3B1A,"EMBARCADERO SOUTH","EMBARCADERO SOUTH 105",0.00,,-,A,-,N,,,,,,,,,,N,3,0,1,2,A,-,03,22350,,F,H,B,F,A,H,-,A,A,0,Y,Y,,,Y,Y,L,04,0,1,0,0,1,0,0,0,0,"- ","- ",,,"SAN FRANCISCO","SAN FRANCISCO",-122.3921603,37.793575449999999
7008135,2014,2015-08-05,3801,2014-05-30,2345,001355,NORTH,5,5,7,3801,0,0,0,,0,3E11E,"PAGE ST","OCTAVIA ST",0.00,,Y,A,-,N,,,,,,,,,,N,3,0,1,2,A,-,08,22107,,M,D,G,A,A,H,-,C,A,0,,Y,,,Y,,A,07,0,1,0,0,0,0,1,0,0,"- ","- ",,,"SAN FRANCISCO","SAN FRANCISCO",-122.42410987,37.773879960000002
7008142,2014,2015-08-08,3801,2014-05-09,1130,1009,,5,5,7,3801,0,0,0,,0,,"BROADWAY ST","BATTERY ST",0.00,,Y,A,-,N,,,,,,,,,,N,3,0,1,2,A,-,05,21202,A,N,D,G,A,A,H,-,A,A,0,,Y,,,Y,,L,04,0,1,0,0,0,0,1,0,0,"- ","- ",,,"SAN FRANCISCO","SAN FRANCISCO",-122.40103999,37.798599969999998
7008143,2014,2015-08-07,3801,2014-05-14,0810,1584,RICHM,3,5,7,3801,0,0,0,,0,4K102,"ARGUELLO BL","TURK BL",0.00,,Y,A,-,N,,,,,,,,,,N,3,0,1,2,A,-,08,22107,,N,B,G,A,A,H,-,A,A,0,,Y,,,Y,,-,"- ",0,1,0,0,0,0,1,0,0,"- ","- ",,,"SAN FRANCISCO","SAN FRANCISCO",-122.45858998,37.777249949999998
7009969,2014,2015-08-14,3801,2014-08-12,0849,000251,RICHM,2,5,7,3801,0,0,0,,0,3G61,"GOLDEN GATE AV","ROSELYN TER",25.00,E,N,A,-,N,,,,,,,,,,N,3,0,1,2,A,-,08,22107,,N,D,G,A,A,H,-,A,D,0,,Y,,,Y,,A,07,0,1,0,0,0,0,1,0,0,"- ","- ",,,"SAN FRANCISCO","SAN FRANCISCO",-122.44949445,37.77733027
7009978,2014,2015-08-14,3801,2014-08-01,1730,004372,MISSI,5,5,7,3801,0,0,0,,0,901,"17TH ST","HAMPSHIRE ST",75.00,W,N,A,-,N,,,,,,,,,,,4,0,1,2,A,-,17,22517,,N,B,G,A,A,H,-,A,A,0,,Y,,,Y,,A,01,0,0,1,0,0,0,1,0,0,"- ","- ",,,"SAN FRANCISCO","SAN FRANCISCO",-122.40867908,37.764417860000002
7009981,2014,2015-08-14,3801,2014-08-28,1619,2334,SOUTH,4,5,7,3801,0,0,0,,0,,"MARKET ST","1ST ST",0.00,,Y,A,-,N,,,,,,,,,,N,2,0,1,3,A,-,17,22517,,F,H,G,A,A,H,-,A,D,0,,Y,,,Y,,-,,1,0,0,0,0,0,1,0,0,"- ","- ",,,"SAN FRANCISCO","SAN FRANCISCO",-122.39913993,37.791049889999996
7009993,2014,2015-08-14,3801,2014-08-17,0212,000952,MISSI,7,5,7,3801,0,0,0,,0,901,"S VAN NESS AV","26TH ST",150.00,N,N,A,-,N,,,,,,,,,,N,4,0,1,2,A,-,07,21658,A,N,B,G,A,A,H,-,C,D,0,,Y,,,Y,,L,04,0,0,1,0,0,0,1,0,0,"- ","- ",,,"SAN FRANCISCO","SAN FRANCISCO",-122.41604336,37.749580629999997
7009996,2014,2015-08-14,3801,2014-08-15,1604,001460,,5,5,7,3801,0,0,0,,0,COB,"OTIS ST","GOUGH ST",122.00,E,N,A,-,N,,,,,,,,,,N,4,0,1,2,A,-,05,21651,A,N,C,G,A,A,H,-,A,D,0,,Y,,,Y,,L,04,0,0,1,0,0,0,1,0,0,"- ","- ",,,"SAN FRANCISCO","SAN FRANCISCO",-122.42005564999999,37.772034759999997
7010013,2014,2015-08-13,3801,2014-08-09,1201,01608,RICHM,6,5,7,3801,0,0,0,,0,3G15A,"47TH AV","BALBOA ST",0.00,,Y,A,-,N,,,,,,,,,,N,4,0,1,2,A,-,12,22450,A,N,D,G,A,A,H,-,A,D,0,,Y,,,Y,,L,04,0,0,1,0,0,0,1,0,0,"- ","- ",,,"SAN FRANCISCO","SAN FRANCISCO",-122.50804995,37.775230000000001
7010036,2014,2015-08-13,3801,2014-08-28,1615,552,,4,5,7,3801,0,0,0,,0,COB,"MARKET ST","7TH ST",192.00,E,N,A,-,N,,,,,,,,,,N,3,0,1,2,C,-,18,,,N,E,-,D,A,H,-,A,D,0,Y,Y,,,Y,,-,"- ",0,1,0,0,0,0,1,0,0,"- ","- ",,,"SAN FRANCISCO","SAN FRANCISCO",-122.41204528,37.780857040000001
7010053,2014,2015-08-13,3801,2014-08-21,1824,004330,TARAV,4,5,7,3801,0,0,0,,0,3115D,"OCEAN AV","MANOR DR",90.00,E,N,A,-,N,,,,,,,,,,N,4,0,1,2,A,-,09,21801,A,N,H,A,A,A,H,-,A,D,0,,Y,,,Y,,-,,0,0,1,0,0,0,1,0,0,"- ","- ",,,"SAN FRANCISCO","SAN FRANCISCO",-122.46503616,37.726308490000001
7010065,2014,2015-08-13,3801,2014-08-17,1722,1420,TARAV,7,5,7,3801,0,0,0,,0,4K3A,QUINTARA,"28TH AV",45.00,N,N,A,-,N,,,,,,,,,,,4,0,1,2,A,-,12,22450,A,N,B,G,A,A,-,-,A,D,0,,Y,,,Y,,L,04,0,0,1,0,0,0,1,0,0,"- ","- ",,,"SAN FRANCISCO","SAN FRANCISCO",-122.48573,37.74823
7010270,2014,2015-08-14,3801,2014-08-13,2315,2440,CENTR,3,5,7,3801,0,0,0,,0,03A,FILBERT,POWELL,0.00,,Y,A,-,N,,,,,,,,,,N,3,0,1,2,A,-,12,22450,A,N,D,G,A,A,H,-,C,A,0,,Y,,,Y,,L,04,0,1,0,0,0,0,1,0,0,"- ","- ",,,"SAN FRANCISCO","SAN FRANCISCO",-122.41099995,37.801169899999998
7010274,2014,2015-08-14,3801,2014-08-25,1538,000321,RICHM,1,5,7,3801,0,0,0,,0,3G11C,"JOHN F KENNEDY DR","STOW LAKE DR",321.00,E,N,A,-,N,,,,,,,,,,N,3,0,1,3,A,-,12,22450,A,N,G,B,B,A,H,-,A,A,0,Y,Y,,,Y,,L,04,0,1,0,0,1,0,0,0,0,"- ","- ",,,"SAN FRANCISCO","SAN FRANCISCO",-122.47286289,37.770874540000001
7011069,2014,2015-08-05,3801,2014-08-16,1929,002285,MISSI,6,5,7,3801,0,0,0,,0,3E17E,"21ST ST","S VAN NESS AV",100.00,W,N,A,-,N,,,,,,,,,,N,4,0,1,2,A,-,09,21806,A,N,C,G,A,A,H,-,A,A,0,,Y,,,Y,,L,04,0,0,1,0,0,0,1,0,0,"- ","- ",,,"SAN FRANCISCO","SAN FRANCISCO",-122.41709446,37.757134000000001
7014806,2014,2015-08-11,3801,2014-06-28,1000,86,,6,5,7,3801,0,0,0,,0,,"JUNIPERO SERRA BL","19TH AV",1056.00,S,N,A,-,N,,,,,,,,,,N,3,0,1,2,A,-,08,22107,,N,D,G,A,A,H,-,A,D,0,,Y,,,Y,,L,04,0,1,0,0,0,0,1,0,0,"- ","- ",,,"SAN FRANCISCO","SAN FRANCISCO",-122.47177081,37.714382430000001
7014822,2014,2015-08-11,3801,2014-06-19,2008,001693,,4,5,7,3801,0,0,0,,0,,"MISSION ST","4TH ST",48.00,E,N,A,-,N,,,,,,,,,,N,4,0,1,2,A,-,07,21658,A,N,B,G,A,A,H,-,C,A,0,,Y,,,Y,,A,01,0,0,1,0,0,0,1,0,0,"- ","- ",,,"SAN FRANCISCO","SAN FRANCISCO",-122.40413848,37.784609920000001
7014835,2014,2015-08-11,3801,2014-10-30,1655,2375,RICHM,4,5,7,3801,0,0,0,,0,3G11D,"POST ST","SCOTT ST",12.00,W,N,A,-,N,,,,,,,,,,N,4,0,1,2,A,-,04,21703,,N,C,G,A,A,H,-,A,D,0,,Y,,,Y,,L,04,0,0,1,0,0,0,1,0,0,"- ","- ",,,"SAN FRANCISCO","SAN FRANCISCO",-122.43804098,37.784524599999997
7014838,2014,2015-08-11,3801,2014-06-18,0831,2476,,3,5,7,3801,0,0,0,,0,,"BUCHANAN AV","MARINA BL",10.00,N,N,A,-,N,,,,,,,,,,N,4,0,1,2,A,-,09,21802,A,N,D,G,A,A,H,-,A,A,0,,Y,,,Y,,A,01,0,0,1,0,0,0,1,0,0,"- ","- ",,,"SAN FRANCISCO","SAN FRANCISCO",-122.43371,37.805039999999998
7014842,2014,2015-08-11,3801,2014-06-18,1418,1342,,3,5,7,3801,0,0,0,,0,,"FILLMORE ST","CLAY ST",50.00,N,N,A,-,N,,,,,,,,,,N,3,0,1,2,A,-,04,21703,,N,C,G,A,A,H,-,A,D,0,,Y,,,Y,,L,04,0,1,0,0,0,0,1,0,0,"- ","- ",,,"SAN FRANCISCO","SAN FRANCISCO",-122.43421773,37.790855579999999
7014878,2014,2015-08-11,3801,2014-06-13,1230,4246,,5,5,7,3801,0,0,0,,0,004,"S VAN NESS AV","13TH ST",147.00,E,N,A,-,N,,,,,,,,,,N,3,0,1,2,A,-,06,21750,,N,B,G,A,A,H,-,A,D,0,,Y,,,Y,,L,04,0,1,0,0,0,0,1,0,0,"- ","- ",,,"SAN FRANCISCO","SAN FRANCISCO",-122.41752267,37.769924719999999
7014892,2014,2015-08-11,3801,2014-07-09,2307,71,RICHM,3,5,7,3801,0,0,0,,0,3CAR,"BALBOA ST","FUNSTON AV",0.00,,Y,A,-,N,,,,,,,,,,N,4,0,1,2,A,-,12,22450,A,N,D,G,A,A,H,-,C,A,0,,Y,,,Y,Y,L,04,0,0,1,0,0,0,1,0,0,"- ","- ",,,"SAN FRANCISCO","SAN FRANCISCO",-122.47150986,37.776879909999998
7014896,2014,2015-08-19,3801,2014-07-09,1650,000845,RICHM,3,5,7,3801,0,0,0,,0,4K4A,"JOHN F KENNEDY DR","25TH AV",0.00,,Y,B,-,N,,,,,,,,,,N,3,0,1,2,A,-,09,21801,A,N,B,G,A,A,H,-,A,A,0,,Y,,,Y,,L,04,0,1,0,0,0,0,1,0,0,"- ","- ",,,"SAN FRANCISCO","SAN FRANCISCO",-122.47922033,37.770730989999997
7014914,2014,2015-08-12,3801,2014-07-16,1707,552,3B61,3,5,7,3801,0,0,0,,0,COB,"DIVISION ST","HARRISON AVE",0.00,,Y,A,-,N,,,,,,,,,,N,4,0,1,2,A,-,12,21453,A,N,B,G,A,A,H,-,A,A,0,,Y,,,Y,,A,01,0,0,1,0,0,0,1,0,0,"- ","- ",,,"SAN FRANCISCO","SAN FRANCISCO",-122.41340989,37.769449960000003
7014920,2014,2015-08-11,3801,2014-07-06,2252,001038,NORTH,7,5,7,3801,0,0,0,,0,3E13E,"POLK ST","SUTTER ST",25.00,S,N,A,-,N,,,,,,,,,,N,4,0,1,2,A,-,17,22517,,N,G,E,A,A,H,-,C,A,0,,Y,,,Y,,A,01,0,0,1,0,0,0,1,0,0,"- ","- ",,,"SAN FRANCISCO","SAN FRANCISCO",-122.42008420000001,37.787692479999997
7014921,2014,2015-08-12,3801,2014-07-25,1725,000826,,5,5,7,3801,0,0,0,,0,004,EMBARCADERO,"WASHINGTON ST",0.00,,Y,A,-,N,,,,,,,,,,N,2,0,1,2,A,-,03,22350,,N,C,G,A,A,H,-,A,A,0,,Y,,,Y,,L,04,1,0,0,0,0,0,1,0,0,"- ","- ",,,"SAN FRANCISCO","SAN FRANCISCO",-122.39555850000001,37.796633999999997
7014925,2014,2015-08-12,3801,2014-07-22,1920,01723,,2,5,7,3801,0,0,0,,0,3C15D,"OAKDALE AV","3RD ST",0.00,,Y,A,-,N,,,,,,,,,,N,3,0,1,2,A,-,12,21453,A,N,D,G,A,A,H,-,A,A,0,,Y,,,Y,,L,04,0,1,0,0,0,0,1,0,0,"- ","- ",,,"SAN FRANCISCO","SAN FRANCISCO",-122.39076998,37.734829949999998
7014929,2014,2015-08-12,3801,2014-07-21,2010,00826,,1,5,7,3801,0,0,0,,0,,"TAYLOR ST","FILBERT ST",0.00,,Y,A,-,N,,,,,,,,,,N,3,0,1,2,A,-,12,22450,A,N,C,E,A,A,H,-,B,A,0,,Y,,,Y,,L,04,0,1,0,0,0,0,1,0,0,"- ","- ",,,"SAN FRANCISCO","SAN FRANCISCO",-122.41430999000001,37.800759939999999
7014933,2014,2015-08-11,3801,2014-07-20,0237,001375,901,7,5,7,3801,0,0,0,,0,COD,"CESAR CHAVEZ ST","GUERRERO ST",0.00,,Y,A,-,N,,,,,,,,,,N,4,0,1,2,A,-,12,21453,A,F,D,G,A,A,H,-,C,A,0,,Y,,,Y,,-,99,0,0,1,0,0,0,1,0,0,"- ","- ",,,"SAN FRANCISCO","SAN FRANCISCO",-122.42247997,37.748019980000002
7014961,2014,2015-08-12,3801,2014-07-07,1404,004258,TARAV,1,5,7,3801,0,0,0,,0,3I2B,"33RD AV","LINCOLN WY",0.00,,Y,A,-,N,,,,,,,,,,N,3,0,1,2,A,-,09,21802,A,N,D,G,A,A,H,-,A,A,0,,Y,,,Y,,L,04,0,1,0,0,0,0,1,0,0,"- ","- ",,,"SAN FRANCISCO","SAN FRANCISCO",-122.49223986,37.764789989999997
7014982,2014,2015-08-12,3801,2014-07-28,1132,001858,BAYVI,1,5,7,3801,0,0,0,,0,3C13A,"MISSION BAY BL NORTH","TERRY A FRANCOIS ST",134.00,E,N,A,-,N,,,,,,,,,,N,4,0,1,2,A,-,09,21804,A,N,D,G,A,A,H,-,A,D,0,,Y,,,Y,,L,04,0,0,1,0,0,0,1,0,0,"- ","- ",,,"SAN FRANCISCO","SAN FRANCISCO",-122.38661,37.771270000000001
7015002,2014,2015-08-11,3801,2014-07-29,1931,1582,MISSI,2,5,7,3801,0,0,0,,0,3D45C,"VALENCIA ST","16TH ST",280.00,S,N,A,-,N,,,,,,,,,,N,4,0,1,3,A,-,17,22517,,N,B,G,A,A,H,-,A,A,0,,Y,,,Y,,-,,0,0,1,0,0,0,1,0,0,"- ","- ",,,"SAN FRANCISCO","SAN FRANCISCO",-122.42181853,37.764142890000002
7015007,2014,2015-08-12,3801,2014-07-23,0915,848,,3,5,7,3801,0,0,0,,0,3B1A,"MARKET ST","3RD ST",258.00,E,N,A,-,N,,,,,,,,,,N,3,0,1,2,C,-,18,,,N,H,G,A,A,H,-,A,D,0,,Y,,,Y,,-,"- ",0,1,0,0,0,0,1,0,0,"- ","- ",,,"SAN FRANCISCO","SAN FRANCISCO",-122.40281471999999,37.788149920000002
7015034,2014,2015-08-11,3801,2014-07-16,2130,1881,SOUTH,3,5,7,3801,0,0,0,,0,3B62,"NEW MONTGOMERY ST","MINNA ST",44.00,S,N,A,-,N,,,,,,,,,,N,4,0,1,2,A,-,08,22107,,F,B,G,A,A,H,-,C,A,0,,Y,,,Y,,A,01,0,0,1,0,0,0,1,0,0,"- ","- ",,,"SAN FRANCISCO","SAN FRANCISCO",-122.39988592,37.786941759999998
7015052,2014,2015-08-11,3801,2014-06-13,2017,1537,MISSI,5,5,7,3801,0,0,0,,0,3D11D,"14TH ST",GUERRERO,0.00,,Y,A,-,N,,,,,,,,,,N,3,0,1,2,A,-,03,22350,,N,C,G,A,A,H,-,A,A,0,,Y,,,Y,,L,04,0,1,0,0,0,0,1,0,0,"- ","- ",,,"SAN FRANCISCO","SAN FRANCISCO",-122.42440985,37.768019940000002
7015054,2014,2015-08-12,3801,2014-06-23,1651,2260,NORTH,1,5,7,3801,0,0,0,,0,3E13C,"WEBSTER ST","GOLDEN GATE AV",0.00,,Y,A,-,N,,,,,,,,,,N,4,0,1,2,A,-,09,21801,A,N,D,G,A,A,H,-,A,A,0,,Y,,,Y,,A,01,0,0,1,0,0,0,1,0,0,"- ","- ",,,"SAN FRANCISCO","SAN FRANCISCO",-122.43029989999999,37.779759949999999
7015086,2014,2015-08-12,3801,2014-06-14,1554,1493,NORTH,6,5,7,3801,0,0,0,,0,4K4B,"FILLMORE ST","PIXLEY ST",24.00,S,N,A,-,N,,,,,,,,,,N,4,0,1,2,A,-,17,22517,,N,B,G,A,A,H,-,A,D,0,,Y,,,Y,,A,01,0,0,1,0,0,0,1,0,0,"- ","- ",,,"SAN FRANCISCO","SAN FRANCISCO",-122.43577451,37.798415220000003
7015099,2014,2015-08-17,3801,2014-06-19,0840,002265,SOUTH,4,5,7,3801,0,0,0,,0,3B4A,"GOUGH ST","PAGE ST",0.00,,Y,-,-,N,,,,,,,,,,N,3,0,1,2,A,-,00,20003,A,N,-,-,A,-,-,-,-,-,0,,Y,,,Y,,A,01,0,1,0,0,0,0,1,0,0,"- ","- ",,,"SAN FRANCISCO","SAN FRANCISCO",-122.42240990000001,37.774069959999999
7015122,2014,2015-08-12,3801,2014-10-21,1000,001544,CENTR,2,5,7,3801,0,0,0,,0,3A14E,"EMBARCADERO NORTH ST","BAY ST",0.00,,Y,A,-,N,,,,,,,,,,N,4,0,1,2,D,-,00,,,N,H,G,A,A,H,-,A,A,0,,Y,,,Y,,-,"- ",0,0,1,0,0,0,1,0,0,"- ","- ",,,"SAN FRANCISCO","SAN FRANCISCO",-122.40597150000001,37.806623999999999
7015135,2014,2015-08-12,3801,2014-10-15,1834,441,PARK,3,5,7,3801,0,0,0,,0,4B7F,"PAGE ST","PIERCE ST",142.00,W,N,A,-,N,,,,,,,,,,N,4,0,1,2,A,-,03,22350,,N,B,E,A,A,H,-,A,D,0,,Y,,,Y,,L,04,0,0,1,0,0,0,1,0,0,"- ","- ",,,"SAN FRANCISCO","SAN FRANCISCO",-122.43440532,37.77256861
7015157,2014,2015-08-12,3801,2014-10-19,2309,563,NORTH,7,5,7,3801,0,0,0,,0,3E12E,"TURK ST","GOUGH ST",0.00,,Y,A,-,N,,,,,,,,,,N,3,0,1,2,A,-,12,21453,A,N,D,G,A,A,H,-,C,A,0,,Y,,,Y,,L,04,0,1,0,0,0,0,1,0,0,"- ","- ",,,"SAN FRANCISCO","SAN FRANCISCO",-122.42391991,37.781529919999997
7015179,2014,2015-08-18,3801,2014-10-17,0840,1593,MISSI,5,5,7,3801,0,0,0,,0,901,"16TH ST","BRYANT ST",186.00,E,N,A,-,N,,,,,,,,,,N,3,0,1,2,A,-,06,21750,,F,B,G,A,A,H,-,A,D,0,,Y,,,Y,,A,07,0,1,0,0,0,0,1,0,0,"- ","- ",,,"SAN FRANCISCO","SAN FRANCISCO",-122.40987769,37.765622829999998
7015187,2014,2015-08-12,3801,2014-10-17,1359,004119,BAYVI,5,5,7,3801,0,0,0,,0,4K5C,"INDUSTRIAL ST","BARNEVELD AV",0.00,,Y,A,-,N,,,,,,,,,,N,4,0,1,2,A,-,05,21650,1,N,D,G,A,A,H,-,A,D,0,,Y,,,Y,,L,04,0,0,1,0,0,0,1,0,0,"- ","- ",,,"SAN FRANCISCO","SAN FRANCISCO",-122.40426995999999,37.738749919999997
7015190,2014,2015-08-11,3801,2014-10-01,1630,1014,MISSI,3,5,7,3801,0,0,0,,0,901,"VALENCIA ST","CLARION ALY",15.00,S,N,A,-,N,,,,,,,,,,N,3,0,1,2,A,-,08,22107,,N,B,G,A,A,H,-,A,D,0,,Y,,,Y,,A,01,0,1,0,0,0,0,1,0,0,"- ","- ",,,"SAN FRANCISCO","SAN FRANCISCO",-122.42169431000001,37.762869039999998
7015200,2014,2015-08-12,3801,2014-10-13,1109,4133,TARAV,1,5,7,3801,0,0,0,,0,3I11A,"OCEAN AV","JUNIPERO SERRA BL",0.00,,Y,A,-,N,,,,,,,,,,N,3,0,1,2,A,-,09,21801,A,N,D,G,A,A,H,-,A,A,0,,Y,,,Y,,-,,0,1,0,0,0,0,1,0,0,"- ","- ",,,"SAN FRANCISCO","SAN FRANCISCO",-122.47213992,37.731159890000001
7015203,2014,2015-08-11,3801,2014-10-26,0005,001533,PARK,7,5,7,3801,0,0,0,,0,3F14E,"GROVE ST","BAKER ST",150.00,E,N,A,-,N,,,,,,,,,,N,3,0,1,2,A,-,04,21703,,N,C,G,A,A,H,-,C,D,0,,Y,,,Y,Y,L,04,0,1,0,0,0,0,1,0,0,"- ","- ",,,"SAN FRANCISCO","SAN FRANCISCO",-122.44076764,37.775556420000001
7015205,2014,2015-08-13,3801,2014-10-06,1900,004294,MISSI,1,5,7,3801,0,0,0,,0,3D13D,"CESAR CHAVEZ ST","S VAN NESS AV",0.00,,Y,A,-,N,,,,,,,,,,N,3,0,1,2,A,-,08,22107,,N,D,G,A,A,H,-,A,A,0,,Y,,,Y,,A,01,0,1,0,0,0,0,1,0,0,"- ","- ",,,"SAN FRANCISCO","SAN FRANCISCO",-122.41591991999999,37.748219900000002
7015216,2014,2015-08-25,3801,2014-10-20,0907,961,MISSI,1,5,7,3801,0,0,0,,0,001,"MARKET ST","CASTRO ST",100.00,W,N,A,-,N,,,,,,,,,,N,3,0,1,2,A,-,03,22350,,N,H,G,A,A,H,-,A,-,0,,Y,,,Y,,L,04,0,1,0,0,0,0,1,0,0,"- ","- ",,,"SAN FRANCISCO","SAN FRANCISCO",-122.43545998,37.762503049999999
7015218,2014,2015-08-13,3801,2014-10-03,1816,001340,RICHM,5,5,7,3801,0,0,0,,0,3G11D,"SUTTER ST","PIERCE ST",112.00,W,N,A,-,N,,,,,,,,,,N,4,0,1,2,A,-,17,22517,,N,B,G,A,A,H,-,B,D,0,,Y,,,Y,,A,01,0,0,1,0,0,0,1,0,0,"- ","- ",,,"SAN FRANCISCO","SAN FRANCISCO",-122.43694268,37.785620700000003