CASE_ID,ACCIDENT_YEAR,PROC_DATE,JURIS,COLLISION_DATE,COLLISION_TIME,OFFICER_ID,REPORTING_DISTRICT,DAY_OF_WEEK,CHP_SHIFT,POPULATION,CNTY_CITY_LOC,SPECIAL_COND,BEAT_TYPE,CHP_BEAT_TYPE,CITY_DIVISION_LAPD,CHP_BEAT_CLASS,BEAT_NUMBER,PRIMARY_RD,SECONDARY_RD,DISTANCE,DIRECTION,INTERSECTION,WEATHER_1,WEATHER_2,STATE_HWY_IND,CALTRANS_COUNTY,CALTRANS_DISTRICT,STATE_ROUTE,ROUTE_SUFFIX,POSTMILE_PREFIX,POSTMILE,LOCATION_TYPE,RAMP_INTERSECTION,SIDE_OF_HWY,TOW_AWAY,COLLISION_SEVERITY,NUMBER_KILLED,NUMBER_INJURED,PARTY_COUNT,PRIMARY_COLL_FACTOR,PCF_CODE_OF_VIOL,PCF_VIOL_CATEGORY,PCF_VIOLATION,PCF_VIOL_SUBSECTION,HIT_AND_RUN,TYPE_OF_COLLISION,MVIW,PED_ACTION,ROAD_SURFACE,ROAD_COND_1,ROAD_COND_2,LIGHTING,CONTROL_DEVICE,CHP_ROAD_TYPE,PEDESTRIAN_ACCIDENT,BICYCLE_ACCIDENT,MOTORCYCLE_ACCIDENT,TRUCK_ACCIDENT,NOT_PRIVATE_PROPERTY,ALCOHOL_INVOLVED,STWD_VEHTYPE_AT_FAULT,CHP_VEHTYPE_AT_FAULT,COUNT_SEVERE_INJ,COUNT_VISIBLE_INJ,COUNT_COMPLAINT_PAIN,COUNT_PED_KILLED,COUNT_PED_INJURED,COUNT_BICYCLIST_KILLED,COUNT_BICYCLIST_INJURED,COUNT_MC_KILLED,COUNT_MC_INJURED,PRIMARY_RAMP,SECONDARY_RAMP,LATITUDE,LONGITUDE,COUNTY,CITY,POINT_X,POINT_Y
7015231,2014,2015-08-11,3801,2014-10-28,1717,000483,,2,5,7,3801,0,0,0,,0,COB,"FOLSOM ST","1ST ST",8.00,W,N,A,-,N,,,,,,,,,,N,4,0,1,2,A,-,08,22101,D,N,D,G,A,A,H,-,A,A,0,,Y,,,Y,,A,01,0,0,1,0,0,0,1,0,0,"- ","- ",,,"SAN FRANCISCO","SAN FRANCISCO",-122.39448983,37.787304659999997
7015250,2014,2015-08-13,3801,2014-10-05,0022,001128,PARK,7,5,7,3801,0,0,0,,0,3F14E,"DIVISADERO ST","MCALLISTER ST",77.00,S,N,A,-,N,,,,,,,,,,N,4,0,1,2,A,-,17,22517,,N,B,G,A,A,H,-,C,D,0,,Y,,,Y,,A,01,0,0,1,0,0,0,1,0,0,"- ","- ",,,"SAN FRANCISCO","SAN FRANCISCO",-122.43831516,37.777581490000003
7015256,2014,2015-08-13,3801,2014-10-24,0917,002179,CENTR,5,5,7,3801,0,0,0,,0,4K5A,"TAYLOR ST","PACIFIC ST",0.00,,Y,A,-,N,,,,,,,,,,N,3,0,1,2,D,-,00,,,N,D,G,A,A,H,-,A,A,0,,Y,,,Y,,-,"- ",0,1,0,0,0,0,1,0,0,"- ","- ",,,"SAN FRANCISCO","SAN FRANCISCO",-122.41335986999999,37.796089960000003
7015259,2014,2015-08-19,3801,2014-10-03,1130,2002,PARK,5,5,7,3801,0,0,0,,0,3F62,"PAGE ST","SCOTT ST",0.00,,Y,A,-,N,,,,,,,,,,N,4,0,1,2,A,-,12,22450,A,M,D,G,A,A,H,-,A,A,0,,Y,Y,,Y,,C,02,0,0,1,0,0,0,1,0,0,"- ","- ",,,"SAN FRANCISCO","SAN FRANCISCO",-122.43557997000001,37.77241995
7015271,2014,2015-08-13,3801,2014-10-02,1931,004268,NORTH,4,5,7,3801,0,0,0,,0,3E62,"VAN NESS AV","CALIFORNIA AV",0.00,,Y,A,-,N,,,,,,,,,,N,3,0,1,2,A,-,17,22517,,N,B,G,A,A,H,-,C,A,0,,Y,,,Y,,A,01,0,1,0,0,0,0,1,0,0,"- ","- ",,,"SAN FRANCISCO","SAN FRANCISCO",-122.42240999000001,37.79034996
7015281,2014,2015-08-12,3801,2014-10-13,1330,004282,,1,5,7,3801,0,0,0,,0,,"POLK ST","POST ST",0.00,,Y,A,-,N,,,,,,,,,,N,4,0,1,2,A,-,08,22107,,N,D,G,A,A,H,-,A,A,0,,Y,,,Y,,A,01,0,0,1,0,0,0,1,0,0,"- ","- ",,,"SAN FRANCISCO","SAN FRANCISCO",-122.4198999,37.786829959999999
7015310,2014,2015-08-11,3801,2014-10-03,1547,4249,,5,5,7,3801,0,0,0,,0,901,"FOLSOM ST","19TH ST",77.00,S,N,A,-,N,,,,,,,,,,N,3,0,1,2,A,-,09,21801,A,N,D,G,A,A,H,-,A,D,0,,Y,,,Y,,A,07,0,1,0,0,0,0,1,0,0,"- ","- ",,,"SAN FRANCISCO","SAN FRANCISCO",-122.41480195,37.76027895
7015318,2014,2015-08-11,3801,2014-10-03,1908,505,,5,5,7,3801,0,0,0,,0,,"MARKET ST","BRADY ST",0.00,,Y,A,-,N,,,,,,,,,,N,4,0,1,2,A,-,21,22106,,N,D,G,A,A,H,-,B,D,0,,Y,,,Y,,A,07,0,0,1,0,0,0,1,0,0,"- ","- ",,,"SAN FRANCISCO","SAN FRANCISCO",-122.4212699,37.773579980000001
7015329,2014,2015-08-11,3801,2014-10-15,0905,1398,,3,5,7,3801,0,0,0,,0,,"PAGE ST","BUCHANAN ST",119.00,E,N,A,-,N,,,,,,,,,,N,3,0,1,2,A,-,09,21801,A,N,D,G,A,A,H,-,A,D,0,,Y,,,Y,,A,01,0,1,0,0,0,0,1,0,0,"- ","- ",,,"SAN FRANCISCO","SAN FRANCISCO",-122.42694331,37.773501549999999
7015334,2014,2015-08-11,3801,2014-10-08,1745,004256,,3,5,7,3801,0,0,0,,0,,"ILLINOIS ST","TERRY A FRANCOIS BL",0.00,,Y,A,-,N,,,,,,,,,,N,4,0,1,2,A,-,12,22450,A,N,D,G,A,A,H,-,A,A,0,,Y,,,Y,,L,04,0,0,1,0,0,0,1,0,0,"- ","- ",,,"SAN FRANCISCO","SAN FRANCISCO",-122.38791990999999,37.764379980000001
7019422,2015,2015-08-24,3801,2015-03-07,1825,1256,CENTA,6,5,7,3801,0,0,0,,0,03A,"EMBARCADERO SOUTH","BROADWAY ST",60.00,S,N,A,-,N,,,,,,,,,,N,3,0,1,2,A,-,08,22107,,F,C,G,A,A,H,-,B,A,0,,Y,Y,,Y,,C,02,0,1,0,0,0,0,1,0,0,"- ","- ",,,"SAN FRANCISCO","SAN FRANCISCO",-122.39763737,37.799031659999997
7019440,2015,2015-08-26,3801,2015-01-11,1810,004370,SFSUP,7,5,7,3801,0,0,0,,0,908,"CAMBRIDGE ST","SILLIMAN ST",0.00,,Y,A,-,N,,,,,,,,,,N,4,0,1,2,A,-,03,22350,,M,D,G,A,A,H,-,C,A,0,,Y,,,Y,,L,04,0,0,1,0,0,0,1,0,0,"- ","- ",,,"SAN FRANCISCO","SAN FRANCISCO",-122.41887993,37.72762994
7019454,2014,2015-08-25,3801,2014-11-03,0109,2287,NORTH,1,5,7,3801,0,0,0,,0,3E60,"POLK ST","GEARY BL",0.00,,Y,A,-,N,,,,,,,,,,N,3,0,1,2,A,-,12,21453,A,N,D,G,A,A,H,-,C,A,0,,Y,,,Y,Y,L,04,0,1,0,0,0,0,1,0,0,"- ","- ",,,"SAN FRANCISCO","SAN FRANCISCO",-122.41973999,37.785899960000002
7019839,2015,2015-09-17,3801,2015-08-25,0805,1398,NORTH,2,5,7,3801,0,0,0,,0,4B5E,"POLK ST","ALICE B TOKLAS",0.00,,Y,A,-,N,,,,,,,,,,N,4,0,1,2,A,-,08,22107,,N,D,G,A,A,H,-,A,D,0,,Y,,,Y,,J,48,0,0,1,0,0,0,1,0,0,"- ","- ",,,"SAN FRANCISCO","SAN FRANCISCO",-122.41963800000001,37.785429000000001
7025153,2015,2015-09-02,3801,2015-04-28,1423,4244,MISSI,2,5,7,3801,0,0,0,,0,005,"18TH ST","S VAN NESS AV",0.00,,Y,B,-,N,,,,,,,,,,N,4,0,1,2,A,-,09,21801,,N,D,G,A,A,H,-,A,A,0,,Y,,,Y,,-,,0,0,1,0,0,0,1,0,0,"- ","- ",,,"SAN FRANCISCO","SAN FRANCISCO",-122.41719995,37.761949960000003
7025179,2015,2015-08-26,3801,2015-03-30,2230,004329,MISSI,1,5,7,3801,0,0,0,,0,3D45C,"GENEVA AV","DELANO AV",0.00,,Y,-,-,N,,,,,,,,,,N,3,0,1,2,A,-,"- ",,,F,-,-,A,-,-,-,-,-,0,,Y,,,Y,,D,23,0,1,0,0,0,0,1,0,0,"- ","- ",,,"SAN FRANCISCO","SAN FRANCISCO",-122.44512999,37.720099949999998
7025314,2015,2015-08-21,3801,2015-04-22,1225,4160,,3,5,7,3801,0,0,0,,0,03B,"COLTON ST","BRADY ST",0.00,,Y,A,-,N,,,,,,,,,,N,3,0,1,2,A,-,17,21461,A,N,D,G,A,A,H,-,A,D,0,,Y,,,Y,,L,04,0,1,0,0,0,0,1,0,0,"- ","- ",,,"SAN FRANCISCO","SAN FRANCISCO",-122.4204099,37.772889900000003
7025330,2015,2015-08-21,3801,2015-04-21,0925,002179,PARK,2,5,7,3801,0,0,0,,0,4B5F,"SCOTT ST","OAK ST",3.00,S,N,B,-,N,,,,,,,,,,N,3,0,1,1,C,-,18,,,N,H,I,A,B,H,-,A,A,0,,Y,,,Y,,-,"- ",0,1,0,0,0,0,1,0,0,"- ","- ",,,"SAN FRANCISCO","SAN FRANCISCO",-122.43576830000001,37.773321869999997
7025363,2015,2015-08-22,3801,2015-03-11,1125,004028,,3,5,7,3801,0,0,0,,0,3B60,"5TH ST","BLUXOME ST",52.00,N,N,B,-,N,,,,,,,,,,N,4,0,1,2,A,-,03,22350,,N,D,G,A,A,H,-,A,D,0,,Y,,,Y,,L,04,0,0,1,0,0,0,1,0,0,"- ","- ",,,"SAN FRANCISCO","SAN FRANCISCO",-122.39812655,37.776061570000003
7025368,2015,2016-04-29,3801,2015-03-22,1840,4014,,7,5,7,3801,0,0,0,,0,CENTRA,"VAN NESS AV","MCDOWELL RD",0.00,,Y,A,-,N,,,,,,,,,,N,3,0,1,2,A,-,05,21650,,N,H,B,E,A,H,-,B,D,0,Y,Y,,,Y,,-,"- ",0,1,0,0,1,0,0,0,0,"- ","- ",,,"SAN FRANCISCO","SAN FRANCISCO",-122.42653986000001,37.807839979999997
7025396,2015,2016-04-28,3801,2015-03-13,1030,001387,03132,5,5,7,3801,0,0,0,,0,1030,"8TH ST","FOLSOM ST",0.00,,Y,A,-,N,,,,,,,,,,N,2,0,1,3,A,-,12,21453,A,N,B,G,A,A,H,-,A,A,0,,Y,,,Y,,L,04,1,0,0,0,0,0,1,0,0,"- ","- ",,,"SAN FRANCISCO","SAN FRANCISCO",-122.41004988,37.774989890000001
7025397,2015,2015-08-22,3801,2015-03-14,0525,1075,,6,5,7,3801,0,0,0,,0,3F13E,"BAKER ST","HAIGHT ST",0.00,,Y,A,-,N,,,,,,,,,,N,2,0,1,1,A,-,"- ",,,N,H,A,A,A,A,-,C,D,0,,Y,,,Y,,L,04,1,0,0,0,0,0,1,0,0,"- ","- ",,,"SAN FRANCISCO","SAN FRANCISCO",-122.44031986,37.770849949999999
7025417,2015,2015-08-22,3801,2015-03-06,1455,4060,PARK,5,5,7,3801,0,0,0,,0,3F60,"WALLER ST","STEINER ST",31.00,W,N,A,-,N,,,,,,,,,,N,4,0,1,2,A,-,03,22350,,M,C,G,A,A,H,-,A,A,0,,Y,,,Y,,A,01,0,0,1,0,0,0,1,0,0,"- ","- ",,,"SAN FRANCISCO","SAN FRANCISCO",-122.43199585000001,37.770966139999999
7025418,2015,2015-08-22,3801,2015-03-09,1820,002426,,1,5,7,3801,0,0,0,,0,3CAR,"COLUMBUS AV","NORTH POINT ST",0.00,,Y,A,-,N,,,,,,,,,,N,3,0,1,2,A,-,09,21801,A,N,D,G,A,A,H,-,A,A,0,,Y,,,Y,,B,01,0,1,0,0,0,0,1,0,0,"- ","- ",,,"SAN FRANCISCO","SAN FRANCISCO",-122.41836987000001,37.805979989999997
7025466,2015,2015-08-22,3801,2015-03-04,1823,2262,BAYVI,3,5,7,3801,0,0,0,,0,3C11D,"PENNSYLVANIA AV","CESAR CHAVEZ ST",117.00,N,N,A,-,N,,,,,,,,,,N,3,0,1,2,A,-,03,22350,,N,G,G,A,A,G,-,B,D,0,,Y,,,Y,,L,04,0,1,0,0,0,0,1,0,0,"- ","- ",,,"SAN FRANCISCO","SAN FRANCISCO",-122.39244841,37.750370619999998
7025468,2015,2015-08-22,3801,2015-03-30,0930,4060,,1,5,7,3801,0,0,0,,0,3F60,"FULTON ST","BAKER ST",50.00,E,N,A,-,N,,,,,,,,,,N,3,0,1,2,A,-,21,22106,,N,D,G,A,A,H,-,A,D,0,,Y,,,Y,,B,01,0,1,0,0,0,0,0,0,0,"- ","- ",,,"SAN FRANCISCO","SAN FRANCISCO",-122.44131913,37.77645175
7025474,2015,2015-08-22,3801,2015-03-04,1346,001523,TARAV,3,5,7,3801,0,0,0,,0,"4 CAR","PORTOLA DR","15TH AV",0.00,,Y,A,-,N,,,,,,,,,,,2,0,1,2,A,-,08,22107,,N,B,G,A,A,G,-,A,A,0,,Y,,,Y,,L,04,1,0,0,0,0,0,1,0,0,"- ","- ",,,"SAN FRANCISCO","SAN FRANCISCO",-122.46992997,37.736149920000003
7025476,2015,2015-08-22,3801,2015-03-27,2005,966,,5,5,7,3801,0,0,0,,0,3J00,"POLK ST","ELLIS ST",0.00,,Y,F,-,N,,,,,,,,,,N,4,0,1,2,D,-,00,,,F,H,B,A,-,-,-,-,-,0,,Y,,,Y,,-,"- ",0,0,1,0,0,0,1,0,0,"- ","- ",,,"SAN FRANCISCO","SAN FRANCISCO",-122.41934987,37.784039960000001
7025493,2015,2015-08-22,3801,2015-03-17,1000,004223,INGLE,2,5,7,3801,0,0,0,,0,3H4A,"OCEAN AV","SAN JOSE AV",362.00,W,N,A,-,N,,,,,,,,,,N,4,0,1,1,A,-,00,22348,A,N,H,J,A,A,G,-,A,D,0,,Y,,,Y,,L,,0,0,1,0,0,0,1,0,0,"- ","- ",,,"SAN FRANCISCO","SAN FRANCISCO",-122.44606193,37.722940440000002
7025521,2015,2015-08-22,3801,2015-04-19,1005,4133,TARAV,7,5,7,3801,0,0,0,,0,312A,"20TH AV","JUDAH ST",98.00,S,N,A,-,N,,,,,,,,,,N,3,0,1,2,A,-,06,21755,A,N,-,-,A,A,H,-,A,-,0,,Y,,,Y,,L,04,0,1,0,0,0,0,1,0,0,"- ","- ",,,"SAN FRANCISCO","SAN FRANCISCO",-122.47806977,37.76138126
7025530,2015,2015-08-25,3801,2015-04-29,1840,001614,MISSI,3,5,7,3801,0,0,0,,0,,"17TH ST","POTRERO AV",0.00,,Y,A,-,N,,,,,,,,,,N,3,0,2,3,A,-,01,23153,A,N,G,G,A,A,H,-,A,A,0,,Y,,,Y,,A,01,0,2,0,0,0,0,2,0,0,"- ","- ",,,"SAN FRANCISCO","SAN FRANCISCO",-122.40742988,37.764489990000001
7025548,2015,2015-08-22,3801,2015-04-22,1830,002126,SOUTH,3,5,7,3801,0,0,0,,0,3B12D,"HOWARD ST","MARY ST",0.00,,Y,A,-,N,,,,,,,,,,N,3,0,1,2,D,-,00,,,N,B,G,A,A,H,-,A,D,0,,Y,,,Y,,-,"- ",0,1,0,0,0,0,1,0,0,"- ","- ",,,"SAN FRANCISCO","SAN FRANCISCO",-122.40570992000001,37.780899990000002
7025550,2015,2015-08-22,3801,2015-04-17,2150,004262,MISSI,5,5,7,3801,0,0,0,,0,903,"VALENCIA ST","21ST ST",0.00,,Y,A,-,N,,,,,,,,,,N,4,0,1,2,A,-,08,22107,,F,H,G,A,A,H,-,C,A,0,,Y,,,Y,,A,07,0,0,1,0,0,0,1,0,0,"- ","- ",,,"SAN FRANCISCO","SAN FRANCISCO",-122.42109988999999,37.756909960000002
7025552,2015,2015-08-22,3801,2015-04-30,0848,002179,MISSI,4,5,7,3801,0,0,0,,0,4V5F,"16TH ST","FOLSOM ST",17.00,S,N,A,-,N,,,,,,,,,,N,3,0,1,2,A,-,12,21453,A,N,D,G,A,A,H,-,A,A,0,,Y,,,Y,,L,04,0,1,0,0,0,0,1,0,0,"- ","- ",,,"SAN FRANCISCO","SAN FRANCISCO",-122.4153,37.765309999999999
7025584,2015,2015-08-22,3801,2015-04-01,1807,000717,NORTH,3,5,7,3801,0,0,0,,0,3E14E,"POLK ST","CALIFORNIA ST",87.00,S,N,A,-,N,,,,,,,,,,N,4,0,1,2,A,-,00,21760,C,N,B,G,A,A,H,-,A,D,0,,Y,,,Y,,A,01,0,0,1,0,0,0,1,0,0,"- ","- ",,,"SAN FRANCISCO","SAN FRANCISCO",-122.42063428,37.790333769999997
7025599,2015,2015-08-22,3801,2015-04-09,1957,001478,CENTR,4,5,7,3801,0,0,0,,0,004,"JACKSON ST","FRONT ST",0.00,,Y,A,-,N,,,,,,,,,,N,3,0,1,2,D,-,00,,,N,D,G,A,A,H,-,C,A,0,,Y,,,Y,,-,"- ",0,1,0,0,0,0,1,0,0,"- ","- ",,,"SAN FRANCISCO","SAN FRANCISCO",-122.39947986,37.796939989999998
7025882,2014,2015-08-14,3801,2014-08-18,1315,2138,CENTR,1,5,7,3801,0,0,0,,0,3A15A,"NORTHPOINT ST","HYDE ST",0.00,,Y,B,-,N,,,,,,,,,,N,4,0,1,2,A,-,09,21800,A,F,D,G,A,A,H,-,A,A,0,,Y,,,Y,,-,,0,0,1,0,0,0,1,0,0,"- ","- ",,,"SAN FRANCISCO","SAN FRANCISCO",-122.4203535,37.805732999999996
7025883,2014,2015-09-02,3801,2014-08-18,1223,000395,,1,5,7,3801,0,0,0,,0,4K4E,"KING ST","3RD ST",0.00,,Y,A,-,N,,,,,,,,,,N,4,0,1,1,A,-,11,21456,B,N,B,G,A,A,H,-,A,A,0,,Y,,,Y,,-,"- ",0,0,1,0,0,0,1,0,0,"- ","- ",,,"SAN FRANCISCO","SAN FRANCISCO",-122.39194990999999,37.778199979999997
7025886,2014,2015-08-14,3801,2014-08-18,0800,983,BAYVI,1,5,7,3801,0,0,0,,0,3C15A,"17TH ST","TEXAS ST",0.00,,Y,B,-,N,,,,,,,,,,N,4,0,1,2,D,-,00,,,N,C,G,A,A,H,-,A,D,0,,Y,,,Y,,-,"- ",0,0,1,0,0,0,1,0,0,"- ","- ",,,"SAN FRANCISCO","SAN FRANCISCO",-122.39582,37.765189909999997
7027447,2015,2015-08-24,3801,2015-04-11,2126,298,SOUTH,6,5,7,3801,0,0,0,,0,3B12E,"MARKET ST","6TH ST",248.00,W,N,A,-,N,,,,,,,,,,Y,3,0,1,3,A,-,07,21658,A,F,B,G,A,A,H,-,C,D,0,,Y,,,Y,,A,08,0,1,0,0,0,0,1,0,0,"- ","- ",,,"SAN FRANCISCO","SAN FRANCISCO",-122.41090920000001,37.781760030000001
7027461,2015,2015-08-24,3801,2015-04-11,1904,001695,TENDE,6,5,7,3801,0,0,0,,0,3J43C,"TAYLOR ST","ELLIS ST",25.00,N,N,A,-,N,,,,,,,,,,,3,0,1,2,A,-,09,21804,A,N,D,G,A,A,H,-,A,A,0,,Y,,,Y,,L,04,0,1,0,0,0,0,1,0,0,"- ","- ",,,"SAN FRANCISCO","SAN FRANCISCO",-122.41114399999999,37.785167770000001
7027488,2015,2015-09-03,3801,2015-04-27,1319,171,CENTR,1,5,7,3801,0,0,0,,0,3CAR,"COLUMBUS AV","JONES ST",0.00,,Y,A,-,N,,,,,,,,,,N,3,0,1,2,A,-,"- ",,,N,C,G,A,A,H,-,A,D,0,,Y,,,Y,,-,"- ",0,1,0,0,0,0,1,0,0,"- ","- ",,,"SAN FRANCISCO","SAN FRANCISCO",-122.41680993,37.804919980000001
7027491,2015,2015-08-24,3801,2015-04-03,1548,001846,MISSI,5,5,7,3801,0,0,0,,0,,"17TH ST","SANCHEZ ST",0.00,,Y,A,-,N,,,,,,,,,,N,3,0,1,2,A,-,12,22450,A,N,D,D,A,A,H,-,A,A,0,,Y,,,Y,,L,04,0,1,0,0,0,0,1,0,0,"- ","- ",,,"SAN FRANCISCO","SAN FRANCISCO",-122.43071992,37.762759940000002
7027508,2015,2015-08-24,3801,2015-04-10,0758,371,PARK,5,5,7,3801,0,0,0,,0,,"25TH ST",POTRERO,0.00,,Y,A,-,N,,,,,,,,,,N,3,0,1,2,A,-,08,22107,,F,C,G,A,A,H,-,A,-,0,,Y,,,Y,,-,,0,1,0,0,0,0,1,0,0,"- ","- ",,,"SAN FRANCISCO","SAN FRANCISCO",-122.40619992000001,37.751739980000004
7027561,2015,2015-10-05,3801,2015-04-15,1835,002395,MISSI,3,5,7,3801,0,0,0,,0,3D11D,"VALENCIA ST","16TH ST",70.00,S,N,A,-,N,,,,,,,,,,N,3,0,1,2,A,-,17,22517,,N,B,H,A,A,H,-,A,D,0,,Y,,,Y,,A,07,0,1,0,0,0,0,1,0,0,"- ","- ",,,"SAN FRANCISCO","SAN FRANCISCO",-122.42187213,37.764718219999999
7027565,2015,2015-10-05,3801,2015-04-16,1824,001644,SOUTH,4,5,7,3801,0,0,0,,0,3BID,"MARKET ST","3RD ST",0.00,,Y,A,-,N,,,,,,,,,,N,3,0,1,2,A,-,02,22400,A,N,B,G,A,A,H,-,A,A,0,,Y,,,Y,,-,,0,1,0,0,0,0,1,0,0,"- ","- ",,,"SAN FRANCISCO","SAN FRANCISCO",-122.40345987000001,37.78765989
7027569,2015,2015-10-05,3801,2015-04-16,1700,004356,INGLE,4,5,7,3801,0,0,0,,0,3H12D,"KING ST","3RD ST",0.00,,Y,A,-,N,,,,,,,,,,N,4,0,1,2,A,-,17,22517,,N,H,G,A,A,H,-,A,D,0,,Y,,,Y,,A,07,0,0,1,0,0,0,1,0,0,"- ","- ",,,"SAN FRANCISCO","SAN FRANCISCO",-122.39194990999999,37.778199979999997
7027577,2015,2015-10-05,3801,2015-04-16,1647,001173,SOUTH,4,5,7,3801,0,0,0,,0,3B15D,"TOWNSEND ST","2ND ST",0.00,,Y,A,-,N,,,,,,,,,,N,3,0,1,3,A,-,17,22517,,N,B,G,A,A,H,-,A,A,0,,Y,,,Y,,-,,0,1,0,0,0,0,1,0,0,"- ","- ",,,"SAN FRANCISCO","SAN FRANCISCO",-122.39051993,37.780619989999998
7029075,2015,2015-09-16,3801,2015-06-05,0825,2434,BAYVI,5,5,7,3801,0,0,0,,0,3C41A,"CESAR CHAVEZ ST","INDIANA ST",80.00,E,N,A,-,N,,,,,,,,,,N,3,0,1,2,A,-,03,22350,,N,A,E,A,A,H,-,A,D,0,,Y,,,Y,,L,04,0,1,0,0,0,0,1,0,0,"- ","- ",,,"SAN FRANCISCO","SAN FRANCISCO",-122.39017321999999,37.750070000000001
7029203,2015,2015-08-27,3801,2015-06-13,2000,01544,CENTR,6,5,7,3801,0,0,0,,0,3A4D,"BROADWAY ST","EMBARCADERO NORTH ST",0.00,,Y,A,-,N,,,,,,,,,,N,3,0,1,2,A,-,17,22517,,N,B,G,A,A,H,-,B,A,0,,Y,,,Y,,A,01,0,1,0,0,0,0,1,0,0,"- ","- ",,,"SAN FRANCISCO","SAN FRANCISCO",-122.39755153999999,37.799281749999999
7029213,2015,2015-08-26,3801,2015-06-23,0908,1043,SOUTH,2,5,7,3801,0,0,0,,0,3B60,"MARKET ST","VALENCIA ST",0.00,,Y,A,-,N,,,,,,,,,,N,4,0,1,2,A,-,09,21801,A,N,D,G,A,A,H,-,A,A,0,,Y,,,Y,,A,01,0,0,1,0,0,0,1,0,0,"- ","- ",,,"SAN FRANCISCO","SAN FRANCISCO",-122.42261997,37.772549980000001
7029229,2015,2015-08-26,3801,2015-06-18,2156,433,MISSI,4,5,7,3801,0,0,0,,0,901,"16TH ST","MARKET ST",0.00,,Y,-,-,N,,,,,,,,,,N,4,0,1,2,A,-,09,21801,A,N,D,G,A,A,H,-,C,A,0,,Y,,,Y,,A,07,0,0,1,0,0,0,1,0,0,"- ","- ",,,"SAN FRANCISCO","SAN FRANCISCO",-122.43313992,37.764239959999998
7029232,2015,2015-08-27,3801,2015-06-26,0955,86,TARAV,5,5,7,3801,0,0,0,,0,3I16A,"ALEMANY BL","ST CHARLES AV",8.00,E,N,B,-,N,,,,,,,,,,N,4,0,1,2,A,-,09,21800,A,N,D,G,A,A,H,-,A,A,0,,Y,,,Y,,A,01,0,0,1,0,0,0,1,0,0,"- ","- ",,,"SAN FRANCISCO","SAN FRANCISCO",-122.46928529,37.710629879999999
7029256,2015,2016-11-03,3801,2015-06-29,1810,01310,NORTH,1,5,7,3801,0,0,0,,0,3E11D,"MARKET ST","OAK ST",39.00,S,N,A,-,Y,SF,4,101,-,T,4.860,I,5,N,N,4,0,1,2,A,-,08,22107,,N,D,G,A,A,H,-,A,A,0,,Y,,,Y,,A,01,0,0,1,0,0,0,1,0,0,"- ","- ",,,"SAN FRANCISCO","SAN FRANCISCO",-122.41920589999999,37.775241430000001
7029265,2015,2016-06-13,3801,2015-06-08,1612,000013,SOUTH,1,5,7,3801,0,0,0,,0,4B8G,"7TH ST","FOLSOM ST",0.00,,Y,A,-,N,,,,,,,,,,N,3,0,1,2,A,-,17,22517,,N,H,G,A,A,H,-,A,D,0,,Y,,,Y,,A,01,0,1,0,0,0,0,1,0,0,"- ","- ",,,"SAN FRANCISCO","SAN FRANCISCO",-122.40784985000001,37.776769889999997
7029279,2015,2015-08-27,3801,2015-06-30,1927,00868,SOUTH,2,5,7,3801,0,0,0,,0,4B108,"STEVENSON ST","6TH ST",195.00,E,N,A,-,N,,,,,,,,,,N,2,0,1,2,A,-,03,22350,,F,H,G,A,A,H,-,A,D,0,,Y,,,Y,,A,01,1,0,0,0,0,0,1,0,0,"- ","- ",,,"SAN FRANCISCO","SAN FRANCISCO",-122.40919464,37.782150289999997
7029290,2015,2015-08-26,3801,2015-06-19,1500,1116,BAYVI,5,5,7,3801,0,0,0,,0,3C11D,"MISSISSIPPI ST","16TH ST",0.00,,Y,A,-,N,,,,,,,,,,N,3,0,1,2,A,-,08,22100,A,N,B,G,A,A,H,-,A,A,0,,Y,,,Y,,A,01,0,1,0,0,0,0,1,0,0,"- ","- ",,,"SAN FRANCISCO","SAN FRANCISCO",-122.39506987999999,37.766539989999998
7029321,2015,2015-08-26,3801,2015-06-18,0840,04095,MISSI,4,5,7,3801,0,0,0,,0,908,"VALENCIA ST","22ND ST",103.00,S,N,A,-,N,,,,,,,,,,N,2,0,1,2,A,-,00,23123,A,N,D,G,A,A,H,-,A,D,0,,Y,,,Y,,L,04,1,0,0,0,0,0,1,0,0,"- ","- ",,,"SAN FRANCISCO","SAN FRANCISCO",-122.42094116,37.75502797
7029331,2015,2015-08-27,3801,2015-06-13,1835,01310,NORTH,6,5,7,3801,0,0,0,,0,3E11D,"POLK ST","GEARY ST",80.00,S,N,A,-,N,,,,,,,,,,N,3,0,1,3,A,-,09,21801,A,N,D,G,A,A,H,-,A,D,0,,Y,Y,,Y,,A,01,0,1,0,0,0,0,1,0,0,"- ","- ",,,"SAN FRANCISCO","SAN FRANCISCO",-122.41969389,37.785683300000002
7029339,2015,2015-08-31,3801,2015-06-18,1739,01436,SOUTH,4,5,7,3801,0,0,0,,0,3B12D,"MISSION ST","EAST JESSIE ST",0.00,,Y,A,-,N,,,,,,,,,,N,3,0,1,2,A,-,05,21650,,N,B,C,A,A,H,-,A,D,0,,Y,,,Y,,L,04,0,1,0,0,0,0,1,0,0,"- ","- ",,,"SAN FRANCISCO","SAN FRANCISCO",-122.40603985,37.783089910000001