CASE_ID,ACCIDENT_YEAR,PROC_DATE,JURIS,COLLISION_DATE,COLLISION_TIME,OFFICER_ID,REPORTING_DISTRICT,DAY_OF_WEEK,CHP_SHIFT,POPULATION,CNTY_CITY_LOC,SPECIAL_COND,BEAT_TYPE,CHP_BEAT_TYPE,CITY_DIVISION_LAPD,CHP_BEAT_CLASS,BEAT_NUMBER,PRIMARY_RD,SECONDARY_RD,DISTANCE,DIRECTION,INTERSECTION,WEATHER_1,WEATHER_2,STATE_HWY_IND,CALTRANS_COUNTY,CALTRANS_DISTRICT,STATE_ROUTE,ROUTE_SUFFIX,POSTMILE_PREFIX,POSTMILE,LOCATION_TYPE,RAMP_INTERSECTION,SIDE_OF_HWY,TOW_AWAY,COLLISION_SEVERITY,NUMBER_KILLED,NUMBER_INJURED,PARTY_COUNT,PRIMARY_COLL_FACTOR,PCF_CODE_OF_VIOL,PCF_VIOL_CATEGORY,PCF_VIOLATION,PCF_VIOL_SUBSECTION,HIT_AND_RUN,TYPE_OF_COLLISION,MVIW,PED_ACTION,ROAD_SURFACE,ROAD_COND_1,ROAD_COND_2,LIGHTING,CONTROL_DEVICE,CHP_ROAD_TYPE,PEDESTRIAN_ACCIDENT,BICYCLE_ACCIDENT,MOTORCYCLE_ACCIDENT,TRUCK_ACCIDENT,NOT_PRIVATE_PROPERTY,ALCOHOL_INVOLVED,STWD_VEHTYPE_AT_FAULT,CHP_VEHTYPE_AT_FAULT,COUNT_SEVERE_INJ,COUNT_VISIBLE_INJ,COUNT_COMPLAINT_PAIN,COUNT_PED_KILLED,COUNT_PED_INJURED,COUNT_BICYCLIST_KILLED,COUNT_BICYCLIST_INJURED,COUNT_MC_KILLED,COUNT_MC_INJURED,PRIMARY_RAMP,SECONDARY_RAMP,LATITUDE,LONGITUDE,COUNTY,CITY,POINT_X,POINT_Y
7029341,2015,2015-08-26,3801,2015-06-24,2233,01436,SOUTH,3,5,7,3801,0,0,0,,0,3B13D,"MISSION ST","OTIS ST",0.00,,Y,A,-,N,,,,,,,,,,N,3,0,1,2,A,-,12,21453,A,N,D,G,A,A,H,-,C,A,0,,Y,Y,,Y,,L,04,0,1,0,0,0,0,1,0,0,"- ","- ",,,"SAN FRANCISCO","SAN FRANCISCO",-122.41862997,37.773109980000001
7029859,2015,2016-07-07,3801,2015-06-27,0255,01660,NORTH,6,5,7,3801,0,0,0,,0,3E14E,"MARKET ST","CHURCH ST",0.00,,Y,A,-,N,,,,,,,,,,N,2,0,1,2,A,-,00,20001,A,F,C,G,A,A,H,-,C,A,0,,Y,,,Y,,A,01,1,0,0,0,0,0,1,0,0,"- ","- ",,,"SAN FRANCISCO","SAN FRANCISCO",-122.42893989,37.767609890000003
7032747,2015,2015-09-10,3801,2015-05-12,1628,1116,BAYVI,2,5,7,3801,0,0,0,,0,003,"NORTHRIDGE RD","HARBOR RD",248.00,E,N,A,-,N,,,,,,,,,,N,3,0,1,2,A,-,03,22350,,N,C,G,A,A,H,-,A,D,0,,Y,,,Y,,L,04,0,1,0,0,0,0,1,0,0,"- ","- ",,,"SAN FRANCISCO","SAN FRANCISCO",-122.37628337,37.731004310000003
7032827,2015,2016-06-16,3801,2015-05-23,1420,000179,SOUTH,6,5,7,3801,0,0,0,,0,3B14D,"EMBARCADERO NORTH","BROADWAY ST",0.00,,Y,A,-,N,,,,,,,,,,N,4,0,1,3,D,-,00,,,N,H,G,A,A,H,-,A,A,0,,Y,,,Y,,-,"- ",0,0,1,0,0,0,1,0,0,"- ","- ",,,"SAN FRANCISCO","SAN FRANCISCO",-122.39775899999999,37.799171999999999
7032832,2015,2015-08-20,3801,2015-05-11,1511,001384,,1,5,7,3801,0,0,0,,0,COB,"MARKET ST","OCTAVIA ST",0.00,,Y,A,-,N,,,,,,,,,,N,4,0,1,2,A,-,08,22101,D,F,B,G,A,A,H,-,A,A,0,,Y,,,Y,,-,99,0,0,1,0,0,0,1,0,0,"- ","- ",,,"SAN FRANCISCO","SAN FRANCISCO",-122.42358993000001,37.771779950000003
7032848,2015,2015-08-24,3801,2015-05-11,0814,1939,MISSI,1,5,7,3801,0,0,0,,0,3D13A,"POTRERO AV","16TH ST",0.00,,Y,A,-,N,,,,,,,,,,N,3,0,1,2,A,-,03,22350,,F,H,G,A,A,H,-,A,A,0,,Y,,,Y,,L,04,0,1,0,0,0,0,1,0,0,"- ","- ",,,"SAN FRANCISCO","SAN FRANCISCO",-122.40755998,37.765769929999998
7032863,2015,2015-08-20,3801,2015-05-12,1426,001380,TARAV,2,5,7,3801,0,0,0,,0,3116A,"ALEMANY BL","ST CHARLES AV",0.00,,Y,A,-,N,,,,,,,,,,N,3,0,1,2,A,-,03,22350,,N,D,G,A,A,H,-,A,D,0,,Y,,,Y,,A,01,0,1,0,0,0,0,1,0,0,"- ","- ",,,"SAN FRANCISCO","SAN FRANCISCO",-122.46930997,37.710619940000001
7032864,2015,2015-08-19,3801,2015-05-12,1833,000970,,2,5,7,3801,0,0,0,,0,,"CESAR CHAVEZ ST","GUERRERO ST",0.00,,Y,A,-,N,,,,,,,,,,N,4,0,1,2,A,-,07,21658,A,N,B,G,A,A,H,-,A,A,0,,Y,,,Y,,A,01,0,0,1,0,0,0,1,0,0,"- ","- ",,,"SAN FRANCISCO","SAN FRANCISCO",-122.42247997,37.748019980000002
7032869,2015,2015-08-20,3801,2015-05-18,1855,133,CENTR,1,5,7,3801,0,0,0,,0,3A14D,"BATTERY ST","PACIFIC ST",0.00,,Y,A,-,N,,,,,,,,,,N,3,0,1,2,A,-,08,22100,A,F,D,G,A,A,H,-,A,A,0,,Y,,,Y,,A,01,0,1,0,0,0,0,1,0,0,"- ","- ",,,"SAN FRANCISCO","SAN FRANCISCO",-122.40087991999999,37.797679889999998
7032876,2015,2015-08-19,3801,2015-05-05,1707,000878,,2,5,7,3801,0,0,0,,0,,"HOWARD ST","MARY ST",0.00,,Y,A,-,N,,,,,,,,,,N,4,0,1,2,C,-,18,,,N,D,G,A,A,H,-,A,D,0,,Y,,,Y,,-,"- ",0,0,1,0,0,0,1,0,0,"- ","- ",,,"SAN FRANCISCO","SAN FRANCISCO",-122.40570992000001,37.780899990000002
7032885,2015,2015-08-19,3801,2015-05-29,1759,004310,MISSI,5,5,7,3801,0,0,0,,0,6CAR,"15TH ST","FOLSOM ST",0.00,,Y,A,-,N,,,,,,,,,,N,4,0,1,2,A,-,09,21801,A,N,A,G,A,A,H,-,A,A,0,,Y,,,Y,,L,04,0,0,1,0,0,0,1,0,0,"- ","- ",,,"SAN FRANCISCO","SAN FRANCISCO",-122.41545988999999,37.766929900000001
7032904,2015,2015-08-19,3801,2015-05-19,1900,002317,SOUTH,2,5,7,3801,0,0,0,,0,3B2C,"MARKET ST","MARKET ST 525",0.00,,-,A,-,N,,,,,,,,,,N,4,0,1,2,A,-,08,22107,,F,-,G,A,A,H,-,A,A,0,,Y,,,Y,,A,01,0,0,1,0,0,0,1,0,0,"- ","- ",,,"SAN FRANCISCO","SAN FRANCISCO",-122.39947021,37.790803740000001
7032907,2015,2015-08-20,3801,2015-05-08,1100,004028,SOUTH,5,5,7,3801,0,0,0,,0,3B5A,"BRYANT ST","2ND ST",166.00,,N,A,-,N,,,,,,,,,,N,4,0,1,2,A,-,17,22517,,F,B,G,A,A,H,-,A,D,0,,Y,,,Y,,A,01,0,0,1,0,0,0,1,0,0,"- ","- ",,,"SAN FRANCISCO","SAN FRANCISCO",-122.39362985,37.78307993
7032908,2015,2015-08-19,3801,2015-05-30,1636,2112,MISSI,6,5,7,3801,0,0,0,,0,3D11D,"SANCHES ST","16TH ST",22.00,N,N,A,-,N,,,,,,,,,,N,4,0,1,2,A,-,08,22107,,N,B,G,A,A,H,-,A,A,0,,Y,,,Y,,L,04,0,0,1,0,0,0,1,0,0,"- ","- ",,,"SAN FRANCISCO","SAN FRANCISCO",-122.43088668999999,37.764420200000004
7032914,2015,2015-08-19,3801,2015-05-30,1725,001134,RICHM,6,5,7,3801,0,0,0,,0,4CAR,"CLEMENT ST","22ND AV",25.00,E,N,A,B,N,,,,,,,,,,N,3,0,1,2,A,-,17,22517,,N,H,G,A,A,H,-,A,D,0,,Y,,,Y,,A,01,0,1,0,0,0,0,1,0,0,"- ","- ",,,"SAN FRANCISCO","SAN FRANCISCO",-122.48158361,37.782153999999998
7033356,2015,2015-09-15,3801,2015-02-26,2315,2095,35,4,5,7,3801,0,0,0,,0,,"DOLORES ST","15TH ST",0.00,,Y,A,-,N,,,,,,,,,,N,4,0,1,2,A,-,09,21802,A,F,D,G,A,A,H,-,C,A,0,,Y,,,Y,,A,01,0,0,1,0,0,0,1,0,0,"- ","- ",,,"SAN FRANCISCO","SAN FRANCISCO",-122.42659992,37.766259929999997
7033376,2015,2015-10-28,3801,2015-05-30,2300,1145,,6,5,7,3801,0,0,0,,0,,"10TH ST","HARRISON ST",1.00,S,N,A,-,N,,,,,,,,,,N,4,0,1,2,A,-,17,21200,A,N,D,G,A,A,H,-,C,A,0,,Y,,,Y,,L,04,0,0,1,0,0,0,1,0,0,"- ","- ",,,"SAN FRANCISCO","SAN FRANCISCO",-122.41124762,37.771598009999998
7034539,2015,2015-08-22,3801,2015-01-15,0735,004352,MISSI,4,5,7,3801,0,0,0,,0,901,"MARKET ST","SANCHEZ ST",175.00,,N,A,-,N,,,,,,,,,,N,4,0,1,2,A,-,07,21658,A,N,D,G,A,A,H,-,A,D,0,,Y,,,Y,,A,01,0,0,1,0,0,0,1,0,0,"- ","- ",,,"SAN FRANCISCO","SAN FRANCISCO",-122.43100990000001,37.765979909999999
7034545,2015,2015-08-22,3801,2015-01-02,1720,001100,TENDE,5,5,7,3801,0,0,0,,0,3J11D,"TURK ST","TAYLOR ST",10.00,E,N,A,-,N,,,,,,,,,,N,4,0,1,2,A,-,14,21201,D,N,B,G,A,A,H,-,B,D,0,,Y,,,Y,,L,04,0,0,1,0,0,0,1,0,0,"- ","- ",,,"SAN FRANCISCO","SAN FRANCISCO",-122.41074577000001,37.783214100000002
7034574,2015,2015-08-22,3801,2015-01-13,0648,1265,SOUTH,2,5,7,3801,0,0,0,,0,03B,"HOWARD ST","10TH ST",0.00,,Y,A,-,N,,,,,,,,,,N,4,0,1,2,A,-,17,21657,,N,D,G,A,A,H,-,A,A,0,,Y,,,Y,,L,04,0,0,1,0,0,0,1,0,0,"- ","- ",,,"SAN FRANCISCO","SAN FRANCISCO",-122.41436998,37.774029919999997
7034578,2015,2015-08-22,3801,2015-01-06,0758,004220,INGLE,2,5,7,3801,0,0,0,,0,3H3A,"SAN JOSE AV","SANTA ROSA AV",0.00,,Y,A,-,N,,,,,,,,,,N,3,0,1,2,A,-,09,21801,A,N,D,G,A,A,H,-,A,A,0,,Y,,Y,Y,,G,76,0,1,0,0,0,0,1,0,0,"- ","- ",,,"SAN FRANCISCO","SAN FRANCISCO",-122.44009988000001,37.728949919999998
7034621,2015,2015-08-26,3801,2015-01-25,1653,931,RICHM,7,5,7,3801,0,0,0,,0,"5 CAR","GREAT HWY","LINCOLN WY",0.00,,Y,A,-,N,,,,,,,,,,N,4,0,1,2,A,-,12,21453,A,N,H,G,A,A,H,-,A,A,0,,Y,,,Y,,A,01,0,0,1,0,0,0,1,0,0,"- ","- ",,,"SAN FRANCISCO","SAN FRANCISCO",-122.51036993,37.764029919999999
7034628,2015,2015-08-25,3801,2015-01-23,2019,004319,MISSI,5,5,7,3801,0,0,0,,0,3D13D,"16TH ST","HARRISON ST",12.50,S,N,A,-,N,,,,,,,,,,N,4,0,1,2,A,-,04,21703,,N,C,G,A,A,H,-,C,A,0,,Y,,,Y,,L,04,0,0,1,0,0,0,1,0,0,"- ","- ",,,"SAN FRANCISCO","SAN FRANCISCO",-122.41319310999999,37.765447190000003
7034637,2015,2015-08-26,3801,2015-01-26,1953,000845,NORTH,1,5,7,3801,0,0,0,,0,4K4A,"STIENER ST","GERMANIA ST",20.00,W,N,A,-,N,,,,,,,,,,N,4,0,1,2,A,-,11,21955,,N,G,B,D,A,H,-,C,D,0,Y,Y,,,Y,,N,60,0,0,1,0,1,0,0,0,0,"- ","- ",,,"SAN FRANCISCO","SAN FRANCISCO",-122.43181908,37.77055447
7034650,2015,2015-08-22,3801,2015-02-15,1050,351,SOUTH,7,5,7,3801,0,0,0,,0,3B2A,"11TH ST","MISSION ST",220.00,N,N,A,-,N,,,,,,,,,,N,3,0,1,2,A,-,21,22106,,N,C,G,A,A,H,-,A,A,0,,Y,,,Y,,A,01,0,1,0,0,0,0,1,0,0,"- ","- ",,,"SAN FRANCISCO","SAN FRANCISCO",-122.41764039,37.774755759999998
7034709,2015,2015-08-22,3801,2015-02-26,1006,004036,SOUTH,4,5,7,3801,0,0,0,,0,4K1D,"MARKET ST","5TH ST",116.00,E,N,A,-,N,,,,,,,,,,N,3,0,1,2,A,-,00,21760,C,N,B,G,A,A,H,-,A,D,0,,Y,,,Y,Y,-,99,0,1,0,0,0,0,1,0,0,"- ","- ",,,"SAN FRANCISCO","SAN FRANCISCO",-122.40777197,37.784222020000001
7034740,2015,2015-08-22,3801,2015-02-19,2327,787,CENTR,4,5,7,3801,0,0,0,,0,3A12E,"KEARNY AVE","BUSH ST",125.00,S,N,A,-,N,,,,,,,,,,N,3,0,1,3,A,-,17,22517,,F,H,G,A,A,H,-,C,D,0,,Y,,,Y,,-,,0,1,0,0,0,0,1,0,0,"- ","- ",,,"SAN FRANCISCO","SAN FRANCISCO",-122.40395785,37.790431419999997
7034871,2015,2015-09-09,3801,2015-02-21,1456,1729,SOUTH,6,5,7,3801,0,0,0,,0,,"EMBARCADERO NORTH ST","WASHINGTON ST",0.00,S,N,A,-,N,,,,,,,,,,N,3,0,1,3,D,-,00,,,N,B,G,A,A,H,-,A,D,0,,Y,,,Y,,-,"- ",0,1,0,0,0,0,1,0,0,"- ","- ",,,"SAN FRANCISCO","SAN FRANCISCO",-122.39555850000001,37.796633999999997
7035056,2015,2015-08-22,3801,2015-02-20,1909,000302,NORTH,5,5,7,3801,0,0,0,,0,3E15D,"VAN NESS AV","BAY ST",6.00,N,N,A,-,N,,,,,,,,,,N,4,0,1,2,A,-,09,21801,A,N,D,G,A,A,H,-,C,A,0,,Y,,,Y,,I,11,0,0,1,0,0,0,1,0,0,"- ","- ",,,"SAN FRANCISCO","SAN FRANCISCO",-122.42515361,37.804146230000001
7035223,2014,2015-08-24,3801,2014-12-09,1108,000443,TARAV,2,5,7,3801,0,0,0,,0,4C1,"8TH AV","IRVING ST",0.00,,Y,B,-,N,,,,,,,,,,N,3,0,1,2,A,-,09,21801,A,N,A,G,A,A,H,-,A,A,0,,Y,,,Y,,A,01,0,1,0,0,0,0,1,0,0,"- ","- ",,,"SAN FRANCISCO","SAN FRANCISCO",-122.46524995999999,37.764089929999997
7035225,2014,2015-08-21,3801,2014-12-03,2106,856,SOUTH,3,5,7,3801,0,0,0,,0,005,"EMBARCADERO SOUTH ST","HARRISON ST",0.00,,Y,C,-,N,,,,,,,,,,N,3,0,1,2,A,-,08,22107,,F,D,G,A,B,H,-,C,A,0,,Y,,,Y,Y,A,07,0,1,0,0,0,0,1,0,0,"- ","- ",,,"SAN FRANCISCO","SAN FRANCISCO",-122.3886105,37.789496999999997
7035251,2014,2016-02-29,3801,2014-12-15,2240,4337,PARK,1,5,7,3801,0,0,0,,0,03F,"STANYAN ST","HAIGHT ST",0.00,,Y,B,C,N,,,,,,,,,,,3,0,1,2,A,-,12,21453,A,N,A,G,A,B,-,-,C,A,0,,Y,,,Y,,L,04,0,1,0,0,0,0,1,0,0,"- ","- ",,,"SAN FRANCISCO","SAN FRANCISCO",-122.45352987,37.769149919999997
7035279,2014,2015-08-27,3801,2014-12-06,2005,449,NORTH,6,5,7,3801,0,0,0,,0,03E,"POLK ST","GEARY ST",0.00,,Y,A,-,N,,,,,,,,,,N,4,0,1,2,A,-,15,21201,A,N,G,G,A,A,H,-,C,A,0,,Y,,,Y,,L,04,0,0,1,0,0,0,1,0,0,"- ","- ",,,"SAN FRANCISCO","SAN FRANCISCO",-122.41973999,37.785899960000002
7035323,2014,2015-08-24,3801,2014-12-04,0815,1572,SOUTH,4,5,7,3801,0,0,0,,0,3BA,"BRYANT ST","BRYANT ST 598",0.00,,-,A,-,N,,,,,,,,,,N,4,0,1,2,A,-,"- ",,,F,B,G,A,A,H,-,A,D,0,,Y,,,Y,,-,99,0,0,1,0,0,0,1,0,0,"- ","- ",,,"SAN FRANCISCO","SAN FRANCISCO",-122.39787339999999,37.779722219999996
7035333,2014,2015-08-21,3801,2014-12-24,1804,004308,INGLE,3,5,7,3801,0,0,0,,0,3H13D,"MISSION ST","NEY ST",0.00,,Y,A,-,N,,,,,,,,,,N,3,0,1,2,A,-,14,21201,D,N,B,G,A,A,H,-,C,A,0,,Y,,,Y,,L,04,0,1,0,0,0,0,1,0,0,"- ","- ",,,"SAN FRANCISCO","SAN FRANCISCO",-122.43000996000001,37.730009920000001
7035341,2014,2015-08-21,3801,2014-12-10,1616,441,NORTH,3,5,7,3801,0,0,0,,0,4B7F,"POLK ST","SUTTER ST",0.00,,Y,C,-,N,,,,,,,,,,N,4,0,1,2,A,-,12,21453,A,N,D,G,A,B,H,-,A,A,0,,Y,,,Y,,A,01,0,0,1,0,0,0,1,0,0,"- ","- ",,,"SAN FRANCISCO","SAN FRANCISCO",-122.42009991,37.78775993
7035346,2014,2015-08-21,3801,2014-12-31,2145,1598,SOUTH,3,5,7,3801,0,0,0,,0,3B15E,"BRYANT ST","4TH ST",66.00,E,N,A,-,N,,,,,,,,,,N,4,0,1,2,A,-,08,22107,,N,D,G,A,A,H,-,C,A,0,,Y,,,Y,,L,04,0,0,1,0,0,0,1,0,0,"- ","- ",,,"SAN FRANCISCO","SAN FRANCISCO",-122.39790613,37.779696319999999
7035606,2015,2015-08-31,3801,2015-01-21,1220,1421,,3,5,7,3801,0,0,0,,0,,"GOLDEN GATE AV","MARKET ST",0.00,,Y,A,-,N,,,,,,,,,,N,4,0,1,2,A,-,06,21750,,N,B,G,A,A,H,-,A,A,0,,Y,,,Y,,A,08,0,0,1,0,0,0,1,0,0,"- ","- ",,,"SAN FRANCISCO","SAN FRANCISCO",-122.41029991000001,37.78223989
7035610,2015,2015-08-27,3801,2015-01-22,0846,351,SOUTH,4,5,7,3801,0,0,0,,0,3B5A,"11TH ST","MARKET ST",167.00,S,N,A,-,N,,,,,,,,,,N,3,0,1,1,A,-,03,22350,,N,E,I,A,A,H,-,A,A,0,,Y,,,Y,,L,04,0,1,0,0,0,0,1,0,0,"- ","- ",,,"SAN FRANCISCO","SAN FRANCISCO",-122.41829207000001,37.77527499
7035622,2015,2015-08-28,3801,2015-01-16,1615,1502,CENTR,5,5,7,3801,0,0,0,,0,3A14D,"MONTGOMERY ST","PINE ST",72.00,S,N,A,-,N,,,,,,,,,,N,4,0,1,2,A,-,17,21200,,F,C,B,F,A,H,-,A,A,0,Y,Y,,,Y,,L,04,0,0,1,0,1,0,0,0,0,"- ","- ",,,"SAN FRANCISCO","SAN FRANCISCO",-122.40251332,37.791724360000003
7035633,2015,2015-08-27,3801,2015-01-17,1230,001538,TENDE,6,5,7,3801,0,0,0,,0,3JI1A,"JONES ST","EDDY ST",30.00,N,N,A,-,N,,,,,,,,,,N,3,0,1,1,A,-,03,22350,,N,H,A,A,A,H,-,A,A,0,,Y,,,Y,,L,04,0,1,0,0,0,0,1,0,0,"- ","- ",,,"SAN FRANCISCO","SAN FRANCISCO",-122.41260628000001,37.7840214
7035637,2015,2015-09-08,3801,2015-01-17,2246,004345,MISSI,6,5,7,3801,0,0,0,,0,908,"16TH ST","16TH ST 2300 BLK",0.00,,N,A,-,N,,,,,,,,,,N,2,0,1,2,A,-,03,22350,,F,D,G,A,A,H,-,C,D,0,,Y,,,Y,,A,01,1,0,0,0,0,0,1,0,0,"- ","- ",,,"SAN FRANCISCO","SAN FRANCISCO",,
7035638,2015,2015-09-08,3801,2015-01-20,2255,1518,MISSI,2,5,7,3801,0,0,0,,0,,"19TH ST","CAPP ST",0.00,,Y,A,-,N,,,,,,,,,,N,2,0,1,2,A,-,12,22450,A,F,D,G,A,A,H,-,C,A,0,,Y,,,Y,,A,07,1,0,0,0,0,0,1,0,0,"- ","- ",,,"SAN FRANCISCO","SAN FRANCISCO",-122.41810989,37.760289890000003
7035770,2014,2016-06-24,3801,2014-11-10,1835,01240,SOUTH,1,5,7,3801,0,0,0,,0,3BIRD,"SOUTH VAN NESS AV","MARKET ST",0.00,,Y,A,-,Y,SF,4,101,-,T,4.850,H,-,S,N,4,0,1,3,A,-,06,21755,,N,B,G,A,A,H,-,B,A,0,,Y,,,Y,,L,04,0,0,1,0,0,0,1,0,0,"- ","- ",,,"SAN FRANCISCO","SAN FRANCISCO",-122.41930771,37.775013459999997
7035783,2014,2015-08-29,3801,2014-11-05,1520,1729,MISSI,3,5,7,3801,0,0,0,,0,,"MISSION ST","16TH ST",264.00,N,N,A,-,N,,,,,,,,,,N,4,0,1,3,-,-,"- ",,,N,E,G,A,A,H,-,A,D,0,,Y,,,Y,,-,"- ",0,0,1,0,0,0,1,0,0,"- ","- ",,,"SAN FRANCISCO","SAN FRANCISCO",-122.4197362,37.765773340000003
7035844,2014,2015-08-21,3801,2014-11-25,1714,01515,NORTH,2,5,7,3801,0,0,0,,0,3E14D,"EDDY ST","FRANKLIN ST",120.00,W,N,A,-,N,,,,,,,,,,N,4,0,1,2,A,-,14,21201,D,N,D,G,A,A,H,-,C,D,0,,Y,,,Y,,L,04,0,0,1,0,0,0,1,0,0,"- ","- ",,,"SAN FRANCISCO","SAN FRANCISCO",-122.42285093,37.782622029999999
7035862,2014,2015-08-21,3801,2014-11-06,1855,4254,MISSI,4,5,7,3801,0,0,0,,0,3D11D,"VALENCIA ST","15TH ST",254.00,N,N,A,-,N,,,,,,,,,,N,3,0,1,2,A,-,03,22350,,N,C,G,A,A,H,-,C,A,0,,Y,,,Y,,L,04,0,1,0,0,0,0,1,0,0,"- ","- ",,,"SAN FRANCISCO","SAN FRANCISCO",-122.42209053000001,37.767226119999997
7035902,2014,2015-08-24,3801,2014-11-29,2208,1385,COB,6,5,7,3801,0,0,0,,0,3B12E,"9TH ST","HOWARD ST",82.00,N,N,C,-,N,,,,,,,,,,Y,4,0,1,2,A,-,01,23153,A,F,D,G,A,B,H,-,C,D,0,,Y,,,Y,Y,A,01,0,0,1,0,0,0,1,0,0,"- ","- ",,,"SAN FRANCISCO","SAN FRANCISCO",-122.41336271,37.775157659999998
7035951,2014,2015-08-21,3801,2014-11-20,0754,004272,MISSI,4,5,7,3801,0,0,0,,0,3D11A,"14TH ST","GUERRERO ST",0.00,,Y,B,-,N,,,,,,,,,,N,4,0,1,3,A,-,07,21658,A,N,B,G,A,A,H,-,A,A,0,,Y,,,Y,,A,01,0,0,1,0,0,0,1,0,0,"- ","- ",,,"SAN FRANCISCO","SAN FRANCISCO",-122.42440985,37.768019940000002
7035965,2014,2015-08-28,3801,2014-11-25,1945,004335,MISSI,2,5,7,3801,0,0,0,,0,901,"HARRISON ST","18TH ST",0.00,,Y,A,-,N,,,,,,,,,,N,4,0,2,2,A,-,09,21801,A,N,D,G,A,A,H,-,C,D,0,,Y,,,Y,,L,04,0,0,2,0,0,0,2,0,0,"- ","- ",,,"SAN FRANCISCO","SAN FRANCISCO",-122.41284999,37.76224989
7035992,2014,2015-08-25,3801,2014-11-24,1333,741,CENTR,1,5,7,3801,0,0,0,,0,4CAR,"THE EMBARCADERO NORTH","GRANT AV",6.00,N,N,A,-,N,,,,,,,,,,N,3,0,1,1,A,-,08,22107,,N,E,-,A,A,G,-,A,A,0,,Y,,,Y,,L,04,0,1,0,0,0,0,1,0,0,"- ","- ",,,"SAN FRANCISCO","SAN FRANCISCO",-122.40910008,37.80813423
7036506,2014,2015-08-25,3801,2014-12-08,2300,4301,NORTH,1,5,7,3801,0,0,0,,0,3E15,"POLK ST","BROADWAY ST",0.00,,Y,A,-,N,,,,,,,,,,N,2,0,1,2,A,-,09,21801,A,N,D,G,A,A,H,-,C,A,0,,Y,,,Y,,A,01,1,0,0,0,0,0,1,0,0,"- ","- ",,,"SAN FRANCISCO","SAN FRANCISCO",-122.42175989,37.795939959999998
7036529,2014,2015-08-25,3801,2014-12-04,0740,1887,TRAFF,4,5,7,3801,0,0,0,,0,4K1C,"FOLSOM ST","3RD ST",0.00,,Y,B,-,N,,,,,,,,,,N,3,0,1,2,A,-,"- ",,,N,B,G,A,B,G,-,A,D,0,,Y,,,Y,,A,07,0,1,0,0,0,0,1,0,0,"- ","- ",,,"SAN FRANCISCO","SAN FRANCISCO",-122.39895997000001,37.783779989999999
7037390,2015,2015-09-02,3801,2015-07-02,0834,4196,,4,5,7,3801,0,0,0,,0,3E12E,"MARINA BL","DIVISADERO ST",0.00,,Y,A,-,N,,,,,,,,,,N,3,0,1,2,A,-,"- ",,,N,D,G,A,A,H,-,A,D,0,,Y,Y,,Y,,C,06,0,1,0,0,0,0,1,0,0,"- ","- ",,,"SAN FRANCISCO","SAN FRANCISCO",-122.44399991,37.805589879999999
7037391,2015,2015-09-04,3801,2015-07-02,1732,001752,SOUTH,4,5,7,3801,0,0,0,,0,3B11D,"THE EMBARCADERO","DON CHEE WY",0.00,,Y,A,-,N,,,,,,,,,,N,2,0,1,2,A,-,09,21801,A,N,D,G,A,A,H,-,A,A,0,,Y,,,Y,,A,01,1,0,0,0,0,0,1,0,0,"- ","- ",,,"SAN FRANCISCO","SAN FRANCISCO",-122.39325999,37.794239939999997
7037423,2015,2015-08-27,3801,2015-07-13,1845,2135,RICHM,1,5,7,3801,0,0,0,,0,901,"30TH AV","FULTON ST",50.00,S,N,A,-,N,,,,,,,,,,N,4,0,1,2,A,-,09,21800,A,N,D,G,A,A,H,-,A,A,0,,Y,,,Y,,L,04,0,0,1,0,0,0,1,0,0,"- ","- ",,,"SAN FRANCISCO","SAN FRANCISCO",-122.48954449999999,37.772192689999997
7037764,2014,2015-09-21,3801,2014-11-09,1309,1696,MISSI,7,5,7,3801,0,0,0,,0,3D11A,"17TH ST","GUERRERO ST",12.00,E,N,A,-,N,,,,,,,,,,N,4,0,1,2,A,-,"- ",,,N,H,A,A,A,H,-,A,D,0,,Y,Y,,Y,Y,C,02,0,0,1,0,0,0,0,0,1,"- ","- ",,,"SAN FRANCISCO","SAN FRANCISCO",-122.42388858,37.76317238
7038569,2015,2015-08-27,3801,2015-07-02,1857,1445,NORTH,4,5,7,3801,0,0,0,,0,3E62,"POLK ST","ELLIS ST",0.00,,Y,A,-,N,,,,,,,,,,N,2,0,1,2,A,-,09,21801,A,N,D,G,A,A,H,-,A,A,0,,Y,,,Y,,A,01,1,0,0,0,0,0,1,0,0,"- ","- ",,,"SAN FRANCISCO","SAN FRANCISCO",-122.41934987,37.784039960000001
7038572,2015,2015-08-27,3801,2015-07-22,0730,769,,3,5,7,3801,0,0,0,,0,3A3,"NORTHPOINT ST","POLK ST",0.00,,Y,A,-,N,,,,,,,,,,N,3,0,1,2,A,-,09,21801,A,N,D,G,A,A,H,-,A,A,0,,Y,,,Y,,A,07,0,1,0,0,0,0,1,0,0,"- ","- ",,,"SAN FRANCISCO","SAN FRANCISCO",-122.4236385,37.805301
7038597,2015,2015-08-27,3801,2015-07-31,0724,0094,NORTH,5,5,7,3801,0,0,0,,0,3E4A,"DIVISADERO ST","BUSH ST",0.00,,Y,B,-,N,,,,,,,,,,N,4,0,1,2,A,-,12,21453,A,N,D,C,A,A,H,-,A,A,0,,Y,,,Y,,L,04,0,0,1,0,0,0,1,0,0,"- ","- ",,,"SAN FRANCISCO","SAN FRANCISCO",-122.44004998,37.786189999999998