CASE_ID,ACCIDENT_YEAR,PROC_DATE,JURIS,COLLISION_DATE,COLLISION_TIME,OFFICER_ID,REPORTING_DISTRICT,DAY_OF_WEEK,CHP_SHIFT,POPULATION,CNTY_CITY_LOC,SPECIAL_COND,BEAT_TYPE,CHP_BEAT_TYPE,CITY_DIVISION_LAPD,CHP_BEAT_CLASS,BEAT_NUMBER,PRIMARY_RD,SECONDARY_RD,DISTANCE,DIRECTION,INTERSECTION,WEATHER_1,WEATHER_2,STATE_HWY_IND,CALTRANS_COUNTY,CALTRANS_DISTRICT,STATE_ROUTE,ROUTE_SUFFIX,POSTMILE_PREFIX,POSTMILE,LOCATION_TYPE,RAMP_INTERSECTION,SIDE_OF_HWY,TOW_AWAY,COLLISION_SEVERITY,NUMBER_KILLED,NUMBER_INJURED,PARTY_COUNT,PRIMARY_COLL_FACTOR,PCF_CODE_OF_VIOL,PCF_VIOL_CATEGORY,PCF_VIOLATION,PCF_VIOL_SUBSECTION,HIT_AND_RUN,TYPE_OF_COLLISION,MVIW,PED_ACTION,ROAD_SURFACE,ROAD_COND_1,ROAD_COND_2,LIGHTING,CONTROL_DEVICE,CHP_ROAD_TYPE,PEDESTRIAN_ACCIDENT,BICYCLE_ACCIDENT,MOTORCYCLE_ACCIDENT,TRUCK_ACCIDENT,NOT_PRIVATE_PROPERTY,ALCOHOL_INVOLVED,STWD_VEHTYPE_AT_FAULT,CHP_VEHTYPE_AT_FAULT,COUNT_SEVERE_INJ,COUNT_VISIBLE_INJ,COUNT_COMPLAINT_PAIN,COUNT_PED_KILLED,COUNT_PED_INJURED,COUNT_BICYCLIST_KILLED,COUNT_BICYCLIST_INJURED,COUNT_MC_KILLED,COUNT_MC_INJURED,PRIMARY_RAMP,SECONDARY_RAMP,LATITUDE,LONGITUDE,COUNTY,CITY,POINT_X,POINT_Y
7038608,2015,2015-08-27,3801,2015-07-25,1136,A09861,BAYVI,6,5,7,3801,0,0,0,,0,3H74,"SILVER AV","SAN BRUNO AV",0.00,,Y,A,-,N,,,,,,,,,,N,3,0,1,2,A,-,09,21801,B,N,D,G,A,A,H,-,A,A,0,,Y,,,Y,,A,07,0,1,0,0,0,0,1,0,0,"- ","- ",,,"SAN FRANCISCO","SAN FRANCISCO",-122.40561992000001,37.73244991
7038626,2015,2015-08-27,3801,2015-07-01,1645,04326,SOUTH,3,5,7,3801,0,0,0,,0,4CAR,"BRYANT ST","DORE ST",0.00,,Y,A,-,N,,,,,,,,,,N,3,0,1,2,A,-,05,21650,1,F,D,G,A,A,H,-,A,D,0,,Y,,,Y,,L,04,0,1,0,0,0,0,1,0,0,"- ","- ",,,"SAN FRANCISCO","SAN FRANCISCO",-122.4091399,37.770829939999999
7038639,2015,2015-08-27,3801,2015-07-31,1800,1993,E,5,5,7,3801,0,0,0,,0,3E16D,"POLK ST",SACRAMENTO,0.00,,Y,A,-,N,,,,,,,,,,N,3,0,1,2,A,-,17,22517,,N,E,G,A,A,H,-,A,D,0,,Y,,,Y,,A,01,0,1,0,0,0,0,1,0,0,"- ","- ",,,"SAN FRANCISCO","SAN FRANCISCO",-122.42086992999999,37.791499999999999
7038640,2015,2015-09-08,3801,2015-07-29,0738,1663,MISSI,3,5,7,3801,0,0,0,,0,,"24TH ST","BRYANT ST",0.00,,Y,A,-,N,,,,,,,,,,N,4,0,1,2,A,-,08,22107,,F,D,G,A,A,H,-,A,A,0,,Y,,,Y,,-,99,0,0,1,0,0,0,1,0,0,"- ","- ",,,"SAN FRANCISCO","SAN FRANCISCO",-122.4091299,37.752819989999999
7038660,2015,2015-08-27,3801,2015-07-26,2340,000652,CENTR,7,5,7,3801,0,0,0,,0,003,"JEFFERSON ST","LEAVENWORTH ST",112.00,E,N,A,-,N,,,,,,,,,,N,3,0,1,2,A,-,02,22400,A,F,C,G,A,A,H,-,C,A,0,,Y,,,Y,,A,01,0,1,0,0,0,0,1,0,0,"- ","- ",,,"SAN FRANCISCO","SAN FRANCISCO",-122.41870681,37.80784731
7038676,2015,2015-08-27,3801,2015-07-30,2109,882,TENDE,4,5,7,3801,0,0,0,,0,3JI4E,"MCALLISTER ST","JONES ST",35.00,W,N,A,-,N,,,,,,,,,,N,3,0,1,2,A,-,04,21703,,F,B,G,A,A,H,-,C,D,0,,Y,,,Y,,A,01,0,1,0,0,0,0,1,0,0,"- ","- ",,,"SAN FRANCISCO","SAN FRANCISCO",-122.41214972,37.781115319999998
7038684,2015,2015-08-27,3801,2015-07-23,1835,2014,SOUTH,4,5,7,3801,0,0,0,,0,0B4,"11TH ST","HARRISON ST",92.00,N,N,A,-,N,,,,,,,,,,N,3,0,1,2,A,-,03,22350,,N,D,G,A,A,H,-,A,D,0,,Y,,,Y,,L,04,0,1,0,0,0,0,1,0,0,"- ","- ",,,"SAN FRANCISCO","SAN FRANCISCO",-122.41269260999999,37.770810689999998
7038687,2015,2015-08-27,3801,2015-07-29,1617,001867,TENDE,3,5,7,3801,0,0,0,,0,3J14D,"MARKET ST","CHARLES J BRENHAM",555.00,W,N,A,-,N,,,,,,,,,,N,4,0,1,2,A,-,04,21703,,N,C,G,A,A,H,-,A,A,0,,Y,,,Y,,L,04,0,0,1,0,0,0,1,0,0,"- ","- ",,,"SAN FRANCISCO","SAN FRANCISCO",-122.41387151000001,37.779404970000002
7038690,2015,2015-08-31,3801,2015-07-19,2312,424,SOUTH,7,5,7,3801,0,0,0,,0,0B4,"MARKET ST","VAN NESS AV",0.00,,Y,-,-,N,,,,,,,,,,N,4,0,1,2,A,-,03,22350,,N,B,G,A,A,H,-,C,A,0,,Y,,,Y,,L,04,0,0,1,0,0,0,1,0,0,"- ","- ",,,"SAN FRANCISCO","SAN FRANCISCO",-122.41925990999999,37.775169959999999
7038691,2015,2015-08-27,3801,2015-07-26,1855,004329,MISSI,7,5,7,3801,0,0,0,,0,3D13C,"SEWARD ST","DOUGLASS ST",0.00,W,N,A,-,N,,,,,,,,,,N,3,0,1,2,A,-,03,22350,,N,H,G,A,A,G,-,A,D,0,,Y,,,Y,,L,04,0,1,0,0,0,0,1,0,0,"- ","- ",,,"SAN FRANCISCO","SAN FRANCISCO",-122.43907986000001,37.757849960000001
7038697,2015,2016-07-19,3801,2015-07-13,1740,179,SOUTH,1,5,7,3801,0,0,0,,0,3B11D,"EMBARCADERO NORTH","MISSION ST",0.00,,Y,A,-,N,,,,,,,,,,N,4,0,1,2,A,-,08,22107,,N,B,G,A,A,H,-,A,A,0,,Y,,,Y,,-,,0,0,1,0,0,0,1,0,0,"- ","- ",,,"SAN FRANCISCO","SAN FRANCISCO",-122.39246695999999,37.793857350000003
7039927,2015,2015-09-03,3801,2015-07-24,2310,1288,CENTR,5,5,7,3801,0,0,0,,0,3A14E,EMBARCADERO,"WASHINGTON ST",110.00,N,N,A,-,N,,,,,,,,,,N,2,0,1,2,A,-,03,22350,,N,A,B,F,A,H,-,C,D,0,Y,Y,,,Y,,N,60,1,0,0,0,1,0,0,0,0,"- ","- ",,,"SAN FRANCISCO","SAN FRANCISCO",-122.39553452,37.79703447
7040698,2015,2015-12-07,3801,2015-07-21,1145,4060,PARK,2,5,7,3801,0,0,0,,0,3F00,"MASONIC AV","FELL ST",0.00,,Y,A,-,N,,,,,,,,,,N,4,0,1,2,D,-,00,,,F,D,G,A,A,H,-,A,A,0,,Y,,,Y,,-,"- ",0,0,1,0,0,0,1,0,0,"- ","- ",,,"SAN FRANCISCO","SAN FRANCISCO",-122.44591997000001,37.772979970000002
7041155,2015,2015-09-02,3801,2015-02-25,1707,2392,RICHM,3,5,7,3801,0,0,0,,0,,"POINT LOBOS AV","BALBOA ST",900.00,N,N,A,-,N,,,,,,,,,,N,3,0,1,3,A,-,08,22107,,N,B,G,A,A,H,-,A,D,0,,Y,,,Y,,A,01,0,1,0,0,0,0,1,0,0,"- ","- ",,,"SAN FRANCISCO","SAN FRANCISCO",-122.51256108,37.777241840000002
7041440,2015,2015-09-03,3801,2015-05-21,0756,439,MISSI,4,5,7,3801,0,0,0,,0,3D60,"MARKET ST","CASTRO ST",74.00,E,N,B,-,N,,,,,,,,,,N,3,0,1,1,A,-,03,22350,,N,H,J,A,B,H,-,A,A,0,,Y,,,Y,,L,04,0,1,0,0,0,0,1,0,0,"- ","- ",,,"SAN FRANCISCO","SAN FRANCISCO",-122.43501003,37.762804099999997
7050607,2015,2015-09-21,3801,2015-08-05,1022,771,,3,5,7,3801,0,0,0,,0,3C60,"3RD ST","PAUL AV",0.00,,Y,A,-,N,,,,,,,,,,N,3,0,1,2,A,-,12,21453,A,N,H,G,A,A,H,-,A,A,0,,Y,,,Y,,L,04,0,1,0,0,0,0,1,0,0,"- ","- ",,,"SAN FRANCISCO","SAN FRANCISCO",-122.39574992,37.722409939999999
7050619,2015,2015-09-19,3801,2015-08-06,0705,000316,,4,5,7,3801,0,0,0,,0,3E15A,"FRANKLIN ST","BAY ST",0.00,,Y,B,-,N,,,,,,,,,,N,4,0,1,3,A,-,07,21658,A,N,B,G,A,A,H,-,A,A,0,,Y,,,Y,Y,L,04,0,0,1,0,0,0,1,0,0,"- ","- ",,,"SAN FRANCISCO","SAN FRANCISCO",-122.42673996000001,37.803949889999998
7052210,2015,2015-09-28,3801,2015-08-27,2003,001173,SOUTH,4,5,7,3801,0,0,0,,0,3B15D,"KING ST","4TH ST",0.00,,Y,A,-,N,,,,,,,,,,N,4,0,1,2,A,-,"- ",,,N,D,G,A,A,H,-,C,A,0,,Y,,,Y,,-,"- ",0,0,1,0,0,0,1,0,0,"- ","- ",,,"SAN FRANCISCO","SAN FRANCISCO",-122.39414997,37.776429980000003
7052214,2015,2015-09-22,3801,2015-08-28,2102,1881,MISSI,5,5,7,3801,0,0,0,,0,3D117,"13TH ST","S VAN NESS AV",0.00,,Y,A,-,N,,,,,,,,,,N,3,0,1,2,A,-,12,21453,A,N,D,G,A,A,H,-,C,A,0,,Y,,,Y,Y,L,04,0,1,0,0,0,0,1,0,0,"- ","- ",,,"SAN FRANCISCO","SAN FRANCISCO",-122.41776996,37.769719979999998
7052235,2015,2015-09-18,3801,2015-08-10,1429,1656,,1,5,7,3801,0,0,0,,0,3A1A,"COLE ST","PARNASSUS AV",93.00,S,N,B,-,N,,,,,,,,,,N,4,0,1,2,A,-,09,21801,A,N,B,G,A,A,H,-,A,D,0,,Y,,,Y,,A,01,0,0,1,0,0,0,1,0,0,"- ","- ",,,"SAN FRANCISCO","SAN FRANCISCO",-122.44972953,37.764607669999997
7052256,2015,2015-09-18,3801,2015-08-03,1838,1938,TARAV,1,5,7,3801,0,0,0,,0,3116D,"VERNON ST","RANDOLPH ST",0.00,,Y,A,-,N,,,,,,,,,,N,2,0,1,1,A,-,03,22350,,N,C,E,A,A,H,-,A,D,0,,Y,,,Y,,L,04,1,0,0,0,0,0,1,0,0,"- ","- ",,,"SAN FRANCISCO","SAN FRANCISCO",-122.46800995,37.71426992
7052259,2015,2015-09-17,3801,2015-08-07,1523,002317,SOUTH,5,5,7,3801,0,0,0,,0,3B3C,"KANSAS ST","17TH ST",0.00,,Y,A,-,N,,,,,,,,,,N,4,0,1,2,A,-,03,22350,,N,H,-,D,A,H,-,A,D,0,Y,Y,,,Y,,L,04,0,0,1,0,1,0,0,0,0,"- ","- ",,,"SAN FRANCISCO","SAN FRANCISCO",-122.40352,37.764729889999998
7052264,2015,2015-09-29,3801,2015-08-04,0025,001117,MISSI,2,5,7,3801,0,0,0,,0,COE,"CHURCH ST","14TH ST",0.00,,Y,A,-,N,,,,,,,,,,N,3,0,1,2,A,-,09,21800,A,N,D,G,A,A,H,-,C,A,0,,Y,,,Y,Y,L,04,0,1,0,0,0,0,1,0,0,"- ","- ",,,"SAN FRANCISCO","SAN FRANCISCO",-122.42894988,37.767709979999999
7052278,2015,2016-12-20,3801,2015-08-19,1545,001362,NORTH,3,5,7,3801,0,0,0,,0,3E1362,"VAN NESS AV","HAYES ST",0.00,,Y,A,-,Y,SF,4,101,-,T,5.020,H,-,S,N,4,0,1,2,A,-,00,21760,C,N,B,G,A,A,H,-,A,A,0,,Y,,,Y,,A,01,0,0,1,0,0,0,1,0,0,"- ","- ",,,"SAN FRANCISCO","SAN FRANCISCO",-122.41981185,37.77745247
7052291,2015,2015-09-18,3801,2015-08-07,2237,001110,RICHM,5,5,7,3801,0,0,0,,0,3G1E,"JOHN F KENNEDY DR","TEA GARDEN DR",1579.00,W,N,A,-,N,,,,,,,,,,N,3,0,1,2,A,-,01,21200,5,N,C,G,A,A,H,-,C,D,0,,Y,,,Y,Y,L,04,0,1,0,0,0,0,1,0,0,"- ","- ",,,"SAN FRANCISCO","SAN FRANCISCO",-122.47133463999999,37.770899900000003
7052298,2015,2015-09-18,3801,2015-08-19,1008,2112,MISSI,3,5,7,3801,0,0,0,,0,3D13A,"17TH ST","TREAT AV",0.00,,Y,A,-,N,,,,,,,,,,N,4,0,1,2,A,-,08,22107,,N,B,G,A,A,H,-,A,A,0,,Y,,,Y,,L,04,0,0,1,0,0,0,1,0,0,"- ","- ",,,"SAN FRANCISCO","SAN FRANCISCO",-122.41359991,37.763789959999997
7052320,2015,2015-09-17,3801,2015-08-03,1808,2432,PARK,1,5,7,3801,0,0,0,,0,3F1D,"LINCOLN WY","KEZAR DR",0.00,,Y,A,-,N,,,,,,,,,,N,4,0,1,2,A,-,17,21451,A,N,D,G,A,A,H,-,A,D,0,,Y,,,Y,,A,01,0,0,1,0,0,0,1,0,0,"- ","- ",,,"SAN FRANCISCO","SAN FRANCISCO",-122.46056989,37.766179880000003
7052355,2015,2015-09-18,3801,2015-08-27,1047,30,NORTH,4,5,7,3801,0,0,0,,0,3E1A,"GOUGH ST","MCALLISTER ST",0.00,,Y,A,-,N,,,,,,,,,,N,4,0,1,2,A,-,09,21801,A,N,D,G,A,A,H,-,A,A,0,,Y,,,Y,,-,,0,0,1,0,0,0,1,0,0,"- ","- ",,,"SAN FRANCISCO","SAN FRANCISCO",-122.42353987,37.779669980000001
7052383,2015,2015-09-18,3801,2015-08-25,0950,1342,NORTH,2,5,7,3801,0,0,0,,0,3E1A,"PAGE ST","OCTAVIA ST",50.00,W,N,A,-,N,,,,,,,,,,N,4,0,1,2,A,-,08,22103,,N,D,G,A,A,H,-,A,D,0,,Y,,,Y,,A,01,0,0,1,0,0,0,1,0,0,"- ","- ",,,"SAN FRANCISCO","SAN FRANCISCO",-122.42428052,37.773856600000002
7052390,2015,2016-07-19,3801,2015-08-15,2015,2290,NORTH,6,5,7,3801,0,0,0,,0,3E16D,"FRANKLIN ST","PACIFIC AV",0.00,,Y,A,-,N,,,,,,,,,,N,4,0,1,2,A,-,12,21453,A,N,B,G,A,A,H,-,C,A,0,,Y,,,Y,,L,04,0,0,1,0,0,0,1,0,0,"- ","- ",,,"SAN FRANCISCO","SAN FRANCISCO",-122.42485000000001,37.79460993
7052882,2015,2015-09-18,3801,2015-08-21,1830,4133,,5,5,7,3801,0,0,0,,0,4CAR,OCEAN,"VICTORIA ST",0.00,,Y,A,-,N,,,,,,,,,,N,4,0,1,2,A,-,10,21950,A,N,H,-,B,A,H,-,B,-,0,Y,Y,,,Y,,L,04,0,0,1,0,1,0,0,0,0,"- ","- ",,,"SAN FRANCISCO","SAN FRANCISCO",-122.46424992,37.726019989999998
7052894,2015,2015-09-18,3801,2015-08-21,0856,585,INGLE,5,5,7,3801,0,0,0,,0,3H1A,"SILVER AV","CONGDON ST",116.00,E,N,B,-,N,,,,,,,,,,N,4,0,1,2,A,-,03,22350,,N,B,G,A,A,H,-,A,D,0,,Y,,,Y,,A,01,0,0,1,0,0,0,1,0,0,"- ","- ",,,"SAN FRANCISCO","SAN FRANCISCO",-122.42557943,37.728658209999999
7057052,2015,2016-08-10,3801,2015-11-03,1742,892,,2,5,7,3801,0,0,0,,0,3B13D,"TOWNSEND ST","7TH ST",0.00,,Y,A,-,N,,,,,,,,,,N,4,0,1,2,A,-,09,21801,A,N,D,G,A,A,H,-,C,A,0,,Y,,,Y,,A,01,0,0,1,0,0,0,1,0,0,"- ","- ",,,"SAN FRANCISCO","SAN FRANCISCO",-122.40165987,37.771829990000001
7059433,2015,2015-10-08,3801,2015-09-29,1909,1242,CENTR,2,5,7,3801,0,0,0,,0,3A00,"EMBARCADERO NORTH ST","BATTERY ST",395.00,S,N,A,-,N,,,,,,,,,,N,4,0,1,2,A,-,07,21658,A,N,B,G,A,A,H,-,A,D,0,,Y,,,Y,,A,01,0,0,1,0,0,0,1,0,0,"- ","- ",,,"SAN FRANCISCO","SAN FRANCISCO",-122.40025,37.794559999999997
7059435,2015,2015-10-08,3801,2015-09-30,0620,00164,,3,5,7,3801,0,0,0,,0,COE,"LAGUNA ST","GOLDEN GATE AV",0.00,,Y,B,-,N,,,,,,,,,,N,4,0,1,2,A,-,09,21801,A,N,A,G,A,A,H,-,B,A,0,,Y,,,Y,,I,11,0,0,1,0,0,0,1,0,0,"- ","- ",,,"SAN FRANCISCO","SAN FRANCISCO",-122.42701999000001,37.780199879999998
7059900,2015,2015-10-08,3801,2015-09-28,1100,1017,NORTH,1,5,7,3801,0,0,0,,0,3E11C,"FULTON ST","DIVISADERO ST",0.00,,Y,A,-,N,,,,,,,,,,N,4,0,1,2,A,-,06,21750,,F,B,G,A,A,H,-,A,D,0,,Y,,,Y,Y,A,01,0,0,1,0,0,0,1,0,0,"- ","- ",,,"SAN FRANCISCO","SAN FRANCISCO",-122.43815987000001,37.776859930000001
7060026,2015,2015-10-20,3801,2015-08-31,1820,001430,MISSI,1,5,7,3801,0,0,0,,0,3D2D,"CLIPPER ST","DIAMOND HEIGHTS BL",0.00,,Y,A,-,N,,,,,,,,,,N,3,0,1,2,A,-,05,21650,,N,D,G,A,A,H,-,A,A,0,,Y,,,Y,,L,04,0,1,0,0,0,0,1,0,0,"- ","- ",,,"SAN FRANCISCO","SAN FRANCISCO",-122.44400994,37.74675998
7060140,2015,2016-07-20,3801,2015-09-14,1836,751,CENTR,1,5,7,3801,0,0,0,,0,3A11D,"PINE ST","LARKIN ST",0.00,,Y,B,-,N,,,,,,,,,,N,3,0,1,2,A,-,08,22100,B,N,D,G,A,A,H,-,A,A,0,,Y,,,Y,,A,01,0,1,0,0,0,0,1,0,0,"- ","- ",,,"SAN FRANCISCO","SAN FRANCISCO",-122.41885990999999,37.789829990000001
7062588,2015,2015-11-17,3801,2015-09-24,1951,1420,BAYVI,4,5,7,3801,0,0,0,,0,4B3A,"16TH ST","3RD ST",26.00,S,N,A,-,N,,,,,,,,,,N,4,0,1,2,A,-,09,21801,A,N,D,G,A,A,H,-,C,A,0,,Y,,,Y,,-,"- ",0,0,1,0,0,0,1,0,0,"- ","- ",,,"SAN FRANCISCO","SAN FRANCISCO",-122.38929964,37.766933889999997
7063621,2015,2016-01-29,3801,2015-10-24,1045,001588,CENTR,6,5,7,3801,0,0,0,,0,3A14A,"DAVIS ST","JACKSON ST",0.00,,Y,A,-,N,,,,,,,,,,N,3,0,1,2,A,-,17,22517,,N,H,G,A,A,H,-,A,D,0,,Y,,,Y,,A,01,0,1,0,0,0,0,1,0,0,"- ","- ",,,"SAN FRANCISCO","SAN FRANCISCO",-122.39832998,37.797079910000001
7064285,2015,2016-01-29,3801,2015-10-25,1935,000179,SOUTH,7,5,7,3801,0,0,0,,0,3801,"4TH ST","PERRY ST",0.00,,Y,A,-,N,,,,,,,,,,N,4,0,1,2,A,-,14,21201,D,N,B,G,A,A,H,-,C,A,0,,Y,,,Y,,L,04,0,0,1,0,0,0,1,0,0,"- ","- ",,,"SAN FRANCISCO","SAN FRANCISCO",-122.39914999,37.780429959999999
7066735,2015,2015-09-29,3801,2015-02-19,0945,2251,B,4,5,7,3801,0,0,0,,0,,"MARKET ST","4TH ST",21.00,W,N,B,-,N,,,,,,,,,,N,3,0,1,1,A,-,03,22350,,N,G,A,A,A,A,-,A,A,0,,Y,,,Y,,L,04,0,1,0,0,0,0,1,0,0,"- ","- ",,,"SAN FRANCISCO","SAN FRANCISCO",-122.40594043999999,37.785658460000001
7067024,2015,2015-09-21,3801,2015-01-14,1818,004345,MISSI,3,5,7,3801,0,0,0,,0,1CAR,"18TH ST","DEARBORN ST",0.00,,Y,A,-,N,,,,,,,,,,N,3,0,1,2,A,-,09,21801,A,N,D,G,A,A,H,-,C,D,0,,Y,,,Y,,A,01,0,1,0,0,0,0,1,0,0,"- ","- ",,,"SAN FRANCISCO","SAN FRANCISCO",-122.42278998,37.761639930000001
7082448,2015,2015-10-17,3801,2015-09-17,1632,1883,SOUTH,4,5,7,3801,0,0,0,,0,001,"11TH ST","13TH ST",0.00,,Y,A,-,N,,,,,,,,,,N,3,0,1,2,A,-,08,22100,A,N,D,G,A,A,H,-,A,A,0,,Y,,,Y,,D,22,0,1,0,0,0,0,1,0,0,"- ","- ",,,"SAN FRANCISCO","SAN FRANCISCO",121.0556385,14.338854
7082463,2015,2015-10-17,3801,2015-09-13,2305,01242,SAFRA,7,5,7,3801,0,0,0,,0,001,"CESAR CHAVEZ ST","3RD ST",0.00,,Y,B,-,N,,,,,,,,,,N,4,0,1,2,A,-,05,21650,1,N,A,C,A,A,H,-,C,A,0,,Y,,,Y,,L,04,0,0,1,0,0,0,1,0,0,"- ","- ",,,"SAN FRANCISCO","SAN FRANCISCO",-122.38768991000001,37.750229910000002
7082467,2015,2015-10-20,3801,2015-09-09,0837,000382,MISSI,3,5,7,3801,0,0,0,,0,3D71,"S VAN NESS AV","14TH ST",0.00,,Y,A,-,N,,,,,,,,,,N,3,0,1,2,A,-,06,21755,,N,H,G,A,A,H,-,A,A,0,,Y,,Y,Y,,L,04,0,1,0,0,0,0,1,0,0,"- ","- ",,,"SAN FRANCISCO","SAN FRANCISCO",-122.41779990000001,37.768419899999998
7089763,2015,2015-10-10,3801,2015-09-22,2302,1883,SOUTH,2,5,7,3801,0,0,0,,0,003,"FOLSOM ST","RAUSCH ST",0.00,,Y,A,-,N,,,,,,,,,,N,3,0,1,2,A,-,07,21658,A,N,D,G,A,A,H,-,C,D,0,,Y,,,Y,,L,04,0,1,0,0,0,0,1,0,0,"- ","- ",,,"SAN FRANCISCO","SAN FRANCISCO",-122.40894994999999,37.7758799
7089778,2015,2015-10-10,3801,2015-09-04,1818,1518,MISSI,5,5,7,3801,0,0,0,,0,0D3,"FOLSOM ST","21ST ST",240.00,S,N,A,-,N,,,,,,,,,,N,3,0,1,2,A,-,04,21703,,N,C,G,A,A,H,-,A,A,0,,Y,,,Y,,L,04,0,1,0,0,0,0,1,0,0,"- ","- ",,,"SAN FRANCISCO","SAN FRANCISCO",-122.41446587,37.75664209
7089793,2015,2017-01-11,3801,2015-09-03,1427,1750,NORTH,4,5,7,3801,0,0,0,,0,3E13C,"VAN NESS AV","OFARRELL ST",5.00,N,N,A,-,Y,SF,4,101,-,-,5.560,H,-,S,N,3,0,1,1,A,-,08,22107,,N,E,I,A,A,H,-,A,D,0,,Y,,,Y,,L,04,0,1,0,0,0,0,1,0,0,"- ","- ",,,"SAN FRANCISCO","SAN FRANCISCO",-122.42131379,37.784933240000001
7089825,2015,2016-07-20,3801,2015-09-04,1247,1561,SOUTH,5,5,7,3801,0,0,0,,0,3B15C,"MISSION ST","8TH ST",0.00,,-,A,-,N,,,,,,,,,,,4,0,1,2,A,-,12,21453,A,N,A,G,A,A,H,-,A,A,0,,Y,,,Y,,L,04,0,0,1,0,0,0,1,0,0,"- ","- ",,,"SAN FRANCISCO","SAN FRANCISCO",-122.41315999,37.777459970000002
7089829,2015,2015-10-10,3801,2015-09-04,0856,646,,5,5,7,3801,0,0,0,,0,,"TOWNSEND ST","4TH ST",85.00,W,N,A,-,N,,,,,,,,,,N,4,0,1,2,A,-,09,21804,A,N,B,G,A,A,H,-,A,D,0,,Y,,,Y,,A,01,0,0,1,0,0,0,1,0,0,"- ","- ",,,"SAN FRANCISCO","SAN FRANCISCO",-122.3951972,37.776944239999999
7094287,2015,2016-01-29,3801,2015-12-15,1840,1994,SOUTH,2,5,7,3801,0,0,0,,0,SECT4,"TOWNSEND ST","6TH ST",326.00,W,N,A,-,N,,,,,,,,,,N,4,0,1,2,A,-,08,22107,,N,-,G,A,-,H,-,D,D,0,,Y,,,Y,,I,11,0,0,1,0,0,0,1,0,0,"- ","- ",,,"SAN FRANCISCO","SAN FRANCISCO",-122.40018041,37.774058500000002
7100004,2015,2015-10-12,3801,2015-09-09,1925,1501,INGLE,3,5,7,3801,0,0,0,,0,03H,"OCEAN AV","SAN JOSE AV",376.00,W,N,A,-,N,,,,,,,,,,N,3,0,1,1,D,-,00,,,N,H,J,A,A,G,-,B,D,0,,Y,,,Y,,-,"- ",0,1,0,0,0,0,1,0,0,"- ","- ",,,"SAN FRANCISCO","SAN FRANCISCO",-122.44611035,37.72294084
7100008,2015,2015-10-12,3801,2015-09-10,1831,2466,RICHM,4,5,7,3801,0,0,0,,0,FIVE,"CLEMENT ST","36TH AV",0.00,,Y,A,-,N,,,,,,,,,,N,3,0,1,2,A,-,00,21760,B,N,C,G,A,A,H,-,A,D,0,,Y,,,Y,,A,01,0,1,0,0,0,0,1,0,0,"- ","- ",,,"SAN FRANCISCO","SAN FRANCISCO",-122.49663993,37.781469899999998
7100011,2015,2015-10-12,3801,2015-09-11,1805,000995,INGLE,5,5,7,3801,0,0,0,,0,3H15D,"MISSION ST","EXCELSIOR AV",0.00,,Y,A,-,N,,,,,,,,,,N,3,0,1,2,A,-,05,21650,1,N,D,G,A,A,H,-,A,A,0,,Y,,,Y,,L,04,0,1,0,0,0,0,1,0,0,"- ","- ",,,"SAN FRANCISCO","SAN FRANCISCO",-122.43363988,37.726239960000001
7100017,2015,2015-10-12,3801,2015-09-08,0950,1396,MISSI,2,5,7,3801,0,0,0,,0,3D11A,"17TH ST","CHURCH ST",32.00,W,N,A,-,N,,,,,,,,,,N,4,0,1,2,A,-,03,22350,,N,D,C,A,A,G,-,A,A,0,,Y,,,Y,,L,04,0,0,1,0,0,0,1,0,0,"- ","- ",,,"SAN FRANCISCO","SAN FRANCISCO",-122.42862047,37.762873999999996
7100025,2015,2015-10-19,3801,2015-09-01,0924,1171,SOUTH,2,5,7,3801,0,0,0,,0,4B2B,"BRYANT ST","EMBARCADERO NORTH ST",14.00,E,N,A,-,N,,,,,,,,,,N,3,0,1,2,B,-,22,,,N,D,G,A,A,H,-,A,A,0,,Y,,,Y,,L,04,0,1,0,0,0,0,1,0,0,"- ","- ",,,"SAN FRANCISCO","SAN FRANCISCO",-122.38765776,37.787059679999999
7100048,2015,2015-10-09,3801,2015-09-12,1716,1784,MISSI,6,5,7,3801,0,0,0,,0,3D15D,"MISSION ST","16TH ST",0.00,,Y,B,-,N,,,,,,,,,,N,4,0,1,2,A,-,12,21453,A,F,D,G,A,A,H,-,A,A,0,,Y,,,Y,,A,07,0,0,1,0,0,0,1,0,0,"- ","- ",,,"SAN FRANCISCO","SAN FRANCISCO",-122.41966992,37.765049910000002
7100064,2015,2015-10-09,3801,2015-09-16,1101,001114,BAYVI,3,5,7,3801,0,0,0,,0,3C62,"CESAR CHAVEZ ST","TENNESSEE ST",0.00,,Y,A,-,N,,,,,,,,,,Y,4,0,1,2,A,-,09,21800,A,N,D,G,A,A,H,-,A,A,0,,Y,,,Y,,A,01,0,0,1,0,0,0,1,0,0,"- ","- ",,,"SAN FRANCISCO","SAN FRANCISCO",-122.38847991999999,37.750169890000002
7100065,2015,2015-10-09,3801,2015-09-18,1143,001359,COH,5,5,7,3801,0,0,0,,0,3H13C,"MISSION ST","GENEVA AV",0.00,,Y,A,-,N,,,,,,,,,,N,3,0,1,2,A,-,03,22350,,N,A,G,A,A,H,-,A,A,0,,Y,,,Y,,A,,0,1,0,0,0,0,1,0,0,"- ","- ",,,"SAN FRANCISCO","SAN FRANCISCO",-122.44099993,37.716389980000002