CASE_ID,ACCIDENT_YEAR,PROC_DATE,JURIS,COLLISION_DATE,COLLISION_TIME,OFFICER_ID,REPORTING_DISTRICT,DAY_OF_WEEK,CHP_SHIFT,POPULATION,CNTY_CITY_LOC,SPECIAL_COND,BEAT_TYPE,CHP_BEAT_TYPE,CITY_DIVISION_LAPD,CHP_BEAT_CLASS,BEAT_NUMBER,PRIMARY_RD,SECONDARY_RD,DISTANCE,DIRECTION,INTERSECTION,WEATHER_1,WEATHER_2,STATE_HWY_IND,CALTRANS_COUNTY,CALTRANS_DISTRICT,STATE_ROUTE,ROUTE_SUFFIX,POSTMILE_PREFIX,POSTMILE,LOCATION_TYPE,RAMP_INTERSECTION,SIDE_OF_HWY,TOW_AWAY,COLLISION_SEVERITY,NUMBER_KILLED,NUMBER_INJURED,PARTY_COUNT,PRIMARY_COLL_FACTOR,PCF_CODE_OF_VIOL,PCF_VIOL_CATEGORY,PCF_VIOLATION,PCF_VIOL_SUBSECTION,HIT_AND_RUN,TYPE_OF_COLLISION,MVIW,PED_ACTION,ROAD_SURFACE,ROAD_COND_1,ROAD_COND_2,LIGHTING,CONTROL_DEVICE,CHP_ROAD_TYPE,PEDESTRIAN_ACCIDENT,BICYCLE_ACCIDENT,MOTORCYCLE_ACCIDENT,TRUCK_ACCIDENT,NOT_PRIVATE_PROPERTY,ALCOHOL_INVOLVED,STWD_VEHTYPE_AT_FAULT,CHP_VEHTYPE_AT_FAULT,COUNT_SEVERE_INJ,COUNT_VISIBLE_INJ,COUNT_COMPLAINT_PAIN,COUNT_PED_KILLED,COUNT_PED_INJURED,COUNT_BICYCLIST_KILLED,COUNT_BICYCLIST_INJURED,COUNT_MC_KILLED,COUNT_MC_INJURED,PRIMARY_RAMP,SECONDARY_RAMP,LATITUDE,LONGITUDE,COUNTY,CITY,POINT_X,POINT_Y
7100075,2015,2015-10-09,3801,2015-09-16,2135,001817,NORTH,3,5,7,3801,0,0,0,,0,3E15E,"MCALLISTER ST",GOUGH,80.00,W,N,A,-,N,,,,,,,,,,N,4,0,1,2,A,-,04,21703,,N,B,G,A,A,H,-,D,D,0,,Y,,,Y,,A,01,0,0,1,0,0,0,1,0,0,"- ","- ",,,"SAN FRANCISCO","SAN FRANCISCO",-122.42381227,37.77963029
7100293,2015,2015-10-08,3801,2015-09-23,1906,001362,RICHM,3,5,7,3801,0,0,0,,0,,"FULTON ST","22ND AV",0.00,,Y,A,-,N,,,,,,,,,,N,4,0,1,2,A,-,12,21453,A,M,D,G,A,A,H,-,B,A,0,,Y,,,Y,,A,01,0,0,1,0,0,0,1,0,0,"- ","- ",,,"SAN FRANCISCO","SAN FRANCISCO",-122.48098996,37.772709910000003
7100776,2014,2015-12-16,3801,2014-08-21,1415,1629,TARAV,4,5,7,3801,0,0,0,,0,3I16B,PORTOLA,"SANTA CLARA AV",130.00,N,N,B,-,N,,,,,,,,,,N,3,0,1,2,A,-,07,21658,A,N,C,G,A,A,H,-,A,A,0,,Y,,,Y,,A,01,0,1,0,0,0,0,1,0,0,"- ","- ",,,"SAN FRANCISCO","SAN FRANCISCO",-122.46583264,37.739376309999997
7100788,2014,2015-12-16,3801,2014-03-07,1955,211,INGLE,5,5,7,3801,0,0,0,,0,,"PERU AV","EDINBURGH ST",0.00,,Y,A,-,N,,,,,,,,,,N,3,0,1,2,A,-,09,21801,B,N,A,G,A,A,H,-,C,A,0,,Y,,,Y,Y,L,04,0,1,0,0,0,0,1,0,0,"- ","- ",,,"SAN FRANCISCO","SAN FRANCISCO",-122.42727994000001,37.727449909999997
7100797,2014,2015-12-16,3801,2014-12-28,1236,1986,NORTH,7,5,7,3801,0,0,0,,0,3E5A,"CHESTNUT ST","GOUGH ST",0.00,,Y,A,-,N,,,,,,,,,,N,3,0,1,2,A,-,21,22106,,N,H,J,A,A,H,-,A,D,0,,Y,,,Y,,A,01,0,1,0,0,0,0,1,0,0,"- ","- ",,,"SAN FRANCISCO","SAN FRANCISCO",-122.42801987999999,37.801869889999999
7100801,2014,2015-12-17,3801,2014-04-19,1655,001766,NORTH,6,5,7,3801,0,0,0,,0,4K4D,"POLK ST","MCALLISTER ST",0.00,,Y,A,-,N,,,,,,,,,,N,3,0,1,2,A,-,08,22107,,N,G,G,A,A,H,-,A,A,0,,Y,,,Y,,A,01,0,1,0,0,0,0,1,0,0,"- ","- ",,,"SAN FRANCISCO","SAN FRANCISCO",-122.41859999,37.780269910000001
7100812,2014,2015-12-16,3801,2014-04-29,1340,1900,TARAV,2,5,7,3801,0,0,0,,0,3I13A,"LAKE MERCED BL","JOHN MUIR DR",180.00,S,N,A,-,N,,,,,,,,,,N,3,0,1,2,A,-,07,21658,A,N,B,G,A,A,H,-,A,D,0,,Y,,,Y,,A,01,0,1,0,0,0,0,1,0,0,"- ","- ",,,"SAN FRANCISCO","SAN FRANCISCO",-122.48589728,37.707632160000003
7100821,2014,2015-12-17,3801,2014-04-22,0643,848,SOUTH,2,5,7,3801,0,0,0,,0,001,"MISSION ST","3RD ST",50.00,E,N,A,-,N,,,,,,,,,,N,3,0,1,2,A,-,06,21755,,N,B,G,A,A,H,-,A,A,0,,Y,,,Y,,L,04,0,1,0,0,0,0,1,0,0,"- ","- ",,,"SAN FRANCISCO","SAN FRANCISCO",-122.40187469,37.786364749999997
7100832,2014,2015-12-16,3801,2014-05-01,0735,4036,COITA,4,5,7,3801,0,0,0,,0,4B5I,"IRVING ST","15TH AV",124.00,E,N,A,-,N,,,,,,,,,,N,4,0,1,2,A,-,17,22517,,N,H,G,A,A,H,-,A,D,0,,Y,,,Y,,A,01,0,0,1,0,0,0,1,0,0,"- ","- ",,,"SAN FRANCISCO","SAN FRANCISCO",-122.47237158,37.76376913
7100839,2014,2015-12-16,3801,2014-05-03,1015,002345,TARAV,6,5,7,3801,0,0,0,,0,3I3A,"IRVING ST","24TH AV",138.00,W,N,A,-,N,,,,,,,,,,N,3,0,1,2,A,-,08,22107,,N,D,G,A,A,H,-,A,D,0,,Y,,,Y,,A,01,0,1,0,0,0,0,1,0,0,"- ","- ",,,"SAN FRANCISCO","SAN FRANCISCO",-122.48296671999999,37.76330772
7100850,2014,2015-12-16,3801,2014-04-11,1654,001763,MISSI,5,5,7,3801,0,0,0,,0,3D13D,"22ND ST","FOLSOM ST",132.00,E,N,A,-,N,,,,,,,,,,N,3,0,1,2,A,-,08,22107,,N,B,G,A,A,H,-,A,D,0,,Y,,,Y,,L,04,0,1,0,0,0,0,1,0,0,"- ","- ",,,"SAN FRANCISCO","SAN FRANCISCO",-122.41393435000001,37.755744849999999
7100873,2014,2015-12-16,3801,2014-04-11,0828,1043,INGLE,5,5,7,3801,0,0,0,,0,4K6H,"ALEMANY BL","GENEVA AV",123.00,S,N,B,-,N,,,,,,,,,,N,4,0,1,2,A,-,07,21658,A,N,B,G,A,A,H,-,A,A,0,,Y,,,Y,,A,01,0,0,1,0,0,0,1,0,0,"- ","- ",,,"SAN FRANCISCO","SAN FRANCISCO",-122.44266512,37.717646649999999
7100900,2014,2015-12-17,3801,2014-05-11,1645,001448,,7,5,7,3801,0,0,0,,0,901,"VALENCIA ST","23RD ST",93.00,S,N,A,-,N,,,,,,,,,,N,4,0,1,2,A,-,17,22517,,N,D,G,A,A,H,-,A,D,0,,Y,,,Y,,A,01,0,0,1,0,0,0,1,0,0,"- ","- ",,,"SAN FRANCISCO","SAN FRANCISCO",-122.42078437000001,37.753445329999998
7100915,2014,2015-12-17,3801,2014-05-13,1600,002329,,2,5,7,3801,0,0,0,,0,,"POTRERO AV","21ST ST",0.00,,Y,A,-,N,,,,,,,,,,N,3,0,1,2,A,-,08,22107,,N,B,G,A,A,H,-,A,D,0,,Y,,,Y,,A,01,0,1,0,0,0,0,1,0,0,"- ","- ",,,"SAN FRANCISCO","SAN FRANCISCO",-122.40677989,37.757759890000003
7100925,2014,2015-12-17,3801,2014-05-16,0013,52,,5,5,7,3801,0,0,0,,0,3D90,"POTRERO AV","16TH ST",0.00,,Y,A,-,N,,,,,,,,,,N,3,0,1,2,A,-,09,21801,A,N,H,G,A,A,H,-,C,A,0,,Y,,,Y,Y,L,04,0,1,0,0,0,0,1,0,0,"- ","- ",,,"SAN FRANCISCO","SAN FRANCISCO",-122.40755998,37.765769929999998
7100939,2014,2015-12-17,3801,2014-05-30,2056,2287,,5,5,7,3801,0,0,0,,0,3J60,"LEAVENWORTH ST","GOLDEN GATE AV",19.00,N,N,A,-,N,,,,,,,,,,Y,4,0,1,2,A,-,05,21650,,F,D,G,A,A,H,-,C,A,0,,Y,,,Y,,L,04,0,0,1,0,0,0,1,0,0,"- ","- ",,,"SAN FRANCISCO","SAN FRANCISCO",-122.41386998999999,37.781921590000003
7100959,2014,2015-12-17,3801,2014-05-29,0800,804,NORTH,4,5,7,3801,0,0,0,,0,3E4A,"FILLMORE ST","BUSH ST",40.00,S,N,A,-,N,,,,,,,,,,N,2,0,1,2,A,-,17,22517,,N,B,G,A,A,H,-,A,D,0,,Y,,,Y,,A,01,1,0,0,0,0,0,1,0,0,"- ","- ",,,"SAN FRANCISCO","SAN FRANCISCO",-122.43342941,37.786931340000002
7100967,2014,2015-12-23,3801,2014-12-26,1230,1882,RICHM,5,5,7,3801,0,0,0,,0,3G5A,"MARTIN LUTHER KING JR DR","BERNICE RODGERS WY",0.00,,Y,A,-,N,,,,,,,,,,N,4,0,1,2,D,-,00,,,N,A,G,A,A,H,-,A,D,0,,Y,,,Y,,-,"- ",0,0,1,0,0,0,1,0,0,"- ","- ",,,"SAN FRANCISCO","SAN FRANCISCO",-122.50425997000001,37.765509950000002
7100994,2014,2015-12-24,3801,2014-12-06,1605,1108,SOUTH,6,5,7,3801,0,0,0,,0,1CAR,"NEW MONTGOMERY ST","JESSIE ST",0.00,,Y,B,-,N,,,,,,,,,,N,4,0,1,2,A,-,09,21802,A,N,D,G,A,A,H,-,C,D,0,,Y,,,Y,,-,,0,0,1,0,0,0,1,0,0,"- ","- ",,,"SAN FRANCISCO","SAN FRANCISCO",-122.40098995,37.787869890000003
7101003,2014,2015-12-23,3801,2014-06-22,1930,000454,TARAV,7,5,7,3801,0,0,0,,0,3I10,"22ND AV","LAWTON ST",0.00,,Y,A,-,N,,,,,,,,,,N,3,0,1,1,A,-,12,22450,A,N,E,I,A,A,H,-,B,D,0,,Y,,,Y,,L,04,0,1,0,0,0,0,1,0,0,"- ","- ",,,"SAN FRANCISCO","SAN FRANCISCO",-122.47994991,37.757829950000001
7101004,2014,2015-12-23,3801,2014-06-24,2311,1745,BAYVI,2,5,7,3801,0,0,0,,0,002,"OAKDALE AV","PHELPS AV",2.00,E,N,B,E,N,,,,,,,,,,N,3,0,1,1,A,-,03,22350,,N,E,-,A,A,H,-,C,D,0,,Y,,,Y,,L,04,0,1,0,0,0,0,1,0,0,"- ","- ",,,"SAN FRANCISCO","SAN FRANCISCO",-122.39408429,37.736716899999998
7101015,2014,2015-12-23,3801,2014-06-20,1613,1420,INGLE,5,5,7,3801,0,0,0,,0,4K3A,"SAN JOSE AV","29TH ST",8.00,S,N,A,-,N,,,,,,,,,,N,4,0,1,2,A,-,12,21453,A,N,D,B,B,A,H,-,A,A,0,Y,Y,,,Y,,L,04,0,0,1,0,1,0,0,0,0,"- ","- ",,,"SAN FRANCISCO","SAN FRANCISCO",-122.422758,37.743908959999999
7101027,2014,2015-12-23,3801,2014-06-18,1945,52,MISSI,3,5,7,3801,0,0,0,,0,0D5,"16TH ST","JULIAN ST",28.00,E,N,A,-,N,,,,,,,,,,N,3,0,1,2,A,-,05,21650,,N,A,G,A,A,H,-,-,A,0,,Y,,,Y,Y,L,04,0,1,0,0,0,0,1,0,0,"- ","- ",,,"SAN FRANCISCO","SAN FRANCISCO",-122.42080339,37.76497586
7101030,2014,2015-12-23,3801,2014-06-11,1546,1582,MISSI,3,5,7,3801,0,0,0,,0,3D44C,"13TH ST","HARRISON ST",10.00,W,N,A,-,N,,,,,,,,,,N,4,0,1,2,A,-,17,21663,,N,D,G,A,A,H,-,A,A,0,,Y,,,Y,,L,04,0,0,1,0,0,0,1,0,0,"- ","- ",,,"SAN FRANCISCO","SAN FRANCISCO",-122.41344454999999,37.769451590000003
7101038,2014,2015-12-23,3801,2014-06-17,2028,01693,SOUTH,2,5,7,3801,0,0,0,,0,3B12D,"MARKET ST","7TH ST",426.00,W,N,A,-,N,,,,,,,,,,N,4,0,1,2,A,-,04,21703,,N,C,G,A,A,H,-,B,A,0,,Y,,,Y,,-,,0,0,1,0,0,0,1,0,0,"- ","- ",,,"SAN FRANCISCO","SAN FRANCISCO",-122.41355901,37.779658060000003
7101081,2014,2015-12-17,3801,2014-11-06,1840,004208,BAYVI,4,5,7,3801,0,0,0,,0,03C,"ILLINOIS ST","25TH ST",130.00,S,N,A,-,N,,,,,,,,,,N,4,0,1,2,A,-,09,21804,A,N,D,G,A,A,H,-,E,D,0,,Y,,,Y,,A,07,0,0,1,0,0,0,1,0,0,"- ","- ",,,"SAN FRANCISCO","SAN FRANCISCO",-122.38679636000001,37.752554160000003
7101102,2014,2015-12-17,3801,2014-10-28,0906,2002,PARK,2,5,7,3801,0,0,0,,0,3F60,"SCOTT ST","GOLDEN GATE AV",0.00,,Y,A,-,N,,,,,,,,,,N,3,0,1,2,A,-,08,22107,,N,D,G,A,A,H,-,A,D,0,,Y,,,Y,,A,01,0,1,0,0,0,0,1,0,0,"- ","- ",,,"SAN FRANCISCO","SAN FRANCISCO",-122.43687994,37.778939940000001
7101150,2015,2016-01-08,3801,2015-11-12,0647,1487,COJ,4,5,7,3801,0,0,0,,0,4B1A,"HYDE ST","OFARRELL ST",0.00,,Y,A,-,N,,,,,,,,,,Y,2,0,1,2,A,-,12,21453,A,N,D,G,A,A,H,-,A,A,0,,Y,,,Y,,L,04,1,0,0,0,0,0,1,0,0,"- ","- ",,,"SAN FRANCISCO","SAN FRANCISCO",-122.41625994,37.785389969999997
7101162,2015,2016-01-08,3801,2015-11-20,0840,004335,,5,5,7,3801,0,0,0,,0,901,"MARKET ST","CHURCH ST",150.00,W,N,A,-,N,,,,,,,,,,N,4,0,1,2,A,-,08,22107,,N,B,G,A,A,H,-,A,D,0,,Y,,,Y,,A,01,0,0,1,0,0,0,1,0,0,"- ","- ",,,"SAN FRANCISCO","SAN FRANCISCO",-122.42930106,37.76731393
7101213,2015,2016-01-08,3801,2015-11-14,1730,4051,,6,5,7,3801,0,0,0,,0,3E13D,"POLK ST","SUTTER ST",0.00,,Y,A,-,N,,,,,,,,,,N,3,0,1,2,A,-,03,22350,A,N,C,G,A,A,H,-,C,A,0,,Y,,,Y,,L,04,0,1,0,0,0,0,1,0,0,"- ","- ",,,"SAN FRANCISCO","SAN FRANCISCO",-122.42009991,37.78775993
7101216,2015,2016-01-11,3801,2015-11-07,1611,02035,,6,5,7,3801,0,0,0,,0,3I15D,"LAKE MERCED BL","WINSTON DR",8.00,N,N,A,-,N,,,,,,,,,,N,4,0,1,2,A,-,03,22350,,N,B,G,A,A,H,-,A,A,0,,Y,,,Y,,A,01,0,0,1,0,0,0,1,0,0,"- ","- ",,,"SAN FRANCISCO","SAN FRANCISCO",-122.48397,37.727021980000004
7101225,2015,2016-01-08,3801,2015-11-09,1730,001620,,1,5,7,3801,0,0,0,,0,3B15C,"CASTRO ST","CASTRO ST 436",0.00,,-,A,-,N,,,,,,,,,,N,4,0,1,3,A,-,17,22517,,N,H,G,A,A,H,-,B,D,0,,Y,,,Y,,-,,0,0,1,0,0,0,1,0,0,"- ","- ",,,"SAN FRANCISCO","SAN FRANCISCO",-122.43510336,37.761892060000001
7101243,2015,2016-01-08,3801,2015-11-16,0900,001922,SOUTH,1,5,7,3801,0,0,0,,0,901,"6TH ST","MINNA ST",0.00,,Y,A,-,N,,,,,,,,,,N,3,0,1,2,A,-,08,22107,,F,B,G,A,A,H,-,A,A,0,,Y,,,Y,,A,01,0,1,0,0,0,0,1,0,0,"- ","- ",,,"SAN FRANCISCO","SAN FRANCISCO",-122.40812986,37.78054994
7101248,2015,2016-01-08,3801,2015-11-09,1055,001000,TENDE,1,5,7,3801,0,0,0,,0,3J12A,"HYDE ST","TURK ST",0.00,,Y,C,-,N,,,,,,,,,,N,3,0,1,2,A,-,03,22350,,N,C,G,A,B,H,-,A,A,0,,Y,,,Y,,L,04,0,1,0,0,0,0,1,0,0,"- ","- ",,,"SAN FRANCISCO","SAN FRANCISCO",-122.41568995,37.782569889999998
7101266,2015,2016-01-08,3801,2015-11-13,0817,004335,MISSI,5,5,7,3801,0,0,0,,0,901,"22ND ST","DIAMOND ST",0.00,,Y,A,-,N,,,,,,,,,,N,3,0,1,1,D,-,00,,,N,F,I,A,D,H,-,A,A,0,,Y,,,Y,,-,"- ",0,1,0,0,0,0,1,0,0,"- ","- ",,,"SAN FRANCISCO","SAN FRANCISCO",-122.43658987000001,37.754359999999998
7101267,2015,2016-01-08,3801,2015-11-16,0753,000126,RICHM,1,5,7,3801,0,0,0,,0,3G68,"JOHN F KENNEDY DR","30TH AV",55.00,W,N,A,-,N,,,,,,,,,,N,4,0,1,2,A,-,08,22107,,N,D,G,A,A,H,-,A,A,0,,Y,,,Y,,L,04,0,0,1,0,0,0,1,0,0,"- ","- ",,,"SAN FRANCISCO","SAN FRANCISCO",-122.4899975,37.770916040000003
7101271,2015,2016-01-08,3801,2015-11-07,1246,1764,NORTH,6,5,7,3801,0,0,0,,0,4B5E,"HAIGHT ST","PIERCE ST",0.00,,Y,A,-,N,,,,,,,,,,N,3,0,2,2,A,-,10,21950,A,N,G,B,B,A,H,-,A,A,0,Y,Y,,,Y,Y,L,04,0,1,1,0,1,0,1,0,0,"- ","- ",,,"SAN FRANCISCO","SAN FRANCISCO",-122.43372995999999,37.771689889999998
7101396,2015,2016-01-12,3801,2015-11-23,1730,004324,COD,1,5,7,3801,0,0,0,,0,3D14D,"VIRGIL ST","26TH ST",0.00,,Y,A,-,N,,,,,,,,,,N,3,0,1,2,D,-,00,,,F,C,G,A,A,H,-,A,D,0,,Y,,,Y,,-,"- ",0,1,0,0,0,0,1,0,0,"- ","- ",,,"SAN FRANCISCO","SAN FRANCISCO",-122.4153799,37.749209980000003
7101465,2015,2016-01-14,3801,2015-11-23,0920,1053,TARAV,1,5,7,3801,0,0,0,,0,3I16A,"GREAT HWY","TARAVAL ST",320.00,N,N,B,-,N,,,,,,,,,,N,3,0,1,1,A,-,03,22350,,N,H,A,A,A,B,-,A,D,0,,Y,,,Y,,L,04,0,1,0,0,0,0,1,0,0,"- ","- ",,,"SAN FRANCISCO","SAN FRANCISCO",-122.50764485000001,37.742524359999997
7101471,2015,2016-01-14,3801,2015-11-04,1820,000995,INGLE,3,5,7,3801,0,0,0,,0,3H15C,"SICKLES AV","ALEMANY BL",0.00,,Y,A,-,N,,,,,,,,,,N,4,0,1,2,A,-,12,21453,A,F,D,G,A,A,H,-,C,A,0,,Y,,,Y,,A,01,0,0,1,0,0,0,1,0,0,"- ","- ",,,"SAN FRANCISCO","SAN FRANCISCO",-122.45491998999999,37.710509950000002
7101636,2015,2016-01-14,3801,2015-12-10,0944,002047,CENTR,4,5,7,3801,0,0,0,,0,0A2,"MONTGOMERY ST","SUTTER AV",117.00,S,N,B,-,N,,,,,,,,,,N,4,0,1,2,C,-,18,,,N,B,G,A,B,H,-,A,A,0,,Y,,,Y,,-,"- ",0,0,1,0,0,0,1,0,0,"- ","- ",,,"SAN FRANCISCO","SAN FRANCISCO",-122.40210786,37.789692389999999
7101687,2015,2016-01-14,3801,2015-12-13,0845,351,,7,5,7,3801,0,0,0,,0,3B60,"10TH ST","HARRISON ST",177.00,N,N,B,-,N,,,,,,,,,,N,3,0,1,2,A,-,17,22517,,N,B,C,A,B,H,-,A,A,0,,Y,,,Y,,A,01,0,1,0,0,0,0,1,0,0,"- ","- ",,,"SAN FRANCISCO","SAN FRANCISCO",-122.41168853000001,37.771939510000003
7101707,2015,2016-08-10,3801,2015-11-30,1735,001160,,1,5,7,3801,0,0,0,,0,901,"FULTON ST","3RD AV",0.00,,Y,A,-,N,,,,,,,,,,N,3,0,1,2,A,-,09,21801,A,F,D,G,A,A,H,-,C,D,0,,Y,,,Y,,A,01,0,1,0,0,0,0,1,0,0,"- ","- ",,,"SAN FRANCISCO","SAN FRANCISCO",-122.46057992999999,37.774029970000001
7101718,2015,2016-01-25,3801,2015-12-10,1753,2059,,4,5,7,3801,0,0,0,,0,3B12D,"MISSION ST","MINT ST",0.00,,N,C,-,N,,,,,,,,,,,3,0,1,2,A,-,03,22350,,N,D,G,A,B,H,-,E,A,0,,Y,,,Y,,L,04,0,1,0,0,0,0,1,0,0,"- ","- ",,,"SAN FRANCISCO","SAN FRANCISCO",-122.40716992,37.782189899999999
7101724,2015,2017-02-03,3801,2015-12-22,0745,1036,,2,5,7,3801,0,0,0,,0,3G67,"CROSSOVER DR","MARTIN LUTHER KING JR",0.00,,Y,B,G,Y,SF,4,1,-,-,4.090,I,5,S,N,4,0,1,2,A,-,12,22450,A,F,G,G,A,B,H,-,A,A,0,,Y,,,Y,,A,,0,0,1,0,0,0,1,0,0,"- ","- ",,,"SAN FRANCISCO","SAN FRANCISCO",-122.47744573,37.765991339999999
7101736,2015,2016-01-26,3801,2015-12-15,1122,1171,,2,5,7,3801,0,0,0,,0,,"2ND ST","BRANNAN ST",0.00,,Y,A,-,N,,,,,,,,,,N,3,0,1,2,A,-,08,22100,B,N,B,G,A,A,H,-,A,A,0,,Y,,,Y,,L,04,0,1,0,0,0,0,1,0,0,"- ","- ",,,"SAN FRANCISCO","SAN FRANCISCO",-122.39205999000001,37.781839949999998
7101744,2015,2016-01-26,3801,2015-12-22,1315,2482,,2,5,7,3801,0,0,0,,0,3I15A,"OCEAN AV","LEE AV",68.00,W,N,C,-,N,,,,,,,,,,N,4,0,1,2,A,-,21,22106,,N,B,G,A,B,H,-,A,D,0,,Y,,,Y,,A,01,0,0,1,0,0,0,1,0,0,"- ","- ",,,"SAN FRANCISCO","SAN FRANCISCO",-122.45432793000001,37.723536029999998
7101847,2015,2016-01-14,3801,2015-12-14,0755,004305,MISSI,1,5,7,3801,0,0,0,,0,3D11A,"13TH ST","S VAN NESS AV",0.00,,Y,A,-,N,,,,,,,,,,N,4,0,1,2,A,-,08,22100,A,N,B,G,A,A,H,-,A,A,0,,Y,,,Y,,A,07,0,0,1,0,0,0,1,0,0,"- ","- ",,,"SAN FRANCISCO","SAN FRANCISCO",-122.41776996,37.769719979999998
7101848,2015,2016-01-14,3801,2015-12-10,0849,2056,TENDE,4,5,7,3801,0,0,0,,0,3013A,"MARKET ST","7TH ST",0.00,,N,B,C,N,,,,,,,,,,N,4,0,1,2,A,-,07,21658,A,F,B,G,A,B,H,-,A,D,0,,Y,,,Y,,-,"- ",0,0,1,0,0,0,1,0,0,"- ","- ",,,"SAN FRANCISCO","SAN FRANCISCO",-122.4125099,37.780479900000003
7101874,2015,2016-01-14,3801,2015-12-18,1301,004335,MISSI,5,5,7,3801,0,0,0,,0,,"VALENCIA ST","17TH ST",0.00,,Y,A,-,N,,,,,,,,,,N,4,0,1,2,A,-,17,22517,,N,B,E,A,A,H,-,A,D,0,,Y,,,Y,,A,08,0,0,1,0,0,0,1,0,0,"- ","- ",,,"SAN FRANCISCO","SAN FRANCISCO",-122.42173997,37.763299930000002
7101878,2015,2016-01-14,3801,2015-12-18,1645,2025,NORHT,5,5,7,3801,0,0,0,,0,3E12D,"MCALLISTER ST","STEINER ST",54.00,E,N,B,-,N,,,,,,,,,,N,4,0,1,3,A,-,17,22517,,N,B,G,A,A,H,-,C,D,0,,Y,,,Y,,-,,0,0,1,0,0,0,1,0,0,"- ","- ",,,"SAN FRANCISCO","SAN FRANCISCO",-122.43321568,37.778444579999999
7110718,2015,2015-11-19,3801,2015-10-27,1711,001620,SOUTH,2,5,7,3801,0,0,0,,0,3B14D,"MISSION ST","2ND ST",0.00,,Y,A,-,N,,,,,,,,,,N,4,0,3,3,A,-,07,21658,A,F,B,G,A,A,H,-,A,A,0,,Y,,,Y,,A,01,0,0,3,0,0,0,1,0,0,"- ","- ",,,"SAN FRANCISCO","SAN FRANCISCO",-122.39978994000001,37.78800992
7110727,2015,2015-11-16,3801,2015-10-20,1657,004319,,2,5,7,3801,0,0,0,,0,901,"DUBOCE AV","MISSION ST",3.00,E,N,A,-,N,,,,,,,,,,N,4,0,1,2,A,-,03,22350,A,N,D,G,A,A,H,-,A,A,0,,Y,,,Y,,L,04,0,0,1,0,0,0,1,0,0,"- ","- ",,,"SAN FRANCISCO","SAN FRANCISCO",-122.42018,37.76999
7110732,2015,2015-11-16,3801,2015-10-21,0850,004267,TARAV,3,5,7,3801,0,0,0,,0,3411,"HOLLOWAY AV","RALSTON ST",0.00,,Y,A,-,N,,,,,,,,,,N,4,0,1,1,A,-,03,22350,,N,B,E,A,A,H,-,A,D,0,,Y,,,Y,,L,04,0,0,1,0,0,0,1,0,0,"- ","- ",,,"SAN FRANCISCO","SAN FRANCISCO",-122.46899996,37.721640000000001
7110738,2015,2015-11-16,3801,2015-10-11,1601,1420,CENTR,7,5,7,3801,0,0,0,,0,4B7E,ENBARCADERO,SAMSOME,292.00,N,N,A,-,N,,,,,,,,,,N,2,0,1,2,A,-,07,21658,A,N,B,G,A,A,H,-,A,D,0,,Y,,,Y,,L,04,1,0,0,0,0,0,1,0,0,"- ","- ",,,"SAN FRANCISCO","SAN FRANCISCO",-122.40426779000001,37.805630440000002
7110746,2015,2015-11-16,3801,2015-10-24,2139,001268,,6,5,7,3801,0,0,0,,0,3J12E,"4TH ST","MISSION ST",135.00,N,N,A,-,N,,,,,,,,,,N,4,0,1,2,A,-,00,21601,,N,A,G,A,A,H,-,C,D,0,,Y,,,Y,,L,04,0,0,1,0,0,0,1,0,0,"- ","- ",,,"SAN FRANCISCO","SAN FRANCISCO",-122.40458040999999,37.784789910000001
7110770,2015,2015-11-16,3801,2015-10-15,1602,1246,MISSI,4,5,7,3801,0,0,0,,0,3D15D,"17TH ST","MISSION ST",0.00,,Y,A,-,N,,,,,,,,,,N,4,0,1,2,A,-,08,22107,,N,D,G,A,A,H,-,A,A,0,,Y,,,Y,,A,01,0,0,1,0,0,0,1,0,0,"- ","- ",,,"SAN FRANCISCO","SAN FRANCISCO",-122.41949991,37.76341996
7110774,2015,2015-11-16,3801,2015-10-15,1750,4326,SOUTH,4,5,7,3801,0,0,0,,0,003,"HOWARD ST","6TH ST",0.00,,Y,A,-,N,,,,,,,,,,N,4,0,1,2,A,-,08,22107,,N,D,G,A,A,H,-,A,A,0,,Y,,,Y,,A,01,0,0,1,0,0,0,1,0,0,"- ","- ",,,"SAN FRANCISCO","SAN FRANCISCO",-122.40713988,37.779749950000003
7110777,2015,2015-11-16,3801,2015-10-21,0908,2127,TENDE,3,5,7,3801,0,0,0,,0,4B1E,"EDDY ST","JONES ST",69.00,W,N,A,-,N,,,,,,,,,,N,4,0,1,2,A,-,08,22107,,N,D,G,A,A,H,-,A,D,0,,Y,,,Y,,A,07,0,0,1,0,0,0,1,0,0,"- ","- ",,,"SAN FRANCISCO","SAN FRANCISCO",-122.41282567,37.783909260000001