CASE_ID,ACCIDENT_YEAR,PROC_DATE,JURIS,COLLISION_DATE,COLLISION_TIME,OFFICER_ID,REPORTING_DISTRICT,DAY_OF_WEEK,CHP_SHIFT,POPULATION,CNTY_CITY_LOC,SPECIAL_COND,BEAT_TYPE,CHP_BEAT_TYPE,CITY_DIVISION_LAPD,CHP_BEAT_CLASS,BEAT_NUMBER,PRIMARY_RD,SECONDARY_RD,DISTANCE,DIRECTION,INTERSECTION,WEATHER_1,WEATHER_2,STATE_HWY_IND,CALTRANS_COUNTY,CALTRANS_DISTRICT,STATE_ROUTE,ROUTE_SUFFIX,POSTMILE_PREFIX,POSTMILE,LOCATION_TYPE,RAMP_INTERSECTION,SIDE_OF_HWY,TOW_AWAY,COLLISION_SEVERITY,NUMBER_KILLED,NUMBER_INJURED,PARTY_COUNT,PRIMARY_COLL_FACTOR,PCF_CODE_OF_VIOL,PCF_VIOL_CATEGORY,PCF_VIOLATION,PCF_VIOL_SUBSECTION,HIT_AND_RUN,TYPE_OF_COLLISION,MVIW,PED_ACTION,ROAD_SURFACE,ROAD_COND_1,ROAD_COND_2,LIGHTING,CONTROL_DEVICE,CHP_ROAD_TYPE,PEDESTRIAN_ACCIDENT,BICYCLE_ACCIDENT,MOTORCYCLE_ACCIDENT,TRUCK_ACCIDENT,NOT_PRIVATE_PROPERTY,ALCOHOL_INVOLVED,STWD_VEHTYPE_AT_FAULT,CHP_VEHTYPE_AT_FAULT,COUNT_SEVERE_INJ,COUNT_VISIBLE_INJ,COUNT_COMPLAINT_PAIN,COUNT_PED_KILLED,COUNT_PED_INJURED,COUNT_BICYCLIST_KILLED,COUNT_BICYCLIST_INJURED,COUNT_MC_KILLED,COUNT_MC_INJURED,PRIMARY_RAMP,SECONDARY_RAMP,LATITUDE,LONGITUDE,COUNTY,CITY,POINT_X,POINT_Y
7110804,2015,2015-11-14,3801,2015-10-28,1910,4000,PARK,3,5,7,3801,0,0,0,,0,1CAR,"PARNASSUS AV","BELVEDERE ST",5.00,N,N,A,-,N,,,,,,,,,,N,4,0,1,2,A,-,09,21801,A,N,A,G,A,A,H,-,C,D,0,,Y,,,Y,,A,01,0,0,1,0,0,0,1,0,0,"- ","- ",,,"SAN FRANCISCO","SAN FRANCISCO",-122.44841285,37.765031810000004
7110834,2015,2015-11-14,3801,2015-10-26,0900,2235,A,1,5,7,3801,0,0,0,,0,004,"JACKSON ST","GRANT AV",50.00,E,N,A,-,N,,,,,,,,,,N,3,0,1,2,A,-,17,22517,,N,B,G,A,A,H,-,A,D,0,,Y,,,Y,,A,01,0,1,0,0,0,0,1,0,0,"- ","- ",,,"SAN FRANCISCO","SAN FRANCISCO",-122.40645858000001,37.796049050000001
7110838,2015,2015-11-14,3801,2015-10-28,1000,000569,CENTR,3,5,7,3801,0,0,0,,0,3A2D,"EMBARCADERO NORTH ST","PIER 29",0.00,,Y,A,-,N,,,,,,,,,,N,4,0,1,2,A,-,00,21720,,N,D,G,A,A,H,-,A,D,0,,Y,,,Y,,L,04,0,0,1,0,0,0,1,0,0,"- ","- ",,,"SAN FRANCISCO","SAN FRANCISCO",-122.40319049999999,37.805166
7110849,2015,2015-11-16,3801,2015-10-16,1901,4375,MISSI,5,5,7,3801,0,0,0,,0,3D91,"MISSION ST","23RD ST",90.00,N,N,A,-,N,,,,,,,,,,N,4,0,1,2,A,-,08,22102,,N,D,G,A,A,H,-,C,D,0,,Y,,,Y,,A,01,0,0,1,0,0,0,1,0,0,"- ","- ",,,"SAN FRANCISCO","SAN FRANCISCO",-122.41861828,37.754076820000002
7110857,2015,2015-11-16,3801,2015-10-08,1059,442,CENTR,4,5,7,3801,0,0,0,,0,002,"MONTGOMERY ST","COMMERCIAL ST",0.00,,Y,A,-,N,,,,,,,,,,N,3,0,1,2,A,-,08,22107,,N,B,G,A,A,H,-,A,D,0,,Y,,,Y,,A,08,0,1,0,0,0,0,1,0,0,"- ","- ",,,"SAN FRANCISCO","SAN FRANCISCO",-122.40301993999999,37.794219949999999
7110862,2015,2015-11-16,3801,2015-10-14,2000,2370,BAYVI,3,5,7,3801,0,0,0,,0,3C13D,"FAIRFAX AV","MENDELL ST",0.00,,Y,A,-,N,,,,,,,,,,N,4,0,1,2,A,-,09,21802,A,N,D,G,A,A,H,-,C,D,0,,Y,,,Y,,A,08,0,0,1,0,0,0,1,0,0,"- ","- ",,,"SAN FRANCISCO","SAN FRANCISCO",-122.38529997000001,37.740239989999999
7110876,2015,2015-11-16,3801,2015-10-11,1530,1620,SOUTH,7,5,7,3801,0,0,0,,0,3B11D,"HOWARD ST","1ST ST",100.00,W,N,A,-,N,,,,,,,,,,N,4,0,1,2,A,-,17,21657,,F,D,G,A,A,H,-,A,D,0,,Y,,,Y,,L,04,0,0,1,0,0,0,1,0,0,"- ","- ",,,"SAN FRANCISCO","SAN FRANCISCO",-122.39628576,37.788356530000001
7110886,2015,2015-11-18,3801,2015-10-11,2045,1787,,7,5,7,3801,0,0,0,,0,3E11D,"HAIGHT ST","STEINER ST",0.00,,Y,A,-,N,,,,,,,,,,,3,0,1,2,A,-,00,22800,A,N,A,G,A,A,H,-,C,A,0,,Y,,,Y,,L,04,0,1,0,0,0,0,1,0,0,"- ","- ",,,"SAN FRANCISCO","SAN FRANCISCO",-122.43207996,37.771889969999997
7110902,2015,2015-11-18,3801,2015-10-30,1655,4208,BAYVI,5,5,7,3801,0,0,0,,0,03C,"ILLINOIS ST","23RD AV",60.00,N,N,A,-,N,,,,,,,,,,N,2,0,1,1,C,-,18,,,N,H,A,A,A,C,G,A,D,0,,Y,,,Y,,-,"- ",1,0,0,0,0,0,1,0,0,"- ","- ",,,"SAN FRANCISCO","SAN FRANCISCO",-122.38710824,37.755594189999997
7110916,2015,2015-11-19,3801,2015-10-08,1604,1518,MISSI,4,5,7,3801,0,0,0,,0,0D5,"17TH ST","MISSION ST",0.00,,Y,A,-,N,,,,,,,,,,N,3,0,1,2,A,-,17,22517,,N,H,G,A,A,H,-,A,D,0,,Y,,,Y,,A,07,0,1,0,0,0,0,1,0,0,"- ","- ",,,"SAN FRANCISCO","SAN FRANCISCO",-122.41949991,37.76341996
7110920,2015,2015-11-19,3801,2015-10-08,0650,2450,MISSI,4,5,7,3801,0,0,0,,0,3D6C,"DIVISION ST","VERMONT ST",0.00,,Y,A,-,N,,,,,,,,,,N,2,0,1,2,A,-,09,21801,A,N,D,G,A,A,H,-,C,D,0,,Y,,,Y,,A,01,1,0,0,0,0,0,1,0,0,"- ","- ",,,"SAN FRANCISCO","SAN FRANCISCO",-122.40496988,37.76973993
7110946,2015,2015-11-16,3801,2015-10-06,1814,1518,MISSI,2,5,7,3801,0,0,0,,0,0D5,"VALENCIA ST","BROSNAN ST",0.00,,Y,A,-,N,,,,,,,,,,N,4,0,1,2,A,-,09,21801,A,N,D,G,A,A,H,-,A,A,0,,Y,,,Y,,A,01,0,0,1,0,0,0,1,0,0,"- ","- ",,,"SAN FRANCISCO","SAN FRANCISCO",-122.42224994,37.768769990000003
7157907,2015,2016-01-29,3801,2015-12-16,1736,000738,NORTH,3,5,7,3801,0,0,0,,0,3E11D,"HAYES ST","POLK ST",195.00,W,N,A,-,N,,,,,,,,,,N,4,0,1,2,A,-,08,22107,,N,C,G,A,A,H,-,C,A,0,,Y,Y,,Y,,L,04,0,0,1,0,0,0,1,0,0,"- ","- ",,,"SAN FRANCISCO","SAN FRANCISCO",-122.41870582999999,37.777422389999998
7157924,2014,2016-01-15,3801,2014-07-15,1950,002342,SOUTH,2,5,7,3801,0,0,0,,0,311D,"MARKET ST","2ND ST",127.00,E,N,A,-,N,,,,,,,,,,N,3,0,1,1,A,-,03,22350,,N,H,A,A,A,G,-,B,D,0,,Y,,,Y,,L,04,0,1,0,0,0,0,1,0,0,"- ","- ",,,"SAN FRANCISCO","SAN FRANCISCO",-122.40109463,37.789490950000001
7157927,2014,2016-01-15,3801,2014-07-07,1700,002371,CENTR,1,5,7,3801,0,0,0,,0,9X17A,"JEFFERSON ST","MASON ST",51.00,W,N,A,-,N,,,,,,,,,,N,3,0,1,1,C,-,18,,,N,H,-,A,A,H,-,A,D,0,,Y,,,Y,,-,"- ",0,1,0,0,0,0,1,0,0,"- ","- ",,,"SAN FRANCISCO","SAN FRANCISCO",-122.41434506,37.80838163
7157932,2014,2016-01-15,3801,2014-07-17,1456,001240,SOUTH,4,5,7,3801,0,0,0,,0,3B11C,"5TH ST","HOWARD ST",65.00,S,N,A,-,N,,,,,,,,,,N,3,0,1,2,A,-,04,21703,,N,C,G,A,A,H,-,A,A,0,,Y,,,Y,,A,01,0,1,0,0,0,0,1,0,0,"- ","- ",,,"SAN FRANCISCO","SAN FRANCISCO",-122.40477079,37.781383830000003
7157937,2014,2016-01-19,3801,2014-07-01,0915,1043,INGLE,2,5,7,3801,0,0,0,,0,4K6H,"29TH ST","CHURCH ST",28.00,E,N,A,-,N,,,,,,,,,,N,4,0,1,2,A,-,21,22106,,N,-,G,A,A,H,-,A,A,0,,Y,,,Y,,A,01,0,0,1,0,0,0,1,0,0,"- ","- ",,,"SAN FRANCISCO","SAN FRANCISCO",-122.42656340000001,37.743705730000002
7157942,2014,2016-01-19,3801,2014-07-06,1458,1666,PARK,7,5,7,3801,0,0,0,,0,3CAR,"OAK ST","COLE ST",0.00,,Y,A,-,N,,,,,,,,,,N,3,0,1,1,A,-,03,22350,,N,F,A,A,A,H,-,A,A,0,,Y,,,Y,,L,04,0,1,0,0,0,0,1,0,0,"- ","- ",,,"SAN FRANCISCO","SAN FRANCISCO",-122.45061987,37.771449959999998
7157945,2014,2016-01-19,3801,2014-07-01,1300,1887,TRAFF,2,5,7,3801,0,0,0,,0,4K1C,"LARKIN ST","GROVE ST",34.00,N,N,A,-,N,,,,,,,,,,N,3,0,1,1,C,-,18,,,N,E,I,A,A,H,-,A,D,0,,Y,,,Y,,-,"- ",0,1,0,0,0,0,1,0,0,"- ","- ",,,"SAN FRANCISCO","SAN FRANCISCO",-122.41660647,37.778752480000001
7157991,2014,2016-01-15,3801,2014-07-27,1656,4313,SANFR,7,5,7,3801,0,0,0,,0,3BRD,"MISSION ST","S VANNESS ST",0.00,,Y,A,-,N,,,,,,,,,,N,4,0,1,2,A,-,17,21451,A,N,D,G,A,A,H,-,A,A,0,,Y,,,Y,,A,01,0,0,1,0,0,0,1,0,0,"- ","- ",,,"SAN FRANCISCO","SAN FRANCISCO",-122.41862997,37.773109980000001
7161129,2014,2016-01-15,3801,2014-09-22,2048,1666,PARK,1,5,7,3801,0,0,0,,0,3-CAR,"BRODERICK ST","HAIGHT ST",10.00,S,N,A,-,N,,,,,,,,,,N,3,0,1,2,A,-,03,22350,,N,D,E,A,A,H,-,C,A,0,,Y,,,Y,,L,04,0,1,0,0,0,0,1,0,0,"- ","- ",,,"SAN FRANCISCO","SAN FRANCISCO",-122.43871372,37.771022989999999
7161131,2014,2016-01-15,3801,2014-09-02,0850,2013,MISSI,2,5,7,3801,0,0,0,,0,901,"CESAR CHAVEZ ST","FOLSOM ST",0.00,,Y,A,-,N,,,,,,,,,,N,4,0,1,2,A,-,08,22107,,N,D,G,A,A,H,-,A,A,0,,Y,,,Y,,A,07,0,0,1,0,0,0,1,0,0,"- ","- ",,,"SAN FRANCISCO","SAN FRANCISCO",-122.41367997,37.748269970000003
7161135,2014,2016-01-15,3801,2014-09-04,1052,1922,,4,5,7,3801,0,0,0,,0,,"MARKET ST","GOUGH ST",0.00,,Y,A,-,N,,,,,,,,,,N,4,0,1,2,A,-,08,22100,A,N,D,G,A,A,H,-,A,A,0,,Y,,Y,Y,,F,26,0,0,1,0,0,0,1,0,0,"- ","- ",,,"SAN FRANCISCO","SAN FRANCISCO",-122.42220992999999,37.772869960000001
7161169,2014,2016-01-15,3801,2014-09-26,0926,1887,TRAFF,5,5,7,3801,0,0,0,,0,4K1C,"EDDY ST","MASON ST",18.00,W,N,A,-,N,,,,,,,,,,N,4,0,1,2,A,-,17,22517,,N,E,G,A,A,H,-,A,D,0,,Y,,,Y,,A,01,0,0,1,0,0,0,1,0,0,"- ","- ",,,"SAN FRANCISCO","SAN FRANCISCO",-122.40936144,37.784371810000003
7161176,2014,2016-03-07,3801,2014-10-17,2025,1256,CENTR,5,5,7,3801,0,0,0,,0,,"COLUMBUS AV","LOMBARD ST",0.00,,Y,A,-,N,,,,,,,,,,N,4,0,1,2,A,-,17,22517,,N,H,G,A,A,H,-,C,A,0,,Y,,,Y,,A,01,0,0,1,0,0,0,1,0,0,"- ","- ",,,"SAN FRANCISCO","SAN FRANCISCO",-122.41366987000001,37.802739899999999
7173272,2016,2016-02-11,3801,2016-01-27,1730,1810,MISSI,3,5,7,3801,0,0,0,,0,3D14D,"24TH ST","SHOTWELL ST",27.00,W,N,A,-,N,,,,,,,,,,N,4,0,1,2,A,-,17,22517,,F,E,G,A,A,H,-,B,A,0,,Y,,,Y,Y,A,01,0,0,1,0,0,0,1,0,0,"- ","- ",,,"SAN FRANCISCO","SAN FRANCISCO",-122.41527325,37.752445559999998
7173276,2016,2016-02-11,3801,2016-01-23,1914,563,PARK,6,5,7,3801,0,0,0,,0,004,"STEINER ST","GERMANIA ST",0.00,,Y,A,-,N,,,,,,,,,,N,4,0,1,2,A,-,06,21750,A,N,B,G,A,A,H,-,C,D,0,,Y,,,Y,,L,04,0,0,1,0,0,0,1,0,0,"- ","- ",,,"SAN FRANCISCO","SAN FRANCISCO",-122.43180996,37.770499989999998
7173394,2016,2016-02-12,3801,2016-01-26,0946,001452,,2,5,7,3801,0,0,0,,0,,"EDDY ST","LEAVENWORTH ST",122.00,W,N,A,-,N,,,,,,,,,,N,3,0,1,2,A,-,08,22107,,F,D,G,A,A,H,-,A,D,0,,Y,Y,,Y,,C,02,0,1,0,0,0,0,1,0,0,"- ","- ",,,"SAN FRANCISCO","SAN FRANCISCO",-122.41465645,37.783674470000001
7173507,2016,2016-02-10,3801,2016-01-10,1600,001431,,7,5,7,3801,0,0,0,,0,3G11D,"ALEMANY BL","SAN BRUNO AV",0.00,,Y,B,-,N,,,,,,,,,,,4,0,1,2,A,-,08,22107,,N,B,G,A,A,H,-,B,A,0,,Y,,,Y,,L,04,0,0,1,0,0,0,1,0,0,"- ","- ",,,"SAN FRANCISCO","SAN FRANCISCO",-122.40816993999999,37.735880000000002
7173508,2016,2016-02-10,3801,2016-01-05,1630,2168,,2,5,7,3801,0,0,0,,0,3A11C,"VAN NESS AV","BICYCLE ROUTE 2",582.00,S,N,B,-,N,,,,,,,,,,N,3,0,1,2,A,-,00,21760,B,N,B,G,A,B,H,-,B,D,0,,Y,,,Y,,A,01,0,1,0,0,0,0,1,0,0,"- ","- ",,,"SAN FRANCISCO","SAN FRANCISCO",,
7173573,2016,2016-02-08,3801,2016-01-09,1727,2440,,6,5,7,3801,0,0,0,,0,03A,"NORTH POINT",COLUMBUS,112.00,E,N,A,-,N,,,,,,,,,,N,3,0,1,2,A,-,09,21804,A,N,H,G,A,A,H,-,C,D,0,,Y,,,Y,,A,01,0,1,0,0,0,0,1,0,0,"- ","- ",,,"SAN FRANCISCO","SAN FRANCISCO",-122.41798761,37.806031189999999
7173585,2016,2016-02-08,3801,2016-01-14,1530,2381,,4,5,7,3801,0,0,0,,0,004,"CAPP ST","24TH ST",0.00,,Y,C,-,N,,,,,,,,,,N,4,0,1,2,A,-,03,22350,,N,H,G,A,B,-,-,A,D,0,,Y,,,Y,,L,04,0,0,1,0,0,0,1,0,0,"- ","- ",,,"SAN FRANCISCO","SAN FRANCISCO",-122.41733997,37.752309910000001
7173626,2016,2016-02-12,3801,2016-01-09,1140,002325,,6,5,7,3801,0,0,0,,0,3D4C,"CESAR CHAVEZ DR","HAMPSHIRE ST",0.00,,Y,A,-,N,,,,,,,,,,N,2,0,1,2,A,-,12,22450,A,N,D,G,A,B,H,-,A,D,0,,Y,,,Y,,L,04,1,0,0,0,0,0,1,0,0,"- ","- ",,,"SAN FRANCISCO","SAN FRANCISCO",-122.40676995,37.748779919999997
7173685,2016,2016-08-24,3801,2016-01-31,0209,1561,TARAV,7,5,7,3801,0,0,0,,0,3I11E,"JUDAH ST","FUNSTON AV",0.00,,Y,A,-,N,,,,,,,,,,N,3,0,1,2,A,-,12,22450,A,N,D,C,A,A,H,-,C,D,0,,Y,,,Y,,L,04,0,1,0,0,0,0,1,0,0,"- ","- ",,,"SAN FRANCISCO","SAN FRANCISCO",-122.47047994,37.762039940000001
7173705,2016,2016-02-11,3801,2016-01-31,1727,004239,PARK,7,5,7,3801,0,0,0,,0,3F13D,"FELL ST","MASONIC AV",0.00,,Y,B,-,N,,,,,,,,,,N,3,0,1,2,A,-,09,21800,A,N,D,G,A,A,H,-,A,A,0,,Y,,,Y,,L,04,0,1,0,0,0,0,1,0,0,"- ","- ",,,"SAN FRANCISCO","SAN FRANCISCO",-122.44591997000001,37.772979970000002
7173718,2016,2016-02-11,3801,2016-01-29,1825,829,SOUTH,5,5,7,3801,0,0,0,,0,0B5,"TOWNSEND ST","CLARENCE PL",0.00,,Y,C,-,N,,,,,,,,,,N,4,0,1,2,A,-,13,22502,A,M,B,G,A,B,H,-,C,D,0,,Y,,,Y,,-,,0,0,1,0,0,0,1,0,0,"- ","- ",,,"SAN FRANCISCO","SAN FRANCISCO",-122.39221988,37.779289939999998
7187455,2016,2016-03-10,3801,2016-02-22,1800,4298,MISSI,1,5,7,3801,0,0,0,,0,3D13D,"14TH ST","TRAINOR ST",0.00,,Y,A,-,N,,,,,,,,,,N,3,0,1,2,A,-,03,22350,,M,B,G,A,A,H,-,C,D,0,,Y,,,Y,,A,01,0,1,0,0,0,0,1,0,0,"- ","- ",,,"SAN FRANCISCO","SAN FRANCISCO",-122.41454996,37.768589949999999
7193274,2016,2016-04-13,3801,2016-03-24,0914,002452,SOUTH,4,5,7,3801,0,0,0,,0,3B13A,"MARKET ST","GOUGH ST",0.00,,Y,A,-,N,,,,,,,,,,N,4,0,1,2,A,-,02,22400,A,N,H,G,A,A,H,-,A,A,0,,Y,,,Y,,A,01,0,0,1,0,0,0,1,0,0,"- ","- ",,,"SAN FRANCISCO","SAN FRANCISCO",-122.42220992999999,37.772869960000001
7201214,2016,2016-03-14,3801,2016-02-23,0812,002347,INGLS,2,5,7,3801,0,0,0,,0,3H11E,"TOWNSEND ST","7TH ST",0.00,,Y,A,-,N,,,,,,,,,,N,3,0,1,2,A,-,08,22107,,F,B,G,A,A,H,-,A,A,0,,Y,,,Y,,A,01,0,1,0,0,0,0,1,0,0,"- ","- ",,,"SAN FRANCISCO","SAN FRANCISCO",-122.40165987,37.771829990000001
7202020,2016,2016-03-07,3801,2016-02-17,1910,615,PARK,3,5,7,3801,0,0,0,,0,3CAR,"MCALLISTER ST","MCALLISTER ST 1858",0.00,,-,C,-,N,,,,,,,,,,N,3,0,1,2,A,-,21,22106,,N,C,G,A,B,H,-,C,D,0,,Y,,,Y,,A,01,0,1,0,0,0,0,1,0,0,"- ","- ",,,"SAN FRANCISCO","SAN FRANCISCO",-122.44284153,37.77721923
7202077,2016,2016-03-07,3801,2016-02-03,1040,1378,TARVA,3,5,7,3801,0,0,0,,0,3I11A,"IRVING ST","20TH AV",14.00,W,N,A,-,N,,,,,,,,,,N,4,0,1,2,A,-,05,21202,A,N,B,G,A,A,H,-,A,A,0,,Y,,,Y,,L,04,0,0,1,0,0,0,1,0,0,"- ","- ",,,"SAN FRANCISCO","SAN FRANCISCO",-122.47825838999999,37.763508190000003
7202084,2016,2016-03-07,3801,2016-02-26,0815,1887,TENDE,5,5,7,3801,0,0,0,,0,4B1C,"7TH ST","STEVENSON ST",25.00,S,N,A,-,N,,,,,,,,,,N,4,0,1,2,A,-,17,22517,,N,B,G,A,A,H,-,A,D,0,,Y,,,Y,,A,01,0,0,1,0,0,0,1,0,0,"- ","- ",,,"SAN FRANCISCO","SAN FRANCISCO",-122.41182795,37.779942130000002
7202088,2016,2016-03-07,3801,2016-02-29,0528,1857,TENDE,1,5,7,3801,0,0,0,,0,0J4,"EDDY ST","LEAVENWORTH ST",0.00,,Y,-,-,N,,,,,,,,,,,4,0,1,2,A,-,17,21657,,N,A,G,A,-,-,-,-,D,0,,Y,,,Y,,L,04,0,0,1,0,0,0,1,0,0,"- ","- ",,,"SAN FRANCISCO","SAN FRANCISCO",-122.41423994,37.783729890000004
7202094,2016,2016-03-07,3801,2016-02-22,0644,711,MISSI,1,5,7,3801,0,0,0,,0,3D60,"17TH ST","GUERRERO ST",0.00,,Y,B,-,N,,,,,,,,,,N,4,0,1,2,A,-,09,21801,A,N,D,G,A,A,H,-,B,A,0,,Y,,,Y,,A,01,0,0,1,0,0,0,1,0,0,"- ","- ",,,"SAN FRANCISCO","SAN FRANCISCO",-122.42393,37.763169910000002
7202109,2016,2016-03-07,3801,2016-02-12,2232,2059,SOUTH,5,5,7,3801,0,0,0,,0,3B12E,"10TH ST","MISSION ST",0.00,,Y,A,-,N,,,,,,,,,,N,4,0,1,2,A,I,"- ",,,N,D,G,A,A,H,-,C,A,0,,Y,,Y,Y,,L,04,0,0,1,0,0,0,1,0,0,"- ","- ",,,"SAN FRANCISCO","SAN FRANCISCO",-122.41590991,37.775279990000001
7202173,2016,2016-03-08,3801,2016-02-13,1156,2039,SOUTH,6,5,7,3801,0,0,0,,0,005,"3RD ST","CHINA BASIN",0.00,,Y,A,-,N,,,,,,,,,,N,4,0,1,2,A,-,06,21750,,N,B,G,A,A,H,-,A,A,0,,Y,,,Y,,-,,0,0,1,0,0,0,1,0,0,"- ","- ",,,"SAN FRANCISCO","SAN FRANCISCO",-122.38970999,37.772019909999997
7202182,2016,2016-03-08,3801,2016-02-14,1515,1230,CENTR,7,5,7,3801,0,0,0,,0,3A11D,"CALIFORNIA ST","HYDE ST",0.00,,Y,-,-,N,,,,,,,,,,N,3,0,1,2,D,-,00,,,N,-,-,A,-,-,-,-,-,0,,Y,,,Y,,-,"- ",0,1,0,0,0,0,1,0,0,"- ","- ",,,"SAN FRANCISCO","SAN FRANCISCO",-122.41739993,37.790989969999998
7202185,2016,2016-03-08,3801,2016-02-12,0949,2093,TENDE,5,5,7,3801,0,0,0,,0,3J13A,"4TH ST","JESSIE ST",66.00,N,N,A,-,N,,,,,,,,,,N,4,0,1,2,A,-,17,22517,,N,-,G,A,A,H,-,A,D,0,,Y,,,Y,,A,01,0,0,1,0,0,0,1,0,0,"- ","- ",,,"SAN FRANCISCO","SAN FRANCISCO",-122.40492755,37.785071299999998
7202190,2016,2016-03-08,3801,2016-02-05,0843,696,TENDE,5,5,7,3801,0,0,0,,0,,"MARKET ST","5TH ST",57.00,N,N,A,-,N,,,,,,,,,,,4,0,1,2,A,-,06,21750,,N,B,-,A,A,H,-,A,A,0,,Y,,,Y,,L,04,0,0,1,0,0,0,1,0,0,"- ","- ",,,"SAN FRANCISCO","SAN FRANCISCO",-122.40791847,37.784109100000002
7202202,2016,2016-03-07,3801,2016-02-19,1340,2078,NORTH,5,5,7,3801,0,0,0,,0,3E12C,"WEBSTER ST","EDDY ST",0.00,,Y,C,-,N,,,,,,,,,,N,4,0,1,2,A,-,08,22107,,N,H,G,A,B,H,-,A,A,0,,Y,,,Y,,L,04,0,0,1,0,0,0,1,0,0,"- ","- ",,,"SAN FRANCISCO","SAN FRANCISCO",-122.43066994,37.781619939999999
7202210,2016,2016-03-07,3801,2016-02-19,1657,135,MISSI,5,5,7,3801,0,0,0,,0,3D15D,"DUBOCE AV","ELGIN PARK",25.00,E,N,A,-,N,,,,,,,,,,N,3,0,1,3,A,-,17,22517,,N,H,G,A,A,H,-,A,D,0,,Y,,,Y,,A,01,0,1,0,0,0,0,1,0,0,"- ","- ",,,"SAN FRANCISCO","SAN FRANCISCO",-122.42306366,37.769834369999998
7202300,2015,2016-03-08,3801,2015-12-14,1513,2124,SOUTH,1,5,7,3801,0,0,0,,0,003,"RHODE ISLAND ST","ALAMEDA ST",0.00,,Y,A,-,N,,,,,,,,,,N,4,0,1,2,A,-,12,22450,A,N,D,G,A,A,H,-,A,A,0,,Y,,,Y,,L,04,0,0,1,0,0,0,1,0,0,"- ","- ",,,"SAN FRANCISCO","SAN FRANCISCO",-122.40294994999999,37.768649920000001
7202302,2016,2016-03-08,3801,2016-01-26,1118,1171,TARAV,2,5,7,3801,0,0,0,,0,4B1D,"ELLIS ST","POLK ST",83.00,E,N,A,-,N,,,,,,,,,,N,3,0,1,2,A,-,08,22102,,N,H,G,A,A,H,-,A,D,0,,Y,,,Y,,A,07,0,1,0,0,0,0,1,0,0,"- ","- ",,,"SAN FRANCISCO","SAN FRANCISCO",-122.41906645,37.784076720000002
7202483,2014,2016-03-14,3801,2014-04-27,1149,000251,RICHM,7,5,7,3801,0,0,0,,0,3G61,"FULTON ST","47TH AV",0.00,,Y,A,-,N,,,,,,,,,,N,4,0,2,2,C,-,18,,,N,D,C,A,A,A,E,A,D,0,,Y,,,Y,,-,"- ",0,0,2,0,0,0,1,0,0,"- ","- ",,,"SAN FRANCISCO","SAN FRANCISCO",-122.5077599,37.77148991
7203051,2016,2016-03-07,3801,2016-01-28,1414,748,SOUTH,4,5,7,3801,0,0,0,,0,3B2D,"5TH ST","FOLSOM ST",0.00,,Y,B,-,N,,,,,,,,,,N,2,0,1,2,A,-,07,21658,A,N,D,G,A,A,H,-,A,A,0,,Y,,,Y,Y,L,04,1,0,0,0,0,0,1,0,0,"- ","- ",,,"SAN FRANCISCO","SAN FRANCISCO",-122.40339985999999,37.780269969999999
7203060,2016,2016-03-07,3801,2016-02-08,1545,001375,"CO I",1,5,7,3801,0,0,0,,0,3I11D,"IRVING ST","26TH AV",0.00,,Y,A,-,N,,,,,,,,,,N,3,0,1,3,A,-,17,22517,,N,B,G,A,A,H,-,A,A,0,,Y,,,Y,,A,01,0,1,0,0,0,0,1,0,0,"- ","- ",,,"SAN FRANCISCO","SAN FRANCISCO",-122.48461999,37.763249940000001
7203077,2016,2016-03-07,3801,2016-02-09,0825,1177,CENTR,2,5,7,3801,0,0,0,,0,3A13A,"NORTH POINT ST","COLUMBUS AV",0.00,,Y,A,-,N,,,,,,,,,,N,4,0,1,2,A,-,09,21801,A,N,A,G,A,A,H,-,A,A,0,,Y,,,Y,,A,01,0,0,1,0,0,0,1,0,0,"- ","- ",,,"SAN FRANCISCO","SAN FRANCISCO",-122.41836987000001,37.805979989999997
7203086,2016,2016-03-07,3801,2016-02-17,0832,001922,SOUTH,3,5,7,3801,0,0,0,,0,,"FOLSOM ST","2ND ST",0.00,,Y,A,-,N,,,,,,,,,,N,4,0,1,2,A,-,08,22107,,N,B,G,A,A,H,-,A,A,0,,Y,,,Y,,A,01,0,0,1,0,0,0,1,0,0,"- ","- ",,,"SAN FRANCISCO","SAN FRANCISCO",-122.39672994,37.785559990000003
7203096,2016,2016-03-07,3801,2016-02-14,2220,4314,,7,5,7,3801,0,0,0,,0,,"CLEMENT ST","33RD AV",66.00,E,N,A,-,N,,,,,,,,,,N,4,0,1,2,A,-,03,22350,,N,C,G,A,A,H,-,C,D,0,,Y,,,Y,,A,01,0,0,1,0,0,0,1,0,0,"- ","- ",,,"SAN FRANCISCO","SAN FRANCISCO",-122.49320203000001,37.781621690000001
7203119,2016,2016-03-07,3801,2016-02-29,1000,002126,PARK,1,5,7,3801,0,0,0,,0,3F11A,"GOLDEN GATE AV","TAMALPAIS ST",44.00,E,N,A,-,N,,,,,,,,,,N,3,0,1,2,A,-,08,22108,,N,D,G,A,A,H,-,A,D,0,,Y,,,Y,,A,01,0,1,0,0,0,0,1,0,0,"- ","- ",,,"SAN FRANCISCO","SAN FRANCISCO",-122.44856973,37.777449599999997
8008861,2017,2017-07-19,3801,2017-06-14,1757,A11409,SOUTH,3,5,7,3801,0,0,0,,0,0B3,"7TH ST","HOWARD ST",25.00,S,N,A,-,N,,,,,,,,,,N,3,0,1,2,A,-,08,22107,,N,B,G,A,A,H,-,A,D,0,,Y,,,Y,,A,01,0,1,0,0,0,0,1,0,0,"- ","- ",,,"SAN FRANCISCO","SAN FRANCISCO",-122.40933831,37.777931840000001