CASE_ID,ACCIDENT_YEAR,PROC_DATE,JURIS,COLLISION_DATE,COLLISION_TIME,OFFICER_ID,REPORTING_DISTRICT,DAY_OF_WEEK,CHP_SHIFT,POPULATION,CNTY_CITY_LOC,SPECIAL_COND,BEAT_TYPE,CHP_BEAT_TYPE,CITY_DIVISION_LAPD,CHP_BEAT_CLASS,BEAT_NUMBER,PRIMARY_RD,SECONDARY_RD,DISTANCE,DIRECTION,INTERSECTION,WEATHER_1,WEATHER_2,STATE_HWY_IND,CALTRANS_COUNTY,CALTRANS_DISTRICT,STATE_ROUTE,ROUTE_SUFFIX,POSTMILE_PREFIX,POSTMILE,LOCATION_TYPE,RAMP_INTERSECTION,SIDE_OF_HWY,TOW_AWAY,COLLISION_SEVERITY,NUMBER_KILLED,NUMBER_INJURED,PARTY_COUNT,PRIMARY_COLL_FACTOR,PCF_CODE_OF_VIOL,PCF_VIOL_CATEGORY,PCF_VIOLATION,PCF_VIOL_SUBSECTION,HIT_AND_RUN,TYPE_OF_COLLISION,MVIW,PED_ACTION,ROAD_SURFACE,ROAD_COND_1,ROAD_COND_2,LIGHTING,CONTROL_DEVICE,CHP_ROAD_TYPE,PEDESTRIAN_ACCIDENT,BICYCLE_ACCIDENT,MOTORCYCLE_ACCIDENT,TRUCK_ACCIDENT,NOT_PRIVATE_PROPERTY,ALCOHOL_INVOLVED,STWD_VEHTYPE_AT_FAULT,CHP_VEHTYPE_AT_FAULT,COUNT_SEVERE_INJ,COUNT_VISIBLE_INJ,COUNT_COMPLAINT_PAIN,COUNT_PED_KILLED,COUNT_PED_INJURED,COUNT_BICYCLIST_KILLED,COUNT_BICYCLIST_INJURED,COUNT_MC_KILLED,COUNT_MC_INJURED,PRIMARY_RAMP,SECONDARY_RAMP,LATITUDE,LONGITUDE,COUNTY,CITY,POINT_X,POINT_Y
8015226,2016,2016-04-14,3801,2016-03-29,1734,1571,MISSI,2,5,7,3801,0,0,0,,0,001,"VALENCIA ST","18TH ST / 19TH ST",0.00,,Y,A,-,N,,,,,,,,,,N,3,0,1,2,A,-,08,22107,,N,B,G,A,A,H,-,A,D,0,,Y,,,Y,,A,01,0,1,0,0,0,0,1,0,0,"- ","- ",,,"SAN FRANCISCO","SAN FRANCISCO",,
8015242,2016,2016-04-14,3801,2016-03-26,0929,1171,TENDE,6,5,7,3801,0,0,0,,0,4B1D,"6TH ST","MARKET ST",18.00,S,N,A,-,N,,,,,,,,,,N,4,0,1,2,A,-,05,21650,1,N,-,G,A,A,H,-,A,A,0,,Y,,,Y,,L,04,0,0,1,0,0,0,1,0,0,"- ","- ",,,"SAN FRANCISCO","SAN FRANCISCO",-122.41025327,37.782207290000002
8015277,2016,2016-04-14,3801,2016-03-22,1823,2451,INGLE,2,5,7,3801,0,0,0,,0,3HI3D,"LYELL ST","STILL ST",0.00,,Y,A,-,N,,,,,,,,,,N,3,0,2,2,A,-,11,21956,,N,G,B,D,A,H,-,A,D,0,Y,Y,,,Y,,N,60,0,2,0,0,1,0,1,0,0,"- ","- ",,,"SAN FRANCISCO","SAN FRANCISCO",-122.43176997,37.731909969999997
8016492,2016,2016-04-13,3801,2016-03-16,0801,2375,RICHO,3,5,7,3801,0,0,0,,0,3G60,"TURK ST","ARGUELLO BL",8.00,E,N,A,-,N,,,,,,,,,,N,4,0,1,2,A,-,06,21750,,N,B,G,A,A,H,-,A,A,0,,Y,,,Y,,L,04,0,0,1,0,0,0,1,0,0,"- ","- ",,,"SAN FRANCISCO","SAN FRANCISCO",-122.45856231,37.777250000000002
8020129,2016,2016-04-13,3801,2016-03-10,1730,00703,SOUTH,4,5,7,3801,0,0,0,,0,3B12D,"7TH ST","NATOMA ST",0.00,,Y,B,C,N,,,,,,,,,,N,4,0,1,2,A,-,09,21800,B,N,D,G,A,B,H,-,A,A,0,,Y,,,Y,,A,01,0,0,1,0,0,0,1,0,0,"- ","- ",,,"SAN FRANCISCO","SAN FRANCISCO",-122.40989998000001,37.778399929999999
8020136,2016,2016-04-13,3801,2016-03-01,1317,667,MISSI,2,5,7,3801,0,0,0,,0,3D15C,"HARRISON ST","22ND ST",200.00,N,N,A,-,N,,,,,,,,,,N,3,0,1,2,A,-,03,22350,,N,C,G,A,A,H,-,A,D,0,,Y,,,Y,,L,04,0,1,0,0,0,0,1,0,0,"- ","- ",,,"SAN FRANCISCO","SAN FRANCISCO",-122.41227834,37.756387480000001
8020153,2016,2016-04-12,3801,2016-03-15,1045,004267,TARAV,2,5,7,3801,0,0,0,,0,3I41,"9TH AV","JUDAH ST",22.00,N,N,A,-,N,,,,,,,,,,N,2,0,1,1,A,-,03,22350,,N,-,-,A,A,D,G,A,D,0,,Y,,,Y,,L,04,1,0,0,0,0,0,1,0,0,"- ","- ",,,"SAN FRANCISCO","SAN FRANCISCO",-122.46618454,37.762240329999997
8020163,2016,2016-08-24,3801,2016-03-07,1649,004372,RICHM,1,5,7,3801,0,0,0,,0,5CAR,"GREAT HWY","BALBOA ST",0.00,,Y,A,-,N,,,,,,,,,,N,2,0,1,2,A,-,12,22450,A,N,D,G,A,A,H,-,A,A,0,,Y,,,Y,,L,04,1,0,0,0,0,0,1,0,0,"- ","- ",,,"SAN FRANCISCO","SAN FRANCISCO",-122.51128997000001,37.775079920000003
8020168,2016,2016-04-13,3801,2016-03-08,1913,001325,TENDE,2,5,7,3801,0,0,0,,0,3J41C,"MARKET ST","5TH ST",0.00,,Y,A,-,N,,,,,,,,,,,4,0,1,2,A,-,12,21453,A,N,D,G,A,A,H,-,C,A,0,,Y,,,Y,,A,01,0,0,1,0,0,0,1,0,0,"- ","- ",,,"SAN FRANCISCO","SAN FRANCISCO",-122.40805989,37.783999919999999
8020174,2016,2016-04-13,3801,2016-03-02,1030,2375,RICHM,3,5,7,3801,0,0,0,,0,3G4A,"7TH AV","BALBOA ST",86.00,S,N,A,-,N,,,,,,,,,,N,3,0,1,2,A,-,21,22106,,N,D,G,A,A,H,-,A,D,0,,Y,,,Y,,A,01,0,1,0,0,0,0,1,0,0,"- ","- ",,,"SAN FRANCISCO","SAN FRANCISCO",-122.46505672000001,37.776953980000002
8020175,2016,2016-04-13,3801,2016-03-01,1436,2078,"SAN F",2,5,7,3801,0,0,0,,0,3E12C,"HAIGHT ST","STEINER ST",0.00,,Y,A,-,N,,,,,,,,,,N,3,0,2,2,A,-,12,22450,A,N,B,G,A,A,H,-,A,D,0,,Y,,,Y,,A,08,0,1,1,0,0,0,1,0,0,"- ","- ",,,"SAN FRANCISCO","SAN FRANCISCO",-122.43207996,37.771889969999997
8020228,2016,2016-04-13,3801,2016-03-26,1840,2424,TENDE,6,5,7,3801,0,0,0,,0,3J13D,"MCALLISTER ST","LARKIN ST",0.00,,Y,A,-,N,,,,,,,,,,N,3,0,1,2,A,-,17,21200,,N,D,G,A,A,H,-,A,A,0,,Y,,,Y,,L,04,0,1,0,0,0,0,1,0,0,"- ","- ",,,"SAN FRANCISCO","SAN FRANCISCO",-122.41693994000001,37.780499919999997
8020305,2016,2016-08-24,3801,2016-03-09,1920,2113,BAYVI,3,5,7,3801,0,0,0,,0,3C13D,"CESAR CHAVEZ DR","CONNECTICUT ST",0.00,,Y,A,-,N,,,,,,,,,,N,3,0,1,2,A,-,09,21802,A,N,D,G,A,A,H,-,C,A,0,,Y,,,Y,,A,01,0,1,0,0,0,0,1,0,0,"- ","- ",,,"SAN FRANCISCO","SAN FRANCISCO",-122.39626988000001,37.749749889999997
8020312,2016,2016-04-13,3801,2016-03-26,1615,4057,NORTH,6,5,7,3801,0,0,0,,0,3E11D,"DIVISADERO ST","FELL ST",40.00,N,N,A,-,N,,,,,,,,,,N,4,0,1,2,A,-,17,22517,,N,H,G,A,A,H,-,A,A,0,,Y,,,Y,,A,07,0,0,1,0,0,0,1,0,0,"- ","- ",,,"SAN FRANCISCO","SAN FRANCISCO",-122.43762239,37.774168439999997
8020315,2016,2016-04-13,3801,2016-03-25,0747,2457,MISSI,5,5,7,3801,0,0,0,,0,901,"CHURCH ST","22ND ST",0.00,,Y,A,-,N,,,,,,,,,,N,4,0,1,1,A,-,03,22350,A,N,H,A,A,A,H,-,A,A,0,,Y,,,Y,,L,04,0,0,1,0,0,0,1,0,0,"- ","- ",,,"SAN FRANCISCO","SAN FRANCISCO",-122.42774987999999,37.754889890000001
8020403,2016,2016-04-14,3801,2016-03-07,0853,2108,NTHRN,1,5,7,3801,0,0,0,,0,3E13A,"GOLDEN GATE AV","FRANKLIN ST",0.00,,Y,B,C,N,,,,,,,,,,N,3,0,1,2,A,-,17,22517,,N,H,G,A,B,H,-,A,D,0,,Y,,,Y,,A,01,0,1,0,0,0,0,1,0,0,"- ","- ",,,"SAN FRANCISCO","SAN FRANCISCO",-122.4221,37.780819940000001
8020460,2016,2016-04-13,3801,2016-03-19,1902,878,STHRN,6,5,7,3801,0,0,0,,0,3B14D,"6TH ST","HOWARD ST",0.00,,Y,A,-,N,,,,,,,,,,N,4,0,1,2,A,-,05,21650,1,N,D,G,A,A,H,-,A,A,0,,Y,,,Y,,L,04,0,0,1,0,0,0,1,0,0,"- ","- ",,,"SAN FRANCISCO","SAN FRANCISCO",-122.40713988,37.779749950000003
8020462,2016,2016-04-13,3801,2016-03-08,1630,000737,CNTRL,2,5,7,3801,0,0,0,,0,3A14D,"JACKSON ST","SANSOME ST",0.00,,Y,A,-,N,,,,,,,,,,N,4,0,1,2,A,-,12,21453,A,F,D,G,A,B,H,-,A,A,0,,Y,,,Y,,A,01,0,0,1,0,0,0,1,0,0,"- ","- ",,,"SAN FRANCISCO","SAN FRANCISCO",-122.40185992000001,37.796629879999998
8039608,2016,2016-06-08,3801,2016-04-15,0826,2020,CENTR,5,5,7,3801,0,0,0,,0,3A14A,"STOCKTON ST","JACKSON ST",0.00,,Y,A,-,N,,,,,,,,,,N,3,0,1,2,D,-,00,,,N,H,G,A,A,H,-,A,A,0,,Y,,,Y,,-,"- ",0,1,0,0,0,0,1,0,0,"- ","- ",,,"SAN FRANCISCO","SAN FRANCISCO",-122.40821999000001,37.795829900000001
8039926,2016,2016-05-16,3801,2016-04-29,2100,2020,CENTR,5,5,7,3801,0,0,0,,0,3A00,"POLK ST","BAY ST",0.00,,Y,A,-,N,,,,,,,,,,N,3,0,1,2,A,-,08,22107,,N,B,G,A,A,H,-,C,A,0,,Y,,,Y,,A,01,0,1,0,0,0,0,1,0,0,"- ","- ",,,"SAN FRANCISCO","SAN FRANCISCO",-122.42344989999999,37.804359949999998
8039942,2016,2016-05-24,3801,2016-04-25,1805,4372,RICHM,1,5,7,3801,0,0,0,,0,2CAR,"GEARY BL","ST JOSEPHS AV",0.00,,Y,A,-,N,,,,,,,,,,N,3,0,1,2,A,-,12,21453,A,N,D,G,A,A,H,-,A,A,0,,Y,,,Y,,L,04,0,1,0,0,0,0,1,0,0,"- ","- ",,,"SAN FRANCISCO","SAN FRANCISCO",-122.44276997999999,37.782809999999998
8039963,2016,2016-05-16,3801,2016-04-13,1130,563,PARK,3,5,7,3801,0,0,0,,0,003,"TURK ST","BEAUMONT ST",40.00,W,N,A,-,N,,,,,,,,,,N,3,0,1,2,A,-,07,21658,A,N,B,G,A,A,H,-,A,D,0,,Y,,,Y,,A,01,0,1,0,0,0,0,1,0,0,"- ","- ",,,"SAN FRANCISCO","SAN FRANCISCO",-122.45446683,37.777683279999998
8042457,2016,2016-05-16,3801,2016-04-10,2230,2443,MISSI,7,5,7,3801,0,0,0,,0,3D41A,"15TH ST","SHARON ST",0.00,,Y,F,-,N,,,,,,,,,,N,4,0,1,2,A,-,09,21801,A,N,D,G,A,A,G,-,D,D,0,,Y,,,Y,,A,01,0,0,1,0,0,0,1,0,0,"- ","- ",,,"SAN FRANCISCO","SAN FRANCISCO",-122.42989986000001,37.766049889999998
8042598,2016,2016-05-17,3801,2016-04-17,1205,1081,TARAV,7,5,7,3801,0,0,0,,0,3I13A,"TERRACE DR","PORTOLA DR",0.00,,Y,A,-,N,,,,,,,,,,N,4,0,1,2,A,-,09,21802,A,N,D,G,A,A,H,-,A,A,0,,Y,,,Y,,A,01,0,0,1,0,0,0,1,0,0,"- ","- ",,,"SAN FRANCISCO","SAN FRANCISCO",-122.46753991999999,37.737959920000002
8042610,2016,2016-05-17,3801,2016-04-16,1413,4230,PARK,6,5,7,3801,0,0,0,,0,3F13A,"CARL ST","STANYAN ST",100.00,W,N,A,-,N,,,,,,,,,,N,3,0,1,2,A,-,17,22517,,N,H,G,A,A,H,-,A,D,0,,Y,,,Y,,-,,0,1,0,0,0,0,1,0,0,"- ","- ",,,"SAN FRANCISCO","SAN FRANCISCO",-122.45309247,37.765380569999998
8042632,2016,2016-05-17,3801,2016-04-01,1254,2443,MISSI,5,5,7,3801,0,0,0,,0,001,"MARKET ST","CHURCH ST",280.00,W,N,A,-,N,,,,,,,,,,N,4,0,1,2,A,-,08,22107,,N,B,G,A,A,H,-,A,A,0,,Y,,,Y,,A,07,0,0,1,0,0,0,1,0,0,"- ","- ",,,"SAN FRANCISCO","SAN FRANCISCO",-122.42961454,37.767057780000002
8046643,2016,2016-08-29,3801,2016-04-08,1904,892,SOUTH,5,5,7,3801,0,0,0,,0,3B12D,"3RD ST","MINNA ST",0.00,,Y,B,-,N,,,,,,,,,,N,3,0,1,2,A,-,08,22107,,N,D,G,A,A,H,-,A,A,0,,Y,,,Y,,A,01,0,1,0,0,0,0,1,0,0,"- ","- ",,,"SAN FRANCISCO","SAN FRANCISCO",-122.40147985999999,37.785839969999998
8046708,2016,2016-05-17,3801,2016-04-11,1515,1312,MISSI,1,5,7,3801,0,0,0,,0,3D15C,"18TH ST","DOLORES ST",0.00,,Y,A,-,N,,,,,,,,,,N,4,0,1,2,A,-,06,21750,,N,D,G,A,A,H,-,A,A,0,,Y,,,Y,,L,04,0,0,1,0,0,0,1,0,0,"- ","- ",,,"SAN FRANCISCO","SAN FRANCISCO",-122.42615994000001,37.761439930000002
8046719,2016,2016-05-17,3801,2016-04-06,1348,2260,NORTH,3,5,7,3801,0,0,0,,0,3CAR,"VAN NESS AV","FERN ST",40.00,S,N,A,-,N,,,,,,,,,,N,4,0,1,3,A,-,17,21663,,F,G,B,F,A,H,-,A,D,0,Y,Y,,,Y,,L,04,0,0,1,0,1,0,0,0,0,"- ","- ",,,"SAN FRANCISCO","SAN FRANCISCO",-122.42190961999999,37.787901310000002
8046731,2016,2016-05-18,3801,2016-04-18,0926,2008,RICHM,1,5,7,3801,0,0,0,,0,3G68,"JOHN F KENNEDY DR","TRANSVERSE DR",528.00,W,N,A,-,N,,,,,,,,,,Y,4,0,1,2,A,-,08,22107,,N,B,G,A,A,H,-,A,D,0,,Y,,,Y,,A,01,0,0,1,0,0,0,1,0,0,"- ","- ",,,"SAN FRANCISCO","SAN FRANCISCO",-122.48163859,37.77002847
8046754,2016,2016-05-23,3801,2016-04-24,1654,195,NORTH,7,5,7,3801,0,0,0,,0,3E14D,FILLMORE,"WASHINGTON ST",20.00,N,N,A,-,N,,,,,,,,,,N,3,0,1,2,C,-,18,,,N,H,G,A,A,H,-,A,A,0,,Y,,,Y,,-,"- ",0,1,0,0,0,0,1,0,0,"- ","- ",,,"SAN FRANCISCO","SAN FRANCISCO",-122.43438141,37.791654190000003
8049521,2016,2016-06-14,3801,2016-04-28,1031,2317,SOUTH,4,5,7,3801,0,0,0,,0,3B12A,"4TH ST","MISSION ST",0.00,,Y,A,-,N,,,,,,,,,,N,4,0,1,2,A,-,"- ",,,N,H,A,A,A,H,-,A,A,0,,Y,,,Y,,L,04,0,0,1,0,0,0,1,0,0,"- ","- ",,,"SAN FRANCISCO","SAN FRANCISCO",-122.40425995,37.78451991
8049608,2016,2016-06-07,3801,2016-05-08,1005,777,TARAV,7,5,7,3801,0,0,0,,0,313A,"WEST PORTAL AV","15TH AV",108.00,S,N,B,-,N,,,,,,,,,,N,2,0,1,1,B,-,22,,,N,E,I,A,A,H,-,A,A,0,,Y,,,Y,,-,"- ",1,0,0,0,0,0,1,0,0,"- ","- ",,,"SAN FRANCISCO","SAN FRANCISCO",-122.47075651,37.73632851
8049694,2016,2016-06-07,3801,2016-05-13,2305,002038,F,5,5,7,3801,0,0,0,,0,3F4E,"CHURCH ST","DUBOCE AV",0.00,,Y,A,-,N,,,,,,,,,,N,3,0,1,2,A,-,12,22450,A,N,D,G,A,A,H,-,C,A,0,,Y,,,Y,,L,04,0,1,0,0,0,0,1,0,0,"- ","- ",,,"SAN FRANCISCO","SAN FRANCISCO",-122.42911992000001,37.769459959999999
8049717,2016,2016-06-08,3801,2016-05-08,1805,1784,PARK,7,5,7,3801,0,0,0,,0,3F12D,"CONSERVATORY DR EAST","ARGUELLO BL",794.00,E,N,A,-,N,,,,,,,,,,N,3,0,1,2,D,-,00,,,N,A,G,A,A,H,-,A,D,0,,Y,,,Y,,-,"- ",0,1,0,0,0,0,1,0,0,"- ","- ",,,"SAN FRANCISCO","SAN FRANCISCO",-122.45635052,37.773425260000003
8052032,2016,2016-06-30,3801,2016-05-16,1840,000891,MISSI,1,5,7,3801,0,0,0,,0,3D12D,"26TH ST","MISSION ST",0.00,,Y,A,-,N,,,,,,,,,,N,4,0,1,3,A,-,05,21202,A,N,B,G,A,A,H,-,A,A,0,,Y,,,Y,,L,04,0,0,1,0,0,0,1,0,0,"- ","- ",,,"SAN FRANCISCO","SAN FRANCISCO",-122.41813993,37.749059950000003
8052072,2016,2016-06-09,3801,2016-05-02,0811,2078,CENTR,1,5,7,3801,0,0,0,,0,3A14A,"NORTH POINT ST","COLUMBUS AV",0.00,,Y,A,-,N,,,,,,,,,,N,3,0,1,2,A,-,09,21801,A,N,D,G,A,A,H,-,A,A,0,,Y,,,Y,,D,23,0,1,0,0,0,0,1,0,0,"- ","- ",,,"SAN FRANCISCO","SAN FRANCISCO",-122.41836987000001,37.805979989999997
8052076,2016,2016-06-09,3801,2016-05-03,0800,1025,CENTR,2,5,7,3801,0,0,0,,0,3A14A,"WASHINGTON ST","BATTERY ST",150.00,E,N,A,-,N,,,,,,,,,,N,3,0,1,3,A,-,06,21755,,N,E,G,A,A,H,-,A,A,0,,Y,,,Y,,L,04,0,1,0,0,0,0,1,0,0,"- ","- ",,,"SAN FRANCISCO","SAN FRANCISCO",-122.39998722999999,37.795955110000001
8052372,2016,2016-06-08,3801,2016-05-13,2024,001362,RICHM,5,5,7,3801,0,0,0,,0,3G5D,"JOHN F KENNEDY DR","DE YOUNG MUSEUM LOADING DOCK DRIVEWAY",0.00,,Y,A,-,N,,,,,,,,,,N,4,0,1,2,A,-,08,22107,,N,D,G,A,A,H,-,B,D,0,,Y,,,Y,,A,01,0,0,1,0,0,0,1,0,0,"- ","- ",,,"SAN FRANCISCO","SAN FRANCISCO",-122.46985495,37.77182148
8052656,2016,2016-06-08,3801,2016-05-20,1753,4051,NORTH,5,5,7,3801,0,0,0,,0,3E13D,"FULTON ST","GOUGH ST",0.00,,Y,A,-,N,,,,,,,,,,N,3,0,1,2,A,-,12,21453,A,N,D,G,A,A,H,-,A,A,0,,Y,,,Y,,L,04,0,1,0,0,0,0,1,0,0,"- ","- ",,,"SAN FRANCISCO","SAN FRANCISCO",-122.42334993,37.778749900000001
8052659,2016,2016-06-07,3801,2016-05-12,0755,2355,MISSI,4,5,7,3801,0,0,0,,0,3D11A,"17TH ST","CHURCH ST",15.00,W,N,A,-,N,,,,,,,,,,N,2,0,1,1,A,-,"- ",,,N,H,G,A,A,H,-,A,A,0,,Y,,,Y,,L,04,1,0,0,0,0,0,1,0,0,"- ","- ",,,"SAN FRANCISCO","SAN FRANCISCO",-122.42856179,37.762877189999998
8052661,2016,2016-06-08,3801,2016-05-27,1800,1883,CENTR,5,5,7,3801,0,0,0,,0,001,"SUTTER ST","JONES ST",0.00,,Y,A,-,N,,,,,,,,,,N,3,0,1,2,A,-,09,21800,A,N,D,G,A,A,H,-,A,A,0,,Y,,,Y,,A,01,0,1,0,0,0,0,1,0,0,"- ","- ",,,"SAN FRANCISCO","SAN FRANCISCO",-122.41351993000001,37.788599949999998
8052667,2016,2016-06-08,3801,2016-05-26,1630,4372,RICHM,4,5,7,3801,0,0,0,,0,1CAR,"JOHN F KENNEDY DR","FUNSTON ST",0.00,,Y,A,-,N,,,,,,,,,,N,3,0,1,2,A,-,08,22107,,N,D,G,A,A,H,-,A,A,0,,Y,,,Y,,A,01,0,1,0,0,0,0,1,0,0,"- ","- ",,,"SAN FRANCISCO","SAN FRANCISCO",,
8052794,2016,2017-02-11,3801,2016-05-21,1555,00880,B,6,5,7,3801,0,0,0,,0,004,"MARKET ST","SOUTH VAN NESS AV",0.00,,Y,A,-,Y,SF,4,101,-,T,4.860,I,5,N,N,3,0,1,2,A,-,06,21755,,N,C,G,A,A,H,-,A,A,0,,Y,,,Y,Y,L,04,0,1,0,0,0,0,1,0,0,"- ","- ",,,"SAN FRANCISCO","SAN FRANCISCO",-122.41920589999999,37.775241430000001
8054206,2016,2016-06-10,3801,2016-05-12,1748,52,,4,5,7,3801,0,0,0,,0,0B1,"2ND ST","MISSION ST",35.00,N,N,A,-,N,,,,,,,,,,N,3,0,1,2,A,-,07,21658,A,N,B,G,A,A,H,-,A,A,0,,Y,,,Y,,J,48,0,1,0,0,0,0,1,0,0,"- ","- ",,,"SAN FRANCISCO","SAN FRANCISCO",-122.399877,37.788076920000002
8055863,2016,2016-06-06,3801,2016-05-27,0650,002483,NORTH,5,5,7,3801,0,0,0,,0,3E14A,"POLK ST","CALIFORNIA ST",0.00,,Y,A,-,N,,,,,,,,,,N,4,0,1,2,A,-,08,22102,,N,D,G,A,A,H,-,A,A,0,,Y,,,Y,,A,01,0,0,1,0,0,0,1,0,0,"- ","- ",,,"SAN FRANCISCO","SAN FRANCISCO",-122.42067992,37.790569959999999
8055878,2016,2016-06-06,3801,2016-05-31,0014,004332,RICHM,2,5,7,3801,0,0,0,,0,3G123,"FULTON ST","ARGUELLO BL",0.00,,Y,A,-,N,,,,,,,,,,N,3,0,1,2,A,-,12,21453,A,F,D,G,A,A,H,-,C,A,0,,Y,,,Y,,A,01,0,1,0,0,0,0,1,0,0,"- ","- ",,,"SAN FRANCISCO","SAN FRANCISCO",-122.45834993,37.774289899999999
8055935,2016,2016-06-07,3801,2016-05-29,1207,2453,MISSI,7,5,7,3801,0,0,0,,0,3D13A,"VALENCIA ST","22ND ST",0.00,,Y,A,-,N,,,,,,,,,,N,4,0,1,2,A,-,17,21208,A,N,B,G,A,A,H,-,A,A,0,,Y,,,Y,,L,04,0,0,1,0,0,0,0,0,0,"- ","- ",,,"SAN FRANCISCO","SAN FRANCISCO",-122.42096986,37.755309920000002
8076472,2016,2016-12-10,3801,2016-06-20,0655,000358,"CO A",1,5,7,3801,0,0,0,,0,3A21,"KEARNY ST","SACRAMENTO ST",0.00,,Y,A,-,N,,,,,,,,,,N,3,0,1,2,A,-,12,21453,A,N,D,G,A,A,H,-,A,A,0,,Y,,,Y,,-,"- ",0,1,0,0,0,0,1,0,0,"- ","- ",,,"SAN FRANCISCO","SAN FRANCISCO",-122.40459,37.793599960000002
8079069,2016,2016-07-12,3801,2016-06-10,1605,1994,SOUTH,5,5,7,3801,0,0,0,,0,4B3B,"11TH ST","HOWARD ST",3.00,N,N,A,-,N,,,,,,,,,,N,2,0,1,2,A,-,05,21650,1,N,F,A,A,A,H,-,A,A,0,,Y,,,Y,,L,04,1,0,0,0,0,0,1,0,0,"- ","- ",,,"SAN FRANCISCO","SAN FRANCISCO",-122.41557752,37.77312568
8079094,2016,2016-07-12,3801,2016-06-18,1506,1571,MISSI,6,5,7,3801,0,0,0,,0,3D14D,"UTAH ST","24TH ST",0.00,,Y,A,-,N,,,,,,,,,,N,4,0,1,2,A,-,12,22450,A,N,D,G,A,A,H,-,A,A,0,,Y,,,Y,,L,04,0,0,1,0,0,0,1,0,0,"- ","- ",,,"SAN FRANCISCO","SAN FRANCISCO",-122.40531995000001,37.753079999999997
8079096,2016,2016-07-12,3801,2016-06-20,1234,000970,"CO B",1,5,7,3801,0,0,0,,0,3B1C,"5TH ST","HOWARD ST",2.00,S,N,A,-,N,,,,,,,,,,N,4,0,1,2,A,-,12,21453,A,F,G,B,B,A,H,-,A,A,0,Y,Y,,,Y,,L,04,0,0,1,0,1,0,0,0,0,"- ","- ",,,"SAN FRANCISCO","SAN FRANCISCO",-122.4049251,37.781506120000003
8079102,2016,2016-07-12,3801,2016-06-21,2218,1306,COA,2,5,7,3801,0,0,0,,0,3A11D,"PINE ST",LEIDESDORFF,12.00,W,N,A,-,N,,,,,,,,,,N,4,0,1,2,A,-,17,21657,,N,A,G,A,A,H,-,C,A,0,,Y,,,Y,,L,04,0,0,1,0,0,0,1,0,0,"- ","- ",,,"SAN FRANCISCO","SAN FRANCISCO",-122.40182125,37.791996070000003
8079135,2016,2016-07-12,3801,2016-06-20,0755,1934,"CO C",1,5,7,3801,0,0,0,,0,1CAR,"26TH ST","KANSAS ST",0.00,,Y,A,-,N,,,,,,,,,,N,4,0,1,2,A,-,09,21803,A,N,D,G,A,A,H,-,A,D,0,,Y,,,Y,,A,01,0,0,1,0,0,0,1,0,0,"- ","- ",,,"SAN FRANCISCO","SAN FRANCISCO",-122.40220986,37.750599989999998
8079160,2016,2016-07-12,3801,2016-06-10,2006,4119,BAYVI,5,5,7,3801,0,0,0,,0,"2 CAR","EVANS AV","NAPOLEON ST",34.00,W,N,A,-,N,,,,,,,,,,N,4,0,1,2,A,-,09,21801,A,N,A,G,A,A,H,-,B,D,0,,Y,,,Y,,L,04,0,0,1,0,0,0,1,0,0,"- ","- ",37.747219999999999,-122.39578,"SAN FRANCISCO","SAN FRANCISCO",-122.39603081,37.747297879999998
8079163,2016,2016-07-13,3801,2016-06-22,1745,002334,SOUTH,3,5,7,3801,0,0,0,,0,0B4,"OTIS ST","BRADY ST",0.00,,Y,B,-,N,,,,,,,,,,N,3,0,1,2,A,-,17,21657,,N,A,G,A,A,H,-,A,D,0,,Y,,,Y,,L,04,0,1,0,0,0,0,1,0,0,"- ","- ",,,"SAN FRANCISCO","SAN FRANCISCO",-122.41970000000001,37.77230994
8079337,2016,2016-07-12,3801,2016-06-17,1923,1883,CENTR,5,5,7,3801,0,0,0,,0,004,"CALIFORNIA ST","LEAVENWORTH ST",0.00,,Y,A,-,N,,,,,,,,,,N,3,0,1,1,A,-,03,22350,,N,H,A,A,A,H,-,A,A,0,,Y,,,Y,,L,04,0,1,0,0,0,0,1,0,0,"- ","- ",,,"SAN FRANCISCO","SAN FRANCISCO",-122.41574989,37.791209950000002
8079343,2016,2016-08-02,3801,2016-06-14,1640,835,TENDR,2,5,7,3801,0,0,0,,0,001,"MARKET ST","4TH ST",0.00,,Y,A,-,N,,,,,,,,,,N,4,0,1,2,A,-,12,21453,A,N,A,B,B,A,H,-,A,A,0,Y,Y,,,Y,,L,04,0,0,1,0,1,0,0,0,0,"- ","- ",,,"SAN FRANCISCO","SAN FRANCISCO",-122.40588997,37.785699899999997
8079359,2016,2016-07-12,3801,2016-06-02,1622,2431,SOUTH,4,5,7,3801,0,0,0,,0,3B12D,"BRANNAN ST","3RD ST",0.00,,Y,A,-,N,,,,,,,,,,N,3,0,1,2,A,-,09,21801,A,F,D,G,A,A,H,-,A,A,0,,Y,,,Y,,A,01,0,1,0,0,0,0,1,0,0,"- ","- ",,,"SAN FRANCISCO","SAN FRANCISCO",-122.39429986,37.780099989999997