CASE_ID,ACCIDENT_YEAR,PROC_DATE,JURIS,COLLISION_DATE,COLLISION_TIME,OFFICER_ID,REPORTING_DISTRICT,DAY_OF_WEEK,CHP_SHIFT,POPULATION,CNTY_CITY_LOC,SPECIAL_COND,BEAT_TYPE,CHP_BEAT_TYPE,CITY_DIVISION_LAPD,CHP_BEAT_CLASS,BEAT_NUMBER,PRIMARY_RD,SECONDARY_RD,DISTANCE,DIRECTION,INTERSECTION,WEATHER_1,WEATHER_2,STATE_HWY_IND,CALTRANS_COUNTY,CALTRANS_DISTRICT,STATE_ROUTE,ROUTE_SUFFIX,POSTMILE_PREFIX,POSTMILE,LOCATION_TYPE,RAMP_INTERSECTION,SIDE_OF_HWY,TOW_AWAY,COLLISION_SEVERITY,NUMBER_KILLED,NUMBER_INJURED,PARTY_COUNT,PRIMARY_COLL_FACTOR,PCF_CODE_OF_VIOL,PCF_VIOL_CATEGORY,PCF_VIOLATION,PCF_VIOL_SUBSECTION,HIT_AND_RUN,TYPE_OF_COLLISION,MVIW,PED_ACTION,ROAD_SURFACE,ROAD_COND_1,ROAD_COND_2,LIGHTING,CONTROL_DEVICE,CHP_ROAD_TYPE,PEDESTRIAN_ACCIDENT,BICYCLE_ACCIDENT,MOTORCYCLE_ACCIDENT,TRUCK_ACCIDENT,NOT_PRIVATE_PROPERTY,ALCOHOL_INVOLVED,STWD_VEHTYPE_AT_FAULT,CHP_VEHTYPE_AT_FAULT,COUNT_SEVERE_INJ,COUNT_VISIBLE_INJ,COUNT_COMPLAINT_PAIN,COUNT_PED_KILLED,COUNT_PED_INJURED,COUNT_BICYCLIST_KILLED,COUNT_BICYCLIST_INJURED,COUNT_MC_KILLED,COUNT_MC_INJURED,PRIMARY_RAMP,SECONDARY_RAMP,LATITUDE,LONGITUDE,COUNTY,CITY,POINT_X,POINT_Y
8079366,2016,2016-07-12,3801,2016-06-07,1615,2424,TENDE,2,5,7,3801,0,0,0,,0,3J15D,"MARKET ST","4TH ST",150.00,W,N,B,-,N,,,,,,,,,,N,4,0,1,2,A,-,02,22400,A,F,B,G,A,A,H,-,A,A,0,,Y,,,Y,,A,01,0,0,1,0,0,0,1,0,0,"- ","- ",,,"SAN FRANCISCO","SAN FRANCISCO",-122.40625093,37.785403780000003
8079375,2016,2016-07-12,3801,2016-06-06,1145,4028,SOUTH,1,5,7,3801,0,0,0,,0,3B90,"FOLSOM ST","8TH ST",0.00,,Y,A,-,N,,,,,,,,,,N,4,0,1,2,A,-,08,22107,,N,D,G,A,A,H,-,A,A,0,,Y,,,Y,,-,"- ",0,0,1,0,0,0,1,0,0,"- ","- ",,,"SAN FRANCISCO","SAN FRANCISCO",-122.41004988,37.774989890000001
8083256,2016,2016-07-15,3801,2016-05-23,1040,4253,SOUTH,1,5,7,3801,0,0,0,,0,005,"TERRY A FRANCOIS BL","SOUTH ST",0.00,,Y,A,-,N,,,,,,,,,,,3,0,1,2,A,-,17,22517,,N,B,G,A,A,H,-,A,D,0,,Y,,,Y,,A,08,0,1,0,0,0,0,1,0,0,"- ","- ",,,"SAN FRANCISCO","SAN FRANCISCO",-122.38629994,37.769029920000001
8083260,2016,2016-08-29,3801,2016-05-10,1917,917,TARAV,2,5,7,3801,0,0,0,,0,4B8E,"GREAT HWY","VICENTE ST",6.00,S,N,A,-,N,,,,,,,,,,Y,2,0,1,2,A,-,12,22450,A,N,D,G,A,A,H,-,B,A,0,,Y,,,Y,,A,01,1,0,0,0,0,0,1,0,0,"- ","- ",,,"SAN FRANCISCO","SAN FRANCISCO",-122.50645818,37.73794358
8089450,2016,2017-02-18,3801,2016-08-18,0930,1944,INGLE,4,5,7,3801,0,0,0,,0,003,"ALEMANY BL","SAN BRUNO AV",0.00,,Y,A,-,Y,SF,4,101,-,-,2.004,R,4,S,N,4,0,1,2,A,-,12,21453,A,N,D,G,A,A,H,-,A,A,0,,Y,,,Y,,A,08,0,0,1,0,0,0,1,0,0,"- ","- ",,,"SAN FRANCISCO","SAN FRANCISCO",-122.4071052,37.73564622
8089481,2016,2017-02-18,3801,2016-08-07,1512,999,COB,7,5,7,3801,0,0,0,,0,0SF,"MARKET ST","OCTAVIA ST",0.00,,Y,A,-,Y,SF,4,101,-,M,5.450,I,5,S,,3,0,1,2,A,-,17,21461,A,N,D,G,A,A,H,-,A,A,0,,Y,,,Y,,A,01,0,1,0,0,0,0,1,0,0,"- ","- ",,,"SAN FRANCISCO","SAN FRANCISCO",-122.42345912,37.771865130000002
8089513,2016,2017-02-18,3801,2016-08-02,0920,2455,SOUTH,2,5,7,3801,0,0,0,,0,3B14A,"OCTAVIA ST","MARKET ST",0.00,,Y,A,-,Y,SF,4,101,-,M,5.450,I,5,S,N,3,0,1,2,A,-,17,21461,A,N,D,G,A,A,H,-,A,A,0,,Y,,,Y,,A,01,0,1,0,0,0,0,1,0,0,"- ","- ",,,"SAN FRANCISCO","SAN FRANCISCO",-122.42345912,37.771865130000002
8090109,2016,2016-08-26,3801,2016-07-17,1512,899,SOUTH,7,5,7,3801,0,0,0,,0,4B3E,"13TH ST","ISIS ST",32.00,N,N,A,-,N,,,,,,,,,,N,4,0,1,2,A,-,06,21755,A,N,H,G,A,A,H,-,A,D,0,,Y,,,Y,,L,04,0,0,1,0,0,0,1,0,0,"- ","- ",,,"SAN FRANCISCO","SAN FRANCISCO",-122.41477999999999,37.769640000000003
8090176,2016,2016-08-26,3801,2016-07-05,0921,4139,TENDE,2,5,7,3801,0,0,0,,0,,"MARKET ST","7TH ST",0.00,,Y,A,B,N,,,,,,,,,,N,4,0,1,2,A,-,11,21456,B,N,G,G,B,A,H,-,A,A,0,Y,Y,,,Y,Y,-,"- ",0,0,1,0,1,0,0,0,0,"- ","- ",,,"SAN FRANCISCO","SAN FRANCISCO",-122.4125099,37.780479900000003
8097910,2016,2016-08-17,3801,2016-06-29,1903,1108,SOUTH,3,5,7,3801,0,0,0,,0,1CAR,"2ND ST","TEHAMA ST",0.00,,Y,A,-,N,,,,,,,,,,N,3,0,1,2,D,-,00,,,N,D,G,A,A,H,-,A,D,0,,Y,,,Y,,-,"- ",0,1,0,0,0,0,1,0,0,"- ","- ",,,"SAN FRANCISCO","SAN FRANCISCO",-122.39770994,37.786349950000002
8101232,2016,2016-09-27,3801,2016-07-24,2040,1230,CENTR,7,5,7,3801,0,0,0,,0,3A40D,"VAN NESS AV","NORTHPOINT ST",528.00,N,N,A,-,N,,,,,,,,,,N,4,0,1,2,A,-,"- ",,,N,G,B,F,A,H,-,E,D,0,Y,Y,,,Y,,L,04,0,0,1,0,1,0,0,0,0,"- ","- ",,,"SAN FRANCISCO","SAN FRANCISCO",-122.42563069000001,37.806451269999997
8101282,2016,2016-08-17,3801,2016-07-16,2130,2424,TENDE,6,5,7,3801,0,0,0,,0,3J14E,"HYDE ST","GOLDEN GATE AV",0.00,,Y,A,-,N,,,,,,,,,,N,4,0,1,2,A,-,12,21453,A,N,D,G,A,A,H,-,C,A,0,,Y,,,Y,,L,04,0,0,1,0,0,0,1,0,0,"- ","- ",,,"SAN FRANCISCO","SAN FRANCISCO",-122.41549995,37.781649909999999
8101284,2016,2016-08-17,3801,2016-07-30,2302,00792,NORTH,6,5,7,3801,0,0,0,,0,3E13E,"POLK ST","GOLDEN GATE AV",0.00,,Y,A,-,N,,,,,,,,,,N,4,0,1,2,A,-,08,22107,,N,D,G,A,A,H,-,C,A,0,,Y,,,Y,,A,01,0,0,1,0,0,0,1,0,0,"- ","- ",,,"SAN FRANCISCO","SAN FRANCISCO",-122.41879987999999,37.781229940000003
8101292,2016,2016-08-17,3801,2016-07-31,1640,750,,7,5,7,3801,0,0,0,,0,,"MARKET ST","5TH ST",0.00,,Y,A,-,N,,,,,,,,,,,3,0,1,1,A,-,03,22350,,N,H,I,A,A,H,-,A,A,0,,Y,,,Y,,L,04,0,1,0,0,0,0,1,0,0,"- ","- ",,,"SAN FRANCISCO","SAN FRANCISCO",-122.40805989,37.783999919999999
8101321,2016,2016-08-16,3801,2016-07-14,2105,00658,MISSI,4,5,7,3801,0,0,0,,0,3D15E,"16TH ST","CAPP ST",62.00,E,N,A,-,N,,,,,,,,,,Y,4,0,1,2,A,-,05,21651,A,F,B,G,A,A,H,-,C,D,0,,Y,,,Y,,A,07,0,0,1,0,0,0,1,0,0,"- ","- ",,,"SAN FRANCISCO","SAN FRANCISCO",-122.41848659999999,37.765117150000002
8101322,2016,2016-08-17,3801,2016-07-20,1310,2455,SOUTH,3,5,7,3801,0,0,0,,0,3B15A,"MISSION ST","DUBOCE AV",0.00,,Y,A,-,N,,,,,,,,,,N,2,0,1,2,A,-,11,21453,D,N,D,G,A,A,H,-,A,A,0,,Y,,,Y,,L,04,1,0,0,0,0,0,1,0,0,"- ","- ",,,"SAN FRANCISCO","SAN FRANCISCO",-122.42017991,37.769989959999997
8101334,2016,2016-08-17,3801,2016-07-20,1816,1104,TENDE,3,5,7,3801,0,0,0,,0,3J13D,"HYDE ST","ELLIS ST",50.00,S,N,A,-,N,,,,,,,,,,N,4,0,1,2,A,-,17,22517,,N,B,G,A,A,H,-,A,D,0,,Y,,,Y,,A,01,0,0,1,0,0,0,1,0,0,"- ","- ",,,"SAN FRANCISCO","SAN FRANCISCO",-122.41603541000001,37.784314039999998
8101336,2016,2016-09-02,3801,2016-07-03,1305,2457,MISSI,7,5,7,3801,0,0,0,,0,3D13C,"CLIPPER ST","TEL POLE 110038287",12.00,N,N,A,-,N,,,,,,,,,,N,3,0,1,1,A,-,03,22350,A,N,H,-,A,A,G,-,A,D,0,,Y,,,Y,,L,04,0,1,0,0,0,0,1,0,0,"- ","- ",,,"SAN FRANCISCO","SAN FRANCISCO",,
8101356,2016,2016-08-17,3801,2016-07-05,0756,004279,MISSI,2,5,7,3801,0,0,0,,0,,"UTAH ST","24TH ST",0.00,,Y,B,-,N,,,,,,,,,,N,4,0,1,2,A,-,09,21801,A,N,D,G,A,A,H,-,A,D,0,,Y,,,Y,,A,01,0,0,1,0,0,0,1,0,0,"- ","- ",,,"SAN FRANCISCO","SAN FRANCISCO",-122.40531995000001,37.753079999999997
8101360,2016,2016-08-17,3801,2016-07-05,0758,000205,BAYVI,2,5,7,3801,0,0,0,,0,03C,"MARIPOSA ST","ARKANSAS ST",0.00,,Y,A,-,N,,,,,,,,,,N,4,0,1,2,A,-,12,22450,A,N,-,-,A,A,H,-,A,-,0,,Y,,,Y,,L,04,0,0,1,0,0,0,1,0,0,"- ","- ",,,"SAN FRANCISCO","SAN FRANCISCO",-122.39857997999999,37.763739880000003
8101395,2016,2016-08-17,3801,2016-07-01,0815,00829,PARK,5,5,7,3801,0,0,0,,0,3F12A,"FELL ST","MASONIC AV",40.00,W,N,B,-,N,,,,,,,,,,,2,0,1,2,B,-,22,,,N,A,J,A,A,H,-,A,D,0,,Y,,,Y,,L,04,1,0,0,0,0,0,1,0,0,"- ","- ",,,"SAN FRANCISCO","SAN FRANCISCO",-122.4460572,37.772965370000001
8101420,2016,2016-08-17,3801,2016-07-06,0920,563,PARK,3,5,7,3801,0,0,0,,0,004,"POLK ST","HAYES ST",70.00,S,N,A,-,N,,,,,,,,,,N,2,0,1,2,A,-,00,21760,B,F,C,G,A,A,H,-,A,A,0,,Y,,,Y,,A,01,1,0,0,0,0,0,1,0,0,"- ","- ",,,"SAN FRANCISCO","SAN FRANCISCO",-122.41800947999999,37.777319230000003
8102421,2016,2016-08-17,3801,2016-07-15,1620,1936,TNDRL,5,5,7,3801,0,0,0,,0,MRKTST,"MARKET ST","4TH ST",287.00,E,N,B,-,N,,,,,,,,,,N,2,0,1,2,A,-,00,21760,C,F,H,G,A,A,H,-,A,A,0,,Y,,,Y,,A,01,1,0,0,0,0,0,1,0,0,"- ","- ",37.785600000000002,-122.40581,"SAN FRANCISCO","SAN FRANCISCO",-122.40519704,37.786264889999998
8102430,2016,2016-08-17,3801,2016-07-27,0758,1485,3E,3,5,7,3801,0,0,0,,0,12A,"FULTON ST","FILLMORE ST",0.00,,Y,A,-,N,,,,,,,,,,N,3,0,1,2,A,-,09,21800,A,N,D,G,A,A,H,-,A,A,0,,Y,,,Y,,L,04,0,1,0,0,0,0,1,0,0,"- ","- ",,,"SAN FRANCISCO","SAN FRANCISCO",-122.43155991,37.777689979999998
8102438,2016,2016-08-17,3801,2016-07-26,2154,1423,NTHRN,2,5,7,3801,0,0,0,,0,"2 CAR","GEARY BL","LAGUNA ST",458.00,E,N,A,-,N,,,,,,,,,,N,4,0,1,2,A,-,17,21208,A,N,-,G,A,A,H,-,C,D,0,,Y,,,Y,,L,04,0,0,1,0,0,0,1,0,0,"- ","- ",,,"SAN FRANCISCO","SAN FRANCISCO",-122.42643520999999,37.785241939999999
8103984,2016,2016-10-11,3801,2016-09-06,2143,1696,NORTH,2,5,7,3801,0,0,0,,0,3E12E,"LAGUNA ST","MCALLISTER ST",0.00,,Y,A,-,N,,,,,,,,,,N,4,0,1,2,A,-,12,21453,A,N,D,G,A,A,H,-,C,A,0,,Y,,,Y,,A,01,0,0,1,0,0,0,1,0,0,"- ","- ",,,"SAN FRANCISCO","SAN FRANCISCO",-122.42681999,37.779259979999999
8103986,2016,2016-10-11,3801,2016-09-07,1915,002400,CENTR,3,5,7,3801,0,0,0,,0,3A13E,"COLUMBUS AV","FILBERT ST",0.00,,Y,A,-,N,,,,,,,,,,N,4,0,1,2,A,-,07,21658,A,N,B,G,A,A,H,-,B,A,0,,Y,,,Y,,I,11,0,0,1,0,0,0,1,0,0,"- ","- ",,,"SAN FRANCISCO","SAN FRANCISCO",-122.41135998999999,37.801119989999997
8103992,2016,2016-10-11,3801,2016-09-06,1705,4326,SOUTH,2,5,7,3801,0,0,0,,0,005,"THE EMBARCADERO","TOWNSEND ST",0.00,,Y,A,-,N,,,,,,,,,,N,4,0,1,2,A,-,06,21755,A,N,-,C,A,A,H,-,A,A,0,,Y,,,Y,,L,04,0,0,1,0,0,0,1,0,0,"- ","- ",,,"SAN FRANCISCO","SAN FRANCISCO",-122.38840994,37.781809950000003
8120274,2016,2016-09-20,3801,2016-08-17,1244,002437,SOUTH,3,5,7,3801,0,0,0,,0,3B13C,"OTIS ST","DUBOCE AV",0.00,,Y,A,-,N,,,,,,,,,,N,2,0,1,2,A,-,11,21453,D,N,D,G,A,A,H,-,A,A,0,,Y,,Y,Y,,L,04,1,0,0,0,0,0,1,0,0,"- ","- ",,,"SAN FRANCISCO","SAN FRANCISCO",-122.42018987,37.770129949999998
8120322,2016,2016-09-13,3801,2016-08-01,1400,621,CENTR,1,5,7,3801,0,0,0,,0,3A44A,"KEARNY ST","SACRAMENTO ST",5.00,N,N,A,-,N,,,,,,,,,,N,4,0,1,2,A,-,00,21760,B,N,B,G,A,A,H,-,A,A,0,,Y,,,Y,,A,08,0,0,1,0,0,0,1,0,0,"- ","- ",,,"SAN FRANCISCO","SAN FRANCISCO",-122.40459352000001,37.793613450000002
8120330,2016,2016-09-13,3801,2016-08-01,1824,2334,SOUTH,1,5,7,3801,0,0,0,,0,0B4,"MARKET ST","MCCOPPIN ST",0.00,,Y,A,-,N,,,,,,,,,,N,3,0,1,2,A,-,08,22107,,N,D,G,A,A,H,-,A,D,0,,Y,,,Y,,A,01,0,1,0,0,0,0,1,0,0,"- ","- ",,,"SAN FRANCISCO","SAN FRANCISCO",-122.42381399999999,37.771605000000001
8120332,2016,2016-09-14,3801,2016-08-20,1609,1026,TNDLN,6,5,7,3801,0,0,0,,0,2J11D,"MARKET ST","6TH ST",27.00,E,N,A,-,N,,,,,,,,,,N,2,0,1,1,A,-,17,21200,,N,H,A,A,A,G,-,A,D,0,,Y,,,Y,,L,04,1,0,0,0,0,0,1,0,0,"- ","- ",,,"SAN FRANCISCO","SAN FRANCISCO",-122.41023418,37.782292660000003
8120340,2016,2016-09-14,3801,2016-08-21,1600,0262,NRTHR,7,5,7,3801,0,0,0,,0,3E13D,"OFARRELL ST","VAN NESS AV",100.00,E,N,A,-,N,,,,,,,,,,N,3,0,1,2,A,-,03,22350,,N,C,G,A,A,H,-,A,D,0,,Y,,,Y,,L,04,0,1,0,0,0,0,1,0,0,"- ","- ",,,"SAN FRANCISCO","SAN FRANCISCO",-122.42091843999999,37.784784430000002
8120353,2016,2016-09-13,3801,2016-08-08,1022,2204,SOUTH,1,5,7,3801,0,0,0,,0,3B13A,"BERRY ST","4TH ST",0.00,,Y,A,-,N,,,,,,,,,,N,3,0,1,2,A,-,08,22107,,M,D,G,A,A,H,-,A,A,0,,Y,,,Y,,A,01,0,1,0,0,0,0,1,0,0,"- ","- ",,,"SAN FRANCISCO","SAN FRANCISCO",-122.39333999,37.775779970000002
8120385,2016,2016-09-13,3801,2016-08-03,0817,2228,SOUTH,3,5,7,3801,0,0,0,,0,901,"7TH ST","NATOMA ST",0.00,,Y,A,-,N,,,,,,,,,,N,3,0,1,2,A,-,05,21650,1,N,D,G,A,A,H,-,A,D,0,,Y,,,Y,,L,04,0,1,0,0,0,0,1,0,0,"- ","- ",,,"SAN FRANCISCO","SAN FRANCISCO",-122.40989998000001,37.778399929999999
8120393,2016,2016-11-19,3801,2016-08-03,2238,1925,MISSI,3,5,7,3801,0,0,0,,0,3D13E,"16TH ST","SHOTWELL ST",140.00,W,N,A,-,N,,,,,,,,,,N,2,0,1,2,A,-,03,22350,,F,C,G,A,A,H,-,C,D,0,,Y,,,Y,,A,07,1,0,0,0,0,0,1,0,0,"- ","- ",,,"SAN FRANCISCO","SAN FRANCISCO",-122.41685298,37.765219809999998
8120414,2016,2016-09-15,3801,2016-08-11,0810,2395,MISSI,4,5,7,3801,0,0,0,,0,004,"CESAR CHAVEZ","MISSION ST",0.00,,Y,B,-,N,,,,,,,,,,N,3,0,1,2,A,-,07,21658,A,N,B,G,A,A,H,-,A,D,0,,Y,,,Y,,L,04,0,1,0,0,0,0,1,0,0,"- ","- ",,,"SAN FRANCISCO","SAN FRANCISCO",-122.41814991,37.748179919999998
8120437,2016,2016-09-15,3801,2016-08-26,1830,2168,RICHM,5,5,7,3801,0,0,0,,0,3G15D,"JOHN F KENNEDY DR","HELLMAN'S HOLLOW",0.00,,Y,A,-,N,,,,,,,,,,N,4,0,1,2,D,-,00,,,N,B,G,A,A,H,-,A,D,0,,Y,,,Y,,-,"- ",0,0,1,0,0,0,1,0,0,"- ","- ",,,"SAN FRANCISCO","SAN FRANCISCO",-122.48508811000001,37.770039099999998
8120546,2016,2016-09-19,3801,2016-08-19,1925,2234,SOUTH,5,5,7,3801,0,0,0,,0,3B14D,"10TH ST","HARRISON ST",96.00,S,N,A,-,N,,,,,,,,,,N,3,0,1,2,A,-,03,22350,,N,C,G,A,A,H,-,A,A,0,,Y,,,Y,,A,01,0,1,0,0,0,0,1,0,0,"- ","- ",,,"SAN FRANCISCO","SAN FRANCISCO",-122.41102118000001,37.771408790000002
8120602,2016,2016-09-16,3801,2016-08-15,1930,2294,PARK,1,5,7,3801,0,0,0,,0,3F12D,"7TH AV","HUGO ST",0.00,,Y,A,-,N,,,,,,,,,,N,3,0,1,2,A,-,09,21801,A,N,D,G,A,A,H,-,A,D,0,,Y,,,Y,,A,01,0,1,0,0,0,0,1,0,0,"- ","- ",,,"SAN FRANCISCO","SAN FRANCISCO",-122.46423989,37.765059960000002
8120606,2016,2016-09-15,3801,2016-08-18,2258,1017,NORTH,4,5,7,3801,0,0,0,,0,3CAR,"POLK ST","SACRAMENTO ST",108.00,S,N,A,-,N,,,,,,,,,,N,4,0,1,2,A,-,08,22107,,N,B,G,A,A,H,-,C,D,0,,Y,,,Y,Y,A,01,0,0,1,0,0,0,1,0,0,"- ","- ",,,"SAN FRANCISCO","SAN FRANCISCO",-122.42081017,37.791207129999997
8120737,2016,2016-09-19,3801,2016-08-30,1220,618,TARAV,2,5,7,3801,0,0,0,,0,3I13A,"SUNSET BL","VICENTE ST",0.00,,Y,A,-,N,,,,,,,,,,N,3,0,1,1,A,-,"- ",,,N,H,I,A,A,G,-,A,A,0,,Y,,,Y,,L,04,0,1,0,0,0,0,1,0,0,"- ","- ",,,"SAN FRANCISCO","SAN FRANCISCO",-122.49426995,37.73849989
8120819,2016,2016-11-10,3801,2016-07-13,1228,4307,MISSI,3,5,7,3801,0,0,0,,0,3D13C,"MISSION ST","20TH ST",19.00,S,N,A,-,N,,,,,,,,,,N,4,0,1,2,A,-,17,22517,,N,E,G,A,A,H,-,A,D,0,,Y,,,Y,,A,08,0,0,1,0,0,0,1,0,0,"- ","- ",,,"SAN FRANCISCO","SAN FRANCISCO",-122.41903644999999,37.758577879999997
8122014,2016,2016-09-14,3801,2016-08-13,2004,1238,SOUTH,6,5,7,3801,0,0,0,,0,0B3,"RUSS ST","HOWARD ST",0.00,,Y,B,-,N,,,,,,,,,,N,4,0,1,2,A,-,05,21650,1,N,D,G,A,A,H,-,B,D,0,,Y,,,Y,,L,04,0,0,1,0,0,0,1,0,0,"- ","- ",,,"SAN FRANCISCO","SAN FRANCISCO",-122.40824997999999,37.778869950000001
8122029,2016,2016-09-14,3801,2016-08-15,1600,170,MISSI,1,5,7,3801,0,0,0,,0,3D15A,"16TH ST","HOFF ST",0.00,,Y,A,-,N,,,,,,,,,,N,4,0,1,2,A,-,09,21801,A,N,B,G,A,A,-,-,A,D,0,,Y,,,Y,,A,01,0,0,1,0,0,0,1,0,0,"- ","- ",,,"SAN FRANCISCO","SAN FRANCISCO",-122.42056986,37.764989989999997
8122036,2016,2016-09-14,3801,2016-08-03,0824,2086,TARAV,3,5,7,3801,0,0,0,,0,3I13A,"NORIEGA ST","41ST AV",0.00,,Y,B,-,N,,,,,,,,,,N,3,0,1,2,A,-,12,22450,A,N,D,G,A,A,H,-,A,A,0,,Y,,,Y,Y,L,04,0,1,0,0,0,0,1,0,0,"- ","- ",,,"SAN FRANCISCO","SAN FRANCISCO",-122.50002994,37.753199940000002
8122046,2016,2016-11-08,3801,2016-08-27,1320,2318,MISSI,6,5,7,3801,0,0,0,,0,901,"GUERRERO ST","CAMP ST",108.00,N,N,A,-,N,,,,,,,,,,N,4,0,1,2,A,-,17,22517,,N,D,G,A,A,H,-,A,A,0,,Y,,,Y,,A,01,0,0,1,0,0,0,1,0,0,"- ","- ",,,"SAN FRANCISCO","SAN FRANCISCO",-122.42405409,37.764255460000001
8122079,2016,2016-09-14,3801,2016-08-24,1147,2403,SOUTH,3,5,7,3801,0,0,0,,0,3B12C,"7TH ST","MINNA ST",0.00,,N,A,-,N,,,,,,,,,,N,4,0,1,2,A,-,17,22517,,N,H,G,A,A,H,-,A,D,0,,Y,,,Y,,A,07,0,0,1,0,0,0,1,0,0,"- ","- ",,,"SAN FRANCISCO","SAN FRANCISCO",-122.41037994,37.778789959999997
8122107,2016,2016-09-14,3801,2016-08-29,0420,2343,SOUTH,1,5,7,3801,0,0,0,,0,0B5,"RHODE ISLAND ST","15TH ST",51.00,S,N,A,-,N,,,,,,,,,,N,3,0,1,1,C,-,18,,,N,E,I,A,A,H,-,C,D,0,,Y,,,Y,,-,"- ",0,1,0,0,0,0,1,0,0,"- ","- ",,,"SAN FRANCISCO","SAN FRANCISCO",-122.40280473,37.76724042
8122146,2016,2016-09-15,3801,2016-08-30,1915,2392,MISSI,2,5,7,3801,0,0,0,,0,901,"17TH ST","HAMPSHIRE ST",0.00,,Y,A,-,N,,,,,,,,,,N,3,0,1,2,A,-,04,21703,,F,C,G,A,A,H,-,A,-,0,,Y,,,Y,,-,,0,1,0,0,0,0,1,0,0,"- ","- ",,,"SAN FRANCISCO","SAN FRANCISCO",-122.40841987,37.764429919999998
8132504,2016,2016-10-11,3801,2016-09-26,1732,654,PARK,1,5,7,3801,0,0,0,,0,3F90,"STANYAN ST","WALLER ST",0.00,,Y,A,-,N,,,,,,,,,,N,3,0,1,2,A,-,09,21801,A,N,A,G,A,A,H,-,A,A,0,,Y,,,Y,,A,01,0,1,0,0,0,0,1,0,0,"- ","- ",,,"SAN FRANCISCO","SAN FRANCISCO",-122.45334990000001,37.768249939999997
8132511,2016,2016-10-11,3801,2016-09-24,1448,2234,SOUTH,6,5,7,3801,0,0,0,,0,3B61,"MCCOPPIN ST","STEVENSON ST",0.00,,Y,A,-,N,,,,,,,,,,N,4,0,1,2,A,-,09,21801,A,N,D,G,A,A,G,-,A,D,0,,Y,,,Y,,A,01,0,0,1,0,0,0,1,0,0,"- ","- ",,,"SAN FRANCISCO","SAN FRANCISCO",-122.42174989999999,37.771639899999997
8132536,2016,2016-10-11,3801,2016-09-16,1345,2466,RICHM,5,5,7,3801,0,0,0,,0,TWO,"ARGUELLO BL","GOLDEN GATE AV",0.00,,Y,A,-,N,,,,,,,,,,N,3,0,1,2,A,-,09,21801,A,M,D,G,A,A,H,-,A,A,0,,Y,,,Y,,A,01,0,1,0,0,0,0,1,0,0,"- ","- ",,,"SAN FRANCISCO","SAN FRANCISCO",-122.45851988,37.776169940000003
8132561,2016,2016-10-11,3801,2016-09-15,1945,1086,COH,4,5,7,3801,0,0,0,,0,3H15C,EMBARCADERO,"WASHINGTON ST",0.00,,Y,A,-,N,,,,,,,,,,N,2,0,1,2,A,-,17,22517,,F,H,G,A,A,H,-,C,D,0,,Y,,,Y,,A,01,1,0,0,0,0,0,1,0,0,"- ","- ",,,"SAN FRANCISCO","SAN FRANCISCO",-122.39555850000001,37.796633999999997
8137317,2016,2016-10-11,3801,2016-09-29,0824,000664,MISSI,4,5,7,3801,0,0,0,,0,3D15A,"25TH ST","BRYANT ST",0.00,,Y,B,-,N,,,,,,,,,,N,4,0,1,3,A,-,12,22450,A,N,B,G,A,A,H,-,A,A,0,,Y,,,Y,,L,04,0,0,1,0,0,0,1,0,0,"- ","- ",,,"SAN FRANCISCO","SAN FRANCISCO",-122.40899992999999,37.75118999
8137333,2016,2016-10-11,3801,2016-09-21,1600,1100,TNDRL,3,5,7,3801,0,0,0,,0,3J60,"MARKET ST","CYRIL MAGNIN ST",435.00,E,N,A,-,N,,,,,,,,,,N,4,0,1,2,A,-,06,21755,A,N,-,G,A,A,H,-,A,A,0,,Y,,,Y,,L,04,0,0,1,0,0,0,1,0,0,"- ","- ",,,"SAN FRANCISCO","SAN FRANCISCO",-122.40698321000001,37.784835280000003
8137369,2016,2016-10-11,3801,2016-09-12,0810,1026,,1,5,7,3801,0,0,0,,0,3J14A,"MASON ST","EDDY ST",0.00,,Y,A,-,N,,,,,,,,,,N,3,0,1,2,A,-,08,22101,D,N,B,G,A,A,H,-,A,A,0,,Y,,,Y,,A,01,0,1,0,0,0,0,1,0,0,"- ","- ",,,"SAN FRANCISCO","SAN FRANCISCO",-122.40929991,37.784379960000003
8137373,2016,2016-10-11,3801,2016-09-13,1441,4241,MISSI,2,5,7,3801,0,0,0,,0,004,"POTRERO AV","25TH ST",0.00,,Y,A,-,N,,,,,,,,,,,3,0,1,2,A,-,08,22107,,N,D,G,A,A,H,-,A,D,0,,Y,,,Y,,L,04,0,1,0,0,0,0,1,0,0,"- ","- ",,,"SAN FRANCISCO","SAN FRANCISCO",-122.40619992000001,37.751739979999996
8137393,2016,2016-10-11,3801,2016-09-09,1230,186,PARK,5,5,7,3801,0,0,0,,0,3F00,"CHURCH ST","DUBOCE ST",0.00,,Y,A,-,N,,,,,,,,,,N,4,0,1,2,A,-,03,22350,,M,B,G,A,A,H,-,A,A,0,,Y,,,Y,,A,01,0,0,1,0,0,0,1,0,0,"- ","- ",,,"SAN FRANCISCO","SAN FRANCISCO",-122.42911992000001,37.769459959999999