CASE_ID,ACCIDENT_YEAR,PROC_DATE,JURIS,COLLISION_DATE,COLLISION_TIME,OFFICER_ID,REPORTING_DISTRICT,DAY_OF_WEEK,CHP_SHIFT,POPULATION,CNTY_CITY_LOC,SPECIAL_COND,BEAT_TYPE,CHP_BEAT_TYPE,CITY_DIVISION_LAPD,CHP_BEAT_CLASS,BEAT_NUMBER,PRIMARY_RD,SECONDARY_RD,DISTANCE,DIRECTION,INTERSECTION,WEATHER_1,WEATHER_2,STATE_HWY_IND,CALTRANS_COUNTY,CALTRANS_DISTRICT,STATE_ROUTE,ROUTE_SUFFIX,POSTMILE_PREFIX,POSTMILE,LOCATION_TYPE,RAMP_INTERSECTION,SIDE_OF_HWY,TOW_AWAY,COLLISION_SEVERITY,NUMBER_KILLED,NUMBER_INJURED,PARTY_COUNT,PRIMARY_COLL_FACTOR,PCF_CODE_OF_VIOL,PCF_VIOL_CATEGORY,PCF_VIOLATION,PCF_VIOL_SUBSECTION,HIT_AND_RUN,TYPE_OF_COLLISION,MVIW,PED_ACTION,ROAD_SURFACE,ROAD_COND_1,ROAD_COND_2,LIGHTING,CONTROL_DEVICE,CHP_ROAD_TYPE,PEDESTRIAN_ACCIDENT,BICYCLE_ACCIDENT,MOTORCYCLE_ACCIDENT,TRUCK_ACCIDENT,NOT_PRIVATE_PROPERTY,ALCOHOL_INVOLVED,STWD_VEHTYPE_AT_FAULT,CHP_VEHTYPE_AT_FAULT,COUNT_SEVERE_INJ,COUNT_VISIBLE_INJ,COUNT_COMPLAINT_PAIN,COUNT_PED_KILLED,COUNT_PED_INJURED,COUNT_BICYCLIST_KILLED,COUNT_BICYCLIST_INJURED,COUNT_MC_KILLED,COUNT_MC_INJURED,PRIMARY_RAMP,SECONDARY_RAMP,LATITUDE,LONGITUDE,COUNTY,CITY,POINT_X,POINT_Y
8137417,2016,2016-10-11,3801,2016-09-05,1730,4187,,1,5,7,3801,0,0,0,,0,3D16D,"24TH ST","POTRERO ST",0.00,,Y,A,-,N,,,,,,,,,,N,4,0,1,2,A,-,09,21801,A,F,D,G,A,A,H,-,A,A,0,,Y,,,Y,,-,,0,0,1,0,0,0,1,0,0,"- ","- ",,,"SAN FRANCISCO","SAN FRANCISCO",-122.4063199,37.752989909999997
8137419,2016,2016-10-10,3801,2016-09-14,1832,2450,MISSI,3,5,7,3801,0,0,0,,0,3D15C,"DIVISION ST","SAN BRUNO ST",0.00,,Y,A,-,N,,,,,,,,,,N,3,0,1,2,A,-,09,21800,A,N,D,G,A,A,H,-,B,D,0,,Y,,,Y,,A,01,0,1,0,0,0,0,1,0,0,"- ","- ",,,"SAN FRANCISCO","SAN FRANCISCO",-122.40619997,37.769449889999997
8137421,2016,2016-10-11,3801,2016-09-03,2105,4314,CENTR,6,5,7,3801,0,0,0,,0,0A1,"POST ST","MASON ST",30.00,W,N,A,-,N,,,,,,,,,,N,4,0,1,2,A,-,17,22517,,F,H,G,A,A,H,-,C,D,0,,Y,,,Y,Y,A,01,0,0,1,0,0,0,1,0,0,"- ","- ",,,"SAN FRANCISCO","SAN FRANCISCO",-122.4101328,37.788038309999997
8137438,2016,2016-10-11,3801,2016-09-09,1853,1766,,5,5,7,3801,0,0,0,,0,4B3C,"EMBARCADERO NORTH","LOMBARD ST",35.00,N,N,A,-,N,,,,,,,,,,N,3,0,1,2,A,-,17,22517,,N,H,G,A,A,H,-,A,A,0,,Y,,,Y,,A,01,0,1,0,0,0,0,1,0,0,"- ","- ",,,"SAN FRANCISCO","SAN FRANCISCO",-122.40215778,37.8043914
8137440,2016,2016-10-11,3801,2016-09-22,1131,4241,MISSI,4,5,7,3801,0,0,0,,0,006,"16TH ST","POTRERO AV",114.00,W,N,A,-,N,,,,,,,,,,N,4,0,1,2,A,-,"- ",,,N,D,G,A,A,H,-,A,D,0,,Y,,,Y,,L,04,0,0,1,0,0,0,1,0,0,"- ","- ",,,"SAN FRANCISCO","SAN FRANCISCO",-122.40795309000001,37.765743540000003
8137443,2016,2016-10-11,3801,2016-09-30,0650,1172,SOUTH,5,5,7,3801,0,0,0,,0,COB,"3RD ST","HOWARD ST",185.00,S,N,A,-,N,,,,,,,,,,N,3,0,1,2,A,-,17,22517,,N,H,G,A,A,H,-,A,A,0,,Y,,,Y,,A,01,0,1,0,0,0,0,1,0,0,"- ","- ",,,"SAN FRANCISCO","SAN FRANCISCO",-122.40004571,37.78465181
8137444,2016,2016-10-11,3801,2016-09-05,1600,4253,INGLE,1,5,7,3801,0,0,0,,0,0H2,"MISSION ST","29TH ST",18.00,S,N,A,-,N,,,,,,,,,,N,4,0,1,2,A,-,03,22350,,N,C,G,A,A,B,-,A,D,0,,Y,,,Y,,L,04,0,0,1,0,0,0,1,0,0,"- ","- ",,,"SAN FRANCISCO","SAN FRANCISCO",-122.42094763999999,37.744035689999997
8137488,2016,2016-10-11,3801,2016-09-02,2025,4187,MISSI,5,5,7,3801,0,0,0,,0,3D73,"CESAR CHAVEZ ST","MISSION ST",100.00,E,N,A,-,N,,,,,,,,,,N,3,0,1,2,A,-,08,22107,,F,B,G,A,A,H,-,C,D,0,,Y,,,Y,,A,01,0,1,0,0,0,0,1,0,0,"- ","- ",,,"SAN FRANCISCO","SAN FRANCISCO",-122.4178041,37.748183490000002
8137499,2016,2016-10-11,3801,2016-09-29,0933,4182,SOUTH,4,5,7,3801,0,0,0,,0,3B60,"7TH ST","TOWNSEND ST",200.00,N,N,A,-,N,,,,,,,,,,N,3,0,1,3,A,-,17,22517,,N,B,G,A,A,H,-,A,A,0,,Y,,,Y,,A,01,0,1,0,0,0,0,1,0,0,"- ","- ",,,"SAN FRANCISCO","SAN FRANCISCO",-122.40215218,37.772216299999997
8137507,2016,2016-10-11,3801,2016-09-30,1753,4371,INGLE,5,5,7,3801,0,0,0,,0,901,"MISSION ST","30TH ST",0.00,,Y,A,-,N,,,,,,,,,,N,3,0,1,2,A,-,08,22107,,F,B,G,A,A,H,-,A,A,0,,Y,,,Y,,A,01,0,1,0,0,0,0,1,0,0,"- ","- ",,,"SAN FRANCISCO","SAN FRANCISCO",-122.42195984999999,37.742389920000001
8137512,2016,2016-10-11,3801,2016-09-28,2302,000382,NORTH,3,5,7,3801,0,0,0,,0,3E13E,"POLK ST","ELLIS ST",0.00,,Y,A,-,N,,,,,,,,,,N,3,0,1,2,D,-,00,,,N,D,G,A,A,H,-,C,A,0,,Y,,,Y,Y,-,"- ",0,1,0,0,0,0,1,0,0,"- ","- ",,,"SAN FRANCISCO","SAN FRANCISCO",-122.41934987,37.784039960000001
8137515,2016,2017-01-28,3801,2016-09-24,0046,000382,NORTH,6,5,7,3801,0,0,0,,0,3E15E,"LOMBARD ST","STIENER ST",0.00,,Y,A,-,Y,SF,4,101,-,-,7.426,I,5,N,N,3,0,1,2,A,-,12,21453,A,N,D,G,A,A,H,-,C,A,0,,Y,,,Y,,L,04,0,1,0,0,0,0,1,0,0,"- ","- ",,,"SAN FRANCISCO","SAN FRANCISCO",-122.43772848,37.799699850000003
8137537,2016,2017-01-26,3801,2016-09-18,0150,679,MISSI,7,5,7,3801,0,0,0,,0,0D1,"VALENCIA ST","SYCAMORE ALLEY",45.00,S,N,A,-,N,,,,,,,,,,,4,0,1,2,A,-,21,22106,,N,H,G,A,A,H,-,C,D,0,,Y,,,Y,,-,,0,0,1,0,0,0,1,0,0,"- ","- ",,,"SAN FRANCISCO","SAN FRANCISCO",-122.4216368,37.762426820000002
8137614,2016,2016-10-11,3801,2016-09-08,1826,1019,MISSI,4,5,7,3801,0,0,0,,0,3D11D,"VALENCIA ST","16TH ST",126.00,S,N,A,-,N,,,,,,,,,,N,3,0,1,3,A,-,17,21209,A,N,H,G,A,A,H,-,A,D,0,,Y,,,Y,,A,01,0,1,0,0,0,0,1,0,0,"- ","- ",,,"SAN FRANCISCO","SAN FRANCISCO",-122.42185784,37.764564800000002
8137626,2016,2016-10-11,3801,2016-09-07,2100,469,MISSI,3,5,7,3801,0,0,0,,0,3D2D,"13TH ST","FOLSOM ST",0.00,,Y,A,-,N,,,,,,,,,,Y,4,0,1,2,A,-,12,21453,A,N,D,G,A,A,H,-,C,A,0,,Y,,,Y,,L,04,0,0,1,0,0,0,1,0,0,"- ","- ",,,"SAN FRANCISCO","SAN FRANCISCO",-122.41558999,37.76952
8137649,2016,2016-11-10,3801,2016-09-18,0100,2035,MISIS,7,5,7,3801,0,0,0,,0,3D16E,"19TH ST","HAMPSHIRE ST",0.00,,Y,A,-,N,,,,,,,,,,N,4,0,1,2,A,-,09,21800,B,N,D,G,A,A,H,-,C,D,0,,Y,,,Y,,L,04,0,0,1,0,0,0,1,0,0,"- ","- ",,,"SAN FRANCISCO","SAN FRANCISCO",-122.40804989,37.760609979999998
8137736,2016,2016-11-28,3801,2016-08-30,1826,004294,SOUTH,2,5,7,3801,0,0,0,,0,3B61,"8TH ST","TOWNSEND ST",65.00,N,N,A,-,N,,,,,,,,,,N,3,0,1,2,A,-,05,21651,,N,B,G,A,A,H,-,A,D,0,,Y,,,Y,,-,"- ",0,1,0,0,0,0,1,0,0,"- ","- ",,,"SAN FRANCISCO","SAN FRANCISCO",-122.40410328,37.770181149999999
8138076,2016,2016-11-10,3801,2016-09-26,1425,807,SOUTH,1,5,7,3801,0,0,0,,0,3B12C,"BRANNAN ST","DORE ST",0.00,,Y,A,-,N,,,,,,,,,,N,3,0,1,2,A,-,17,21200,,N,D,G,A,A,H,-,A,A,0,,Y,,,Y,Y,L,04,0,1,0,0,0,0,1,0,0,"- ","- ",,,"SAN FRANCISCO","SAN FRANCISCO",-122.4077399,37.769469919999999
8143894,2016,2016-11-30,3801,2016-10-07,0305,2261,COD,5,5,7,3801,0,0,0,,0,3F53,"DOLORES ST","15TH ST",0.00,,Y,A,-,N,,,,,,,,,,N,3,0,1,2,A,-,03,22350,,N,D,G,A,A,H,-,C,D,0,,Y,,,Y,,L,04,0,1,0,0,0,0,1,0,0,"- ","- ",,,"SAN FRANCISCO","SAN FRANCISCO",-122.42659992,37.766259929999997
8143910,2016,2016-11-30,3801,2016-10-13,1118,1025,RICHM,4,5,7,3801,0,0,0,,0,3G15C,"TRANSVERSE DR","JOHN F KENNEDY DR",0.00,,Y,A,-,N,,,,,,,,,,N,3,0,1,2,A,-,12,22450,A,N,D,G,A,A,H,-,A,A,0,,Y,,,Y,,L,04,0,1,0,0,0,0,1,0,0,"- ","- ",,,"SAN FRANCISCO","SAN FRANCISCO",-122.47991992,37.770489900000001
8166002,2016,2016-11-15,3801,2016-10-01,1315,1339,NORTH,6,5,7,3801,0,0,0,,0,903,"VAN NESS AV","ELLIS ST",0.00,,Y,A,-,N,,,,,,,,,,N,4,0,1,2,A,-,05,21650,1,N,D,G,A,A,-,-,A,A,0,,Y,,,Y,,L,04,0,0,1,0,0,0,1,0,0,"- ","- ",,,"SAN FRANCISCO","SAN FRANCISCO",-122.42106991,37.783819919999999
8166009,2016,2016-11-16,3801,2016-10-07,1755,4291,TENDE,5,5,7,3801,0,0,0,,0,3J42D,"MARKET ST","9TH ST",138.00,E,N,A,-,N,,,,,,,,,,N,3,0,1,3,A,-,17,22517,,N,H,G,A,A,H,-,A,D,0,,Y,,,Y,,-,,0,1,0,0,0,0,1,0,0,"- ","- ",,,"SAN FRANCISCO","SAN FRANCISCO",-122.41599136000001,37.777767349999998
8166030,2016,2016-11-15,3801,2016-10-05,0850,2710,TENDE,3,5,7,3801,0,0,0,,0,0J1,"7TH ST","POINT REFERENCE",120.00,S,N,A,-,N,,,,,,,,,,N,4,0,1,3,A,-,17,22517,,N,H,G,A,A,H,-,A,A,0,,Y,,,Y,,A,01,0,0,1,0,0,0,1,0,0,"- ","- ",,,"SAN FRANCISCO","SAN FRANCISCO",,
8166049,2016,2016-11-15,3801,2016-10-08,0207,2028,CENTR,6,5,7,3801,0,0,0,,0,3A12,"MONTGOMERY ST","SUTTER ST",30.00,S,N,A,-,N,,,,,,,,,,N,4,0,1,2,A,-,04,21703,,F,C,G,A,A,H,-,C,A,0,,Y,,,Y,,A,01,0,0,1,0,0,0,1,0,0,"- ","- ",,,"SAN FRANCISCO","SAN FRANCISCO",-122.40215406999999,37.78992856
8166050,2016,2016-11-16,3801,2016-10-10,1452,2334,SOUTH,1,5,7,3801,0,0,0,,0,0B1,"THE EMBARCADERO","HARRISON ST",0.00,,Y,A,-,N,,,,,,,,,,N,3,0,2,2,A,-,11,21954,A,N,G,B,E,A,H,-,A,D,0,Y,Y,,,Y,,N,60,0,1,1,0,1,0,1,0,0,"- ","- ",,,"SAN FRANCISCO","SAN FRANCISCO",-122.38860987,37.789499990000003
8166051,2016,2017-01-05,3801,2016-10-29,2225,1013,MISSI,6,5,7,3801,0,0,0,,0,3D14E,"24TH ST","YORK ST",0.00,,Y,A,-,N,,,,,,,,,,N,3,0,1,3,A,-,17,22517,,N,H,G,A,A,H,-,C,A,0,,Y,,,Y,,-,,0,1,0,0,0,0,1,0,0,"- ","- ",,,"SAN FRANCISCO","SAN FRANCISCO",-122.40817993,37.75286998
8166066,2016,2016-11-16,3801,2016-10-02,1724,4280,RICHM,7,5,7,3801,0,0,0,,0,3G13D,"6TH AV","CABRILLO ST",0.00,,Y,A,-,N,,,,,,,,,,N,3,0,1,2,A,-,12,22450,A,F,C,G,A,A,H,-,A,A,0,,Y,,,Y,,A,07,0,1,0,0,0,0,1,0,0,"- ","- ",,,"SAN FRANCISCO","SAN FRANCISCO",-122.46387998,37.775369949999998
8166068,2016,2016-11-16,3801,2016-10-24,1215,1404,SOUTH,1,5,7,3801,0,0,0,,0,9X19B,"HOWARD ST","4TH ST",34.00,W,N,B,-,N,,,,,,,,,,N,3,0,1,2,A,-,08,22107,,N,B,G,A,A,-,-,A,D,0,,Y,,,Y,,A,01,0,1,0,0,0,0,1,0,0,"- ","- ",,,"SAN FRANCISCO","SAN FRANCISCO",-122.40278345,37.783204140000002
8166225,2016,2016-11-15,3801,2016-10-01,1505,1030,MISSI,6,5,7,3801,0,0,0,,0,3D114,"17TH ST","MISSION ST",9.00,E,N,A,-,N,,,,,,,,,,N,4,0,1,2,A,-,12,21453,A,M,D,G,A,A,H,-,A,A,0,,Y,,,Y,,L,04,0,0,1,0,0,0,1,0,0,"- ","- ",,,"SAN FRANCISCO","SAN FRANCISCO",-122.41946895,37.763421919999999
8166241,2016,2016-11-15,3801,2016-10-11,1750,193100,NORTH,2,5,7,3801,0,0,0,,0,,"HAIGHT ST","LAGUNA ST",97.00,E,N,A,-,N,,,,,,,,,,N,4,0,1,2,A,-,09,21804,A,N,D,G,A,A,H,-,A,D,0,,Y,,,Y,,A,01,0,0,1,0,0,0,1,0,0,"- ","- ",,,"SAN FRANCISCO","SAN FRANCISCO",-122.42517934,37.77278604
8166246,2016,2016-11-15,3801,2016-10-01,1609,000917,TARAV,6,5,7,3801,0,0,0,,0,4B8E,"VICENTE ST","36TH AV",0.00,,Y,A,-,N,,,,,,,,,,N,4,0,2,2,A,-,12,22450,A,N,D,G,A,A,H,-,A,A,0,,Y,,,Y,,L,04,0,0,2,0,0,0,1,0,0,"- ","- ",,,"SAN FRANCISCO","SAN FRANCISCO",-122.49365994999999,37.738529909999997
8166247,2016,2016-11-15,3801,2016-10-01,1825,2470,PARK,6,5,7,3801,0,0,0,,0,3F13D,"FELL ST","BRODERICK ST",126.00,E,N,A,-,N,,,,,,,,,,N,4,0,1,2,A,-,05,21650,1,N,D,G,A,A,H,-,A,D,0,,Y,,,Y,,L,04,0,0,1,0,0,0,1,0,0,"- ","- ",,,"SAN FRANCISCO","SAN FRANCISCO",-122.43885967,37.773896020000002
8166293,2016,2016-11-15,3801,2016-10-12,0618,379,RICHM,3,5,7,3801,0,0,0,,0,0G4,"18TH AV","CABRILLO ST",0.00,,Y,C,-,N,,,,,,,,,,N,4,0,1,2,A,-,09,21800,A,N,D,G,A,B,H,-,C,A,0,,Y,,,Y,,A,01,0,0,1,0,0,0,1,0,0,"- ","- ",,,"SAN FRANCISCO","SAN FRANCISCO",-122.47682988,37.774769910000003
8166303,2016,2016-11-15,3801,2016-10-01,1650,4283,RICHM,6,5,7,3801,0,0,0,,0,3G13D,"CLEMENT ST","5TH AV",0.00,,Y,A,-,N,,,,,,,,,,N,4,0,1,1,D,-,00,,,N,H,-,A,A,H,-,A,D,0,,Y,,,Y,,-,"- ",0,0,1,0,0,0,1,0,0,"- ","- ",,,"SAN FRANCISCO","SAN FRANCISCO",-122.46335999,37.782989929999999
8166318,2016,2016-11-15,3801,2016-10-04,1920,738,NORTH,2,5,7,3801,0,0,0,,0,3E15D,"FRANCISCO ST","FRANKLIN ST",0.00,,Y,-,-,N,,,,,,,,,,N,4,0,1,2,D,-,00,,,N,D,G,A,A,H,-,C,A,0,,Y,,,Y,,-,"- ",0,0,1,0,0,0,1,0,0,"- ","- ",,,"SAN FRANCISCO","SAN FRANCISCO",-122.42655988999999,37.802999909999997
8166320,2016,2016-12-22,3801,2016-10-26,1340,2413,TARAV,3,5,7,3801,0,0,0,,0,,"JUNIPERO SERRA BL","SLOAT BL",33.00,S,N,A,-,N,,,,,,,,,,N,3,0,1,1,B,-,22,,,N,H,J,A,A,H,-,A,A,0,,Y,,,Y,,L,04,0,1,0,0,0,0,1,0,0,"- ","- ",,,"SAN FRANCISCO","SAN FRANCISCO",-122.47159121999999,37.734683480000001
8166321,2016,2016-12-21,3801,2016-10-26,1659,2713,MISSI,3,5,7,3801,0,0,0,,0,3D14D,"VALENCIA ST","22ND ST",0.00,,Y,A,-,N,,,,,,,,,,N,4,0,1,2,A,-,07,21658,A,N,D,G,A,A,H,-,A,D,0,,Y,,,Y,,A,01,0,0,1,0,0,0,1,0,0,"- ","- ",,,"SAN FRANCISCO","SAN FRANCISCO",-122.42096986,37.755309920000002
8166343,2016,2016-11-15,3801,2016-10-10,0930,000054,NORTH,1,5,7,3801,0,0,0,,0,3E13D,"5TH ST","HARRISON ST",0.00,,Y,F,-,N,,,,,,,,,,N,4,0,1,2,A,-,08,22107,,N,B,G,A,-,G,-,A,A,0,,Y,,,Y,Y,-,,0,0,1,0,0,0,1,0,0,"- ","- ",,,"SAN FRANCISCO","SAN FRANCISCO",-122.40186989,37.779059920000002
8166344,2016,2016-12-21,3801,2016-10-14,1048,2703,INGLE,5,5,7,3801,0,0,0,,0,03H,"MISSION ST","CORTLAND ST",35.00,N,N,C,-,N,,,,,,,,,,N,3,0,1,2,A,-,"- ",,,M,G,B,F,B,H,-,A,D,0,Y,Y,,,Y,,L,04,0,1,0,0,1,0,0,0,0,"- ","- ",,,"SAN FRANCISCO","SAN FRANCISCO",-122.42278641,37.741096220000003
8166369,2016,2016-11-15,3801,2016-10-18,1928,2228,SOUTH,2,5,7,3801,0,0,0,,0,3B12D,"BRYANT ST","5TH ST",0.00,,Y,A,-,N,,,,,,,,,,N,4,0,1,2,A,-,12,21453,A,N,D,G,A,A,H,-,C,A,0,,Y,,,Y,,L,04,0,0,1,0,0,0,1,0,0,"- ","- ",,,"SAN FRANCISCO","SAN FRANCISCO",-122.40028995999999,37.777799989999998
8166390,2016,2016-11-15,3801,2016-10-04,2330,2744,NORTH,2,5,7,3801,0,0,0,,0,3E13E,"MCALLISTER ST","OCTAVIA ST",0.00,,Y,A,-,N,,,,,,,,,,N,2,0,1,3,A,-,00,21760,C,F,B,G,A,A,H,-,C,D,0,,Y,,,Y,Y,-,,1,0,0,0,0,0,1,0,0,"- ","- ",,,"SAN FRANCISCO","SAN FRANCISCO",-122.42488324999999,37.779476299999999
8166398,2016,2016-12-21,3801,2016-10-10,1610,2095,MISSI,1,5,7,3801,0,0,0,,0,3D60,"17TH ST","SHOTWELL ST",6.00,W,N,A,-,N,,,,,,,,,,N,4,0,1,2,A,-,09,21800,A,N,D,G,A,A,H,-,A,A,0,,Y,,,Y,,L,04,0,0,1,0,0,0,1,0,0,"- ","- ",,,"SAN FRANCISCO","SAN FRANCISCO",-122.41623072,37.763618899999997
8166471,2016,2016-11-14,3801,2016-09-28,1009,001460,SOUTH,3,5,7,3801,0,0,0,,0,COB,"11TH ST","MISSION ST",190.00,N,N,A,-,N,,,,,,,,,,N,4,0,1,2,A,-,17,22517,,N,B,G,A,A,H,-,A,D,0,,Y,,,Y,,A,07,0,0,1,0,0,0,1,0,0,"- ","- ",,,"SAN FRANCISCO","SAN FRANCISCO",-122.41756710999999,37.774697379999999
8183468,2016,2016-12-12,3801,2016-11-15,1446,200,SOUTH,2,5,7,3801,0,0,0,,0,003,"FOLSOM ST","MABINI ST",0.00,,Y,A,-,N,,,,,,,,,,N,3,0,1,2,A,-,08,22107,,N,D,C,A,A,H,-,A,A,0,,Y,,,Y,Y,A,01,0,1,0,0,0,0,1,0,0,"- ","- ",,,"SAN FRANCISCO","SAN FRANCISCO",-122.40039989,37.78263991
8183486,2016,2017-02-22,3801,2016-11-16,1704,2403,SOUTH,3,5,7,3801,0,0,0,,0,3B61,"MARKET ST","SOUTH VAN NESS",0.00,,Y,A,-,Y,SF,4,101,-,T,4.860,I,5,S,N,4,0,1,2,D,-,00,,,F,H,G,A,A,H,-,C,A,0,,Y,,,Y,,-,"- ",0,0,1,0,0,0,1,0,0,"- ","- ",,,"SAN FRANCISCO","SAN FRANCISCO",-122.41934194,37.775147160000003
8183487,2016,2016-12-09,3801,2016-11-22,1110,137,MISSI,2,5,7,3801,0,0,0,,0,001,"14TH ST","RAMONA ST",75.00,E,N,A,-,N,,,,,,,,,,N,4,0,1,2,A,-,03,22350,,N,E,E,A,A,H,-,A,A,0,,Y,,,Y,,L,04,0,0,1,0,0,0,1,0,0,"- ","- ",,,"SAN FRANCISCO","SAN FRANCISCO",-122.42510156,37.767969039999997
8183502,2016,2016-12-09,3801,2016-11-04,0740,518,INGLE,5,5,7,3801,0,0,0,,0,4B5H,"SILVER AV","CAMELLIA AV",0.00,,Y,A,-,N,,,,,,,,,,N,4,0,1,2,A,-,09,21802,A,N,D,G,A,A,H,-,A,D,0,,Y,,,Y,,A,01,0,0,1,0,0,0,1,0,0,"- ","- ",37.729309999999998,-122.43215000000001,"SAN FRANCISCO","SAN FRANCISCO",-122.43229992000001,37.729259990000003
8183510,2016,2016-12-09,3801,2016-11-21,0614,002731,SOUTH,1,5,7,3801,0,0,0,,0,0B3,"OWEN ST","16TH ST",0.00,,Y,B,-,N,,,,,,,,,,N,4,0,1,2,A,-,05,21650,1,N,D,G,A,B,H,-,B,A,0,,Y,,,Y,,L,04,0,0,1,0,0,0,1,0,0,"- ","- ",,,"SAN FRANCISCO","SAN FRANCISCO",-122.39269985999999,37.766709970000001
8183534,2016,2016-12-12,3801,2016-11-10,0922,1590,PARK,4,5,7,3801,0,0,0,,0,3F11A,"STANYAN ST","WILLARD ST",0.00,,Y,A,-,N,,,,,,,,,,Y,4,0,1,2,A,-,09,21801,A,F,B,G,A,A,H,-,A,A,0,,Y,,,Y,,A,01,0,0,1,0,0,0,1,0,0,"- ","- ",,,"SAN FRANCISCO","SAN FRANCISCO",,
8183550,2016,2016-12-12,3801,2016-11-04,1700,649,INGLE,5,5,7,3801,0,0,0,,0,3H11D,"7TH ST","NATOMA ST",0.00,,Y,A,-,N,,,,,,,,,,N,3,0,1,2,A,-,03,22350,,N,D,G,A,A,H,-,A,D,0,,Y,,,Y,,A,07,0,1,0,0,0,0,1,0,0,"- ","- ",,,"SAN FRANCISCO","SAN FRANCISCO",-122.40989998000001,37.778399929999999
8183557,2016,2016-12-09,3801,2016-11-08,0825,97,PARK,2,5,7,3801,0,0,0,,0,3F11A,STANYAN,"FREDERICK ST",0.00,,Y,A,-,N,,,,,,,,,,N,4,0,1,2,A,-,08,22107,,N,-,G,A,A,H,-,A,A,0,,Y,,,Y,,A,01,0,0,1,0,0,0,1,0,0,"- ","- ",,,"SAN FRANCISCO","SAN FRANCISCO",-122.45295998,37.766379979999996
8183593,2016,2017-01-12,3801,2016-11-08,1646,623,SOUTH,2,5,7,3801,0,0,0,,0,3B12D,"BRYANT ST","8TH ST",0.00,,Y,A,-,N,,,,,,,,,,N,4,0,1,1,A,-,"- ",,,N,H,G,A,A,H,-,A,A,0,,Y,,,Y,Y,L,04,0,0,1,0,0,0,1,0,0,"- ","- ",,,"SAN FRANCISCO","SAN FRANCISCO",-122.40697999,37.772509980000002
8183607,2016,2016-12-12,3801,2016-11-30,0845,1538,COD,3,5,7,3801,0,0,0,,0,3D60,"MARKET ST","MARKET ST 1073",0.00,,N,A,-,N,,,,,,,,,,N,3,0,1,2,A,-,00,21760,C,F,B,G,A,D,H,-,A,D,0,,Y,,,Y,,-,,0,1,0,0,0,0,1,0,0,"- ","- ",,,"SAN FRANCISCO","SAN FRANCISCO",-122.41181821000001,37.781037220000002
8183674,2016,2016-12-12,3801,2016-11-01,2040,001752,CENTR,2,5,7,3801,0,0,0,,0,0A2,"SUTTER ST","MONTGOMERY ST",18.00,W,N,A,-,N,,,,,,,,,,N,4,0,1,2,A,-,12,21453,A,F,D,G,A,A,H,-,C,A,0,,Y,,,Y,Y,A,01,0,0,1,0,0,0,1,0,0,"- ","- ",,,"SAN FRANCISCO","SAN FRANCISCO",-122.40223176000001,37.790003429999999
8184133,2016,2017-01-24,3801,2016-11-24,0904,142,TENDE,4,5,7,3801,0,0,0,,0,3J11A,"STEVENSON ST","5TH ST",15.00,E,N,A,-,N,,,,,,,,,,N,3,0,1,1,A,I,"- ",,,N,H,-,A,A,H,-,A,D,0,,Y,,,Y,,L,04,0,1,0,0,0,0,1,0,0,"- ","- ",,,"SAN FRANCISCO","SAN FRANCISCO",-122.40746,37.78351
8184157,2016,2017-02-09,3801,2016-11-23,2100,1279,BAYVI,3,5,7,3801,0,0,0,,0,3C12D,"BAYSHORE BL","PAUL AV",0.00,,Y,A,-,N,,,,,,,,,,N,4,0,1,2,A,-,12,21453,A,N,D,G,A,A,H,-,C,A,0,,Y,,,Y,,L,04,0,0,1,0,0,0,1,0,0,"- ","- ",,,"SAN FRANCISCO","SAN FRANCISCO",-122.40078991,37.723609889999999
8184161,2016,2016-12-12,3801,2016-11-18,1018,2747,TENDE,5,5,7,3801,0,0,0,,0,3J12A,"MARKET ST","5TH ST",139.00,E,N,A,-,N,,,,,,,,,,N,3,0,1,2,A,-,06,21750,A,N,D,G,A,A,H,-,A,D,0,,Y,,,Y,,L,04,0,1,0,0,0,0,1,0,0,"- ","- ",,,"SAN FRANCISCO","SAN FRANCISCO",-122.40771486,37.784266039999999
8184168,2016,2016-12-15,3801,2016-11-19,0023,2117,MISSI,6,5,7,3801,0,0,0,,0,3D13E,"HARRISON ST","MARIPOSA ST",0.00,,Y,A,-,N,,,,,,,,,,N,3,0,1,2,A,-,12,22450,A,N,D,G,A,A,H,-,C,A,0,,Y,,,Y,,L,04,0,1,0,0,0,0,1,0,0,"- ","- ",,,"SAN FRANCISCO","SAN FRANCISCO",-122.41290999,37.76289989
8184188,2016,2016-12-15,3801,2016-11-24,1953,2739,BAYVI,4,5,7,3801,0,0,0,,0,3C11D,"JENNINGS ST","WALLACE AV",15.00,N,N,A,-,N,,,,,,,,,,N,3,0,1,2,A,-,12,22450,A,F,H,G,A,A,H,-,C,A,0,,Y,,,Y,Y,A,01,0,1,0,0,0,0,1,0,0,"- ","- ",,,"SAN FRANCISCO","SAN FRANCISCO",-122.3892194,37.726453280000001
8184192,2016,2016-12-15,3801,2016-11-20,1817,754,NORTH,7,5,7,3801,0,0,0,,0,3E12D,"GOLDEN GATE","LAGUNA ST",0.00,,Y,B,-,N,,,,,,,,,,N,4,0,1,2,A,-,09,21801,A,M,D,G,A,A,H,-,C,A,0,,Y,,,Y,,-,99,0,0,1,0,0,0,1,0,0,"- ","- ",,,"SAN FRANCISCO","SAN FRANCISCO",-122.42701999000001,37.780199879999998