CASE_ID,ACCIDENT_YEAR,PROC_DATE,JURIS,COLLISION_DATE,COLLISION_TIME,OFFICER_ID,REPORTING_DISTRICT,DAY_OF_WEEK,CHP_SHIFT,POPULATION,CNTY_CITY_LOC,SPECIAL_COND,BEAT_TYPE,CHP_BEAT_TYPE,CITY_DIVISION_LAPD,CHP_BEAT_CLASS,BEAT_NUMBER,PRIMARY_RD,SECONDARY_RD,DISTANCE,DIRECTION,INTERSECTION,WEATHER_1,WEATHER_2,STATE_HWY_IND,CALTRANS_COUNTY,CALTRANS_DISTRICT,STATE_ROUTE,ROUTE_SUFFIX,POSTMILE_PREFIX,POSTMILE,LOCATION_TYPE,RAMP_INTERSECTION,SIDE_OF_HWY,TOW_AWAY,COLLISION_SEVERITY,NUMBER_KILLED,NUMBER_INJURED,PARTY_COUNT,PRIMARY_COLL_FACTOR,PCF_CODE_OF_VIOL,PCF_VIOL_CATEGORY,PCF_VIOLATION,PCF_VIOL_SUBSECTION,HIT_AND_RUN,TYPE_OF_COLLISION,MVIW,PED_ACTION,ROAD_SURFACE,ROAD_COND_1,ROAD_COND_2,LIGHTING,CONTROL_DEVICE,CHP_ROAD_TYPE,PEDESTRIAN_ACCIDENT,BICYCLE_ACCIDENT,MOTORCYCLE_ACCIDENT,TRUCK_ACCIDENT,NOT_PRIVATE_PROPERTY,ALCOHOL_INVOLVED,STWD_VEHTYPE_AT_FAULT,CHP_VEHTYPE_AT_FAULT,COUNT_SEVERE_INJ,COUNT_VISIBLE_INJ,COUNT_COMPLAINT_PAIN,COUNT_PED_KILLED,COUNT_PED_INJURED,COUNT_BICYCLIST_KILLED,COUNT_BICYCLIST_INJURED,COUNT_MC_KILLED,COUNT_MC_INJURED,PRIMARY_RAMP,SECONDARY_RAMP,LATITUDE,LONGITUDE,COUNTY,CITY,POINT_X,POINT_Y
8184298,2016,2017-01-19,3801,2016-11-01,1609,2093,TARAV,2,5,7,3801,0,0,0,,0,3I14D,"UPPER GREAT HWY","MORAGA ST",0.00,,Y,A,-,N,,,,,,,,,,N,2,0,1,1,A,-,03,22350,,N,H,A,A,A,H,-,A,D,0,,Y,,,Y,,L,04,1,0,0,0,0,0,1,0,0,"- ","- ",,,"SAN FRANCISCO","SAN FRANCISCO",-122.50910103,37.754636210000001
8200896,2017,2017-03-16,3801,2017-02-13,1708,299,SOUTH,1,5,7,3801,0,0,0,,0,3B13D,"MISSION ST","6TH ST",125.00,W,N,A,-,N,,,,,,,,,,N,3,0,1,2,A,-,00,21760,C,N,C,G,A,A,H,-,A,D,0,,Y,Y,,Y,,-,"- ",0,1,0,0,0,0,1,0,0,"- ","- ",,,"SAN FRANCISCO","SAN FRANCISCO",-122.40899472,37.780736230000002
8200976,2017,2017-03-15,3801,2017-02-28,1822,002334,SOUTH,2,5,7,3801,0,0,0,,0,0B3,"7TH ST","BRANNAN ST",100.00,S,N,A,-,N,,,,,,,,,,N,4,0,1,2,A,-,21,22106,,N,D,G,A,A,-,-,B,D,0,,Y,,,Y,,A,01,0,0,1,0,0,0,1,0,0,"- ","- ",,,"SAN FRANCISCO","SAN FRANCISCO",-122.40296441,37.772856439999998
8201092,2017,2017-03-15,3801,2017-02-15,0808,2211,COJ,3,5,7,3801,0,0,0,,0,3J15A,"MARKET ST","7TH ST",0.00,,Y,B,-,N,,,,,,,,,,N,4,0,1,1,A,-,17,21200,,N,E,I,A,A,H,-,A,A,0,,Y,,,Y,,L,04,0,0,1,0,0,0,1,0,0,"- ","- ",,,"SAN FRANCISCO","SAN FRANCISCO",-122.4125099,37.780479900000003
8201112,2017,2017-03-15,3801,2017-02-15,1333,137,MISSI,3,5,7,3801,0,0,0,,0,004,"CESAR CHAVEZ","BRYANT ST",12.00,E,N,A,-,N,,,,,,,,,,N,4,0,1,2,A,-,08,22107,,N,B,G,A,A,H,-,A,A,0,,Y,,,Y,,A,08,0,0,1,0,0,0,1,0,0,"- ","- ",,,"SAN FRANCISCO","SAN FRANCISCO",-122.40867848000001,37.748370000000001
8201115,2017,2017-03-16,3801,2017-02-04,1535,246,BAYVI,6,5,7,3801,0,0,0,,0,3C11C,"23RD ST","MINNESOTA ST",4.00,W,N,A,-,N,,,,,,,,,,N,4,0,1,2,A,-,08,22107,,N,D,G,A,A,H,-,A,A,0,,Y,,,Y,,A,01,0,0,1,0,0,0,1,0,0,"- ","- ",,,"SAN FRANCISCO","SAN FRANCISCO",-122.38999380999999,37.755299270000002
8201166,2017,2017-03-17,3801,2017-02-07,2117,200,SOUTH,2,5,7,3801,0,0,0,,0,3B14D,"MARKET ST","GUERRERO ST",0.00,,Y,A,-,N,,,,,,,,,,N,3,0,1,2,A,-,08,22107,,N,D,G,A,A,H,-,C,A,0,,Y,,,Y,,A,01,0,1,0,0,0,0,1,0,0,"- ","- ",,,"SAN FRANCISCO","SAN FRANCISCO",-122.42485991,37.770749879999997
8201167,2017,2017-03-23,3801,2017-02-18,1640,397,SOUTH,6,5,7,3801,0,0,0,,0,SOUTHE,"THE EMBARCADERO","GREEN ST",0.00,,Y,A,-,N,,,,,,,,,,N,4,0,1,2,A,-,08,22107,,N,-,G,A,A,H,-,A,A,0,,Y,,,Y,,A,01,0,0,1,0,0,0,1,0,0,"- ","- ",,,"SAN FRANCISCO","SAN FRANCISCO",-122.39921988,37.800839910000001
8201190,2017,2017-03-16,3801,2017-02-16,1840,2138,SOUTH,4,5,7,3801,0,0,0,,0,0B5,"CHANNEL ST","3RD ST",0.00,,Y,A,-,N,,,,,,,,,,N,4,0,1,2,A,-,21,22106,,N,C,G,A,A,H,-,E,A,0,,Y,,,Y,,A,01,0,0,1,0,0,0,1,0,0,"- ","- ",,,"SAN FRANCISCO","SAN FRANCISCO",-122.38993987000001,37.77460997
8205558,2016,2017-01-12,3801,2016-12-20,1730,1679,CENTR,2,5,7,3801,0,0,0,,0,3A11D,"NORTHPOINT ST","LEAVENWORTH ST",0.00,,Y,A,-,N,,,,,,,,,,N,4,0,1,2,A,-,09,21802,A,N,D,G,A,A,H,-,D,A,0,,Y,,,Y,,A,01,0,0,1,0,0,0,1,0,0,"- ","- ",,,"SAN FRANCISCO","SAN FRANCISCO",-122.418729,37.805931000000001
8205590,2016,2017-01-12,3801,2016-12-16,1620,4139,CENTR,5,5,7,3801,0,0,0,,0,002,"ELLIS ST","POWELL ST",156.00,E,N,A,-,N,,,,,,,,,,N,4,0,1,2,A,-,09,21804,A,N,A,G,A,A,H,-,A,A,0,,Y,,,Y,,A,01,0,0,1,0,0,0,1,0,0,"- ","- ",,,"SAN FRANCISCO","SAN FRANCISCO",-122.40729665000001,37.785566850000002
8205634,2016,2017-01-13,3801,2016-12-13,1704,2470,PARK,2,5,7,3801,0,0,0,,0,3F12D,"PARNASSUS AV","PARNASSUS AV 634",0.00,,Y,C,-,N,,,,,,,,,,N,4,0,1,2,D,-,00,,,N,B,G,A,B,H,-,C,D,0,,Y,,,Y,,-,"- ",0,0,1,0,0,0,1,0,0,"- ","- ",,,"SAN FRANCISCO","SAN FRANCISCO",-122.46044755,37.762764969999999
8205654,2016,2017-01-13,3801,2016-12-13,0630,160,MISSI,2,5,7,3801,0,0,0,,0,901,"CESAR CHAVEZ ST","ALABAMA ST",91.00,E,N,A,-,N,,,,,,,,,,N,4,0,1,2,A,-,07,21658,A,N,C,G,A,A,H,-,B,D,0,,Y,,,Y,,-,"- ",0,0,1,0,0,0,1,0,0,"- ","- ",,,"SAN FRANCISCO","SAN FRANCISCO",-122.41022529,37.748337149999998
8205755,2016,2017-01-12,3801,2016-12-05,1300,2374,INGLE,1,5,7,3801,0,0,0,,0,3H13C,"MISSION ST","BRAZIL AV",100.00,N,N,B,-,N,,,,,,,,,,N,3,0,2,3,A,-,17,22517,,N,H,G,A,A,H,-,A,D,0,,Y,,,Y,,A,01,0,1,1,0,0,0,2,0,0,"- ","- ",,,"SAN FRANCISCO","SAN FRANCISCO",-122.43464246000001,37.724930819999997
8280230,2016,2017-01-30,3801,2016-12-21,1127,1922,SOUTH,3,5,7,3801,0,0,0,,0,,"AHERN ST","6TH ST",0.00,,Y,A,-,N,,,,,,,,,,N,4,0,1,2,A,-,12,22450,A,N,D,G,A,A,H,-,A,A,0,,Y,,,Y,,A,01,0,0,1,0,0,0,1,0,0,"- ","- ",,,"SAN FRANCISCO","SAN FRANCISCO",-122.40335998,37.776739990000003
8280319,2016,2017-01-13,3801,2016-12-03,1415,373,NORTH,6,5,7,3801,0,0,0,,0,035,"MARINA BL","CASA WY",165.00,E,N,A,-,N,,,,,,,,,,N,3,0,1,2,A,-,03,22350,,N,C,G,A,A,H,-,A,D,0,,Y,,,Y,,L,04,0,1,0,0,0,0,1,0,0,"- ","- ",,,"SAN FRANCISCO","SAN FRANCISCO",-122.43931635,37.806153930000001
8281104,2016,2017-01-18,3801,2016-10-27,1803,002731,SOUTH,4,5,7,3801,0,0,0,,0,0B5,"4TH ST","MARIPOSA ST",220.00,N,N,B,C,N,,,,,,,,,,N,2,0,1,2,A,-,09,21802,A,N,D,G,A,B,H,-,B,A,0,,Y,,,Y,,A,07,1,0,0,0,0,0,1,0,0,"- ","- ",,,"SAN FRANCISCO","SAN FRANCISCO",-122.3907811,37.764805109999998
8292727,2017,2017-07-19,3801,2017-06-01,1842,301,RICHM,4,5,7,3801,0,0,0,,0,3G60,"POINT LOBOS AV","MERRIE WY",100.00,W,N,A,-,N,,,,,,,,,,N,3,0,1,2,A,-,02,21211,A,F,C,G,A,A,H,-,A,D,0,,Y,,,Y,,A,01,0,1,0,0,0,0,1,0,0,"- ","- ",,,"SAN FRANCISCO","SAN FRANCISCO",-122.51188517,37.77917386
8292741,2017,2017-07-20,3801,2017-06-04,1844,321,COG,7,5,7,3801,0,0,0,,0,3G13D,"FULTON ST","8TH AV",0.00,,Y,A,-,N,,,,,,,,,,N,4,0,1,2,A,-,09,21801,A,N,D,G,A,A,H,-,A,A,0,,Y,,,Y,,L,04,0,0,1,0,0,0,1,0,0,"- ","- ",,,"SAN FRANCISCO","SAN FRANCISCO",-122.46587996,37.77337996
8292743,2017,2017-07-20,3801,2017-06-06,2007,255,INGLE,2,5,7,3801,0,0,0,,0,3H16E,"VALENCIA ST","CESAR CHAVEZ",0.00,,Y,A,-,N,,,,,,,,,,N,3,0,1,2,A,-,08,22107,,N,B,G,A,A,H,-,C,A,0,,Y,,,Y,,A,01,0,1,0,0,0,0,1,0,0,"- ","- ",,,"SAN FRANCISCO","SAN FRANCISCO",-122.42024995,37.748119950000003
8292753,2017,2017-07-20,3801,2017-06-04,2052,4320,INGLE,7,5,7,3801,0,0,0,,0,003,"MISSION ST","29TH ST",0.00,,Y,A,-,N,,,,,,,,,,N,3,0,1,2,D,-,00,,,N,H,-,A,A,H,-,B,A,0,,Y,,,Y,,-,"- ",0,1,0,0,0,0,1,0,0,"- ","- ",,,"SAN FRANCISCO","SAN FRANCISCO",-122.42091988999999,37.744079929999998
8292802,2017,2017-04-13,3801,2017-04-01,1157,2064,PARK,6,5,7,3801,0,0,0,,0,3F44B,"CHURCH ST","DUBOCE AV",0.00,,Y,A,-,N,,,,,,,,,,N,4,0,1,2,A,-,09,21800,A,N,H,G,A,A,H,-,A,D,0,,Y,,,Y,,L,04,0,0,1,0,0,0,1,0,0,"- ","- ",,,"SAN FRANCISCO","SAN FRANCISCO",-122.42911992000001,37.769459959999999
8305172,2017,2017-02-15,3801,2017-01-25,0830,1196,INGLE,3,5,7,3801,0,0,0,,0,0H4,"MONTEREY BL","CIRCULAR AV",0.00,,Y,A,-,N,,,,,,,,,,N,3,0,1,2,A,-,17,21200,A,N,B,G,A,A,H,-,A,A,0,,Y,,,Y,,L,04,0,1,0,0,0,0,1,0,0,"- ","- ",,,"SAN FRANCISCO","SAN FRANCISCO",-122.43651989999999,37.7315799
8305289,2017,2018-02-10,3801,2017-01-24,0030,1216,BAYVI,2,5,7,3801,0,0,0,,0,3C13E,"RT 101","BAYSHORE BL",1300.00,N,N,B,-,Y,SF,4,101,-,-,0.844,R,2,S,N,3,0,1,2,A,-,00,21960,A,F,C,G,A,B,H,-,C,D,0,,Y,,,Y,,L,04,0,1,0,0,0,0,1,0,0,SF,"- ",,,"SAN FRANCISCO","SAN FRANCISCO",-122.39992279000001,37.71975209
8305292,2017,2017-02-16,3801,2017-01-07,1421,2234,TENDE,6,5,7,3801,0,0,0,,0,3J42C,"MCALLISTER ST","HYDE ST",5.00,E,N,C,-,N,,,,,,,,,,N,4,0,1,2,A,-,08,22100,B,N,D,G,A,B,D,-,A,A,0,,Y,,,Y,,L,04,0,0,1,0,0,0,1,0,0,"- ","- ",,,"SAN FRANCISCO","SAN FRANCISCO",-122.41530288,37.780742000000004
8305379,2017,2017-02-15,3801,2017-01-17,1813,2132,MISSI,2,5,7,3801,0,0,0,,0,3D62,"VALENCIA ST","22ND ST",0.00,,Y,A,-,N,,,,,,,,,,N,2,0,1,2,A,-,10,21950,A,F,H,G,A,A,H,-,C,A,0,,Y,,,Y,,-,,1,0,0,0,0,0,1,0,0,"- ","- ",,,"SAN FRANCISCO","SAN FRANCISCO",-122.42096986,37.755309920000002
8305408,2017,2017-02-15,3801,2017-01-26,0930,295,CENTR,4,5,7,3801,0,0,0,,0,004,"KEARNY ST","BUSH ST",45.00,S,N,A,-,N,,,,,,,,,,N,3,0,1,4,A,-,17,22517,,N,H,G,A,A,H,-,A,D,0,,Y,,,Y,,A,01,0,1,0,0,0,0,1,0,0,"- ","- ",,,"SAN FRANCISCO","SAN FRANCISCO",-122.40400414,37.790648089999998
8305413,2017,2017-02-15,3801,2017-01-15,1350,466,MISSI,7,5,7,3801,0,0,0,,0,,"VALENCIA ST","19TH ST",0.00,,Y,-,-,N,,,,,,,,,,N,3,0,1,2,A,-,08,22107,,N,B,G,A,-,-,-,-,-,0,,Y,,,Y,,A,01,0,1,0,0,0,0,1,0,0,"- ","- ",,,"SAN FRANCISCO","SAN FRANCISCO",-122.42139991000001,37.760109999999997
8305418,2017,2017-02-15,3801,2017-01-11,1730,623,SOUTH,3,5,7,3801,0,0,0,,0,3B15D,"3RD ST","TERRY A FRANCOIS BL",0.00,,Y,B,-,N,,,,,,,,,,N,4,0,1,2,A,-,05,21650,1,N,D,G,A,B,H,-,C,A,0,,Y,,,Y,,L,04,0,0,1,0,0,0,1,0,0,"- ","- ",,,"SAN FRANCISCO","SAN FRANCISCO",-122.39001996,37.776289919999996
8305421,2017,2017-02-15,3801,2017-01-15,1905,2095,"CO D",7,5,7,3801,0,0,0,,0,901,"VALENCIA ST","14TH ST",110.00,S,N,A,-,N,,,,,,,,,,N,3,0,1,2,A,-,07,21658,A,N,B,G,A,A,H,-,C,D,0,,Y,,,Y,,A,01,0,1,0,0,0,0,1,0,0,"- ","- ",,,"SAN FRANCISCO","SAN FRANCISCO",-122.42214988000001,37.76784876
8305472,2017,2017-03-06,3801,2017-01-06,0828,508,CENTR,5,5,7,3801,0,0,0,,0,3A15A,"BROADWAY ST","BATTERY ST",84.00,E,N,A,-,N,,,,,,,,,,N,4,0,1,2,A,-,03,22350,,N,C,G,A,A,H,-,A,A,0,,Y,,,Y,,L,04,0,0,1,0,0,0,1,0,0,"- ","- ",,,"SAN FRANCISCO","SAN FRANCISCO",-122.40075238,37.798634130000003
8305523,2017,2017-05-31,3801,2017-01-25,1010,1561,MISSI,3,5,7,3801,0,0,0,,0,3D14A,"VALENCIA ST","23RD ST",285.00,S,N,A,-,N,,,,,,,,,,N,4,0,1,2,A,-,17,22517,,N,B,G,A,A,H,-,A,D,0,,Y,,,Y,,-,,0,0,1,0,0,0,1,0,0,"- ","- ",,,"SAN FRANCISCO","SAN FRANCISCO",-122.42073146,37.752919550000001
8305543,2017,2017-02-21,3801,2017-01-19,0748,580,SOUTH,4,5,7,3801,0,0,0,,0,3B15,"4TH ST","BERRY ST",58.00,S,N,A,-,N,,,,,,,,,,N,3,0,1,2,A,-,17,22517,,N,B,G,A,B,H,-,A,A,0,,Y,,,Y,,A,01,0,1,0,0,0,0,1,0,0,"- ","- ",,,"SAN FRANCISCO","SAN FRANCISCO",-122.3931963,37.775668750000001
8305591,2017,2017-02-21,3801,2017-01-17,1423,328,NORTH,2,5,7,3801,0,0,0,,0,3E75,"WEBSTER ST","ELLIS ST",93.00,N,N,A,-,N,,,,,,,,,,N,4,0,1,2,A,-,21,22106,,N,H,G,A,A,H,-,A,A,0,,Y,,,Y,,A,01,0,0,1,0,0,0,1,0,0,"- ","- ",,,"SAN FRANCISCO","SAN FRANCISCO",-122.43091932999999,37.782822469999999
8333252,2017,2017-06-19,3801,2017-03-17,1826,2132,MISSI,5,5,7,3801,0,0,0,,0,3D62,"FOLSOM ST","ENTERPRISE ST",0.00,,Y,A,-,N,,,,,,,,,,N,3,0,1,2,A,-,09,21801,A,N,D,G,A,A,H,-,A,D,0,,Y,,,Y,,-,,0,1,0,0,0,0,1,0,0,"- ","- ",,,"SAN FRANCISCO","SAN FRANCISCO",-122.41523986,37.764699950000001
8333264,2017,2017-06-19,3801,2017-03-16,0834,662,NORTH,4,5,7,3801,0,0,0,,0,3E27,"MCALLISTER ST","LARKIN ST",0.00,W,N,A,-,N,,,,,,,,,,N,4,0,1,2,A,-,09,21801,A,N,D,G,A,A,H,-,A,D,0,,Y,,,Y,,A,01,0,0,1,0,0,0,1,0,0,"- ","- ",,,"SAN FRANCISCO","SAN FRANCISCO",-122.41693994000001,37.780499919999997
8335620,2017,2017-08-28,3801,2017-03-21,2212,1375,COD,2,5,7,3801,0,0,0,,0,3D12E,"VALENCIA ST","VALENCIA ST 758",0.00,,N,B,-,N,,,,,,,,,,N,4,0,1,2,A,-,09,21801,A,N,D,G,A,A,H,-,C,D,0,,Y,,,Y,,A,01,0,0,1,0,0,0,1,0,0,"- ","- ",,,"SAN FRANCISCO","SAN FRANCISCO",-122.42149472,37.760855149999998
8335781,2017,2017-08-31,3801,2017-03-01,1705,776,TARAV,3,5,7,3801,0,0,0,,0,3I16D,"MONTEREY BL","NORTHGATE DR",0.00,,Y,A,-,N,,,,,,,,,,N,3,0,1,2,A,-,08,22107,,N,A,G,A,A,H,-,A,A,0,,Y,,,Y,,A,01,0,1,0,0,0,0,1,0,0,"- ","- ",,,"SAN FRANCISCO","SAN FRANCISCO",-122.46171987,37.730019980000002
8335793,2017,2017-08-31,3801,2017-03-16,1905,1052,COJ,4,5,7,3801,0,0,0,,0,3J14D,"TAYLOR ST","EDDY ST",90.00,N,N,A,-,N,,,,,,,,,,N,3,0,1,2,A,-,17,21657,,N,A,G,A,A,H,-,B,A,0,,Y,,,Y,,L,04,0,1,0,0,0,0,1,0,0,"- ","- ",,,"SAN FRANCISCO","SAN FRANCISCO",-122.41099681,37.784404440000003
8335859,2017,2017-04-13,3801,2017-04-01,1206,2375,RICHM,6,5,7,3801,0,0,0,,0,3G60,"ARGUELLO BL","JACKSON ST",180.00,S,N,A,-,N,,,,,,,,,,N,3,0,1,2,A,-,06,21750,,N,H,G,A,A,H,-,A,D,0,,Y,,,Y,,L,04,0,1,0,0,0,0,1,0,0,"- ","- ",,,"SAN FRANCISCO","SAN FRANCISCO",-122.45942363,37.788816359999998
8336935,2017,2017-05-13,3801,2017-04-22,1332,235,CENTR,6,5,7,3801,0,0,0,,0,3A15B,EMBARCADERO,"GRANT ST",0.00,,Y,A,-,N,,,,,,,,,,N,2,0,1,1,C,-,18,,,N,E,I,A,A,G,-,A,A,0,,Y,,,Y,,-,"- ",1,0,0,0,0,0,1,0,0,"- ","- ",,,"SAN FRANCISCO","SAN FRANCISCO",-122.4090765,37.808135999999998
8336943,2017,2017-05-15,3801,2017-04-20,0829,4060,PARK,4,5,7,3801,0,0,0,,0,3F4A,"ASHBURY ST","PIEDMONT ST",144.00,S,N,A,-,N,,,,,,,,,,N,3,0,1,2,A,-,21,22106,,N,B,G,A,A,H,-,A,D,0,,Y,,,Y,,A,01,0,1,0,0,0,0,1,0,0,"- ","- ",,,"SAN FRANCISCO","SAN FRANCISCO",-122.44589806,37.764819799999998
8336951,2017,2017-05-13,3801,2017-04-23,1320,624,PARK,7,5,7,3801,0,0,0,,0,001,"JOHN F KENNEDY DR","CONSERVATORY DR W",100.00,W,N,A,-,N,,,,,,,,,,N,2,0,2,2,B,-,22,,,N,C,-,A,A,G,-,A,D,0,,Y,,,Y,,-,,1,1,0,0,0,0,1,0,0,"- ","- ",,,"SAN FRANCISCO","SAN FRANCISCO",-122.46237809,37.771857420000003
8336991,2017,2018-05-21,3801,2017-04-19,0945,2293,SOUTH,3,5,7,3801,0,0,0,,0,3B4A,"MARKET ST","ELGIN PARK",0.00,,Y,A,-,Y,SF,4,101,-,M,5.450,I,5,S,Y,4,0,1,2,A,-,08,22100,A,N,H,G,A,A,H,-,A,A,0,,Y,,,Y,,A,01,0,0,1,0,0,0,1,0,0,"- ","- ",,,"SAN FRANCISCO","SAN FRANCISCO",-122.42345912,37.771865130000002
8337015,2017,2017-05-20,3801,2017-04-22,2154,2353,NORTH,6,5,7,3801,0,0,0,,0,001,"PAGE ST","DIVISADERO ST",100.00,W,N,A,-,N,,,,,,,,,,N,3,0,1,2,A,-,03,22350,,F,B,G,A,A,H,-,C,D,0,,Y,,,Y,,A,07,0,1,0,0,0,0,1,0,0,"- ","- ",,,"SAN FRANCISCO","SAN FRANCISCO",-122.43757093000001,37.77216336
8342536,2017,2017-06-27,3801,2017-03-03,0920,640,INGLE,5,5,7,3801,0,0,0,,0,3H2A,"29TH ST","DOLORES ST",0.00,,Y,A,-,N,,,,,,,,,,N,4,0,1,2,A,-,08,22107,,N,B,G,A,A,H,-,A,A,0,,Y,,,Y,,A,01,0,0,1,0,0,0,1,0,0,"- ","- ",,,"SAN FRANCISCO","SAN FRANCISCO",-122.42446986,37.743839909999998
8342966,2017,2017-04-13,3801,2017-02-12,1500,311,SOUTH,7,5,7,3801,0,0,0,,0,3B14D,"MARIPOSA ST","PENNSYLVANIA AV",0.00,,Y,A,-,N,,,,,,,,,,N,3,0,1,2,A,-,04,21703,,N,C,G,A,A,H,-,A,A,0,,Y,,,Y,,A,01,0,1,0,0,0,0,1,0,0,"- ","- ",,,"SAN FRANCISCO","SAN FRANCISCO",-122.39374997,37.764039930000003
8342972,2017,2017-04-19,3801,2017-03-27,1945,2095,"CO D",1,5,7,3801,0,0,0,,0,901,"HAMPSHIRE ST","21ST ST",50.00,S,N,A,-,N,,,,,,,,,,N,3,0,1,2,A,-,17,22517,,F,H,G,A,A,H,-,C,D,0,,Y,,,Y,,A,01,0,1,0,0,0,0,1,0,0,"- ","- ",,,"SAN FRANCISCO","SAN FRANCISCO",-122.40773786,37.757562980000003
8343000,2017,2017-04-13,3801,2017-03-25,1924,1480,MISSI,6,5,7,3801,0,0,0,,0,3D12E,"18TH ST","VALENCIA ST",75.00,E,N,A,-,N,,,,,,,,,,N,4,0,1,2,A,-,08,22107,,N,D,G,A,A,H,-,C,D,0,,Y,,,Y,,A,01,0,0,1,0,0,0,1,0,0,"- ","- ",,,"SAN FRANCISCO","SAN FRANCISCO",-122.42130100999999,37.761723279999998
8343019,2017,2017-04-12,3801,2017-03-30,0915,2375,RICHM,4,5,7,3801,0,0,0,,0,3G60,"CABRILLO ST","PARK PRESIDIO BL",0.00,,Y,A,-,N,,,,,,,,,,N,3,0,1,2,A,-,08,22107,,N,D,G,A,A,H,-,A,A,0,,Y,,,Y,,A,01,0,1,0,0,0,0,1,0,0,"- ","- ",,,"SAN FRANCISCO","SAN FRANCISCO",-122.47191991,37.774999909999998
8343059,2017,2017-04-12,3801,2017-03-16,1913,626,BAYVI,4,5,7,3801,0,0,0,,0,3C11D,"3RD ST","CESAR CHAVEZ ST",0.00,,Y,A,-,N,,,,,,,,,,N,4,0,1,2,A,-,"- ",,,N,D,G,A,A,H,-,B,A,0,,Y,,,Y,Y,L,04,0,0,1,0,0,0,1,0,0,"- ","- ",,,"SAN FRANCISCO","SAN FRANCISCO",-122.38768991000001,37.750229910000002
8343067,2017,2017-04-12,3801,2017-03-16,1926,1427,TENDE,4,5,7,3801,0,0,0,,0,J11,"MARKET ST","8TH ST",0.00,,Y,A,G,N,,,,,,,,,,N,3,0,1,1,A,-,03,22350,,N,E,J,A,A,H,-,B,D,0,,Y,,,Y,,L,04,0,1,0,0,0,0,1,0,0,"- ","- ",,,"SAN FRANCISCO","SAN FRANCISCO",-122.41475996,37.778709880000001
8343078,2017,2017-04-13,3801,2017-03-18,1635,2017,RICHM,6,5,7,3801,0,0,0,,0,3G15D,"FULTON ST","LA PLAYA ST",0.00,,Y,A,-,N,,,,,,,,,,N,4,0,1,2,A,-,10,21950,A,N,H,G,A,A,H,-,A,A,0,,Y,,,Y,Y,A,01,0,0,1,0,0,0,1,0,0,"- ","- ",,,"SAN FRANCISCO","SAN FRANCISCO",-122.5099199,37.771389980000002
8343084,2017,2017-04-14,3801,2017-03-12,1317,2375,RICHM,7,5,7,3801,0,0,0,,0,3G60,"MARTIN LUTHER KING JR DR","STOW LAKE DR E",0.00,,Y,A,-,N,,,,,,,,,,N,4,0,1,2,A,-,11,21950,B,N,H,B,D,A,H,-,A,D,0,Y,Y,,,Y,,N,60,0,0,1,0,1,0,0,0,0,"- ","- ",,,"SAN FRANCISCO","SAN FRANCISCO",-122.47264997000001,37.767489980000001
8343089,2017,2017-04-11,3801,2017-03-22,2043,1240,,3,5,7,3801,0,0,0,,0,3D13D,"FOLSOM ST","20TH ST",156.00,S,N,A,-,N,,,,,,,,,,N,4,0,1,2,A,-,07,21658,A,N,C,G,A,A,H,-,C,A,0,,Y,,,Y,,L,04,0,0,1,0,0,0,1,0,0,"- ","- ",,,"SAN FRANCISCO","SAN FRANCISCO",-122.41463689,37.758462809999997
8343099,2017,2017-04-12,3801,2017-03-15,1040,1092,TARAV,3,5,7,3801,0,0,0,,0,,"GONZALEZ DR","CARDENAS AV",0.00,,Y,A,-,N,,,,,,,,,,N,3,0,1,2,A,-,12,22450,A,N,D,G,A,A,H,-,A,D,0,,Y,,,Y,,L,04,0,1,0,0,0,0,1,0,0,"- ","- ",,,"SAN FRANCISCO","SAN FRANCISCO",-122.47551987,37.718989960000002
8343108,2017,2017-06-08,3801,2017-03-11,1859,1188,,6,5,7,3801,0,0,0,,0,3J12D,"HYDE ST","FULTON ST",15.00,S,N,A,-,N,,,,,,,,,,N,4,0,1,2,A,-,08,22107,,N,B,G,A,A,H,-,B,D,0,,Y,,,Y,,L,04,0,0,1,0,0,0,1,0,0,"- ","- ",,,"SAN FRANCISCO","SAN FRANCISCO",-122.41512319,37.77976915
8343134,2017,2017-04-13,3801,2017-03-07,0834,1655,BAYVI,2,5,7,3801,0,0,0,,0,3C13A,"3RD ST","PALOU AV",145.00,N,N,A,-,N,,,,,,,,,,N,2,0,2,2,A,-,11,21955,,N,G,B,D,A,H,-,A,D,0,Y,Y,,,Y,,N,60,1,1,0,0,1,0,1,0,0,"- ","- ",,,"SAN FRANCISCO","SAN FRANCISCO",-122.39091962000001,37.734422420000001
8343146,2017,2017-04-13,3801,2017-03-07,2125,1295,TARAV,2,5,7,3801,0,0,0,,0,3I13E,"46TH AV","MORAGA ST",150.00,N,N,A,-,N,,,,,,,,,,N,4,0,1,2,A,-,11,21954,A,N,G,B,D,A,H,-,C,D,0,Y,Y,,,Y,,N,60,0,0,1,0,1,0,0,0,0,"- ","- ",,,"SAN FRANCISCO","SAN FRANCISCO",-122.50557627000001,37.755221550000002
8343150,2017,2017-04-13,3801,2017-03-08,1625,272,MISSI,3,5,7,3801,0,0,0,,0,3D12D,"VALENCIA ST","BROSNAN ST",0.00,,Y,A,-,N,,,,,,,,,,Y,3,0,1,2,A,-,03,22350,,N,C,G,A,A,H,-,A,D,0,,Y,,,Y,,L,04,0,1,0,0,0,0,1,0,0,"- ","- ",,,"SAN FRANCISCO","SAN FRANCISCO",-122.42224994,37.768769990000003