CASE_ID,ACCIDENT_YEAR,PROC_DATE,JURIS,COLLISION_DATE,COLLISION_TIME,OFFICER_ID,REPORTING_DISTRICT,DAY_OF_WEEK,CHP_SHIFT,POPULATION,CNTY_CITY_LOC,SPECIAL_COND,BEAT_TYPE,CHP_BEAT_TYPE,CITY_DIVISION_LAPD,CHP_BEAT_CLASS,BEAT_NUMBER,PRIMARY_RD,SECONDARY_RD,DISTANCE,DIRECTION,INTERSECTION,WEATHER_1,WEATHER_2,STATE_HWY_IND,CALTRANS_COUNTY,CALTRANS_DISTRICT,STATE_ROUTE,ROUTE_SUFFIX,POSTMILE_PREFIX,POSTMILE,LOCATION_TYPE,RAMP_INTERSECTION,SIDE_OF_HWY,TOW_AWAY,COLLISION_SEVERITY,NUMBER_KILLED,NUMBER_INJURED,PARTY_COUNT,PRIMARY_COLL_FACTOR,PCF_CODE_OF_VIOL,PCF_VIOL_CATEGORY,PCF_VIOLATION,PCF_VIOL_SUBSECTION,HIT_AND_RUN,TYPE_OF_COLLISION,MVIW,PED_ACTION,ROAD_SURFACE,ROAD_COND_1,ROAD_COND_2,LIGHTING,CONTROL_DEVICE,CHP_ROAD_TYPE,PEDESTRIAN_ACCIDENT,BICYCLE_ACCIDENT,MOTORCYCLE_ACCIDENT,TRUCK_ACCIDENT,NOT_PRIVATE_PROPERTY,ALCOHOL_INVOLVED,STWD_VEHTYPE_AT_FAULT,CHP_VEHTYPE_AT_FAULT,COUNT_SEVERE_INJ,COUNT_VISIBLE_INJ,COUNT_COMPLAINT_PAIN,COUNT_PED_KILLED,COUNT_PED_INJURED,COUNT_BICYCLIST_KILLED,COUNT_BICYCLIST_INJURED,COUNT_MC_KILLED,COUNT_MC_INJURED,PRIMARY_RAMP,SECONDARY_RAMP,LATITUDE,LONGITUDE,COUNTY,CITY,POINT_X,POINT_Y
8343165,2017,2017-06-17,3801,2017-03-09,1555,4187,MISSI,4,5,7,3801,0,0,0,,0,3D14D,"24TH ST","ALABAMA ST",50.00,W,N,A,-,N,,,,,,,,,,N,3,0,1,2,A,-,03,22350,,N,D,G,A,A,H,-,A,D,0,,Y,,,Y,,L,04,0,1,0,0,0,0,1,0,0,"- ","- ",,,"SAN FRANCISCO","SAN FRANCISCO",-122.41111244,37.752698989999999
8343175,2017,2017-04-13,3801,2017-03-03,0815,240,SOUTH,5,5,7,3801,0,0,0,,0,901,"HARRISON ST","MERLIN ST",0.00,,Y,A,-,N,,,,,,,,,,N,3,0,1,2,D,-,00,,,F,D,B,B,A,H,-,A,D,0,Y,Y,,,Y,,-,"- ",0,1,0,0,1,0,0,0,0,"- ","- ",,,"SAN FRANCISCO","SAN FRANCISCO",-122.40238988999999,37.778609889999998
8343181,2017,2017-06-17,3801,2017-03-08,1953,2073,3801,3,5,7,3801,0,0,0,,0,006,"FOLSOM ST","18TH ST",0.00,,Y,A,-,N,,,,,,,,,,N,4,0,1,2,A,-,08,22107,,M,B,G,A,A,H,-,C,A,0,,Y,,,Y,,A,01,0,0,1,0,0,0,1,0,0,"- ","- ",,,"SAN FRANCISCO","SAN FRANCISCO",-122.41498989999999,37.762099890000002
8344488,2017,2017-04-18,3801,2017-03-19,2110,7,BAYVI,7,5,7,3801,0,0,0,,0,3C15E,"KEITH ST","VAN DYKE AV",0.00,,Y,A,-,N,,,,,,,,,,N,3,0,1,2,A,-,12,22450,A,F,D,G,A,A,-,-,C,A,0,,Y,,,Y,,-,,0,1,0,0,0,0,1,0,0,"- ","- ",,,"SAN FRANCISCO","SAN FRANCISCO",-122.3905599,37.728089949999998
8344544,2017,2017-04-18,3801,2017-03-26,1439,A11409,SOUTH,7,5,7,3801,0,0,0,,0,0B4,"MARKET ST","MCCOPPIN ST",0.00,,Y,A,-,N,,,,,,,,,,N,2,0,1,2,A,-,08,22107,,N,C,G,A,A,G,-,A,D,0,,Y,,,Y,Y,A,01,1,0,0,0,0,0,1,0,0,"- ","- ",,,"SAN FRANCISCO","SAN FRANCISCO",-122.42381399999999,37.771605000000001
8344560,2017,2017-04-18,3801,2017-03-08,1839,892,SOUTH,3,5,7,3801,0,0,0,,0,3B13D,"11TH ST","MISSION ST",32.00,S,N,A,-,N,,,,,,,,,,N,4,0,1,2,A,-,17,22517,,N,H,G,A,A,H,-,C,A,0,,Y,,,Y,,A,01,0,0,1,0,0,0,1,0,0,"- ","- ",,,"SAN FRANCISCO","SAN FRANCISCO",-122.41702119,37.774268229999997
8359460,2017,2017-05-12,3801,2017-04-19,2139,2287,,3,5,7,3801,0,0,0,,0,3E60,"GOUGH ST","HAIGHT ST",0.00,,Y,B,-,N,,,,,,,,,,N,2,0,1,2,A,-,12,21453,A,N,D,G,A,A,H,-,C,A,0,,Y,,,Y,,L,04,1,0,0,0,0,0,1,0,0,"- ","- ",,,"SAN FRANCISCO","SAN FRANCISCO",-122.42219986000001,37.77315995
8360086,2017,2017-06-13,3801,2017-03-27,1748,836,MISSI,1,5,7,3801,0,0,0,,0,901,"CASTRO ST","18TH ST",200.00,N,N,A,-,N,,,,,,,,,,N,4,0,1,2,C,-,18,,,N,-,G,A,A,H,-,A,-,0,,Y,,,Y,,-,"- ",0,0,1,0,0,0,1,0,0,"- ","- ",,,"SAN FRANCISCO","SAN FRANCISCO",-122.43505398000001,37.761437749999999
8360197,2017,2017-05-11,3801,2017-04-24,1234,2135,TENDE,1,5,7,3801,0,0,0,,0,3J50C,"5TH ST","STEVENSON ST",0.00,,Y,-,-,N,,,,,,,,,,N,4,0,1,2,A,-,09,21802,A,N,D,G,A,A,H,-,A,A,0,,Y,,,Y,,A,01,0,0,1,0,0,0,1,0,0,"- ","- ",,,"SAN FRANCISCO","SAN FRANCISCO",-122.40745997000001,37.783509960000004
8360201,2017,2017-05-11,3801,2017-04-24,1647,4057,NORTH,1,5,7,3801,0,0,0,,0,3E15D,"MARINA BL","FILLMORE ST",75.00,E,N,A,-,N,,,,,,,,,,N,3,0,2,2,A,-,03,22350,,N,G,-,F,A,H,-,A,-,0,Y,Y,,,Y,,L,04,0,2,0,0,1,0,1,0,0,"- ","- ",,,"SAN FRANCISCO","SAN FRANCISCO",-122.43718326,37.806430669999997
8360214,2017,2017-05-11,3801,2017-04-17,1705,2050,,1,5,7,3801,0,0,0,,0,3E15D,EMBARCADERO,"MARKET ST",0.00,,Y,F,-,N,,,,,,,,,,N,3,0,1,2,A,-,06,21750,A,N,B,G,A,A,G,-,B,A,0,,Y,,,Y,,A,01,0,1,0,0,0,0,1,0,0,"- ","- ",,,"SAN FRANCISCO","SAN FRANCISCO",-122.39426851,37.794886730000002
8360327,2017,2017-05-15,3801,2017-04-10,0820,1540,PARK,1,5,7,3801,0,0,0,,0,3F4A,"7TH AV","KIRKHAM ST",6.00,S,N,A,-,N,,,,,,,,,,N,4,0,1,2,A,-,"- ",,,N,B,G,A,A,H,-,A,A,0,,Y,,,Y,,A,01,0,0,1,0,0,0,1,0,0,"- ","- ",,,"SAN FRANCISCO","SAN FRANCISCO",-122.46391918,37.760373530000003
8360330,2017,2017-05-15,3801,2017-04-13,1625,4200,TARAV,4,5,7,3801,0,0,0,,0,"1 CAR","18TH AV","LINCOLN WY",0.00,,Y,A,-,N,,,,,,,,,,N,3,0,1,2,A,-,05,21650,,N,D,G,A,A,H,-,A,A,0,,Y,,,Y,,L,04,0,1,0,0,0,0,1,0,0,"- ","- ",,,"SAN FRANCISCO","SAN FRANCISCO",-122.47618988000001,37.765489959999996
8360338,2017,2017-05-15,3801,2017-04-13,1610,2168,MISSI,4,5,7,3801,0,0,0,,0,3D61,"VALENCIA ST","18TH ST",155.00,S,N,A,-,N,,,,,,,,,,N,4,0,1,2,A,-,07,21658,A,N,B,G,A,A,H,-,A,D,0,,Y,,,Y,,L,04,0,0,1,0,0,0,1,0,0,"- ","- ",,,"SAN FRANCISCO","SAN FRANCISCO",-122.42151755,37.761285530000002
8360355,2017,2017-05-15,3801,2017-04-06,1755,A20966,SOUTH,4,5,7,3801,0,0,0,,0,3B13D,"7TH ST","BRANNAN ST",180.00,S,N,C,-,N,,,,,,,,,,N,4,0,1,2,A,-,09,21804,A,N,D,G,A,B,H,-,A,A,0,,Y,,,Y,,A,01,0,0,1,0,0,0,1,0,0,"- ","- ",,,"SAN FRANCISCO","SAN FRANCISCO",-122.40276793,37.772701599999998
8360366,2017,2017-05-15,3801,2017-04-03,1721,529,INGLE,1,5,7,3801,0,0,0,,0,3H11D,"MISSION ST","APPLETON AV",138.00,S,N,A,-,N,,,,,,,,,,N,3,0,1,2,A,-,03,22350,,N,B,G,A,A,H,-,A,D,0,,Y,,,Y,,L,04,0,1,0,0,0,0,1,0,0,"- ","- ",,,"SAN FRANCISCO","SAN FRANCISCO",-122.42397104,37.738491260000004
8360403,2017,2017-05-12,3801,2017-04-12,1554,2205,TENDE,3,5,7,3801,0,0,0,,0,3J11D,"MCALLISTER ST","LEAVENWORTH ST",11.00,S,N,B,-,N,,,,,,,,,,N,3,0,1,2,A,-,08,22101,D,N,D,G,A,A,H,-,A,A,0,,Y,,,Y,,L,04,0,1,0,0,0,0,1,0,0,"- ","- ",,,"SAN FRANCISCO","SAN FRANCISCO",-122.41372767,37.780925609999997
8360636,2017,2017-05-12,3801,2017-04-02,1838,33,CENTR,7,5,7,3801,0,0,0,,0,002,"STOCKTON ST","CLAY ST",0.00,,Y,A,-,N,,,,,,,,,,N,3,0,1,2,A,-,11,21950,B,N,H,G,D,A,H,-,A,A,0,Y,Y,,,Y,,N,60,0,1,0,0,0,0,1,0,0,"- ","- ",,,"SAN FRANCISCO","SAN FRANCISCO",-122.40784995,37.794069999999998
8361885,2016,2017-05-22,3801,2016-11-03,1923,1067,,4,5,7,3801,0,0,0,,0,,"MARKET ST","CYRIL MAGNIN ST",0.00,,Y,A,-,N,,,,,,,,,,N,3,0,1,2,A,-,17,22517,,N,H,G,A,A,H,-,C,A,0,,Y,,,Y,,A,01,0,1,0,0,0,0,1,0,0,"- ","- ",,,"SAN FRANCISCO","SAN FRANCISCO",-122.40805989,37.783999919999999
8374734,2017,2017-06-14,3801,2017-05-06,0850,257,NORTH,6,5,7,3801,0,0,0,,0,3E13A,"POLK ST","MCALLISTER ST",49.00,N,N,A,-,N,,,,,,,,,,N,4,0,1,2,A,-,07,21658,A,N,B,G,A,A,H,-,A,A,0,,Y,,,Y,,D,22,0,0,1,0,0,0,1,0,0,"- ","- ",,,"SAN FRANCISCO","SAN FRANCISCO",-122.41862496,37.780403139999997
8375767,2017,2017-06-13,3801,2017-05-03,1723,A22058,G,3,5,7,3801,0,0,0,,0,003,"8TH AV","ANZA ST",0.00,,Y,A,-,N,,,,,,,,,,N,2,0,1,3,A,-,12,22450,A,M,D,C,A,A,H,-,A,A,0,,Y,,,Y,,L,04,1,0,0,0,0,0,1,0,0,"- ","- ",,,"SAN FRANCISCO","SAN FRANCISCO",-122.46627991,37.778989959999997
8375784,2017,2017-07-11,3801,2017-05-13,2345,2168,MISSI,6,5,7,3801,0,0,0,,0,3D62,"POLK ST","TURK ST",0.00,,Y,A,-,N,,,,,,,,,,N,3,0,1,2,A,-,17,22517,,F,H,G,A,A,H,-,C,D,0,,Y,,,Y,,A,01,0,1,0,0,0,0,1,0,0,"- ","- ",,,"SAN FRANCISCO","SAN FRANCISCO",-122.41899994000001,37.782169969999998
8375798,2017,2017-06-13,3801,2017-05-04,2223,2728,MISSI,4,5,7,3801,0,0,0,,0,3D12E,"MARKET ST","DOUGLASS ST",0.00,,Y,A,-,N,,,,,,,,,,N,3,0,1,2,B,-,22,,,F,D,G,A,A,H,-,C,A,0,,Y,,,Y,,L,04,0,1,0,0,0,0,1,0,0,"- ","- ",,,"SAN FRANCISCO","SAN FRANCISCO",-122.43940999,37.761419930000002
8375804,2017,2017-06-12,3801,2017-05-11,1605,A09968,COFPA,4,5,7,3801,0,0,0,,0,3F61,"FELL ST","MASONIC AV",0.00,,Y,A,-,N,,,,,,,,,,N,3,0,1,2,A,-,12,21453,A,N,D,G,A,A,H,-,A,A,0,,Y,,,Y,,L,04,0,1,0,0,0,0,1,0,0,"- ","- ",,,"SAN FRANCISCO","SAN FRANCISCO",-122.44591997000001,37.772979970000002
8375808,2017,2017-06-12,3801,2017-05-18,0858,30,NORTH,4,5,7,3801,0,0,0,,0,3E1A,"BUSH ST","PIERCE ST",0.00,,Y,A,-,N,,,,,,,,,,,3,0,1,2,D,-,00,,,N,B,G,A,A,H,-,A,A,0,,Y,,,Y,,-,"- ",0,1,0,0,0,0,1,0,0,"- ","- ",,,"SAN FRANCISCO","SAN FRANCISCO",-122.43674995000001,37.786609980000001
8375849,2017,2017-06-13,3801,2017-05-12,1655,1436,COD,5,5,7,3801,0,0,0,,0,3D14D,"ALAMEDA ST","SAN BRUNO AV",0.00,,Y,A,-,N,,,,,,,,,,N,3,0,1,2,A,-,05,21650,1,N,D,G,A,A,H,-,A,D,0,,Y,,,Y,,L,04,0,1,0,0,0,0,1,0,0,"- ","- ",,,"SAN FRANCISCO","SAN FRANCISCO",-122.40575995,37.768499970000001
8375878,2017,2017-06-14,3801,2017-05-17,1905,1188,TENDE,3,5,7,3801,0,0,0,,0,3J13D,"MARKET ST","4TH ST",339.00,W,N,A,-,N,,,,,,,,,,N,3,0,1,2,A,-,17,22517,,N,H,E,A,A,H,-,A,D,0,,Y,,,Y,,A,01,0,1,0,0,0,0,1,0,0,"- ","- ",,,"SAN FRANCISCO","SAN FRANCISCO",-122.40671883,37.785040909999999
8375909,2017,2017-06-13,3801,2017-05-30,1954,1564,INGLE,2,5,7,3801,0,0,0,,0,3H16D,"VELASCO AV","CALGARY ST",0.00,,Y,B,-,N,,,,,,,,,,N,3,0,1,2,A,-,03,22350,,M,C,E,A,A,H,-,A,A,0,,Y,,,Y,,L,04,0,1,0,0,0,0,1,0,0,"- ","- ",,,"SAN FRANCISCO","SAN FRANCISCO",-122.41593989,37.708989940000002
8378099,2017,2017-06-14,3801,2017-05-10,1032,A10605,SOUTH,3,5,7,3801,0,0,0,,0,5CAR,"4TH ST","CHANNEL ST",24.00,S,N,A,-,N,,,,,,,,,,N,4,0,1,2,A,-,08,22102,,N,D,G,A,A,H,-,A,D,0,,Y,,,Y,,A,01,0,0,1,0,0,0,1,0,0,"- ","- ",,,"SAN FRANCISCO","SAN FRANCISCO",-122.39162428,37.774310470000003
8378115,2017,2017-06-14,3801,2017-05-29,1805,A22416,RICHM,1,5,7,3801,0,0,0,,0,901,"MARTIN LUTHER KING JR DR","CROSSOVER DR",0.00,,Y,A,-,N,,,,,,,,,,N,2,0,1,2,A,-,09,21801,A,N,D,G,A,A,H,-,A,A,0,,Y,,,Y,,A,01,1,0,0,0,0,0,1,0,0,"- ","- ",,,"SAN FRANCISCO","SAN FRANCISCO",-122.47737995999999,37.766039999999997
8378148,2017,2017-06-16,3801,2017-05-08,0815,2104,TENDE,1,5,7,3801,0,0,0,,0,3J15A,"MARKET ST","8TH ST",168.00,W,N,A,-,N,,,,,,,,,,N,4,0,1,2,A,-,08,22107,,N,H,G,A,A,H,-,A,D,0,,Y,,,Y,,A,01,0,0,1,0,0,0,1,0,0,"- ","- ",,,"SAN FRANCISCO","SAN FRANCISCO",-122.41518263,37.778393020000003
8378205,2017,2017-10-12,3801,2017-05-10,1100,723,MISSI,3,5,7,3801,0,0,0,,0,3D13A,"MARKET ST","HATTIE ST",52.00,W,N,A,-,N,,,,,,,,,,N,4,0,1,2,A,-,05,21650,1,N,H,G,A,A,H,-,A,A,0,,Y,,,Y,,L,04,0,0,1,0,0,0,1,0,0,"- ","- ",,,"SAN FRANCISCO","SAN FRANCISCO",-122.44116988,37.761076250000002
8382130,2017,2017-06-29,3801,2017-05-30,1759,1014,CENTR,2,5,7,3801,0,0,0,,0,3A14D,"PACIFIC AV","BECKETT ST",11.00,N,N,B,-,N,,,,,,,,,,N,4,0,1,2,A,-,08,22107,,N,B,G,A,B,H,-,A,D,0,,Y,,,Y,,A,01,0,0,1,0,0,0,1,0,0,"- ","- ",,,"SAN FRANCISCO","SAN FRANCISCO",-122.4064822,37.796953680000001
8382158,2017,2017-06-14,3801,2017-05-23,1840,2239,TENDE,2,5,7,3801,0,0,0,,0,3J12D,"MARKET ST","5TH ST",82.00,E,N,A,-,N,,,,,,,,,,N,4,0,1,3,A,-,17,22517,,N,E,G,A,A,H,-,A,A,0,,Y,,,Y,,-,,0,0,1,0,0,0,1,0,0,"- ","- ",,,"SAN FRANCISCO","SAN FRANCISCO",-122.40785639000001,37.784156950000003
8382229,2017,2017-06-13,3801,2017-05-01,1515,671,TENDE,1,5,7,3801,0,0,0,,0,3J11D,"MARKET ST","11TH ST",36.00,N,N,A,-,N,,,,,,,,,,N,4,0,1,2,A,-,03,22350,A,N,B,G,A,A,G,-,A,A,0,,Y,,,Y,,L,04,0,0,1,0,0,0,1,0,0,"- ","- ",,,"SAN FRANCISCO","SAN FRANCISCO",-122.41861172999999,37.775669800000003
8386461,2017,2018-03-22,3801,2017-05-09,2109,2283,,2,5,7,3801,0,0,0,,0,001,"CALIFORNIA ST","TAYLOR ST",0.00,,Y,A,-,N,,,,,,,,,,N,3,0,1,2,A,-,12,21453,A,N,D,G,A,A,H,-,C,A,0,,Y,,,Y,,L,04,0,1,0,0,0,0,1,0,0,"- ","- ",,,"SAN FRANCISCO","SAN FRANCISCO",-122.41245997,37.791609989999998
8386980,2017,2018-03-19,3801,2017-06-19,0207,626,BAYVI,1,5,7,3801,0,0,0,,0,3C11E,"RHODE ISLAND ST","18TH ST",100.00,S,N,A,-,N,,,,,,,,,,N,2,0,1,1,A,-,"- ",,,N,H,A,A,A,H,-,C,D,0,,Y,,,Y,,L,04,1,0,0,0,0,0,1,0,0,"- ","- ",,,"SAN FRANCISCO","SAN FRANCISCO",-122.40232219000001,37.761956169999998
8389095,2017,2018-07-20,3801,2017-05-27,1526,A22037,RICHM,6,5,7,3801,0,0,0,,0,0G3,"GEARY BL","2ND AV",0.00,,Y,A,-,N,,,,,,,,,,N,3,0,1,2,A,-,12,21453,A,F,D,G,A,A,H,-,A,A,0,,Y,,,Y,,A,08,0,1,0,0,0,0,1,0,0,"- ","- ",,,"SAN FRANCISCO","SAN FRANCISCO",-122.46001999000001,37.781279920000003
8406075,2017,2017-07-20,3801,2017-06-12,0654,A20688,SOUTH,1,5,7,3801,0,0,0,,0,3B13A,"7TH ST","BRANNAN ST",20.00,S,N,A,-,N,,,,,,,,,,N,4,0,1,2,A,-,05,21650,1,N,D,G,A,A,H,-,A,A,0,,Y,,,Y,,L,04,0,0,1,0,0,0,1,0,0,"- ","- ",,,"SAN FRANCISCO","SAN FRANCISCO",-122.40316088,37.773011289999999
8406079,2017,2017-07-20,3801,2017-06-10,0931,A11158,TENDE,6,5,7,3801,0,0,0,,0,3J11A,"MARKET ST","GRANT AV",10.00,E,N,A,-,N,,,,,,,,,,N,4,0,1,2,A,-,06,21750,,N,D,G,A,A,H,-,A,A,0,,Y,,,Y,,L,04,0,0,1,0,0,0,1,0,0,"- ","- ",,,"SAN FRANCISCO","SAN FRANCISCO",-122.40455553,37.786789429999999
8406475,2017,2017-08-04,3801,2017-06-15,1704,A21521,SOUTH,4,5,7,3801,0,0,0,,0,0B1,EMBARCADERO,"TOWNSEND ST",300.00,N,N,A,-,N,,,,,,,,,,N,3,0,1,2,D,-,00,,,N,E,G,A,A,H,-,A,A,0,,Y,,,Y,,-,"- ",0,1,0,0,0,0,1,0,0,"- ","- ",,,"SAN FRANCISCO","SAN FRANCISCO",-122.38811552999999,37.782591150000002
8407528,2017,2017-07-19,3801,2017-06-22,0950,1572,SOUTH,4,5,7,3801,0,0,0,,0,3B4A,"HARRISON ST","8TH ST",0.00,,-,A,-,N,,,,,,,,,,N,4,0,1,2,A,-,09,21804,,N,B,G,A,A,H,-,A,D,0,,Y,,,Y,,D,22,0,0,1,0,0,0,1,0,0,"- ","- ",,,"SAN FRANCISCO","SAN FRANCISCO",-122.40852993999999,37.77375997
8407580,2017,2017-07-19,3801,2017-06-29,0940,2466,MISSI,4,5,7,3801,0,0,0,,0,SIX,"S VAN NESS AV","16TH ST",0.00,,Y,A,-,N,,,,,,,,,,N,4,0,1,2,A,-,08,22107,,N,B,G,A,A,H,-,A,A,0,,Y,,,Y,,L,04,0,0,1,0,0,0,1,0,0,"- ","- ",,,"SAN FRANCISCO","SAN FRANCISCO",-122.41748986,37.765179910000001
8407595,2017,2017-07-19,3801,2017-06-22,1815,1427,TENDE,4,5,7,3801,0,0,0,,0,11D,"MARKET ST","11TH ST",0.00,,Y,A,-,N,,,,,,,,,,N,4,0,1,2,A,-,08,22101,D,N,G,G,A,A,H,-,A,D,0,,Y,,,Y,,A,01,0,0,1,0,0,0,1,0,0,"- ","- ",,,"SAN FRANCISCO","SAN FRANCISCO",-122.41869995,37.775599980000003
8407673,2017,2017-07-19,3801,2017-06-12,0715,A21521,SOUTH,1,5,7,3801,0,0,0,,0,0A1,"NORTHPOINT ST","POWELL ST",0.00,,Y,A,-,N,,,,,,,,,,N,4,0,1,2,D,-,00,,,N,D,G,A,A,H,-,A,A,0,,Y,,,Y,,-,"- ",0,0,1,0,0,0,1,0,0,"- ","- ",,,"SAN FRANCISCO","SAN FRANCISCO",-122.412132,37.806759
8408067,2017,2017-07-24,3801,2017-06-27,1700,233,CENTR,2,5,7,3801,0,0,0,,0,0A5,"MARKET ST","BEALE ST",94.00,W,N,A,-,N,,,,,,,,,,N,3,0,1,1,-,-,"- ",,,N,H,-,A,A,G,-,A,A,0,,Y,,,Y,,-,"- ",0,1,0,0,0,0,1,0,0,"- ","- ",,,"SAN FRANCISCO","SAN FRANCISCO",-122.39756754,37.792305400000004
8408992,2017,2017-08-15,3801,2017-07-11,0737,38,SOUTH,2,5,7,3801,0,0,0,,0,4CAR,"MARKET ST","VALENCIA ST",0.00,,Y,A,-,N,,,,,,,,,,N,4,0,2,3,A,-,08,22107,,N,D,G,A,A,H,-,A,A,0,,Y,,,Y,,A,01,0,0,2,0,0,0,2,0,0,"- ","- ",,,"SAN FRANCISCO","SAN FRANCISCO",-122.42261997,37.772549980000001
8411604,2017,2017-07-28,3801,2017-06-22,1502,185,MISSI,4,5,7,3801,0,0,0,,0,3D14C,"HARRISON ST","20TH ST",147.00,N,N,A,-,N,,,,,,,,,,N,4,0,1,2,A,-,09,21804,A,N,B,G,A,A,H,-,A,D,0,,Y,,,Y,,L,04,0,0,1,0,0,0,1,0,0,"- ","- ",,,"SAN FRANCISCO","SAN FRANCISCO",-122.41258329,37.759432910000001
8412081,2017,2017-08-02,3801,2017-06-01,1720,1537,MISSI,4,5,7,3801,0,0,0,,0,3D13D,"21ST ST",VALENCIA,0.00,,Y,A,-,N,,,,,,,,,,N,3,0,1,2,A,-,12,21453,A,N,D,G,A,A,H,-,A,A,0,,Y,,,Y,,L,04,0,1,0,0,0,0,1,0,0,"- ","- ",,,"SAN FRANCISCO","SAN FRANCISCO",-122.42109988999999,37.756909960000002
8413389,2017,2017-07-20,3801,2017-06-19,1737,1936,NORTH,1,5,7,3801,0,0,0,,0,4B8F,"OAK ST","OCTAVIA ST",0.00,,Y,A,-,N,,,,,,,,,,N,3,0,1,2,A,-,12,21453,A,N,H,G,A,A,H,-,A,A,0,,Y,,,Y,,L,04,0,1,0,0,0,0,1,0,0,"- ","- ",37.774769999999997,-122.42409000000001,"SAN FRANCISCO","SAN FRANCISCO",-122.42429995000001,37.77479993
8421092,2017,2017-09-06,3801,2017-07-06,0615,2211,BAYVI,4,5,7,3801,0,0,0,,0,3C12A,"EVANS AV","PHELPS ST",0.00,,Y,B,-,N,,,,,,,,,,N,2,0,1,2,A,-,12,21453,A,N,D,G,A,A,H,-,A,A,0,,Y,,,Y,,-,"- ",1,0,0,0,0,0,1,0,0,"- ","- ",,,"SAN FRANCISCO","SAN FRANCISCO",-122.38844994,37.742979920000003
8421192,2017,2017-08-09,3801,2017-06-03,1200,4305,MISSI,6,5,7,3801,0,0,0,,0,3D14A,"24TH ST","ALABAMA ST",0.00,,Y,A,-,N,,,,,,,,,,N,4,0,1,2,A,-,12,22450,A,N,H,-,B,A,H,-,A,A,0,Y,Y,,,Y,,L,04,0,0,1,0,1,0,0,0,0,"- ","- ",,,"SAN FRANCISCO","SAN FRANCISCO",-122.41093988999999,37.752709950000003
8421327,2017,2017-08-08,3801,2017-07-15,2012,33,CENTR,6,5,7,3801,0,0,0,,0,002,"KEARRY ST",CALIFORNIA,0.00,,Y,A,-,N,,,,,,,,,,N,3,0,1,2,A,-,12,21453,A,N,D,G,A,A,H,-,B,A,0,,Y,,,Y,,L,04,0,1,0,0,0,0,1,0,0,"- ","- ",,,"SAN FRANCISCO","SAN FRANCISCO",-122.40437991,37.792679980000003
8421336,2017,2017-08-10,3801,2017-07-18,1709,643,SOUTH,2,5,7,3801,0,0,0,,0,3B61,"MISSION ST","PLUM ST",222.00,N,N,A,-,N,,,,,,,,,,N,3,0,1,2,A,-,17,22517,,N,H,G,A,A,H,-,A,D,0,,Y,,,Y,,A,01,0,1,0,0,0,0,1,0,0,"- ","- ",,,"SAN FRANCISCO","SAN FRANCISCO",-122.41938072000001,37.77158678
8423451,2017,2018-05-24,3801,2017-07-04,2108,195,NORTH,2,5,7,3801,0,0,0,,0,3E13D,"VAN NESS AV","GROVE ST",0.00,,Y,A,-,Y,SF,4,101,-,T,5.076,I,5,S,N,4,0,1,2,A,-,09,21801,A,N,B,G,A,A,H,-,C,A,0,,Y,,,Y,,L,04,0,0,1,0,0,0,1,0,0,"- ","- ",,,"SAN FRANCISCO","SAN FRANCISCO",-122.41997107,37.778267550000002
8423769,2017,2017-08-10,3801,2017-07-12,0919,824,CENTR,3,5,7,3801,0,0,0,,0,03A,"EMBARCADERO NORTH","GRANT AV",81.00,S,N,A,-,N,,,,,,,,,,N,4,0,1,1,A,-,03,22350,,N,H,A,A,A,H,-,A,D,0,,Y,,,Y,,L,04,0,0,1,0,0,0,1,0,0,"- ","- ",,,"SAN FRANCISCO","SAN FRANCISCO",-122.4088034,37.808020859999999
8423775,2017,2017-08-10,3801,2017-07-12,1948,2050,NORTH,3,5,7,3801,0,0,0,,0,3E14D,"PINE ST","PIERCE ST",0.00,,Y,A,-,N,,,,,,,,,,N,3,0,1,2,A,-,17,21200,A,N,A,G,A,A,H,-,A,A,0,,Y,,,Y,,L,04,0,1,0,0,0,0,1,0,0,"- ","- ",,,"SAN FRANCISCO","SAN FRANCISCO",-122.43692996999999,37.787539930000001
8423790,2017,2017-08-09,3801,2017-07-20,0835,204,MISSI,4,5,7,3801,0,0,0,,0,3D11A,"VALENCIA ST","14TH ST",235.00,S,N,A,-,N,,,,,,,,,,N,4,0,1,2,A,-,03,22350,,N,C,G,A,A,H,-,A,A,0,,Y,,,Y,,L,04,0,0,1,0,0,0,1,0,0,"- ","- ",,,"SAN FRANCISCO","SAN FRANCISCO",-122.42211564,37.767506439999998
8423814,2017,2017-08-09,3801,2017-07-13,1708,1752,,4,5,7,3801,0,0,0,,0,0A1,"CALIFORNIA ST","TAYLOR ST",0.00,,Y,A,-,N,,,,,,,,,,N,4,0,1,2,A,-,08,22107,,N,D,G,A,A,H,-,A,A,0,,Y,,,Y,,A,07,0,0,1,0,0,0,1,0,0,"- ","- ",,,"SAN FRANCISCO","SAN FRANCISCO",-122.41245997,37.791609989999998