CASE_ID,ACCIDENT_YEAR,PROC_DATE,JURIS,COLLISION_DATE,COLLISION_TIME,OFFICER_ID,REPORTING_DISTRICT,DAY_OF_WEEK,CHP_SHIFT,POPULATION,CNTY_CITY_LOC,SPECIAL_COND,BEAT_TYPE,CHP_BEAT_TYPE,CITY_DIVISION_LAPD,CHP_BEAT_CLASS,BEAT_NUMBER,PRIMARY_RD,SECONDARY_RD,DISTANCE,DIRECTION,INTERSECTION,WEATHER_1,WEATHER_2,STATE_HWY_IND,CALTRANS_COUNTY,CALTRANS_DISTRICT,STATE_ROUTE,ROUTE_SUFFIX,POSTMILE_PREFIX,POSTMILE,LOCATION_TYPE,RAMP_INTERSECTION,SIDE_OF_HWY,TOW_AWAY,COLLISION_SEVERITY,NUMBER_KILLED,NUMBER_INJURED,PARTY_COUNT,PRIMARY_COLL_FACTOR,PCF_CODE_OF_VIOL,PCF_VIOL_CATEGORY,PCF_VIOLATION,PCF_VIOL_SUBSECTION,HIT_AND_RUN,TYPE_OF_COLLISION,MVIW,PED_ACTION,ROAD_SURFACE,ROAD_COND_1,ROAD_COND_2,LIGHTING,CONTROL_DEVICE,CHP_ROAD_TYPE,PEDESTRIAN_ACCIDENT,BICYCLE_ACCIDENT,MOTORCYCLE_ACCIDENT,TRUCK_ACCIDENT,NOT_PRIVATE_PROPERTY,ALCOHOL_INVOLVED,STWD_VEHTYPE_AT_FAULT,CHP_VEHTYPE_AT_FAULT,COUNT_SEVERE_INJ,COUNT_VISIBLE_INJ,COUNT_COMPLAINT_PAIN,COUNT_PED_KILLED,COUNT_PED_INJURED,COUNT_BICYCLIST_KILLED,COUNT_BICYCLIST_INJURED,COUNT_MC_KILLED,COUNT_MC_INJURED,PRIMARY_RAMP,SECONDARY_RAMP,LATITUDE,LONGITUDE,COUNTY,CITY,POINT_X,POINT_Y
8573827,2018,2018-03-14,3801,2018-02-22,1242,1190,MISSI,4,5,7,3801,0,0,0,,0,3D13C,"CHURCH ST","CLIPPER ST",18.00,N,N,A,-,N,,,,,,,,,,N,3,0,1,1,A,-,05,21650,1,N,H,-,A,A,H,-,A,A,0,,Y,,,Y,,L,04,0,1,0,0,0,0,1,0,0,"- ","- ",,,"SAN FRANCISCO","SAN FRANCISCO",-122.42723083496094,37.749340057373047
8573833,2018,2018-03-14,3801,2018-02-10,1427,2365,RICHM,6,5,7,3801,0,0,0,,0,3G14A,"JOHN F KENNEDY DR","30TH AV",1056.00,E,N,A,-,N,,,,,,,,,,N,4,0,1,2,A,-,09,21801,A,N,D,G,A,A,H,-,A,D,0,,Y,,,Y,,A,01,0,0,1,0,0,0,1,0,0,"- ","- ",,,"SAN FRANCISCO","SAN FRANCISCO",-122.48625946044922,37.770595550537109
8573839,2018,2018-03-14,3801,2018-02-07,0142,A21927,NORTH,3,5,7,3801,0,0,0,,0,3E11E,"POLK ST","ELLIS ST",0.00,,Y,A,-,N,,,,,,,,,,N,2,0,1,2,A,-,03,22350,,F,G,B,D,A,H,-,C,A,0,Y,Y,,,Y,,L,04,1,0,0,0,1,0,0,0,0,"- ","- ",,,"SAN FRANCISCO","SAN FRANCISCO",-122.41934967041016,37.784038543701172
8573842,2018,2018-03-14,3801,2018-02-02,0940,897,CENTR,5,5,7,3801,0,0,0,,0,3A14B,"BAY ST","KEARNY ST",0.00,,Y,A,-,N,,,,,,,,,,N,4,0,1,2,A,-,08,22107,,N,D,G,A,A,H,-,A,A,0,,Y,,,Y,,A,01,0,0,1,0,0,0,1,0,0,"- ","- ",,,"SAN FRANCISCO","SAN FRANCISCO",-122.40717315673828,37.806438446044922
8573853,2018,2018-03-14,3801,2018-02-24,1725,1480,MISSI,6,5,7,3801,0,0,0,,0,3D14E,"VALENCIA ST","16TH ST",125.00,N,N,A,-,N,,,,,,,,,,N,3,0,1,2,A,-,06,21755,,N,B,G,A,A,H,-,A,A,0,,Y,,,Y,,A,01,0,1,0,0,0,0,1,0,0,"- ","- ",,,"SAN FRANCISCO","SAN FRANCISCO",-122.42191314697266,37.765251159667969
8573877,2018,2018-03-14,3801,2018-02-22,1807,887,NORTH,4,5,7,3801,0,0,0,,0,3E12D,"POLK ST","CALIFORNIA ST",15.00,S,N,A,G,N,,,,,,,,,,,4,0,1,2,A,-,08,22107,,F,B,G,A,A,H,-,C,A,0,,Y,,,Y,,A,07,0,0,1,0,0,0,1,0,0,"- ","- ",,,"SAN FRANCISCO","SAN FRANCISCO",-122.42066955566406,37.790531158447266
8573899,2018,2018-03-15,3801,2018-02-19,1720,1817,CENTR,1,5,7,3801,0,0,0,,0,3A5D,"MARKET ST","3RD ST",20.00,N,N,A,-,N,,,,,,,,,,N,3,0,1,3,A,-,17,22517,,N,B,G,A,-,H,-,A,A,0,,Y,,,Y,,-,,0,1,0,0,0,0,1,0,0,"- ","- ",,,"SAN FRANCISCO","SAN FRANCISCO",-122.40341186523438,37.787696838378906
8573911,2018,2018-03-24,3801,2018-02-19,0140,2415,SOUTH,1,5,7,3801,0,0,0,,0,3B13E,"7TH ST","NATOMA ST",0.00,,Y,A,-,N,,,,,,,,,,N,4,0,1,2,A,-,08,22107,,N,D,G,A,A,H,-,C,A,0,,Y,,,Y,,A,01,0,0,1,0,0,0,1,0,0,"- ","- ",,,"SAN FRANCISCO","SAN FRANCISCO",-122.40989685058594,37.778400421142578
8574248,2018,2018-03-15,3801,2018-03-07,0832,979,BAYVI,3,5,7,3801,0,0,0,,0,3C1A,"BAYSHORE BL","HELENA ST",0.00,,Y,A,-,N,,,,,,,,,,N,2,0,1,2,A,-,08,22107,,N,D,G,A,A,H,-,A,A,0,,Y,,,Y,,A,01,1,0,0,0,0,0,1,0,0,"- ","- ",,,"SAN FRANCISCO","SAN FRANCISCO",-122.40676116943359,37.736351013183594
8574836,2018,2018-04-19,3801,2018-03-15,0920,2376,SOUTH,4,5,7,3801,0,0,0,,0,3B5A,"DIVISION ST","VERMONT ST",0.00,,Y,B,C,N,,,,,,,,,,N,4,0,1,2,A,-,08,22107,,N,B,G,A,B,H,-,A,D,0,,Y,,,Y,,A,01,0,0,1,0,0,0,1,0,0,"- ","- ",,,"SAN FRANCISCO","SAN FRANCISCO",-122.40496826171875,37.769741058349609
8575050,2018,2018-06-28,3801,2018-02-01,1904,2180,PARK,4,5,7,3801,0,0,0,,0,3F13D,"FELL ST","MASONIC AV",0.00,,Y,A,-,N,,,,,,,,,,N,3,0,1,1,C,-,18,,,N,H,I,A,A,H,-,C,A,0,,Y,,,Y,,-,"- ",0,1,0,0,0,0,1,0,0,"- ","- ",,,"SAN FRANCISCO","SAN FRANCISCO",-122.4459228515625,37.772979736328125
8594563,2018,2018-04-26,3801,2018-03-09,0857,30,NORTH,5,5,7,3801,0,0,0,,0,3E11A,"PAGE ST","OCTAVIA ST",177.00,W,N,A,-,N,,,,,,,,,,,4,0,1,2,A,-,05,21460,A,N,D,G,A,A,H,-,A,D,0,,Y,,,Y,,-,,0,0,1,0,0,0,1,0,0,"- ","- ",,,"SAN FRANCISCO","SAN FRANCISCO",-122.42471313476562,37.773796081542969
8594570,2018,2018-04-20,3801,2018-03-12,0957,309,INGLE,1,5,7,3801,0,0,0,,0,3H2C,"GUERRERO ST","27TH ST",0.00,,Y,A,-,N,,,,,,,,,,N,4,0,1,2,A,-,09,21801,A,N,D,G,A,A,H,-,A,D,0,,Y,,,Y,,A,01,0,0,1,0,0,0,1,0,0,"- ","- ",,,"SAN FRANCISCO","SAN FRANCISCO",-122.42247009277344,37.747150421142578
8594578,2018,2018-04-20,3801,2018-03-11,2026,1336,TENDE,7,5,7,3801,0,0,0,,0,3J11D,"ELLIS ST","LEAVENWORTH ST",19.00,W,N,A,-,N,,,,,,,,,,N,3,0,1,2,A,-,05,21460,A,N,A,G,A,A,H,-,C,A,0,,Y,,,Y,,L,04,0,1,0,0,0,0,1,0,0,"- ","- ",,,"SAN FRANCISCO","SAN FRANCISCO",-122.41448211669922,37.784660339355469
8594591,2018,2018-04-26,3801,2018-03-02,1440,417,SOUTH,5,5,7,3801,0,0,0,,0,3B13D,"HENRY ADAMS ST","DIVISION ST",0.00,,Y,B,C,N,,,,,,,,,,N,4,0,1,2,A,-,06,21755,A,N,B,G,A,B,H,-,A,A,0,,Y,,,Y,,A,07,0,0,1,0,0,0,1,0,0,"- ","- ",,,"SAN FRANCISCO","SAN FRANCISCO",-122.40390499999999,37.76979
8594847,2018,2018-04-27,3801,2018-03-17,1708,1782,TENDE,6,5,7,3801,0,0,0,,0,3J12D,"TURK ST","JONES ST",0.00,,Y,A,-,N,,,,,,,,,,N,4,0,1,2,A,-,05,21202,A,N,B,G,A,A,H,-,A,A,0,,Y,,,Y,,L,04,0,0,1,0,0,0,1,0,0,"- ","- ",,,"SAN FRANCISCO","SAN FRANCISCO",-122.41240692138672,37.783000946044922
8594878,2018,2018-04-24,3801,2018-03-24,1255,1290,MISSI,6,5,7,3801,0,0,0,,0,3D3C,"14TH ST","VALENCIA ST",0.00,,Y,A,B,N,,,,,,,,,,N,4,0,1,2,A,-,08,22100,A,N,D,G,A,A,H,-,A,D,0,,Y,,,Y,,A,01,0,0,1,0,0,0,1,0,0,"- ","- ",,,"SAN FRANCISCO","SAN FRANCISCO",-122.42218017578125,37.768150329589844
8597222,2018,2018-04-19,3801,2018-03-28,1707,A22200,MISSI,3,5,7,3801,0,0,0,,0,3DL3D,"VALENCIA ST","15TH ST",0.00,,Y,A,-,N,,,,,,,,,,N,3,0,1,2,A,-,08,22107,,F,D,G,A,A,H,-,A,A,0,,Y,,,Y,,A,01,0,1,0,0,0,0,1,0,0,"- ","- ",,,"SAN FRANCISCO","SAN FRANCISCO",-122.42202758789062,37.766529083251953
8597238,2018,2018-04-19,3801,2018-03-29,0837,1485,3E,4,5,7,3801,0,0,0,,0,12A,"OAK ST","DIVISADERO ST",50.00,E,N,A,-,N,,,,,,,,,,N,4,0,1,2,A,-,09,21804,A,N,H,G,A,A,H,-,A,D,0,,Y,,,Y,,A,01,0,0,1,0,0,0,1,0,0,"- ","- ",,,"SAN FRANCISCO","SAN FRANCISCO",-122.437255859375,37.773159027099609
8597245,2018,2018-04-18,3801,2018-03-21,2336,4136,CENTR,3,5,7,3801,0,0,0,,0,3A14E,"BAY ST","KEARRY ST",318.00,W,N,C,-,N,,,,,,,,,,Y,2,0,1,2,A,-,03,22350,,N,C,G,A,B,H,-,C,D,0,,Y,,,Y,,A,01,1,0,0,0,0,0,1,0,0,"- ","- ",,,"SAN FRANCISCO","SAN FRANCISCO",-122.40825653076172,37.806297302246094
8597264,2018,2018-04-18,3801,2018-03-13,0818,504,PARK,2,5,7,3801,0,0,0,,0,003,"BEAUMONT AV","ANZA ST",0.00,,Y,B,C,N,,,,,,,,,,N,4,0,1,2,A,-,09,21801,A,N,A,G,A,B,H,-,A,D,0,,Y,,,Y,,A,01,0,0,1,0,0,0,1,0,0,"- ","- ",,,"SAN FRANCISCO","SAN FRANCISCO",-122.45500183105469,37.780101776123047
8597300,2018,2018-08-08,3801,2018-03-29,1656,2239,INGLE,4,5,7,3801,0,0,0,,0,3H5C,"OCEAN AV","RT 280",55.00,E,N,A,-,Y,SF,4,280,-,R,1.852,R,4,N,N,2,0,1,1,D,-,00,,,N,H,J,A,A,H,-,A,A,0,,Y,,,Y,,-,"- ",1,0,0,0,0,0,1,0,0,"- ","- ",,,"SAN FRANCISCO","SAN FRANCISCO",-122.447265625,37.724113464355469
8597466,2018,2018-04-24,3801,2018-02-06,2000,181,SOUTH,2,5,7,3801,0,0,0,,0,3B35,"MARKET ST","ROSE ST",0.00,,Y,A,-,N,,,,,,,,,,N,4,0,1,2,A,-,08,22107,,N,B,G,A,A,H,-,C,D,0,,Y,,,Y,,A,01,0,0,1,0,0,0,1,0,0,"- ","- ",,,"SAN FRANCISCO","SAN FRANCISCO",-122.421142578125,37.773689270019531
8599726,2018,2018-04-25,3801,2018-03-29,2229,A23182,TENDE,4,5,7,3801,0,0,0,,0,3J11E,"MARKET ST","7TH ST",128.00,W,N,A,-,N,,,,,,,,,,N,2,0,1,1,A,-,03,22350,,N,H,-,A,A,H,-,C,D,0,,Y,,,Y,,L,04,1,0,0,0,0,0,1,0,0,"- ","- ",,,"SAN FRANCISCO","SAN FRANCISCO",-122.41282653808594,37.780231475830078
8602766,2018,2018-05-24,3801,2018-04-19,0900,887,CENTR,4,5,7,3801,0,0,0,,0,3A15A,"FRONT ST","SACRAMENTO ST",0.00,,Y,A,-,N,,,,,,,,,,N,3,0,1,2,A,-,08,22107,,F,A,G,A,A,H,-,A,A,0,,Y,,Y,Y,,F,26,0,1,0,0,0,0,1,0,0,"- ","- ",,,"SAN FRANCISCO","SAN FRANCISCO",-122.39898681640625,37.794330596923828
8602996,2018,2018-05-22,3801,2018-04-03,0936,529,TARAV,2,5,7,3801,0,0,0,,0,3I2A,"40TH AV","VICENTE ST",0.00,,Y,A,-,N,,,,,,,,,,N,4,0,1,2,A,-,12,22450,A,N,H,G,A,A,H,-,A,A,0,,Y,,,Y,,L,04,0,0,1,0,0,0,1,0,0,"- ","- ",,,"SAN FRANCISCO","SAN FRANCISCO",-122.49790954589844,37.738338470458984
8603004,2018,2018-05-22,3801,2018-04-04,0800,399,PARK,3,5,7,3801,0,0,0,,0,0F1,"7TH AV","LAWTON ST",0.00,,Y,A,-,N,,,,,,,,,,N,4,0,1,2,A,-,08,22107,,F,B,G,A,A,H,-,A,D,0,,Y,,,Y,,-,"- ",0,0,1,0,0,0,1,0,0,"- ","- ",,,"SAN FRANCISCO","SAN FRANCISCO",-122.46382904052734,37.758541107177734
8605739,2018,2018-05-09,3801,2018-03-27,1202,499,CENTR,2,5,7,3801,0,0,0,,0,3A11A,"BATTERY ST","FILBERT ST",0.00,,Y,A,-,N,,,,,,,,,,N,2,0,1,3,A,-,08,22107,,N,B,G,A,A,-,-,A,A,0,,Y,Y,,Y,,C,03,1,0,0,0,0,0,1,0,0,"- ","- ",,,"SAN FRANCISCO","SAN FRANCISCO",-122.40178680419922,37.802330017089844
8618512,2018,2018-05-30,3801,2018-05-01,1433,2200,NORTH,2,5,7,3801,0,0,0,,0,3E13C,"HAYES ST","BUCHANAN ST",0.00,,Y,A,-,N,,,,,,,,,,N,4,0,1,2,A,-,09,21801,A,N,D,G,A,A,H,-,A,D,0,,Y,,,Y,,A,01,0,0,1,0,0,0,1,0,0,"- ","- ",,,"SAN FRANCISCO","SAN FRANCISCO",-122.42790222167969,37.776248931884766
8618827,2018,2018-05-21,3801,2018-04-03,2227,863,NORTH,2,5,7,3801,0,0,0,,0,3E14E,"POLK ST","EDDY ST",0.00,,Y,A,-,N,,,,,,,,,,N,3,0,1,2,A,-,12,21453,A,N,D,G,A,A,-,-,C,A,0,,Y,,,Y,,L,04,0,1,0,0,0,0,1,0,0,"- ","- ",,,"SAN FRANCISCO","SAN FRANCISCO",-122.41918182373047,37.7830810546875
8619224,2018,2018-05-25,3801,2018-04-11,1950,321,RICHM,3,5,7,3801,0,0,0,,0,3G15D,"CABRILLO ST","38TH AV",0.00,,Y,C,-,N,,,,,,,,,,N,4,0,1,2,D,-,00,,,N,G,G,A,B,H,-,C,D,0,,Y,,,Y,,-,"- ",0,0,1,0,0,0,1,0,0,"- ","- ",,,"SAN FRANCISCO","SAN FRANCISCO",-122.49823760986328,37.773811340332031
8619247,2018,2018-05-21,3801,2018-04-24,0734,871,SOUTH,2,5,7,3801,0,0,0,,0,4M1G,"STEUART ST","MISSION ST",141.00,N,N,B,-,N,,,,,,,,,,N,4,0,1,2,A,-,03,22350,,M,H,B,E,A,H,-,A,D,0,Y,Y,,,Y,,L,04,0,0,1,0,1,0,0,0,0,"- ","- ",,,"SAN FRANCISCO","SAN FRANCISCO",-122.39352416992188,37.793529510498047
8619267,2018,2018-05-21,3801,2018-04-19,1826,2017,MISSI,4,5,7,3801,0,0,0,,0,3D41D,"16TH ST","VALENCIA ST",162.00,W,N,A,-,N,,,,,,,,,,N,3,0,1,2,A,-,17,22517,,N,H,G,A,A,H,-,A,A,0,,Y,,,Y,,A,01,0,1,0,0,0,0,1,0,0,"- ","- ",,,"SAN FRANCISCO","SAN FRANCISCO",-122.42244720458984,37.764873504638672
8619278,2018,2018-05-21,3801,2018-04-04,1701,A11409,SOUTH,3,5,7,3801,0,0,0,,0,0B5,"TOWNSEND ST","TOWNSEND ST 350",30.00,S,N,B,-,N,,,,,,,,,,N,4,0,1,2,A,-,07,21658,A,N,B,G,A,A,H,-,A,D,0,,Y,,,Y,,A,01,0,0,1,0,0,0,1,0,0,"- ","- ",,,"SAN FRANCISCO","SAN FRANCISCO",,
8620650,2018,2018-05-21,3801,2018-04-26,0850,2395,MISSI,4,5,7,3801,0,0,0,,0,3D16A,"DOLORES ST","26TH ST",0.00,,Y,A,-,N,,,,,,,,,,N,4,0,1,2,A,-,12,22450,A,N,D,G,A,A,H,-,A,D,0,,Y,,,Y,,A,01,0,0,1,0,0,0,1,0,0,"- ","- ",,,"SAN FRANCISCO","SAN FRANCISCO",-122.4249267578125,37.748619079589844
8620669,2018,2018-05-23,3801,2018-04-22,1507,A08210,CENTR,7,5,7,3801,0,0,0,,0,03A,WASHINGTON,MONTGOMERY,0.00,,Y,A,-,N,,,,,,,,,,,4,0,2,2,A,-,00,21461,1,N,H,-,B,A,H,-,A,A,0,Y,Y,,,Y,,N,60,0,0,2,0,1,0,1,0,0,"- ","- ",,,"SAN FRANCISCO","SAN FRANCISCO",-122.40329742431641,37.795528411865234
8620682,2018,2018-05-21,3801,2018-04-19,2000,1799,TENDE,4,5,7,3801,0,0,0,,0,3J12D,"MARKET ST","8TH ST",20.00,E,N,A,-,N,,,,,,,,,,N,4,0,1,2,A,-,17,22517,,N,B,G,A,A,H,-,C,A,0,,Y,,,Y,,A,01,0,0,1,0,0,0,1,0,0,"- ","- ",,,"SAN FRANCISCO","SAN FRANCISCO",-122.41471099853516,37.77874755859375
8620710,2018,2018-05-21,3801,2018-04-02,1902,1190,MISSI,1,5,7,3801,0,0,0,,0,3D14D,"GUERRERO ST","18TH ST",10.00,S,N,A,-,N,,,,,,,,,,N,4,0,1,2,A,-,12,21453,A,F,D,-,A,A,H,-,A,A,0,,Y,,,Y,,L,04,0,0,1,0,0,0,1,0,0,"- ","- ",,,"SAN FRANCISCO","SAN FRANCISCO",-122.42379760742188,37.761550903320312
8621050,2018,2018-05-22,3801,2018-04-24,1300,A22856,SOUTH,2,5,7,3801,0,0,0,,0,3B15C,"FREMONT ST","HOWARD ST",0.00,,Y,A,-,N,,,,,,,,,,N,4,0,1,2,A,-,06,21750,A,N,B,G,A,A,-,-,A,-,0,,Y,Y,,Y,,C,02,0,0,1,0,0,0,1,0,0,"- ","- ",,,"SAN FRANCISCO","SAN FRANCISCO",-122.3951416015625,37.789230346679688
8621069,2018,2018-05-23,3801,2018-04-06,1820,837,CENTR,5,5,7,3801,0,0,0,,0,3A13D,"NORTH POINT ST","MASON ST",0.00,,Y,B,C,N,,,,,,,,,,N,4,0,1,2,A,-,09,21801,A,N,A,G,A,B,H,-,A,A,0,,Y,,,Y,,A,01,0,0,1,0,0,0,1,0,0,"- ","- ",,,"SAN FRANCISCO","SAN FRANCISCO",-122.41378021240234,37.80657958984375
8623848,2018,2018-08-23,3801,2018-04-12,2200,311,NORTH,4,5,7,3801,0,0,0,,0,3E00,"BROADWAY ST","VAN NESS AV",0.00,,Y,A,-,Y,SF,4,101,-,-,6.320,I,5,S,N,4,0,1,2,A,-,10,21950,A,N,H,G,A,A,H,-,C,A,0,,Y,,,Y,,A,01,0,0,1,0,0,0,1,0,0,"- ","- ",,,"SAN FRANCISCO","SAN FRANCISCO",-122.42353057861328,37.795730590820312
8636822,2018,2018-06-22,3801,2018-05-20,1223,2132,MISSI,7,5,7,3801,0,0,0,,0,3D11C,"14TH ST","MARKET ST",30.00,E,N,A,-,N,,,,,,,,,,N,4,0,1,2,A,-,08,22107,,N,B,G,A,A,H,-,A,A,0,,Y,,,Y,,L,04,0,0,1,0,0,0,1,0,0,"- ","- ",,,"SAN FRANCISCO","SAN FRANCISCO",-122.42872619628906,37.767715454101562
8636829,2018,2018-06-22,3801,2018-05-14,0832,30,,1,5,7,3801,0,0,0,,0,3E11A,"WEBSTER ST","HAYES ST",0.00,,Y,B,-,N,,,,,,,,,,N,3,0,1,2,A,-,08,22107,,N,D,G,A,A,H,-,A,A,0,,Y,,,Y,,-,,0,1,0,0,0,0,1,0,0,"- ","- ",,,"SAN FRANCISCO","SAN FRANCISCO",-122.42954254150391,37.776039123535156
8636830,2018,2018-06-22,3801,2018-05-14,1015,306,SOUTH,1,5,7,3801,0,0,0,,0,3B12A,"HOWARD ST","7TH ST",50.00,W,N,A,-,N,,,,,,,,,,N,4,0,1,2,A,-,17,22517,,N,B,G,A,A,H,-,A,A,0,,Y,,,Y,,-,,0,0,1,0,0,0,1,0,0,"- ","- ",,,"SAN FRANCISCO","SAN FRANCISCO",-122.40952301025391,37.777881622314453
8636831,2018,2018-06-22,3801,2018-05-29,0917,608,MISSI,2,5,7,3801,0,0,0,,0,3D16A,"17TH ST","VALENCIA ST",150.00,W,N,A,-,N,,,,,,,,,,N,3,0,1,2,A,-,03,22350,,N,B,G,A,A,H,-,A,D,0,,Y,,,Y,,L,04,0,1,0,0,0,0,1,0,0,"- ","- ",,,"SAN FRANCISCO","SAN FRANCISCO",-122.42225646972656,37.763267517089844
8636833,2018,2018-06-22,3801,2018-05-11,1506,A10333,NORTH,5,5,7,3801,0,0,0,,0,3E1C,"LAGUNA ST","GOLDEN GATE AV",15.00,N,N,A,-,N,,,,,,,,,,N,2,0,1,3,A,-,12,21453,A,N,D,G,A,A,H,-,A,A,0,,Y,,,Y,,L,04,1,0,0,0,0,0,1,0,0,"- ","- ",,,"SAN FRANCISCO","SAN FRANCISCO",-122.42702484130859,37.780239105224609
8636845,2018,2018-06-22,3801,2018-05-10,2146,996,BAYVI,4,5,7,3801,0,0,0,,0,3C30,"BAYSHORE BL","THORNTON AV",0.00,,Y,A,-,N,,,,,,,,,,N,4,0,1,2,A,-,08,22107,,F,D,G,A,A,H,-,C,D,0,,Y,,,Y,,A,01,0,0,1,0,0,0,1,0,0,"- ","- ",,,"SAN FRANCISCO","SAN FRANCISCO",-122.40341949462891,37.730640411376953
8636870,2018,2018-06-22,3801,2018-05-17,2350,2162,SOUTH,4,5,7,3801,0,0,0,,0,3B11E,"4TH ST","HOWARD ST",0.00,,Y,A,-,N,,,,,,,,,,N,4,0,1,1,A,-,03,22350,,N,H,A,A,A,H,-,C,A,0,,Y,,,Y,,L,04,0,0,1,0,0,0,1,0,0,"- ","- ",,,"SAN FRANCISCO","SAN FRANCISCO",-122.40270233154297,37.783271789550781
8636880,2018,2018-06-21,3801,2018-05-21,1017,1125,NORTH,1,5,7,3801,0,0,0,,0,3E12A,"FULTON ST","FILLMORE ST",0.00,,Y,A,-,N,,,,,,,,,,N,3,0,1,2,A,-,17,22109,,N,H,A,A,A,H,-,A,D,0,,Y,,,Y,,A,01,0,1,0,0,0,0,1,0,0,"- ","- ",,,"SAN FRANCISCO","SAN FRANCISCO",-122.43155670166016,37.777690887451172
8636958,2018,2018-06-25,3801,2018-05-22,1814,172,RICHM,2,5,7,3801,0,0,0,,0,002,"ARGUELLO BL","ANZA ST",141.00,N,N,B,-,N,,,,,,,,,,N,3,0,1,2,A,-,21,22106,,N,D,G,A,A,H,-,A,D,0,,Y,,,Y,,A,01,0,1,0,0,0,0,1,0,0,"- ","- ",,,"SAN FRANCISCO","SAN FRANCISCO",-122.45877838134766,37.779735565185547
8637003,2018,2018-06-22,3801,2018-05-30,0840,2316,SOUTH,3,5,7,3801,0,0,0,,0,004,"MARKET ST","OCTAVIA ST",0.00,,Y,A,-,N,,,,,,,,,,N,4,0,1,2,A,-,08,22107,,F,B,G,A,A,H,-,A,A,0,,Y,,,Y,,A,01,0,0,1,0,0,0,1,0,0,"- ","- ",,,"SAN FRANCISCO","SAN FRANCISCO",-122.42359161376953,37.771778106689453
8637004,2018,2018-06-25,3801,2018-05-08,1228,306,SOUTH,2,5,7,3801,0,0,0,,0,3B15C,"3RD ST","TERRY A FRANCOIS BL",0.00,,Y,A,-,N,,,,,,,,,,N,3,0,1,2,A,-,08,22100,B,N,B,G,A,A,H,-,A,A,0,,Y,,,Y,,L,04,0,1,0,0,0,0,1,0,0,"- ","- ",,,"SAN FRANCISCO","SAN FRANCISCO",-122.39002227783203,37.776290893554688
8637024,2018,2018-06-25,3801,2018-05-27,1250,2204,MISSI,7,5,7,3801,0,0,0,,0,3D11C,"VALENCIA ST","14TH ST",0.00,,Y,A,-,N,,,,,,,,,,N,4,0,1,2,A,-,09,21801,A,N,D,G,A,A,H,-,A,D,0,,Y,,,Y,,-,,0,0,1,0,0,0,1,0,0,"- ","- ",,,"SAN FRANCISCO","SAN FRANCISCO",-122.42218017578125,37.768150329589844
8637031,2018,2018-06-22,3801,2018-05-06,1441,379,RICHM,7,5,7,3801,0,0,0,,0,0G1,"36TH AV","TREE #478",10.00,W,N,A,-,N,,,,,,,,,,N,3,0,1,2,A,-,03,22350,,N,A,G,A,A,E,-,A,A,0,,Y,,,Y,,L,04,0,1,0,0,0,0,1,0,0,"- ","- ",37.771339416503906,-122.49846649169922,"SAN FRANCISCO","SAN FRANCISCO",,
8639043,2018,2018-08-15,3801,2018-05-14,2020,1150,NORTH,1,5,7,3801,0,0,0,,0,3E15D,"CHESTNUT ST","RICHARDSON AV",0.00,,Y,A,-,Y,SF,4,101,-,-,7.896,I,5,N,Y,4,0,1,2,A,-,09,21801,A,N,D,G,A,A,H,-,C,A,0,,Y,,,Y,,A,01,0,0,1,0,0,0,1,0,0,"- ","- ",,,"SAN FRANCISCO","SAN FRANCISCO",-122.44590759277344,37.799602508544922
8639102,2018,2018-07-27,3801,2018-05-03,1521,SFILIPPI,BAYVI,4,5,7,3801,0,0,0,,0,3C46,"3RD ST","NEWCOMB AV",0.00,,Y,A,-,N,,,,,,,,,,N,4,0,1,1,A,-,03,22350,,N,H,A,A,A,H,-,A,A,0,,Y,,,Y,,L,04,0,0,1,0,0,0,1,0,0,"- ","- ",,,"SAN FRANCISCO","SAN FRANCISCO",-122.39048767089844,37.735630035400391
8640352,2018,2018-07-16,3801,2018-04-28,1032,1603,NORTH,6,5,7,3801,0,0,0,,0,3E12A,"GOUGH ST","GROVE ST",0.00,,Y,A,-,N,,,,,,,,,,N,4,0,1,2,A,-,12,21453,A,N,H,J,B,A,H,-,A,A,0,Y,Y,,,Y,,-,"- ",0,0,1,0,0,0,1,0,0,"- ","- ",,,"SAN FRANCISCO","SAN FRANCISCO",-122.42315673828125,37.777809143066406
8644657,2018,2018-06-27,3801,2018-05-15,1715,195,NORTH,2,5,7,3801,0,0,0,,0,3E12D,"MCALLISTER ST","LAGUNA ST",0.00,,Y,A,-,N,,,,,,,,,,N,4,0,1,2,B,-,22,,,N,D,G,A,A,H,-,A,A,0,,Y,,,Y,,A,01,0,0,1,0,0,0,1,0,0,"- ","- ",,,"SAN FRANCISCO","SAN FRANCISCO",-122.42681884765625,37.779258728027344
8648194,2018,2018-09-27,3801,2018-08-14,1744,4214,TENDE,2,5,7,3801,0,0,0,,0,4B4G,"TAYLOR ST","TURK ST",0.00,,Y,B,-,N,,,,,,,,,,Y,1,1,0,2,A,-,12,21453,A,F,D,G,A,A,-,-,A,A,0,,Y,,,Y,Y,L,04,0,0,0,0,0,1,0,0,0,"- ","- ",,,"SAN FRANCISCO","SAN FRANCISCO",-122.41078186035156,37.783210754394531