CASE_ID,ACCIDENT_YEAR,PROC_DATE,JURIS,COLLISION_DATE,COLLISION_TIME,OFFICER_ID,REPORTING_DISTRICT,DAY_OF_WEEK,CHP_SHIFT,POPULATION,CNTY_CITY_LOC,SPECIAL_COND,BEAT_TYPE,CHP_BEAT_TYPE,CITY_DIVISION_LAPD,CHP_BEAT_CLASS,BEAT_NUMBER,PRIMARY_RD,SECONDARY_RD,DISTANCE,DIRECTION,INTERSECTION,WEATHER_1,WEATHER_2,STATE_HWY_IND,CALTRANS_COUNTY,CALTRANS_DISTRICT,STATE_ROUTE,ROUTE_SUFFIX,POSTMILE_PREFIX,POSTMILE,LOCATION_TYPE,RAMP_INTERSECTION,SIDE_OF_HWY,TOW_AWAY,COLLISION_SEVERITY,NUMBER_KILLED,NUMBER_INJURED,PARTY_COUNT,PRIMARY_COLL_FACTOR,PCF_CODE_OF_VIOL,PCF_VIOL_CATEGORY,PCF_VIOLATION,PCF_VIOL_SUBSECTION,HIT_AND_RUN,TYPE_OF_COLLISION,MVIW,PED_ACTION,ROAD_SURFACE,ROAD_COND_1,ROAD_COND_2,LIGHTING,CONTROL_DEVICE,CHP_ROAD_TYPE,PEDESTRIAN_ACCIDENT,BICYCLE_ACCIDENT,MOTORCYCLE_ACCIDENT,TRUCK_ACCIDENT,NOT_PRIVATE_PROPERTY,ALCOHOL_INVOLVED,STWD_VEHTYPE_AT_FAULT,CHP_VEHTYPE_AT_FAULT,COUNT_SEVERE_INJ,COUNT_VISIBLE_INJ,COUNT_COMPLAINT_PAIN,COUNT_PED_KILLED,COUNT_PED_INJURED,COUNT_BICYCLIST_KILLED,COUNT_BICYCLIST_INJURED,COUNT_MC_KILLED,COUNT_MC_INJURED,PRIMARY_RAMP,SECONDARY_RAMP,LATITUDE,LONGITUDE,COUNTY,CITY,POINT_X,POINT_Y
8649180,2018,2018-07-19,3801,2018-06-15,1851,2132,MISSI,5,5,7,3801,0,0,0,,0,3D62,"16TH ST","VALENCIA ST",25.00,W,N,A,-,N,,,,,,,,,,N,3,0,1,2,A,-,17,22517,,N,H,G,A,A,H,-,A,A,0,,Y,,,Y,,J,48,0,1,0,0,0,0,1,0,0,"- ","- ",,,"SAN FRANCISCO","SAN FRANCISCO",-122.42197418212891,37.764904022216797
8649571,2018,2018-08-28,3801,2018-06-19,1210,728,SOUTH,2,5,7,3801,0,0,0,,0,3B13C,"BRANNAN ST","DECATUR ST",0.00,,N,A,-,N,,,,,,,,,,N,4,0,1,2,A,-,09,21801,A,N,D,G,A,A,H,-,A,D,0,,Y,,,Y,,A,01,0,0,1,0,0,0,1,0,0,"- ","- ",,,"SAN FRANCISCO","SAN FRANCISCO",,
8649664,2018,2018-08-20,3801,2018-06-21,1917,1883,TEMDE,4,5,7,3801,0,0,0,,0,002,"MARKET ST","MARKET ST 780",0.00,,Y,A,-,N,,,,,,,,,,N,3,0,1,2,A,-,17,22517,,N,B,G,A,A,H,-,A,D,0,,Y,,,Y,,A,01,0,1,0,0,0,0,1,0,0,"- ","- ",,,"SAN FRANCISCO","SAN FRANCISCO",-122.40557800000001,37.785944999999998
8651367,2018,2018-10-01,3801,2018-08-11,1915,1122,SOUTH,6,5,7,3801,0,0,0,,0,0B1,"HOWARD ST","2ND ST",50.00,E,N,A,-,N,,,,,,,,,,N,4,0,1,2,A,-,08,22107,,N,B,G,A,A,H,-,A,A,0,,Y,,,Y,,A,07,0,0,1,0,0,0,1,0,0,"- ","- ",,,"SAN FRANCISCO","SAN FRANCISCO",-122.39812469482422,37.786888122558594
8651825,2018,2018-10-08,3801,2018-08-09,0800,2339,PARK,4,5,7,3801,0,0,0,,0,3F43A,"7TH AV","KIRKHAM ST",0.00,,Y,A,-,N,,,,,,,,,,N,3,0,1,2,A,-,06,21750,A,N,B,C,A,A,H,-,A,A,0,,Y,,,Y,,L,04,0,1,0,0,0,0,1,0,0,"- ","- ",,,"SAN FRANCISCO","SAN FRANCISCO",-122.46392059326172,37.760391235351562
8656279,2018,2018-07-26,3801,2018-06-05,0712,4125,MISSI,2,5,7,3801,0,0,0,,0,3D15A,"16TH ST","SAN BRUNO AV",45.00,W,N,A,-,N,,,,,,,,,,,3,0,1,2,A,-,08,22107,,N,B,G,A,A,H,-,A,D,0,,Y,,,Y,,L,04,0,1,0,0,0,0,1,0,0,"- ","- ",,,"SAN FRANCISCO","SAN FRANCISCO",-122.40572357177734,37.765880584716797
8656282,2018,2018-07-25,3801,2018-06-13,1905,2708,RICHM,3,5,7,3801,0,0,0,,0,3G15D,"EL CAMINO DEL MAR","28TH AV",0.00,,Y,A,-,N,,,,,,,,,,N,4,0,1,2,A,-,09,21801,A,N,D,G,A,A,H,-,A,-,0,,Y,,,Y,,A,01,0,0,1,0,0,0,1,0,0,"- ","- ",,,"SAN FRANCISCO","SAN FRANCISCO",-122.48841857910156,37.787628173828125
8656283,2018,2018-07-26,3801,2018-06-05,0900,1693,BAYVI,2,5,7,3801,0,0,0,,0,001,"ARKANSAS ST","MADERA ST",468.00,N,N,A,-,N,,,,,,,,,,N,3,0,1,2,A,-,11,21950,B,N,G,-,D,A,H,-,A,D,0,Y,Y,,,Y,,N,60,0,1,0,0,1,0,0,0,0,"- ","- ",,,"SAN FRANCISCO","SAN FRANCISCO",-122.39800262451172,37.757171630859375
8656284,2018,2018-08-27,3801,2018-06-30,1405,1628,RICHM,6,5,7,3801,0,0,0,,0,3G2A,"GEARY BL","PARKER AV",0.00,,Y,A,-,N,,,,,,,,,,N,4,0,1,2,A,-,17,22517,,N,H,G,A,A,H,-,A,-,0,,Y,,,Y,,A,01,0,0,1,0,0,0,1,0,0,"- ","- ",,,"SAN FRANCISCO","SAN FRANCISCO",-122.45416259765625,37.781658172607422
8656314,2018,2018-07-25,3801,2018-06-09,1517,875,BAYVI,6,5,7,3801,0,0,0,,0,3C13C,"TENNESSEE ST","MARIPOSA ST",0.00,,Y,A,-,N,,,,,,,,,,N,3,0,1,2,A,-,09,21802,A,N,D,G,A,A,-,-,A,A,0,,Y,,,Y,Y,A,01,0,1,0,0,0,0,1,0,0,"- ","- ",,,"SAN FRANCISCO","SAN FRANCISCO",-122.38986968994141,37.764270782470703
8656354,2018,2018-07-27,3801,2018-06-13,1900,4360,BAYVI,3,5,7,3801,0,0,0,,0,001,"TENNESSEE ST","22ND ST",112.00,S,N,F,-,N,,,,,,,,,,N,3,0,1,2,D,-,00,,,N,H,G,A,A,H,-,B,D,0,,Y,,,Y,,-,"- ",0,1,0,0,0,0,1,0,0,"- ","- ",,,"SAN FRANCISCO","SAN FRANCISCO",-122.38921356201172,37.757583618164062
8661223,2018,2018-07-27,3801,2018-06-01,0931,308,SOUTH,5,5,7,3801,0,0,0,,0,3B13B,"TERRY A FRANCOIS BL","MISSION ROCK ST",0.00,,Y,A,-,N,,,,,,,,,,N,3,0,1,2,A,-,08,22107,,N,B,G,A,A,H,-,A,D,0,,Y,,,Y,,D,22,0,1,0,0,0,0,1,0,0,"- ","- ",,,"SAN FRANCISCO","SAN FRANCISCO",-122.38729095458984,37.773090362548828
8662316,2018,2019-07-22,3801,2018-06-27,1613,4119,CENTR,3,5,7,3801,0,0,0,,0,4B3J,"EMBARCADERO ST",SAMSOME,0.00,,Y,A,-,N,,,,,,,,,,Y,1,1,3,3,A,-,03,22350,,N,C,J,A,A,H,-,A,A,0,,Y,,,Y,,A,01,0,0,3,0,0,1,3,0,0,"- ","- ",,,"SAN FRANCISCO","SAN FRANCISCO",-122.40342,37.805039999999998
8667381,2018,2018-07-23,3801,2018-06-06,0911,1288,NORTH,3,5,7,3801,0,0,0,,0,3E14A,"VAN NESS AV",GROVE,13.00,E,N,A,-,N,,,,,,,,,,Y,4,0,1,2,A,-,03,22350,A,N,B,G,A,A,H,-,A,D,0,,Y,,,Y,,L,04,0,0,1,0,0,0,1,0,0,"- ","- ",,,"SAN FRANCISCO","SAN FRANCISCO",-122.41995239257812,37.778213500976562
8667484,2018,2018-07-25,3801,2018-06-27,1255,244,NORTH,3,5,7,3801,0,0,0,,0,3E1C,"LAGUNA ST","NORTH POINT LOBOS ST",115.00,N,N,A,-,N,,,,,,,,,,N,3,0,1,2,A,-,03,22350,,N,C,G,A,-,H,-,A,A,0,,Y,,,Y,,L,04,0,1,0,0,0,0,1,0,0,"- ","- ",,,"SAN FRANCISCO","SAN FRANCISCO",-122.43193817138672,37.804569244384766
8667502,2018,2018-07-23,3801,2018-06-22,1400,2439,CENTR,5,5,7,3801,0,0,0,,0,3A15A,"MARKET ST","MONTGOMERY ST",0.00,,Y,A,-,N,,,,,,,,,,N,4,0,1,2,A,-,10,21950,C,F,D,G,A,A,H,-,A,A,0,,Y,,,Y,,A,01,0,0,1,0,0,0,1,0,0,"- ","- ",,,"SAN FRANCISCO","SAN FRANCISCO",-122.40199279785156,37.788768768310547
8667504,2018,2018-07-25,3801,2018-06-28,1452,642,SOUTH,4,5,7,3801,0,0,0,,0,002,"HOWARD ST","4TH ST",210.00,W,N,A,-,N,,,,,,,,,,N,3,0,2,2,A,-,11,21955,,N,G,B,D,A,H,-,A,A,0,Y,Y,,,Y,,N,60,0,1,1,0,1,0,1,0,0,"- ","- ",,,"SAN FRANCISCO","SAN FRANCISCO",-122.40321350097656,37.782863616943359
8683691,2018,2018-08-31,3801,2018-07-20,1847,1817,CENTR,5,5,7,3801,0,0,0,,0,3A13D,"NORTH POINT ST","JONES ST",156.00,E,N,A,-,N,,,,,,,,,,N,3,0,1,2,A,-,05,21651,,N,G,G,A,A,H,-,A,D,0,,Y,,,Y,,-,,0,1,0,0,0,0,1,0,0,"- ","- ",,,"SAN FRANCISCO","SAN FRANCISCO",-122.41656494140625,37.806217193603516
8683696,2018,2018-08-29,3801,2018-07-12,1413,2108,TENDE,4,5,7,3801,0,0,0,,0,3J51D,"MARKET ST","OFARRELL ST",70.00,W,N,A,-,N,,,,,,,,,,N,4,0,1,1,A,-,03,22350,,N,E,J,A,A,H,-,A,A,0,,Y,,,Y,,L,04,0,0,1,0,0,0,1,0,0,"- ","- ",,,"SAN FRANCISCO","SAN FRANCISCO",-122.40474700927734,37.786624908447266
8683747,2018,2018-08-31,3801,2018-07-19,1610,390,,4,5,7,3801,0,0,0,,0,004,"DUBOCE ST","CASTRO ST",27.00,E,N,A,-,N,,,,,,,,,,N,3,0,1,1,B,-,22,,,N,F,A,A,A,H,-,A,A,0,,Y,,,Y,,L,04,0,1,0,0,0,0,1,0,0,"- ","- ",,,"SAN FRANCISCO","SAN FRANCISCO",-122.43572998046875,37.769058227539062
8683751,2018,2018-08-31,3801,2018-07-19,1300,A22708,MISSI,4,5,7,3801,0,0,0,,0,3D16C,"14TH ST","SHOTWELL ST",33.00,E,N,A,-,N,,,,,,,,,,Y,4,0,1,2,A,-,08,22107,,N,A,G,A,A,H,-,A,D,0,,Y,,,Y,,A,01,0,0,1,0,0,0,1,0,0,"- ","- ",,,"SAN FRANCISCO","SAN FRANCISCO",-122.41659545898438,37.768486022949219
8683785,2018,2018-09-06,3801,2018-07-15,1513,4374,BAYVI,7,5,7,3801,0,0,0,,0,3C13C,"INGALLS ST","HARBOR RD",0.00,,Y,A,-,N,,,,,,,,,,N,4,0,1,2,A,-,03,22350,,N,D,G,A,A,H,-,A,D,0,,Y,,,Y,,L,04,0,0,1,0,0,0,1,0,0,"- ","- ",,,"SAN FRANCISCO","SAN FRANCISCO",-122.37992858886719,37.733409881591797
8683797,2018,2018-09-05,3801,2018-07-13,2007,1883,TENDE,5,5,7,3801,0,0,0,,0,001,"STEVENSON ST","7TH ST",144.00,W,N,A,-,N,,,,,,,,,,N,4,0,1,2,A,-,03,22350,,N,A,B,A,A,H,-,B,D,0,,Y,,,Y,,L,04,0,0,1,0,0,0,1,0,0,"- ","- ",,,"SAN FRANCISCO","SAN FRANCISCO",-122.41225433349609,37.779716491699219
8683798,2018,2018-08-28,3801,2018-07-06,1835,2132,MISSI,5,5,7,3801,0,0,0,,0,3D65,"MISSION ST","16TH ST",100.00,S,N,A,-,N,,,,,,,,,,N,4,0,1,2,A,-,06,21760,C,N,B,G,A,A,H,-,A,A,0,,Y,,,Y,,A,01,0,0,1,0,0,0,1,0,0,"- ","- ",,,"SAN FRANCISCO","SAN FRANCISCO",-122.41963958740234,37.764774322509766
8683806,2018,2018-08-28,3801,2018-07-07,2320,1481,SOUTH,6,5,7,3801,0,0,0,,0,3B13E,"MISSION ST","8TH ST",0.00,,N,A,-,N,,,,,,,,,,N,3,0,1,2,A,-,08,22107,,F,D,G,A,A,H,-,C,A,0,,Y,,,Y,,A,01,0,1,0,0,0,0,1,0,0,"- ","- ",,,"SAN FRANCISCO","SAN FRANCISCO",-122.41316223144531,37.777458190917969
8683829,2018,2018-09-05,3801,2018-07-09,1245,642,SOUTH,1,5,7,3801,0,0,0,,0,003,"6TH ST","HOWARD ST",0.00,,Y,A,-,N,,,,,,,,,,N,4,0,1,2,A,-,06,21755,A,F,B,G,A,A,H,-,A,A,0,,Y,,,Y,,L,04,0,0,1,0,0,0,1,0,0,"- ","- ",,,"SAN FRANCISCO","SAN FRANCISCO",-122.40714263916016,37.779750823974609
8685734,2018,2018-09-04,3801,2018-07-16,0930,1102,PARK,1,5,7,3801,0,0,0,,0,0F3,"GOLDEN GATE AV","ANNAPOLIS TER",70.00,W,N,A,-,N,,,,,,,,,,N,3,0,1,2,A,-,06,21755,A,N,B,G,A,A,H,-,A,D,0,,Y,,,Y,,L,04,0,1,0,0,0,0,1,0,0,"- ","- ",,,"SAN FRANCISCO","SAN FRANCISCO",-122.44803619384766,37.777519226074219
8685827,2018,2018-08-30,3801,2018-06-26,1326,2704,PARK,2,5,7,3801,0,0,0,,0,"3 CAR","OAK ST","STANYAN ST",15.00,E,N,A,-,N,,,,,,,,,,N,4,0,1,2,A,-,09,21804,,N,D,G,A,A,H,-,A,A,0,,Y,,,Y,,L,04,0,0,1,0,0,0,1,0,0,"- ","- ",,,"SAN FRANCISCO","SAN FRANCISCO",-122.45391082763672,37.771369934082031
8685860,2018,2018-08-30,3801,2018-07-25,1817,2321,BAYVI,3,5,7,3801,0,0,0,,0,3C15D,"KEITH ST","UNDERWOOD AV",113.00,N,N,A,-,N,,,,,,,,,,N,3,0,1,2,A,-,11,21954,A,N,D,G,A,A,H,-,A,D,0,,Y,,,Y,,L,04,0,1,0,0,0,0,1,0,0,"- ","- ",,,"SAN FRANCISCO","SAN FRANCISCO",-122.3897705078125,37.728981018066406
8685861,2018,2018-09-06,3801,2018-07-22,1635,792,CENTR,7,5,7,3801,0,0,0,,0,314D,"THE EMBARCADERO",BROADWAY,0.00,,Y,A,-,N,,,,,,,,,,N,3,0,1,2,A,-,08,21717,,N,D,G,A,A,H,-,A,A,0,,Y,,,Y,,A,01,0,1,0,0,0,0,1,0,0,"- ","- ",,,"SAN FRANCISCO","SAN FRANCISCO",-122.39775848388672,37.799179077148438
8685868,2018,2018-08-29,3801,2018-07-26,1420,1398,NROTH,4,5,7,3801,0,0,0,,0,3E1C,"OAK ST","OCTAVIA ST",0.00,,Y,B,-,N,,,,,,,,,,N,4,0,1,2,A,-,00,22453,A,N,D,G,A,A,H,-,A,A,0,,Y,,,Y,,L,04,0,0,1,0,0,0,1,0,0,"- ","- ",,,"SAN FRANCISCO","SAN FRANCISCO",-122.42430114746094,37.774799346923828
8685901,2018,2018-09-06,3801,2018-07-01,1543,2204,MISSI,7,5,7,3801,0,0,0,,0,003,"19TH ST","FOLSOM ST",0.00,E,N,A,-,N,,,,,,,,,,N,3,0,2,2,A,-,06,21750,A,N,C,G,A,A,H,-,A,-,0,,Y,Y,,Y,,C,03,0,1,1,0,0,0,1,0,1,"- ","- ",,,"SAN FRANCISCO","SAN FRANCISCO",-122.41481781005859,37.760490417480469
8688805,2018,2018-10-18,3801,2018-07-24,0933,2376,SOUIT,2,5,7,3801,0,0,0,,0,3B5A,"TOWNSEND ST","STANFORD ST",0.00,,Y,A,-,N,,,,,,,,,,N,3,0,1,2,A,-,10,21950,A,N,G,B,D,A,H,-,A,D,0,Y,Y,,,Y,,N,60,0,1,0,0,1,0,0,0,0,"- ","- ",,,"SAN FRANCISCO","SAN FRANCISCO",-122.39108276367188,37.780200958251953
8688829,2018,2018-10-18,3801,2018-07-23,0140,2179,CENTR,1,5,7,3801,0,0,0,,0,3A11E,"SACRAMENTO ST","LARKIN ST",0.00,,Y,A,-,N,,,,,,,,,,N,3,0,1,1,A,-,03,22350,,N,H,-,A,A,H,-,C,A,0,,Y,,,Y,Y,L,04,0,1,0,0,0,0,1,0,0,"- ","- ",,,"SAN FRANCISCO","SAN FRANCISCO",-122.41924285888672,37.791709899902344
8693344,2018,2018-09-26,3801,2018-07-01,1123,466,TENDE,7,5,7,3801,0,0,0,,0,002,"6TH ST","STEVENSON ST",0.00,,Y,B,-,N,,,,,,,,,,N,4,0,1,2,A,-,05,21650,,N,D,G,A,A,H,-,A,A,0,,Y,,,Y,,L,04,0,0,1,0,0,0,1,0,0,"- ","- ",,,"SAN FRANCISCO","SAN FRANCISCO",-122.40966796875,37.781768798828125
8697871,2018,2018-10-02,3801,2018-08-29,1856,1190,TARAV,3,5,7,3801,0,0,0,,0,3I13D,"MORAGA ST","23RD AV",0.00,,Y,A,-,N,,,,,,,,,,N,4,0,1,2,A,-,12,22450,A,N,D,G,A,A,H,-,A,A,0,,Y,,,Y,,L,04,0,0,1,0,0,0,1,0,0,"- ","- ",,,"SAN FRANCISCO","SAN FRANCISCO",-122.48091125488281,37.755901336669922
8698120,2018,2018-10-05,3801,2018-08-22,0935,821,MISSI,3,5,7,3801,0,0,0,,0,13A,"HAMPSHIRE ST","21ST ST",0.00,,Y,A,-,N,,,,,,,,,,N,3,0,1,2,A,-,17,22517,,N,H,G,A,A,H,-,A,A,0,,Y,Y,,Y,,C,02,0,1,0,0,0,0,1,0,0,"- ","- ",,,"SAN FRANCISCO","SAN FRANCISCO",-122.40775299072266,37.757698059082031
8698132,2018,2018-10-05,3801,2018-08-17,1540,1059,CENTR,5,5,7,3801,0,0,0,,0,3A60,"MARKET ST","NEW MONTGOMERY ST",20.00,N,N,A,-,N,,,,,,,,,,N,3,0,1,2,A,-,12,21453,A,F,H,-,B,A,H,-,A,A,0,Y,Y,,,Y,,-,"- ",0,1,0,0,1,0,0,0,0,"- ","- ",,,"SAN FRANCISCO","SAN FRANCISCO",-122.40193939208984,37.788810729980469
8698151,2018,2018-10-04,3801,2018-08-14,1050,933,BAYVI,2,5,7,3801,0,0,0,,0,3C11A,"JERROLD AV","MILTON I ROSS LN",0.00,,Y,A,-,N,,,,,,,,,,N,3,0,1,2,A,-,09,21804,B,N,A,G,A,A,H,-,A,D,0,,Y,,,Y,,L,04,0,1,0,0,0,0,1,0,0,"- ","- ",,,"SAN FRANCISCO","SAN FRANCISCO",-122.39842224121094,37.743770599365234
8698156,2018,2018-11-15,3801,2018-08-30,0915,A23075,SOUTH,4,5,7,3801,0,0,0,,0,3B12C,"HOWARD ST","NEW MONTGOMERY ST",100.00,E,N,A,-,N,,,,,,,,,,N,3,0,1,2,A,-,"- ",,,N,-,-,A,A,H,-,A,-,0,,Y,,,Y,,-,,0,1,0,0,0,0,1,0,0,"- ","- ",,,"SAN FRANCISCO","SAN FRANCISCO",-122.39874267578125,37.786411285400391
8698210,2018,2018-09-27,3801,2018-08-14,1818,268,MISSI,2,5,7,3801,0,0,0,,0,3D12D,"FOLSOM ST","13TH ST",0.00,,Y,A,-,N,,,,,,,,,,N,4,0,1,2,A,-,09,21801,A,N,D,G,A,A,H,-,A,A,0,,Y,,,Y,,A,01,0,0,1,0,0,0,1,0,0,"- ","- ",,,"SAN FRANCISCO","SAN FRANCISCO",-122.41558837890625,37.769519805908203
8698213,2018,2018-10-01,3801,2018-08-18,1410,127,NORTH,6,5,7,3801,0,0,0,,0,001,"HAIGHT ST","SCOTT ST",120.00,W,N,A,-,N,,,,,,,,,,N,3,0,1,2,A,-,03,22350,,N,B,E,A,A,H,-,A,D,0,,Y,,,Y,,L,04,0,1,0,0,0,0,1,0,0,"- ","- ",,,"SAN FRANCISCO","SAN FRANCISCO",-122.43579864501953,37.771427154541016
8698258,2018,2018-10-02,3801,2018-08-08,1529,1660,SOUTH,3,5,7,3801,0,0,0,,0,0B1,"2ND ST","SOUTH PARK",0.00,,Y,A,-,N,,,,,,,,,,N,4,0,1,2,A,-,04,21703,,N,C,G,A,A,H,-,A,A,0,,Y,,,Y,,L,04,0,0,1,0,0,0,1,0,0,"- ","- ",,,"SAN FRANCISCO","SAN FRANCISCO",-122.39285278320312,37.782470703125
8698525,2018,2018-10-01,3801,2018-07-30,1125,728,SOUTH,1,5,7,3801,0,0,0,,0,3B13C,"3RD ST","3RD ST 625",0.00,,Y,A,-,N,,,,,,,,,,N,2,0,1,1,C,-,18,,,N,-,J,A,A,A,-,A,D,0,,Y,,,Y,,-,"- ",1,0,0,0,0,0,1,0,0,"- ","- ",,,"SAN FRANCISCO","SAN FRANCISCO",-122.393666,37.779587999999997
8699704,2018,2018-10-08,3801,2018-08-28,0804,2375,RICHM,2,5,7,3801,0,0,0,,0,3G60,"ARGUELLO BL","SACRAMENTO ST",0.00,,Y,B,-,N,,,,,,,,,,,4,0,1,2,A,-,08,22107,,N,B,G,A,B,H,-,A,A,0,,Y,,,Y,,L,04,0,0,1,0,0,0,1,0,0,"- ","- ",,,"SAN FRANCISCO","SAN FRANCISCO",-122.45926666259766,37.78662109375
8704029,2018,2018-10-01,3801,2018-07-25,1728,342,COJ,3,5,7,3801,0,0,0,,0,52D,"MARKET ST","5TH ST",298.00,E,N,A,-,N,,,,,,,,,,N,2,0,1,2,A,-,11,21456,B,N,G,-,D,A,H,-,A,A,0,Y,Y,,,Y,,N,60,1,0,0,0,1,0,0,0,0,"- ","- ",,,"SAN FRANCISCO","SAN FRANCISCO",-122.40731811523438,37.784572601318359
8704054,2018,2018-10-02,3801,2018-08-14,1349,1832,TENDE,2,5,7,3801,0,0,0,,0,3J53C,"MARKET ST","TAYLOR ST",55.00,W,N,A,-,N,,,,,,,,,,N,4,0,1,1,C,-,18,,,N,H,A,A,A,H,-,A,A,0,,Y,,,Y,,-,"- ",0,0,1,0,0,0,1,0,0,"- ","- ",,,"SAN FRANCISCO","SAN FRANCISCO",-122.41043853759766,37.782135009765625
8708680,2018,2018-10-24,3801,2018-09-22,1448,2059,CENTR,6,5,7,3801,0,0,0,,0,3A13A,"HYDE ST","JACKSON ST",15.00,W,N,A,-,N,,,,,,,,,,N,4,0,1,1,D,-,00,,,N,H,-,A,A,H,-,A,A,0,,Y,,,Y,,-,"- ",0,0,1,0,0,0,1,0,0,"- ","- ",,,"SAN FRANCISCO","SAN FRANCISCO",-122.41811370849609,37.794601440429688
8710920,2018,2018-10-19,3801,2018-09-16,1127,1377,INGLE,7,5,7,3801,0,0,0,,0,3H11C,"TIFFANY AV","REFERENCE POINT",173.00,N,N,A,-,N,,,,,,,,,,N,3,0,1,2,A,-,09,21804,A,N,D,G,A,A,H,-,A,D,0,,Y,,,Y,,-,,0,1,0,0,0,0,1,0,0,"- ","- ",,,"SAN FRANCISCO","SAN FRANCISCO",,
8714127,2018,2018-11-02,3801,2018-08-28,1100,279,PARK,2,5,7,3801,0,0,0,,0,3F13A,"7TH AV","WARREN ST",0.00,,Y,A,-,N,,,,,,,,,,N,4,0,1,2,A,-,17,21208,,N,D,G,A,A,H,-,A,A,0,,Y,,,Y,,L,04,0,0,1,0,0,0,1,0,0,"- ","- ",,,"SAN FRANCISCO","SAN FRANCISCO",-122.46382904052734,37.758541107177734
8716387,2018,2018-10-23,3801,2018-09-21,0858,539,NROHT,5,5,7,3801,0,0,0,,0,3E11A,"FULTON ST","WEBSTER ST",0.00,,Y,A,-,N,,,,,,,,,,N,3,0,1,2,A,-,03,22350,,N,B,G,A,A,H,-,A,A,0,,Y,,,Y,,L,04,0,1,0,0,0,0,1,0,0,"- ","- ",,,"SAN FRANCISCO","SAN FRANCISCO",-122.42990875244141,37.777908325195312
8716414,2018,2018-10-19,3801,2018-09-20,0800,184,COJ,4,5,7,3801,0,0,0,,0,3J51A,"MARKET ST","CHARLES J BRENHAM",0.00,,Y,A,-,N,,,,,,,,,,N,4,0,1,2,A,-,10,21950,,N,D,G,B,A,H,-,A,A,0,Y,Y,,,Y,,L,04,0,0,1,0,1,0,0,0,0,"- ","- ",,,"SAN FRANCISCO","SAN FRANCISCO",-122.41250610351562,37.780479431152344
8716422,2018,2018-10-19,3801,2018-09-25,1506,2705,,2,5,7,3801,0,0,0,,0,,"HAIGHT ST","BUENA VISTA EAST",0.00,,Y,A,-,N,,,,,,,,,,N,4,0,1,2,A,-,17,21200,,N,D,G,A,-,H,-,A,A,0,,Y,,,Y,,L,04,0,0,1,0,0,0,0,0,0,"- ","- ",,,"SAN FRANCISCO","SAN FRANCISCO",-122.44032287597656,37.770851135253906
8716470,2018,2018-10-19,3801,2018-09-25,1717,2204,MISSI,2,5,7,3801,0,0,0,,0,001,"18TH ST","VALENCIA ST",0.00,W,N,A,-,N,,,,,,,,,,N,4,0,1,2,A,-,12,21453,A,N,D,G,A,A,H,-,A,A,0,,Y,,,Y,Y,L,04,0,0,1,0,0,0,1,0,0,"- ","- ",,,"SAN FRANCISCO","SAN FRANCISCO",-122.42156219482422,37.761711120605469
8716510,2018,2018-10-19,3801,2018-09-27,1842,1150,SOUTH,4,5,7,3801,0,0,0,,0,B-3,"8TH ST","MISSION ST",0.00,,Y,-,-,N,,,,,,,,,,N,4,0,1,2,A,-,08,22107,,N,D,G,A,A,H,-,A,A,0,,Y,,,Y,,A,01,0,0,1,0,0,0,1,0,0,"- ","- ",,,"SAN FRANCISCO","SAN FRANCISCO",-122.41316223144531,37.777458190917969
8716526,2018,2018-10-19,3801,2018-09-04,0600,737,NORTH,2,5,7,3801,0,0,0,,0,3E13A,"POST ST","POLK ST",0.00,,Y,A,-,N,,,,,,,,,,N,2,0,1,1,A,-,03,22350,,N,F,G,A,A,H,-,C,D,0,,Y,,,Y,,L,04,1,0,0,0,0,0,1,0,0,"- ","- ",,,"SAN FRANCISCO","SAN FRANCISCO",-122.41989898681641,37.786830902099609
8716546,2018,2018-10-19,3801,2018-09-21,0830,1293,INGLE,5,5,7,3801,0,0,0,,0,3H12A,"29TH ST","TIFFANY AV",47.00,S,N,A,-,N,,,,,,,,,,N,3,0,1,3,A,-,17,22517,,N,E,G,A,A,H,-,A,A,0,,Y,,,Y,,A,01,0,1,0,0,0,0,1,0,0,"- ","- ",,,"SAN FRANCISCO","SAN FRANCISCO",-122.42198944091797,37.743968963623047
8716553,2018,2018-10-18,3801,2018-09-17,0748,4286,RICHM,1,5,7,3801,0,0,0,,0,180703,"CLEMENT ST","34TH AV",0.00,,Y,B,-,N,,,,,,,,,,N,3,0,1,2,A,-,12,22450,A,N,D,G,A,B,H,-,A,A,0,,Y,,,Y,,L,04,0,1,0,0,0,0,1,0,0,"- ","- ",,,"SAN FRANCISCO","SAN FRANCISCO",-122.49449920654297,37.781570434570312
8716594,2018,2018-10-23,3801,2018-09-27,1445,127,NORTH,4,5,7,3801,0,0,0,,0,006,"POLK ST","SACRAMENTO ST",90.00,S,N,A,-,N,,,,,,,,,,N,4,0,1,2,A,-,"- ",,,N,H,G,A,A,H,-,A,D,0,,Y,,,Y,,L,04,0,0,1,0,0,0,1,0,0,"- ","- ",,,"SAN FRANCISCO","SAN FRANCISCO",-122.42082214355469,37.791255950927734