CASE_ID,ACCIDENT_YEAR,PROC_DATE,JURIS,COLLISION_DATE,COLLISION_TIME,OFFICER_ID,REPORTING_DISTRICT,DAY_OF_WEEK,CHP_SHIFT,POPULATION,CNTY_CITY_LOC,SPECIAL_COND,BEAT_TYPE,CHP_BEAT_TYPE,CITY_DIVISION_LAPD,CHP_BEAT_CLASS,BEAT_NUMBER,PRIMARY_RD,SECONDARY_RD,DISTANCE,DIRECTION,INTERSECTION,WEATHER_1,WEATHER_2,STATE_HWY_IND,CALTRANS_COUNTY,CALTRANS_DISTRICT,STATE_ROUTE,ROUTE_SUFFIX,POSTMILE_PREFIX,POSTMILE,LOCATION_TYPE,RAMP_INTERSECTION,SIDE_OF_HWY,TOW_AWAY,COLLISION_SEVERITY,NUMBER_KILLED,NUMBER_INJURED,PARTY_COUNT,PRIMARY_COLL_FACTOR,PCF_CODE_OF_VIOL,PCF_VIOL_CATEGORY,PCF_VIOLATION,PCF_VIOL_SUBSECTION,HIT_AND_RUN,TYPE_OF_COLLISION,MVIW,PED_ACTION,ROAD_SURFACE,ROAD_COND_1,ROAD_COND_2,LIGHTING,CONTROL_DEVICE,CHP_ROAD_TYPE,PEDESTRIAN_ACCIDENT,BICYCLE_ACCIDENT,MOTORCYCLE_ACCIDENT,TRUCK_ACCIDENT,NOT_PRIVATE_PROPERTY,ALCOHOL_INVOLVED,STWD_VEHTYPE_AT_FAULT,CHP_VEHTYPE_AT_FAULT,COUNT_SEVERE_INJ,COUNT_VISIBLE_INJ,COUNT_COMPLAINT_PAIN,COUNT_PED_KILLED,COUNT_PED_INJURED,COUNT_BICYCLIST_KILLED,COUNT_BICYCLIST_INJURED,COUNT_MC_KILLED,COUNT_MC_INJURED,PRIMARY_RAMP,SECONDARY_RAMP,LATITUDE,LONGITUDE,COUNTY,CITY,POINT_X,POINT_Y
8716609,2018,2018-10-31,3801,2018-09-12,1002,719,CENTR,3,5,7,3801,0,0,0,,0,3CAR,"COLUMBUS AV","BAY ST",0.00,,Y,A,-,N,,,,,,,,,,N,4,0,1,2,A,-,09,21801,A,N,H,G,A,A,H,-,A,A,0,,Y,,,Y,,L,04,0,0,1,0,0,0,0,0,0,"- ","- ",,,"SAN FRANCISCO","SAN FRANCISCO",-122.41719818115234,37.805191040039062
8718583,2018,2018-11-15,3801,2018-09-08,1058,1242,CENTR,6,5,7,3801,0,0,0,,0,3A5A,"VAN NESS AV","NORTH POINT",610.00,,N,A,-,N,,,,,,,,,,N,4,0,1,2,A,-,09,21801,A,N,B,G,A,-,H,-,A,D,0,,Y,,,Y,,A,01,0,0,1,0,0,0,1,0,0,"- ","- ",,,"SAN FRANCISCO","SAN FRANCISCO",-122.42534637451172,37.805061340332031
8720169,2018,2018-10-29,3801,2018-04-13,1820,373,MISSI,5,5,7,3801,0,0,0,,0,0D1,"GUERRERO ST","16TH ST",0.00,,Y,A,-,N,,,,,,,,,,N,4,0,2,3,A,-,03,22350,,N,C,C,A,A,H,-,A,D,0,,Y,,,Y,,A,01,0,0,2,0,0,0,1,0,0,"- ","- ",,,"SAN FRANCISCO","SAN FRANCISCO",-122.42410278320312,37.764778137207031
8724519,2018,2018-10-30,3801,2018-09-05,1230,1250,COD,3,5,7,3801,0,0,0,,0,901,"14TH ST","VALENCIA ST",0.00,,Y,A,-,N,,,,,,,,,,N,2,0,1,1,A,-,17,21200,A,N,E,I,A,A,H,-,A,A,0,,Y,,,Y,Y,L,04,1,0,0,0,0,0,1,0,0,"- ","- ",,,"SAN FRANCISCO","SAN FRANCISCO",-122.42218017578125,37.768150329589844
8724544,2018,2018-10-23,3801,2018-09-01,1718,1345,SOUTH,6,5,7,3801,0,0,0,,0,0B4,"FOLSOM ST","10TH ST",0.00,,Y,A,-,N,,,,,,,,,,N,3,0,1,2,A,-,08,22107,,N,D,G,A,A,H,-,A,A,0,,Y,,,Y,,A,01,0,1,0,0,0,0,1,0,0,"- ","- ",,,"SAN FRANCISCO","SAN FRANCISCO",-122.41281890869141,37.772819519042969
8724555,2018,2018-10-30,3801,2018-09-10,0855,2375,RICHM,1,5,7,3801,0,0,0,,0,3G22,"BALBOA ST","23RD AV",10.00,W,N,A,-,N,,,,,,,,,,N,4,0,1,2,A,-,06,21750,A,N,B,G,A,A,H,-,A,A,0,,Y,,,Y,,L,04,0,0,1,0,0,0,1,0,0,"- ","- ",,,"SAN FRANCISCO","SAN FRANCISCO",-122.48238372802734,37.776409149169922
8742303,2018,2018-12-07,3801,2018-10-21,1400,4033,CENTR,7,5,7,3801,0,0,0,,0,3A12C,"TAYLOR ST","BAY ST",0.00,,Y,A,-,N,,,,,,,,,,N,4,0,1,2,A,-,"- ",,,N,H,-,F,-,H,-,A,D,0,Y,Y,,,Y,,L,04,0,0,1,0,1,0,0,0,0,"- ","- ",,,"SAN FRANCISCO","SAN FRANCISCO",-122.41525268554688,37.805408477783203
8744774,2018,2018-12-07,3801,2018-09-05,0810,887,,3,5,7,3801,0,0,0,,0,,"MARKET ST","3RD ST",0.00,,Y,B,-,N,,,,,,,,,,,3,0,2,2,A,-,10,21950,A,N,H,B,B,A,H,-,A,A,0,Y,Y,,,Y,,L,04,0,1,1,0,1,0,1,0,0,"- ","- ",,,"SAN FRANCISCO","SAN FRANCISCO",-122.40345764160156,37.78765869140625
8754648,2018,2018-12-24,3801,2018-10-18,1200,4040,NORTH,4,5,7,3801,0,0,0,,0,3E60,"MASON ST NORTH","YACHT ROAD",0.00,,Y,A,-,N,,,,,,,,,,Y,2,0,1,2,A,-,12,22450,A,F,B,G,A,A,H,-,A,D,0,,Y,,,Y,,L,04,1,0,0,0,0,0,1,0,0,"- ","- ",,,"SAN FRANCISCO","SAN FRANCISCO",-122.44834136962891,37.805030822753906
8754712,2018,2018-12-07,3801,2018-10-13,0921,812,MISSI,6,5,7,3801,0,0,0,,0,3D11A,"FOLSOM ST","23RD ST",233.00,S,N,A,-,N,,,,,,,,,,N,3,0,1,1,A,-,03,22350,,N,-,A,A,A,H,-,A,D,0,,Y,,,Y,,L,04,0,1,0,0,0,0,1,0,0,"- ","- ",,,"SAN FRANCISCO","SAN FRANCISCO",-122.4141845703125,37.753482818603516
8754719,2018,2018-12-06,3801,2018-10-07,1413,1538,,7,5,7,3801,0,0,0,,0,3J11A,"EDDY ST","TAYLOR ST",100.00,W,N,A,-,N,,,,,,,,,,N,4,0,1,2,A,-,03,22350,,N,G,G,A,A,H,-,A,D,0,,Y,,,Y,,L,04,0,0,1,0,0,0,1,0,0,"- ","- ",,,"SAN FRANCISCO","SAN FRANCISCO",-122.41129302978516,37.784114837646484
8754737,2018,2018-12-11,3801,2018-10-03,0905,385,NORTH,3,5,7,3801,0,0,0,,0,3E12A,"WEBSTER ST","ELLIS ST",40.00,S,N,A,-,N,,,,,,,,,,N,2,0,1,2,A,-,17,22517,,F,H,G,A,A,H,-,A,D,0,,Y,,,Y,,-,"- ",1,0,0,0,0,0,1,0,0,"- ","- ",,,"SAN FRANCISCO","SAN FRANCISCO",-122.43084716796875,37.782463073730469
8754752,2018,2018-12-10,3801,2018-10-08,1600,321,COG,1,5,7,3801,0,0,0,,0,3G5D,"SEAL ROCK DR","ALTA MAR",0.00,,Y,A,-,N,,,,,,,,,,N,3,0,1,1,A,-,03,22350,,N,E,I,A,A,H,-,A,D,0,,Y,,,Y,,L,04,0,1,0,0,0,0,1,0,0,"- ","- ",,,"SAN FRANCISCO","SAN FRANCISCO",-122.50787353515625,37.780731201171875
8754763,2018,2018-12-11,3801,2018-10-10,0819,2202,INGLE,3,5,7,3801,0,0,0,,0,INGLES,"MISSION ST","GODEUS ST",0.00,,Y,A,-,N,,,,,,,,,,N,3,0,1,2,A,-,07,21658,A,N,B,G,A,A,H,-,A,D,0,,Y,,,Y,,A,01,0,1,0,0,0,0,1,0,0,"- ","- ",,,"SAN FRANCISCO","SAN FRANCISCO",-122.42170715332031,37.742828369140625
8754775,2018,2019-01-04,3801,2018-10-11,0908,1244,NORTH,4,5,7,3801,0,0,0,,0,,"POLK ST","PINE ST",0.00,,Y,B,-,N,,,,,,,,,,N,3,0,1,2,A,-,09,21801,A,N,A,G,A,A,H,-,A,A,0,,Y,,,Y,,A,01,0,1,0,0,0,0,1,0,0,"- ","- ",,,"SAN FRANCISCO","SAN FRANCISCO",-122.42050170898438,37.789638519287109
8754805,2018,2018-12-07,3801,2018-10-18,1318,A22028,SOUTH,4,5,7,3801,0,0,0,,0,3B1C,"WASHBURN ST","MISSION ST",0.00,,Y,A,-,N,,,,,,,,,,N,3,0,1,2,A,-,08,22107,,N,D,G,A,A,H,-,A,D,0,,Y,,,Y,,A,01,0,1,0,0,0,0,1,0,0,"- ","- ",,,"SAN FRANCISCO","SAN FRANCISCO",-122.41513824462891,37.775890350341797
8754811,2018,2018-12-10,3801,2018-10-31,1053,1950,BAYVI,3,5,7,3801,0,0,0,,0,3C12A,"BAYSHORE BL","INDUSTRIAL ST",0.00,,Y,A,-,N,,,,,,,,,,N,2,0,1,2,A,-,12,22450,,N,D,G,A,A,H,-,A,A,0,,Y,,,Y,,L,04,1,0,0,0,0,0,1,0,0,"- ","- ",,,"SAN FRANCISCO","SAN FRANCISCO",-122.40695953369141,37.737998962402344
8754848,2018,2018-12-10,3801,2018-10-30,0820,A22160,,2,5,7,3801,0,0,0,,0,,"PAGE ST","ASHBURY ST",0.00,,Y,A,-,N,,,,,,,,,,,4,0,1,2,A,-,08,22107,,N,D,G,A,-,H,-,C,A,0,,Y,,,Y,Y,-,,0,0,1,0,0,0,1,0,0,"- ","- ",,,"SAN FRANCISCO","SAN FRANCISCO",-122.44711303710938,37.770919799804688
8754856,2018,2018-12-10,3801,2018-10-31,2215,1702,MISIS,3,5,7,3801,0,0,0,,0,3D17D,"16TH ST","MISSION ST",0.00,,Y,A,-,N,,,,,,,,,,N,4,0,1,2,A,-,06,21750,A,N,D,G,A,A,H,-,C,A,0,,Y,,,Y,,L,04,0,0,1,0,0,0,1,0,0,"- ","- ",,,"SAN FRANCISCO","SAN FRANCISCO",-122.41967010498047,37.765048980712891
8754864,2018,2018-12-10,3801,2018-10-25,1240,1927,RICHM,4,5,7,3801,0,0,0,,0,3G52B,"16TH AV","CLEMENT ST",422.00,S,N,A,-,N,,,,,,,,,,N,4,0,1,2,A,-,17,22517,,N,H,A,A,A,H,-,A,D,0,,Y,,,Y,,A,01,0,0,1,0,0,0,1,0,0,"- ","- ",,,"SAN FRANCISCO","SAN FRANCISCO",-122.47516632080078,37.781280517578125
8754970,2018,2018-12-17,3801,2018-10-24,1217,839,SOUTH,3,5,7,3801,0,0,0,,0,0B4,"MARKET ST","ELGIN PARK",0.00,,Y,A,-,N,,,,,,,,,,N,3,0,1,2,A,-,08,22107,,N,H,G,A,A,H,-,A,D,0,,Y,,,Y,,A,01,0,1,0,0,0,0,1,0,0,"- ","- ",,,"SAN FRANCISCO","SAN FRANCISCO",-122.42381286621094,37.771598815917969
8755006,2018,2018-12-28,3801,2018-10-29,1331,1145,SOUTH,1,5,7,3801,0,0,0,,0,3B48,"17TH ST","PENNSYLVANIA AV",12.00,W,N,A,-,N,,,,,,,,,,N,4,0,1,2,A,-,21,22106,,N,H,A,A,A,H,-,A,D,0,,Y,,,Y,,A,01,0,0,1,0,0,0,1,0,0,"- ","- ",,,"SAN FRANCISCO","SAN FRANCISCO",-122.39395904541016,37.765235900878906
8756600,2018,2018-12-11,3801,2018-10-13,1500,2724,TENDE,6,5,7,3801,0,0,0,,0,3J00,"STEINER ST","DUBOCE ST",20.00,N,N,A,-,N,,,,,,,,,,N,4,0,1,2,A,-,08,22107,,N,D,G,A,A,H,-,A,D,0,,Y,,,Y,,A,01,0,0,1,0,0,0,1,0,0,"- ","- ",,,"SAN FRANCISCO","SAN FRANCISCO",-122.43159484863281,37.769374847412109
8756603,2018,2019-02-01,3801,2018-10-02,1608,993,SOUTH,2,5,7,3801,0,0,0,,0,SECTOR,"MISSION ST","MISSION ST 833",0.00,,Y,A,-,N,,,,,,,,,,N,3,0,1,2,A,-,11,21954,A,N,G,B,E,A,H,-,A,D,0,Y,Y,,,Y,,N,60,0,1,0,0,1,0,0,0,0,"- ","- ",,,"SAN FRANCISCO","SAN FRANCISCO",-122.405384,37.783596000000003
8756629,2018,2018-12-11,3801,2018-10-30,1855,2355,PARK,2,5,7,3801,0,0,0,,0,0F3,"FELL ST","STANYAN ST",0.00,,Y,A,-,N,,,,,,,,,,N,3,0,2,2,A,-,11,21453,D,N,D,G,A,A,H,-,C,A,0,,Y,Y,,Y,,L,04,0,1,1,0,0,0,1,0,1,"- ","- ",,,"SAN FRANCISCO","SAN FRANCISCO",-122.45407104492188,37.771968841552734
8757957,2018,2018-12-27,3801,2018-11-01,1425,2059,CENTR,4,5,7,3801,0,0,0,,0,3A15A,"MARKET ST","FRONT ST",0.00,,Y,A,-,N,,,,,,,,,,N,4,0,1,2,A,-,05,21202,,N,D,G,A,A,H,-,A,A,0,,Y,,,Y,,L,04,0,0,1,0,0,0,1,0,0,"- ","- ",,,"SAN FRANCISCO","SAN FRANCISCO",-122.39833831787109,37.791690826416016
8758067,2018,2019-01-04,3801,2018-11-13,0823,1851,TENDE,2,5,7,3801,0,0,0,,0,3J13A,"MCCALLISTER ST","HYDE ST",0.00,,Y,B,-,N,,,,,,,,,,N,3,0,1,2,A,-,09,21801,A,N,D,G,A,B,H,-,A,A,0,,Y,,,Y,,D,22,0,1,0,0,0,0,1,0,0,"- ","- ",,,"SAN FRANCISCO","SAN FRANCISCO",-122.41532135009766,37.780738830566406
8758102,2018,2019-01-18,3801,2018-11-08,1750,498,MISSI,4,5,7,3801,0,0,0,,0,006,"17TH ST","BRYANT ST",60.00,E,N,A,-,N,,,,,,,,,,N,4,0,1,1,A,-,03,22350,,N,E,J,A,A,B,-,C,D,0,,Y,,,Y,,L,04,0,0,1,0,0,0,1,0,0,"- ","- ",,,"SAN FRANCISCO","SAN FRANCISCO",-122.41017150878906,37.764331817626953
8758105,2018,2019-01-18,3801,2018-11-12,1558,399,PARK,1,5,7,3801,0,0,0,,0,2CAR,"CORBETT AV","MARS ST",13.00,S,N,A,-,N,,,,,,,,,,N,4,0,1,2,A,-,09,21801,A,N,D,G,A,A,H,-,A,D,0,,Y,,,Y,,A,01,0,0,1,0,0,0,1,0,0,"- ","- ",,,"SAN FRANCISCO","SAN FRANCISCO",-122.44436645507812,37.760540008544922
8758154,2018,2019-01-18,3801,2018-11-06,0856,1325,TENDE,2,5,7,3801,0,0,0,,0,3J11A,"MARKET ST","8TH ST",0.00,,Y,A,-,N,,,,,,,,,,N,4,0,1,1,A,-,"- ",,,N,H,-,A,A,G,-,A,A,0,,Y,,,Y,,L,04,0,0,1,0,0,0,1,0,0,"- ","- ",,,"SAN FRANCISCO","SAN FRANCISCO",-122.41475677490234,37.778709411621094
8758177,2018,2019-01-23,3801,2018-11-02,1950,2342,NORTH,5,5,7,3801,0,0,0,,0,3E1FD,"CHESTNUT ST","FRANKLIN ST",140.00,E,N,A,-,N,,,,,,,,,,N,4,0,1,2,A,-,08,22107,,F,D,G,A,A,H,-,D,D,0,,Y,,,Y,,A,01,0,0,1,0,0,0,1,0,0,"- ","- ",,,"SAN FRANCISCO","SAN FRANCISCO",-122.4259033203125,37.802127838134766
8758202,2018,2019-01-24,3801,2018-11-06,1923,4132,MISSI,2,5,7,3801,0,0,0,,0,1CAR,"VALENCIA ST","19TH ST",165.00,S,N,A,-,N,,,,,,,,,,N,2,0,1,3,A,-,08,22107,,N,C,G,A,A,H,-,B,A,0,,Y,,,Y,,A,01,1,0,0,0,0,0,1,0,0,"- ","- ",,,"SAN FRANCISCO","SAN FRANCISCO",-122.42136383056641,37.759658813476562
8758315,2018,2019-02-12,3801,2018-11-24,1600,4208,BAYVI,6,5,7,3801,0,0,0,,0,3C12D,"BAYSHORE BL","OAKDALE AV",440.00,N,N,A,-,N,,,,,,,,,,Y,4,0,1,5,A,-,03,22350,A,F,B,C,A,B,H,-,A,D,0,,Y,,,Y,,A,01,0,0,1,0,0,0,1,0,0,"- ","- ",,,"SAN FRANCISCO","SAN FRANCISCO",-122.40452575683594,37.744113922119141
8758332,2018,2019-01-18,3801,2018-11-28,0854,245,SOUTH,3,5,7,3801,0,0,0,,0,0B1,"FOLSOM ST","HAWTHORNE ST",0.00,,Y,A,-,N,,,,,,,,,,N,3,0,1,3,A,-,17,22517,,N,G,B,A,A,H,-,A,A,0,,Y,,,Y,,-,,0,1,0,0,0,0,1,0,0,"- ","- ",,,"SAN FRANCISCO","SAN FRANCISCO",-122.3978271484375,37.784679412841797
8758348,2018,2019-01-18,3801,2018-11-30,1826,001460,SOUTH,5,5,7,3801,0,0,0,,0,3B5C,"DIVISION ST","VERMONT ST",0.00,,Y,A,-,N,,,,,,,,,,N,4,0,1,2,A,-,09,21801,A,N,D,G,A,-,-,-,B,D,0,,Y,,,Y,,A,01,0,0,1,0,0,0,1,0,0,"- ","- ",,,"SAN FRANCISCO","SAN FRANCISCO",-122.40496826171875,37.769741058349609
8760309,2018,2018-12-21,3801,2018-11-27,0933,2202,INGLE,2,5,7,3801,0,0,0,,0,3H11A,"CORTLAND AV","PROSPECT AV",41.00,W,N,B,-,N,,,,,,,,,,N,4,0,1,2,A,-,12,22450,A,N,B,G,A,B,H,-,A,D,0,,Y,,,Y,,A,01,0,0,1,0,0,0,1,0,0,"- ","- ",,,"SAN FRANCISCO","SAN FRANCISCO",-122.42094421386719,37.740268707275391
8760642,2018,2019-01-18,3801,2018-11-05,1107,714,MISSI,1,5,7,3801,0,0,0,,0,3D6A,"13TH ST","MISSION ST",0.00,,Y,A,-,N,,,,,,,,,,N,4,0,1,2,A,-,09,21800,A,N,-,G,A,A,H,-,A,A,0,,Y,,,Y,,L,04,0,0,1,0,0,0,1,0,0,"- ","- ",,,"SAN FRANCISCO","SAN FRANCISCO",-122.42018127441406,37.769989013671875
8766608,2018,2018-12-24,3801,2018-11-02,1630,563,PARK,5,5,7,3801,0,0,0,,0,004,"MARKET ST","MARKET ST 1133",0.00,,Y,A,-,N,,,,,,,,,,N,4,0,1,2,A,-,08,22102,,F,D,G,A,A,-,-,A,D,0,,Y,,,Y,,A,01,0,0,1,0,0,0,1,0,0,"- ","- ",,,"SAN FRANCISCO","SAN FRANCISCO",-122.41336200000001,37.779803000000001
8776948,2018,2019-01-28,3801,2018-12-11,1748,2207,CENTR,2,5,7,3801,0,0,0,,0,3A15D,"NEW MONTGOMERY ST","JESSIE ST",0.00,,Y,A,-,N,,,,,,,,,,N,4,0,1,2,A,-,09,21804,A,N,D,G,A,A,H,-,C,D,0,,Y,,Y,Y,,F,55,0,0,1,0,0,0,1,0,0,"- ","- ",,,"SAN FRANCISCO","SAN FRANCISCO",-122.40099334716797,37.787868499755859
8777201,2018,2019-01-24,3801,2018-12-28,1047,1507,NORTH,5,5,7,3801,0,0,0,,0,003,"POLK ST","DR TOM WADDELL PL",0.00,,Y,A,-,N,,,,,,,,,,N,4,0,1,2,A,-,08,22107,,N,B,G,A,A,H,-,A,D,0,,Y,,,Y,,A,01,0,0,1,0,0,0,1,0,0,"- ","- ",,,"SAN FRANCISCO","SAN FRANCISCO",-122.41812,37.777970000000003
8777229,2018,2019-01-24,3801,2018-12-22,2148,969,MISSI,6,5,7,3801,0,0,0,,0,3D14D,"FOLSOM ST","14TH ST",315.00,S,N,A,-,N,,,,,,,,,,N,3,0,1,2,A,-,17,21209,,F,C,G,A,A,H,-,C,D,0,,Y,,,Y,,A,01,0,1,0,0,0,0,1,0,0,"- ","- ",,,"SAN FRANCISCO","SAN FRANCISCO",-122.41552734375,37.767677307128906
8777251,2018,2019-01-29,3801,2018-12-12,0748,1530,BAYVI,3,5,7,3801,0,0,0,,0,3C67,"OAKDALE AV","BARNEVELD AV",28.00,W,N,A,-,N,,,,,,,,,,N,3,0,1,2,A,-,03,22350,,F,C,G,A,A,H,-,A,A,0,,Y,,,Y,,A,01,0,1,0,0,0,0,1,0,0,"- ","- ",,,"SAN FRANCISCO","SAN FRANCISCO",-122.40357208251953,37.742103576660156
8777262,2018,2019-01-25,3801,2018-12-14,1640,386,MISIS,5,5,7,3801,0,0,0,,0,3D11D,"CHURCH ST","18TH ST",18.00,N,N,A,-,N,,,,,,,,,,N,4,0,1,1,D,-,00,,,N,H,A,A,B,-,-,A,D,0,,Y,,,Y,,-,"- ",0,0,1,0,0,0,1,0,0,"- ","- ",,,"SAN FRANCISCO","SAN FRANCISCO",-122.42838287353516,37.761348724365234
8777297,2018,2019-03-04,3801,2018-12-03,1120,2372,INGLE,1,5,7,3801,0,0,0,,0,3H1A,"MISSION ST","MISSION ST 3349",0.00,,N,A,-,N,,,,,,,,,,N,4,0,1,2,A,-,07,21658,A,N,B,G,A,A,H,-,A,D,0,,Y,,,Y,,A,01,0,0,1,0,0,0,1,0,0,"- ","- ",,,"SAN FRANCISCO","SAN FRANCISCO",-122.421387,37.743332000000002
8777301,2018,2019-05-13,3801,2018-12-03,1008,245,SOUTH,1,5,7,3801,0,0,0,,0,0B1,"FOLSOM ST","SPEAR ST",18.00,S,N,A,-,N,,,,,,,,,,N,3,0,1,3,A,-,17,22517,,N,H,G,A,A,H,-,A,A,0,,Y,,,Y,,-,,0,1,0,0,0,0,1,0,0,"- ","- ",,,"SAN FRANCISCO","SAN FRANCISCO",-122.39104461669922,37.790046691894531
8777318,2018,2019-01-30,3801,2018-12-23,1751,1955,INGLE,7,5,7,3801,0,0,0,,0,3H15D,"GENEVA AV","CAYUGA AV",0.00,,Y,C,-,N,,,,,,,,,,N,4,0,1,2,A,-,09,21801,A,N,D,G,A,B,H,-,C,A,0,,Y,,,Y,,A,01,0,0,1,0,0,0,1,0,0,"- ","- ",,,"SAN FRANCISCO","SAN FRANCISCO",-122.44367980957031,37.718921661376953
8777331,2018,2019-01-29,3801,2018-12-28,1747,1749,CENTR,5,5,7,3801,0,0,0,,0,3A12D,"STOCKTON ST","GEARY ST",0.00,,Y,A,-,N,,,,,,,,,,N,4,0,1,2,A,-,15,21201,A,N,H,J,D,A,H,-,C,D,0,Y,Y,,,Y,Y,L,04,0,0,1,0,1,0,0,0,0,"- ","- ",,,"SAN FRANCISCO","SAN FRANCISCO",-122.40657806396484,37.787559509277344
8777351,2018,2019-01-30,3801,2018-12-28,1541,801,SOUTH,5,5,7,3801,0,0,0,,0,0B2,"MINNA ST","6TH ST",92.00,E,N,A,-,N,,,,,,,,,,N,4,0,1,2,A,-,06,21750,A,N,C,G,A,A,H,-,A,D,0,,Y,,,Y,Y,A,01,0,0,1,0,0,0,1,0,0,"- ","- ",,,"SAN FRANCISCO","SAN FRANCISCO",-122.40790557861328,37.780731201171875
8777360,2018,2019-01-29,3801,2018-12-06,0900,1540,PARK,4,5,7,3801,0,0,0,,0,3F14A,"TURK ST","MASONIC AV",0.00,,Y,A,-,N,,,,,,,,,,N,4,0,1,2,A,-,08,22107,,F,-,G,A,A,H,-,A,A,0,,Y,,,Y,,A,01,0,0,1,0,0,0,1,0,0,"- ","- ",,,"SAN FRANCISCO","SAN FRANCISCO",-122.44705200195312,37.778629302978516
8777433,2018,2019-01-30,3801,2018-12-17,1932,555,PARK,1,5,7,3801,0,0,0,,0,3F13D,"MASONIC AV","OFARRELL ST",48.00,S,N,A,-,N,,,,,,,,,,N,3,0,1,2,A,-,08,22107,,N,C,G,A,A,H,-,C,D,0,,Y,,,Y,,L,04,0,1,0,0,0,0,1,0,0,"- ","- ",,,"SAN FRANCISCO","SAN FRANCISCO",-122.44751739501953,37.780910491943359
8794787,2019,2019-04-23,3801,2019-01-23,1107,392,TARAV,3,5,7,3801,0,0,0,,0,3I16A,"GREAT HWY","SKYLINE BL",0.00,,Y,A,-,Y,SF,4,35,-,-,1.260,I,5,S,N,4,0,1,2,A,-,09,21802,A,N,D,G,A,A,H,-,A,A,0,,Y,,,Y,,D,22,0,0,1,0,0,0,1,0,0,"- ","- ",,,"SAN FRANCISCO","SAN FRANCISCO",-122.50309753417969,37.725269317626953
8803549,2019,2019-03-12,3801,2019-01-07,0902,1538,COJ,1,5,7,3801,0,0,0,,0,3J11A,"MARKET ST","JONES ST",216.00,E,N,B,-,N,,,,,,,,,,N,3,0,1,1,C,-,18,,,N,H,A,A,B,G,-,A,D,0,,Y,,,Y,,-,"- ",0,1,0,0,0,0,1,0,0,"- ","- ",,,"SAN FRANCISCO","SAN FRANCISCO",-122.41145324707031,37.781330108642578
8803573,2019,2019-03-07,3801,2019-01-26,2230,1951,INGLE,6,5,7,3801,0,0,0,,0,3H16D,"MONTEREY BL","BADEN ST",290.00,W,N,A,-,N,,,,,,,,,,N,2,0,1,2,A,-,03,22350,,N,C,-,A,A,H,-,C,D,0,,Y,,Y,Y,,L,04,1,0,0,0,0,0,1,0,0,"- ","- ",,,"SAN FRANCISCO","SAN FRANCISCO",-122.44073486328125,37.731601715087891
8803774,2019,2019-02-27,3801,2019-01-02,0814,317,SOUTH,3,5,7,3801,0,0,0,,0,3B14A,"MISSION ST","11TH ST",0.00,,Y,A,-,N,,,,,,,,,,N,4,0,1,2,A,-,12,21453,A,N,D,G,A,A,H,-,A,A,0,,Y,,,Y,,L,04,0,0,1,0,0,0,1,0,0,"- ","- ",,,"SAN FRANCISCO","SAN FRANCISCO",-122.41709899902344,37.774330139160156
8803808,2019,2019-02-28,3801,2019-01-29,1945,2036,NORTH,2,5,7,3801,0,0,0,,0,"2 CAR","MCALLISTER ST","FILLMORE ST",0.00,,Y,A,-,N,,,,,,,,,,N,3,0,1,2,A,-,08,22107,,N,D,G,A,A,H,-,C,D,0,,Y,,,Y,,A,01,0,1,0,0,0,0,1,0,0,"- ","- ",,,"SAN FRANCISCO","SAN FRANCISCO",-122.43174743652344,37.778640747070312
8803834,2019,2019-02-27,3801,2019-01-02,1830,2749,CENTR,3,5,7,3801,0,0,0,,0,3A12D,"POWELL ST","POST ST",55.00,S,N,A,-,N,,,,,,,,,,N,3,0,1,2,A,-,17,22517,,N,H,G,A,A,H,-,C,D,0,,Y,,,Y,,-,,0,1,0,0,0,0,1,0,0,"- ","- ",,,"SAN FRANCISCO","SAN FRANCISCO",-122.40837097167969,37.788139343261719
8803840,2019,2019-02-28,3801,2019-01-17,1730,324,CENTR,4,5,7,3801,0,0,0,,0,3A00,"TOWNSEND ST","4TH ST",150.00,W,N,F,-,N,,,,,,,,,,N,4,0,1,2,A,-,09,21804,A,M,B,G,A,B,G,-,C,D,0,,Y,,,Y,,A,01,0,0,1,0,0,0,1,0,0,"- ","- ",,,"SAN FRANCISCO","SAN FRANCISCO",-122.39535522460938,37.776817321777344
8803853,2019,2019-03-14,3801,2019-01-06,1600,2392,"SAN F",7,5,7,3801,0,0,0,,0,901,"VALENCIA ST","15TH ST",0.00,,Y,C,-,N,,,,,,,,,,,3,0,1,2,A,-,09,21801,A,N,D,G,A,B,H,-,A,A,0,,Y,,,Y,,A,01,0,1,0,0,0,0,1,0,0,"- ","- ",,,"SAN FRANCISCO","SAN FRANCISCO",-122.42202758789062,37.766529083251953