CASE_ID,ACCIDENT_YEAR,PROC_DATE,JURIS,COLLISION_DATE,COLLISION_TIME,OFFICER_ID,REPORTING_DISTRICT,DAY_OF_WEEK,CHP_SHIFT,POPULATION,CNTY_CITY_LOC,SPECIAL_COND,BEAT_TYPE,CHP_BEAT_TYPE,CITY_DIVISION_LAPD,CHP_BEAT_CLASS,BEAT_NUMBER,PRIMARY_RD,SECONDARY_RD,DISTANCE,DIRECTION,INTERSECTION,WEATHER_1,WEATHER_2,STATE_HWY_IND,CALTRANS_COUNTY,CALTRANS_DISTRICT,STATE_ROUTE,ROUTE_SUFFIX,POSTMILE_PREFIX,POSTMILE,LOCATION_TYPE,RAMP_INTERSECTION,SIDE_OF_HWY,TOW_AWAY,COLLISION_SEVERITY,NUMBER_KILLED,NUMBER_INJURED,PARTY_COUNT,PRIMARY_COLL_FACTOR,PCF_CODE_OF_VIOL,PCF_VIOL_CATEGORY,PCF_VIOLATION,PCF_VIOL_SUBSECTION,HIT_AND_RUN,TYPE_OF_COLLISION,MVIW,PED_ACTION,ROAD_SURFACE,ROAD_COND_1,ROAD_COND_2,LIGHTING,CONTROL_DEVICE,CHP_ROAD_TYPE,PEDESTRIAN_ACCIDENT,BICYCLE_ACCIDENT,MOTORCYCLE_ACCIDENT,TRUCK_ACCIDENT,NOT_PRIVATE_PROPERTY,ALCOHOL_INVOLVED,STWD_VEHTYPE_AT_FAULT,CHP_VEHTYPE_AT_FAULT,COUNT_SEVERE_INJ,COUNT_VISIBLE_INJ,COUNT_COMPLAINT_PAIN,COUNT_PED_KILLED,COUNT_PED_INJURED,COUNT_BICYCLIST_KILLED,COUNT_BICYCLIST_INJURED,COUNT_MC_KILLED,COUNT_MC_INJURED,PRIMARY_RAMP,SECONDARY_RAMP,LATITUDE,LONGITUDE,COUNTY,CITY,POINT_X,POINT_Y
8803899,2019,2019-02-27,3801,2019-01-24,0730,4022,MISSI,4,5,7,3801,0,0,0,,0,3D13A,"15TH ST","UTAH ST",50.00,E,N,A,-,N,,,,,,,,,,N,2,0,1,1,C,-,18,,,N,H,J,A,A,G,-,A,D,0,,Y,,,Y,,-,"- ",1,0,0,0,0,0,1,0,0,"- ","- ",,,"SAN FRANCISCO","SAN FRANCISCO",-122.40648651123047,37.767162322998047
8803951,2019,2019-03-01,3801,2019-01-22,0830,807,TARAV,2,5,7,3801,0,0,0,,0,3I15A,"SLOAT BL","19TH AV",0.00,,N,A,-,N,,,,,,,,,,N,3,0,1,2,A,-,09,21801,A,F,D,G,A,A,H,-,A,A,0,,Y,,,Y,,-,"- ",0,1,0,0,0,0,1,0,0,"- ","- ",,,"SAN FRANCISCO","SAN FRANCISCO",-122.47512817382812,37.734718322753906
8809309,2019,2019-04-03,3801,2019-01-07,1038,38,SOUTH,1,5,7,3801,0,0,0,,0,1CAR,"MISSION ST","1ST ST",25.00,W,N,B,-,N,,,,,,,,,,N,4,0,1,2,A,-,08,22107,,N,B,G,A,A,H,-,A,A,0,,Y,,,Y,,A,01,0,0,1,0,0,0,1,0,0,"- ","- ",,,"SAN FRANCISCO","SAN FRANCISCO",-122.39762878417969,37.789730072021484
8817732,2019,2019-03-18,3801,2019-02-19,0834,207,CENTR,2,5,7,3801,0,0,0,,0,3A14A,"MONTGOMERY ST","POST ST",10.00,N,N,A,-,N,,,,,,,,,,N,4,0,1,2,A,-,08,22107,,N,D,G,A,A,-,-,A,A,0,,Y,,,Y,,L,04,0,0,1,0,0,0,1,0,0,"- ","- ",,,"SAN FRANCISCO","SAN FRANCISCO",-122.40202331542969,37.789146423339844
8817735,2019,2019-03-20,3801,2019-02-20,1738,1249,MISSI,3,5,7,3801,0,0,0,,0,3D16D,"VALENCIA ST","BROSNAN ST",0.00,,Y,A,-,N,,,,,,,,,,N,3,0,1,2,A,-,08,22107,,N,B,G,A,A,H,-,B,A,0,,Y,,,Y,,A,01,0,1,0,0,0,0,1,0,0,"- ","- ",,,"SAN FRANCISCO","SAN FRANCISCO",-122.42224884033203,37.768768310546875
8817740,2019,2019-03-21,3801,2019-02-05,1700,608,TENDE,2,5,7,3801,0,0,0,,0,0J2,"6TH ST","STEVENSON ST",0.00,,Y,A,-,N,,,,,,,,,,N,3,0,1,2,A,-,21,22106,,N,B,G,A,A,H,-,A,D,0,,Y,,,Y,,L,04,0,1,0,0,0,0,1,0,0,"- ","- ",,,"SAN FRANCISCO","SAN FRANCISCO",-122.40966796875,37.781768798828125
8817746,2019,2019-03-20,3801,2019-02-03,1200,1887,TRAFF,7,5,7,3801,0,0,0,,0,,"FRANKLIN ST","UNION ST",16.00,S,N,C,-,N,,,,,,,,,,N,3,0,1,2,A,-,12,21453,A,N,B,G,A,B,H,-,A,A,0,,Y,,,Y,,L,04,0,1,0,0,0,0,1,0,0,"- ","- ",,,"SAN FRANCISCO","SAN FRANCISCO",-122.42561340332031,37.798297882080078
8817747,2019,2019-03-20,3801,2019-02-27,1528,182,BAYVI,3,5,7,3801,0,0,0,,0,3C15D,"3RD ST","CARROLL AV",0.00,,Y,B,-,N,,,,,,,,,,N,4,0,1,2,A,-,07,21658,A,F,B,G,A,A,H,-,A,A,0,,Y,,,Y,Y,A,01,0,0,1,0,0,0,1,0,0,"- ","- ",,,"SAN FRANCISCO","SAN FRANCISCO",-122.39436340332031,37.725490570068359
8817759,2019,2019-03-20,3801,2019-02-22,1530,982,CENTR,5,5,7,3801,0,0,0,,0,3A13C,"MASON ST","PACIFIC AV",20.00,N,N,A,-,N,,,,,,,,,,N,3,0,1,2,A,-,17,22517,,N,E,G,A,A,H,-,A,A,0,,Y,,,Y,,A,07,0,1,0,0,0,0,1,0,0,"- ","- ",,,"SAN FRANCISCO","SAN FRANCISCO",-122.41172027587891,37.796363830566406
8817767,2019,2019-03-19,3801,2019-02-24,1740,4352,SOUTH,7,5,7,3801,0,0,0,,0,0B2,"BRYANT ST","5TH ST",0.00,,Y,B,-,N,,,,,,,,,,N,3,0,1,2,A,-,12,21453,A,N,D,G,A,A,H,-,C,A,0,,Y,,,Y,,L,04,0,1,0,0,0,0,1,0,0,"- ","- ",,,"SAN FRANCISCO","SAN FRANCISCO",-122.40029144287109,37.777801513671875
8817792,2019,2019-03-20,3801,2019-02-28,0626,221,PARK,4,5,7,3801,0,0,0,,0,3F43A,"7TH AV","IRVING ST",0.00,,Y,A,-,N,,,,,,,,,,N,2,0,1,2,A,-,09,21801,A,N,D,G,A,A,H,-,B,D,0,,Y,,,Y,,A,01,1,0,0,0,0,0,1,0,0,"- ","- ",,,"SAN FRANCISCO","SAN FRANCISCO",-122.46415710449219,37.76416015625
8817795,2019,2019-03-19,3801,2019-02-22,1706,2419,RICHM,5,5,7,3801,0,0,0,,0,0G4,"25TH AV","EL CAMINO DEL MAR",0.00,,Y,A,-,N,,,,,,,,,,N,4,0,1,2,A,-,03,22350,,N,D,G,A,A,H,-,B,A,0,,Y,,,Y,,L,04,0,0,1,0,0,0,1,0,0,"- ","- ",,,"SAN FRANCISCO","SAN FRANCISCO",-122.48528289794922,37.787609100341797
8817821,2019,2019-03-20,3801,2019-02-15,1530,2214,MISSI,5,5,7,3801,0,0,0,,0,3D15A,"ALBION ST","17TH ST",23.00,N,N,A,-,N,,,,,,,,,,N,4,0,1,2,A,-,08,22100,B,N,A,G,A,A,H,-,A,D,0,,Y,,,Y,,L,04,0,0,1,0,0,0,1,0,0,"- ","- ",,,"SAN FRANCISCO","SAN FRANCISCO",-122.42271423339844,37.763301849365234
8817827,2019,2019-03-19,3801,2019-02-14,1730,1451,MISSI,4,5,7,3801,0,0,0,,0,901,"BARTLETT ST","26TH ST",0.00,,Y,A,-,N,,,,,,,,,,N,3,0,1,2,A,-,12,22450,A,F,D,G,A,A,H,-,B,D,0,,Y,,,Y,,A,01,0,1,0,0,0,0,1,0,0,"- ","- ",,,"SAN FRANCISCO","SAN FRANCISCO",-122.41922760009766,37.748989105224609
8845451,2019,2019-04-30,3801,2019-03-25,1650,1931,NORTH,1,5,7,3801,0,0,0,,0,,"POLK ST","HEMLOCK ST",0.00,,Y,C,-,N,,,,,,,,,,N,4,0,1,2,A,-,09,21800,C,F,D,G,A,B,H,-,A,D,0,,Y,,,Y,,A,01,0,0,1,0,0,0,1,0,0,"- ","- ",,,"SAN FRANCISCO","SAN FRANCISCO",-122.41999053955078,37.787288665771484
8845686,2019,2019-04-30,3801,2019-03-15,1150,1572,SOUTH,5,5,7,3801,0,0,0,,0,3B1A,"2ND ST","2ND ST 222",0.00,,-,A,-,N,,,,,,,,,,N,3,0,1,2,A,-,03,22350,A,N,H,A,A,A,H,-,A,A,0,,Y,,,Y,,L,04,0,1,0,0,0,0,1,0,0,"- ","- ",,,"SAN FRANCISCO","SAN FRANCISCO",-122.397969,37.786492000000003
8845690,2019,2019-04-30,3801,2019-03-15,0934,1145,SOUTH,5,5,7,3801,0,0,0,,0,3B11B,"EMBARCADERO NORTH","BRYANT ST",0.00,,Y,A,-,N,,,,,,,,,,N,3,0,2,3,A,-,08,22107,,N,D,G,A,A,H,-,A,A,0,,Y,,,Y,,A,01,0,2,0,0,0,0,2,0,0,"- ","- ",,,"SAN FRANCISCO","SAN FRANCISCO",-122.388009,37.787078999999999
8845725,2019,2019-05-01,3801,2019-03-05,1900,459,RICHM,2,5,7,3801,0,0,0,,0,3G14D,"30TH AV","CABRILLO ST",0.00,,Y,C,-,N,,,,,,,,,,N,3,0,1,2,A,-,12,22450,A,N,D,G,A,B,H,-,C,A,0,,Y,,,Y,Y,L,04,0,1,0,0,0,0,1,0,0,"- ","- ",,,"SAN FRANCISCO","SAN FRANCISCO",-122.48967742919922,37.774188995361328
8845741,2019,2019-05-01,3801,2019-03-19,1426,1371,SOUTH,2,5,7,3801,0,0,0,,0,3B13A,"FOLSOM ST","8TH ST",0.00,,Y,A,-,N,,,,,,,,,,N,4,0,1,2,A,-,17,21200,,N,D,G,A,A,H,-,A,A,0,,Y,Y,,Y,,L,04,0,0,1,0,0,0,1,0,0,"- ","- ",,,"SAN FRANCISCO","SAN FRANCISCO",-122.41004943847656,37.774990081787109
8845780,2019,2019-04-30,3801,2019-03-29,0858,4352,SOUTH,5,5,7,3801,0,0,0,,0,0B3,"FOLSOM ST","6TH ST",40.00,E,N,A,-,N,,,,,,,,,,N,3,0,1,2,A,-,03,22350,,N,B,G,A,A,H,-,A,D,0,,Y,,,Y,,M,94,0,1,0,0,0,0,0,0,0,"- ","- ",,,"SAN FRANCISCO","SAN FRANCISCO",-122.40550231933594,37.778579711914062
8845792,2019,2019-05-08,3801,2019-03-29,2136,933,CENTR,5,5,7,3801,0,0,0,,0,3A14E,"POWELL ST","EMBARCADERO ST",0.00,,Y,A,-,N,,,,,,,,,,N,3,0,1,2,A,-,00,21206,,N,A,B,F,A,H,-,C,D,0,Y,Y,,,Y,,L,04,0,1,0,0,1,0,0,0,0,"- ","- ",,,"SAN FRANCISCO","SAN FRANCISCO",-122.412498,37.808568000000001
8845795,2019,2019-05-02,3801,2019-03-19,1638,575,TENDE,2,5,7,3801,0,0,0,,0,3J51C,"MCALLISTER ST","LEAVENWORTH ST",0.00,,Y,A,-,N,,,,,,,,,,,2,0,1,2,D,-,00,,,F,D,G,A,-,-,-,A,A,0,,Y,,,Y,,-,"- ",1,0,0,0,0,0,1,0,0,"- ","- ",,,"SAN FRANCISCO","SAN FRANCISCO",-122.41368865966797,37.780929565429688
8845826,2019,2019-05-01,3801,2019-03-17,1000,1693,BAYVI,7,5,7,3801,0,0,0,,0,001,"ILLINOIS ST","25TH ST",0.00,,Y,A,-,N,,,,,,,,,,N,3,0,1,2,A,-,08,22107,,F,-,G,A,A,H,-,A,A,0,,Y,,,Y,,A,01,0,1,0,0,0,0,1,0,0,"- ","- ",,,"SAN FRANCISCO","SAN FRANCISCO",-122.38683319091797,37.752910614013672
8845840,2019,2019-05-01,3801,2019-03-15,2039,302,NORTH,5,5,7,3801,0,0,0,,0,,"HAYES ST","WEBSTER ST",15.00,E,N,A,-,N,,,,,,,,,,N,3,0,1,2,A,-,17,21200,,N,D,G,A,A,H,-,C,A,0,,Y,,,Y,,L,04,0,1,0,0,0,0,1,0,0,"- ","- ",,,"SAN FRANCISCO","SAN FRANCISCO",-122.42948913574219,37.776046752929688
8849640,2019,2019-05-02,3801,2019-03-04,1116,982,CENTR,1,5,7,3801,0,0,0,,0,3A13C,"THE EMBARCADERO","HOWARD ST",10.00,S,N,A,-,N,,,,,,,,,,N,4,0,1,2,A,-,17,21209,A,F,B,G,A,A,H,-,A,A,0,,Y,,,Y,,D,22,0,0,1,0,0,0,1,0,0,"- ","- ",,,"SAN FRANCISCO","SAN FRANCISCO",-122.39118957519531,37.792304992675781
8853009,2019,2019-06-03,3801,2019-03-13,1727,2342,NORTH,3,5,7,3801,0,0,0,,0,3E6D,"VAN NESS AV","CHESTNUT ST",0.00,,Y,A,-,N,,,,,,,,,,N,4,0,1,2,A,-,12,21453,A,N,D,G,A,A,H,-,A,A,0,,Y,,,Y,,L,04,0,0,1,0,0,0,1,0,0,"- ","- ",,,"SAN FRANCISCO","SAN FRANCISCO",-122.42478179931641,37.802261352539062
8853154,2019,2019-05-01,3801,2019-03-15,0757,2708,MISSI,5,5,7,3801,0,0,0,,0,3D11A,"14TH ST","GUERRERO ST",0.00,,Y,A,-,N,,,,,,,,,,N,4,0,1,2,A,-,08,22107,,N,B,G,A,A,H,-,A,A,0,,Y,,,Y,,A,01,0,0,1,0,0,0,1,0,0,"- ","- ",,,"SAN FRANCISCO","SAN FRANCISCO",-122.42440795898438,37.768020629882812
8853156,2019,2019-05-01,3801,2019-03-29,1306,52,SOUTH,5,5,7,3801,0,0,0,,0,0B5,"TOWNSEND ST","8TH ST",0.00,,Y,A,-,N,,,,,,,,,,N,4,0,1,2,A,-,12,22450,A,N,D,G,A,A,H,-,A,A,0,,Y,,,Y,,L,04,0,0,1,0,0,0,1,0,0,"- ","- ",,,"SAN FRANCISCO","SAN FRANCISCO",,
8857823,2019,2019-05-22,3801,2019-04-24,1011,432,MISSI,3,5,7,3801,0,0,0,,0,3D41B,"24TH ST","DOUGLAS ST",0.00,,Y,A,-,N,,,,,,,,,,N,4,0,1,2,A,-,08,22107,,N,-,G,A,A,H,-,A,D,0,,Y,,,Y,,A,01,0,0,1,0,0,0,1,0,0,"- ","- ",,,"SAN FRANCISCO","SAN FRANCISCO",-122.4384765625,37.751018524169922
8857880,2019,2019-05-22,3801,2019-04-22,1925,2132,04222,1,5,7,3801,0,0,0,,0,1925,"18TH AV","VALENICA ST",131.00,W,N,A,-,N,,,,,,,,,,N,3,0,1,2,A,-,17,22517,,N,H,G,A,A,H,-,A,D,0,,Y,,,Y,,A,07,0,1,0,0,0,0,1,0,0,"- ","- ",,,"SAN FRANCISCO","SAN FRANCISCO",-122.42201232910156,37.761684417724609
8857896,2019,2019-05-22,3801,2019-04-22,1029,2210,SOUTH,1,5,7,3801,0,0,0,,0,3B13A,"7TH ST","BRYANT ST",160.00,N,N,A,-,N,,,,,,,,,,N,4,0,1,2,A,-,05,21650,1,N,D,G,A,A,H,-,A,D,0,,Y,,,Y,,L,04,0,0,1,0,0,0,1,0,0,"- ","- ",37.774650573730469,-122.40541076660156,"SAN FRANCISCO","SAN FRANCISCO",-122.40524291992188,37.774688720703125
8857919,2019,2019-05-23,3801,2019-04-10,0635,86,TARAV,3,5,7,3801,0,0,0,,0,3I12,"TARAVAL ST","20TH AV",0.00,,Y,A,-,N,,,,,,,,,,N,3,0,1,2,A,-,08,22107,,N,D,G,A,A,H,-,A,A,0,,Y,,,Y,,A,08,0,1,0,0,0,0,1,0,0,"- ","- ",,,"SAN FRANCISCO","SAN FRANCISCO",-122.47677612304688,37.742988586425781
8857941,2019,2019-05-21,3801,2019-04-12,1735,1669,TENDE,5,5,7,3801,0,0,0,,0,3J52C,"MARKET ST","5TH ST",0.00,,Y,A,-,N,,,,,,,,,,N,3,0,1,1,A,-,03,22350,,N,H,A,A,A,H,-,A,A,0,,Y,,,Y,,L,04,0,1,0,0,0,0,1,0,0,"- ","- ",,,"SAN FRANCISCO","SAN FRANCISCO",-122.40805816650391,37.784000396728516
8857989,2019,2019-05-21,3801,2019-04-08,1325,1016,NORTH,1,5,7,3801,0,0,0,,0,3E16A,"PINE ST","VAN NESS AV",78.00,E,N,A,-,N,,,,,,,,,,N,4,0,1,2,A,-,06,21760,B,N,B,G,A,-,H,-,A,D,0,,Y,Y,,Y,,O,05,0,0,1,0,0,0,1,0,0,"- ","- ",,,"SAN FRANCISCO","SAN FRANCISCO",-122.42197418212891,37.789436340332031
8857990,2019,2019-05-21,3801,2019-04-08,1350,2023,PARK,1,5,7,3801,0,0,0,,0,,"MASONIC AV","OAK ST",10.00,N,N,A,-,N,,,,,,,,,,,3,0,1,2,A,-,09,21804,A,N,D,G,A,A,H,-,A,A,0,,Y,,,Y,,L,04,0,1,0,0,0,0,1,0,0,"- ","- ",,,"SAN FRANCISCO","SAN FRANCISCO",-122.44575500488281,37.772106170654297
8857994,2019,2019-05-21,3801,2019-04-08,1135,299,CENTR,1,5,7,3801,0,0,0,,0,3A12A,"SUTTER ST","STOCKTON ST",0.00,,Y,A,-,N,,,,,,,,,,N,4,0,1,2,A,-,11,21456,B,N,D,G,A,A,-,-,A,A,0,,Y,,,Y,,L,04,0,0,1,0,0,0,1,0,0,"- ","- ",,,"SAN FRANCISCO","SAN FRANCISCO",-122.40693664550781,37.789421081542969
8857996,2019,2019-05-21,3801,2019-04-17,0859,2400,NORTH,3,5,7,3801,0,0,0,,0,3E12A,"FULTON ST","FILLMORE ST",158.00,W,N,A,-,N,,,,,,,,,,N,3,0,1,3,A,-,08,22107,,N,H,G,A,A,H,-,A,A,0,,Y,,,Y,,A,01,0,1,0,0,0,0,1,0,0,"- ","- ",,,"SAN FRANCISCO","SAN FRANCISCO",-122.43209838867188,37.777626037597656
8858021,2019,2019-05-21,3801,2019-04-26,1900,1166,SOUTH,5,5,7,3801,0,0,0,,0,3B13D,"7TH ST","KING ST",0.00,,Y,-,-,N,,,,,,,,,,N,3,0,1,2,A,-,08,22107,,N,C,G,A,A,G,-,A,D,0,,Y,,,Y,,L,04,0,1,0,0,0,0,1,0,0,"- ","- ",,,"SAN FRANCISCO","SAN FRANCISCO",-122.40081024169922,37.771141052246094
8858041,2019,2019-05-21,3801,2019-04-04,1556,637,SOUTH,4,5,7,3801,0,0,0,,0,3B12D,"BRANNAN ST","5TH ST",0.00,,Y,A,-,N,,,,,,,,,,N,4,0,1,2,A,-,12,21453,A,N,D,G,A,A,H,-,A,A,0,,Y,,,Y,,L,04,0,0,1,0,0,0,1,0,0,"- ","- ",,,"SAN FRANCISCO","SAN FRANCISCO",-122.39875793457031,37.776569366455078
8858043,2019,2019-05-21,3801,2019-04-18,1949,2050,NORTH,4,5,7,3801,0,0,0,,0,,"POLK ST",GEARY,36.00,N,N,A,-,N,,,,,,,,,,N,4,0,1,1,D,-,00,,,N,H,J,A,A,G,-,C,D,0,,Y,,,Y,,-,"- ",0,0,1,0,0,0,1,0,0,"- ","- ",,,"SAN FRANCISCO","SAN FRANCISCO",-122.41976165771484,37.785999298095703
8858059,2019,2019-05-21,3801,2019-04-12,2010,2161,MISSI,5,5,7,3801,0,0,0,,0,3D61,"VALENCIA ST","21ST ST",0.00,,Y,F,-,N,,,,,,,,,,N,4,0,1,2,A,-,09,21801,A,N,G,G,A,-,G,-,-,A,0,,Y,,,Y,,A,01,0,0,1,0,0,0,1,0,0,"- ","- ",,,"SAN FRANCISCO","SAN FRANCISCO",-122.42109680175781,37.756908416748047
8858070,2019,2019-05-21,3801,2019-04-08,1747,1490,SOUTH,1,5,7,3801,0,0,0,,0,3B12D,"EMBARCADERO ST","HOWARD ST",176.00,S,N,B,C,N,,,,,,,,,,N,4,0,1,2,A,-,21,22106,,N,B,G,A,B,H,-,A,A,0,,Y,,,Y,,A,01,0,0,1,0,0,0,1,0,0,"- ","- ",,,"SAN FRANCISCO","SAN FRANCISCO",-122.39063262939453,37.792091369628906
8858150,2019,2019-05-24,3801,2019-04-05,1800,1544,CEBTR,5,5,7,3801,0,0,0,,0,3A2,"KEARNY ST","GEARY ST",0.00,,Y,A,-,N,,,,,,,,,,N,4,0,1,2,A,-,03,22350,A,N,C,G,A,A,H,-,A,A,0,,Y,,,Y,,L,04,0,0,1,0,0,0,1,0,0,"- ","- ",,,"SAN FRANCISCO","SAN FRANCISCO",-122.40351104736328,37.787948608398438
8858221,2019,2019-05-22,3801,2019-04-01,1926,524,SOUTH,1,5,7,3801,0,0,0,,0,3B1D,"RUSS ST","NATOMA ST",0.00,,Y,A,-,N,,,,,,,,,,N,4,0,1,2,A,-,12,22450,A,N,D,G,A,A,H,-,B,A,0,,Y,,,Y,,L,04,0,0,1,0,0,0,1,0,0,"- ","- ",,,"SAN FRANCISCO","SAN FRANCISCO",-122.40879058837891,37.779300689697266
8862403,2019,2019-08-26,3801,2019-04-14,1223,1917,TARAV,7,5,7,3801,0,0,0,,0,3I16A,"SKYLINE BL","GREAT HWY",0.00,,Y,A,-,Y,SF,4,35,-,-,1.260,I,5,S,N,4,0,1,2,A,-,09,21802,A,N,D,G,A,A,H,-,A,A,0,,Y,,,Y,,D,22,0,0,1,0,0,0,1,0,0,"- ","- ",,,"SAN FRANCISCO","SAN FRANCISCO",-122.50309753417969,37.725269317626953
8874731,2019,2019-06-19,3801,2019-05-18,1111,1478,NORTH,6,5,7,3801,0,0,0,,0,0E5,"LAGUNA ST","VALLEJO ST",0.00,,Y,C,-,N,,,,,,,,,,N,3,0,1,2,A,-,09,21804,A,N,D,G,A,B,H,-,A,A,0,,Y,,,Y,,A,01,0,1,0,0,0,0,1,0,0,"- ","- ",,,"SAN FRANCISCO","SAN FRANCISCO",-122.43016052246094,37.795848846435547
8878165,2019,2019-06-26,3801,2019-05-14,0830,1810,MISSI,2,5,7,3801,0,0,0,,0,3D14D,"24TH ST","HARRISON ST",0.00,,Y,A,-,N,,,,,,,,,,N,2,0,1,2,A,-,08,22107,,N,B,G,A,A,H,-,A,A,0,,Y,,Y,Y,,F,26,1,0,0,0,0,0,1,0,0,"- ","- ",,,"SAN FRANCISCO","SAN FRANCISCO",-122.41188812255859,37.752651214599609
8878497,2019,2019-06-19,3801,2019-05-23,1800,4003,TARAV,4,5,7,3801,0,0,0,,0,3116D,"SKYLINE BL","LAKE MERCED BL",0.00,,Y,A,-,N,,,,,,,,,,N,3,0,1,2,A,-,09,21801,A,N,D,G,A,A,H,-,A,D,0,,Y,,,Y,,L,04,0,1,0,0,0,0,1,0,0,"- ","- ",,,"SAN FRANCISCO","SAN FRANCISCO",-122.49906158447266,37.731559753417969
8878514,2019,2019-06-19,3801,2019-05-04,0814,392,INGLE,6,5,7,3801,0,0,0,,0,3H3A,"MISSION ST","ROLPH ST",0.00,,Y,A,-,N,,,,,,,,,,N,3,0,1,2,A,-,12,21453,A,N,H,G,A,A,H,-,A,A,0,,Y,,,Y,,L,04,0,1,0,0,0,0,1,0,0,"- ","- ",,,"SAN FRANCISCO","SAN FRANCISCO",-122.44156646728516,37.715789794921875
8878550,2019,2019-06-19,3801,2019-05-01,1630,1601,PARK,3,5,7,3801,0,0,0,,0,,"STANYAN ST","HAIGHT ST",0.00,,Y,A,-,N,,,,,,,,,,N,4,0,1,2,A,-,00,21760,D,N,B,G,A,A,H,-,A,A,0,,Y,,,Y,,A,01,0,0,1,0,0,0,1,0,0,"- ","- ",,,"SAN FRANCISCO","SAN FRANCISCO",-122.45352935791016,37.769149780273438
8878564,2019,2019-06-19,3801,2019-05-12,2102,4047,MISSI,7,5,7,3801,0,0,0,,0,3D41D,"MISSION ST","26TH ST",60.00,N,N,A,G,N,,,,,,,,,,N,4,0,1,2,A,-,08,22107,,N,D,G,A,A,H,-,C,D,0,,Y,,,Y,,L,04,0,0,1,0,0,0,1,0,0,"- ","- ",,,"SAN FRANCISCO","SAN FRANCISCO",-122.41815948486328,37.749225616455078
8878566,2019,2019-06-19,3801,2019-05-13,0915,1580,SOUTH,1,5,7,3801,0,0,0,,0,3B43,"3RD ST","KING ST",0.00,,Y,A,-,N,,,,,,,,,,N,4,0,1,2,A,-,08,22107,,N,-,G,A,-,H,-,A,A,0,,Y,,,Y,,-,,0,0,1,0,0,0,1,0,0,"- ","- ",,,"SAN FRANCISCO","SAN FRANCISCO",-122.39195251464844,37.7781982421875
8878585,2019,2019-06-19,3801,2019-05-23,1641,397,INGE',4,5,7,3801,0,0,0,,0,3H1,"ELLSWORTH ST","OGDON AV",0.00,,Y,A,-,N,,,,,,,,,,N,4,0,1,2,A,-,12,22450,A,F,B,G,A,A,H,-,B,D,0,,Y,,,Y,,A,01,0,0,1,0,0,0,1,0,0,"- ","- ",,,"SAN FRANCISCO","SAN FRANCISCO",-122.41483306884766,37.735958099365234
8878605,2019,2019-06-18,3801,2019-05-22,1739,4281,NORTH,3,5,7,3801,0,0,0,,0,3E15D,"LAGUNA ST","FELL ST",0.00,,Y,B,-,N,,,,,,,,,,N,4,0,1,2,A,-,09,21801,A,N,D,G,A,A,H,-,A,A,0,,Y,,,Y,,A,01,0,0,1,0,0,0,1,0,0,"- ","- ",,,"SAN FRANCISCO","SAN FRANCISCO",-122.42604827880859,37.775539398193359
8878625,2019,2019-06-24,3801,2019-05-14,0907,1631,SOUTH,2,5,7,3801,0,0,0,,0,3B3A,"FOLSOM ST","5TH ST",425.00,E,N,A,-,N,,,,,,,,,,Y,4,0,1,3,A,-,17,21209,A,M,C,G,A,A,H,-,A,D,0,,Y,,,Y,,A,01,0,0,1,0,0,0,1,0,0,"- ","- ",,,"SAN FRANCISCO","SAN FRANCISCO",-122.40236663818359,37.781097412109375
8878688,2019,2019-06-19,3801,2019-05-06,1338,1706,NORTH,1,5,7,3801,0,0,0,,0,3E13A,"POLK ST","EDDY ST",0.00,,Y,A,-,N,,,,,,,,,,N,4,0,1,1,D,-,00,,,N,-,A,A,A,H,-,A,A,0,,Y,,,Y,,-,"- ",0,0,1,0,0,0,1,0,0,"- ","- ",,,"SAN FRANCISCO","SAN FRANCISCO",-122.41918182373047,37.7830810546875
8878691,2019,2019-06-19,3801,2019-05-30,0718,964,NORTH,4,5,7,3801,0,0,0,,0,3E15A,"SAN FRANCISCO BAY TRAIL","SCOTT ST",0.00,,Y,B,-,N,,,,,,,,,,N,3,0,1,2,A,-,11,21950,B,N,H,A,A,A,H,-,A,A,0,,Y,,,Y,,L,04,0,1,0,0,0,0,1,0,0,"- ","- ",,,"SAN FRANCISCO","SAN FRANCISCO",,
8878693,2019,2019-06-19,3801,2019-05-23,0808,1217,PARK,4,5,7,3801,0,0,0,,0,3F13A,"OAK ST","BAKER ST",0.00,,Y,A,-,N,,,,,,,,,,N,3,0,1,2,A,-,08,22107,,F,D,G,A,A,H,-,A,A,0,,Y,,,Y,,A,01,0,1,0,0,0,0,1,0,0,"- ","- ",,,"SAN FRANCISCO","SAN FRANCISCO",-122.44075775146484,37.772701263427734
8878914,2019,2019-06-20,3801,2019-04-30,1615,399,PARK,2,5,7,3801,0,0,0,,0,"3 BEAT","STANYAN ST","WALLER ST",0.00,,Y,A,-,N,,,,,,,,,,N,3,0,1,2,A,-,09,21801,A,N,H,G,A,A,H,-,A,A,0,,Y,,,Y,,A,01,0,1,0,0,0,0,1,0,0,"- ","- ",,,"SAN FRANCISCO","SAN FRANCISCO",-122.45334625244141,37.76824951171875
8891890,2019,2019-10-25,3801,2019-09-25,1927,1062,TARAV,3,5,7,3801,0,0,0,,0,3I13D,"LAKE MERCED BL","BROTHERHOOD WY",100.00,N,N,A,-,N,,,,,,,,,,N,4,0,1,2,A,-,08,22107,,N,B,G,A,A,H,-,C,A,0,,Y,,,Y,,A,01,0,0,1,0,0,0,1,0,0,"- ","- ",,,"SAN FRANCISCO","SAN FRANCISCO",-122.48519897460938,37.714664459228516