CASE_ID,ACCIDENT_YEAR,PROC_DATE,JURIS,COLLISION_DATE,COLLISION_TIME,OFFICER_ID,REPORTING_DISTRICT,DAY_OF_WEEK,CHP_SHIFT,POPULATION,CNTY_CITY_LOC,SPECIAL_COND,BEAT_TYPE,CHP_BEAT_TYPE,CITY_DIVISION_LAPD,CHP_BEAT_CLASS,BEAT_NUMBER,PRIMARY_RD,SECONDARY_RD,DISTANCE,DIRECTION,INTERSECTION,WEATHER_1,WEATHER_2,STATE_HWY_IND,CALTRANS_COUNTY,CALTRANS_DISTRICT,STATE_ROUTE,ROUTE_SUFFIX,POSTMILE_PREFIX,POSTMILE,LOCATION_TYPE,RAMP_INTERSECTION,SIDE_OF_HWY,TOW_AWAY,COLLISION_SEVERITY,NUMBER_KILLED,NUMBER_INJURED,PARTY_COUNT,PRIMARY_COLL_FACTOR,PCF_CODE_OF_VIOL,PCF_VIOL_CATEGORY,PCF_VIOLATION,PCF_VIOL_SUBSECTION,HIT_AND_RUN,TYPE_OF_COLLISION,MVIW,PED_ACTION,ROAD_SURFACE,ROAD_COND_1,ROAD_COND_2,LIGHTING,CONTROL_DEVICE,CHP_ROAD_TYPE,PEDESTRIAN_ACCIDENT,BICYCLE_ACCIDENT,MOTORCYCLE_ACCIDENT,TRUCK_ACCIDENT,NOT_PRIVATE_PROPERTY,ALCOHOL_INVOLVED,STWD_VEHTYPE_AT_FAULT,CHP_VEHTYPE_AT_FAULT,COUNT_SEVERE_INJ,COUNT_VISIBLE_INJ,COUNT_COMPLAINT_PAIN,COUNT_PED_KILLED,COUNT_PED_INJURED,COUNT_BICYCLIST_KILLED,COUNT_BICYCLIST_INJURED,COUNT_MC_KILLED,COUNT_MC_INJURED,PRIMARY_RAMP,SECONDARY_RAMP,LATITUDE,LONGITUDE,COUNTY,CITY,POINT_X,POINT_Y
8891893,2019,2019-10-28,3801,2019-09-23,1916,2705,BAYVI,1,5,7,3801,0,0,0,,0,3C11D,"26TH ST","WISCONSIN ST",42.00,S,N,A,-,N,,,,,,,,,,N,2,0,1,1,A,-,15,21201,A,N,E,G,A,A,H,-,A,D,0,,Y,,,Y,,L,04,1,0,0,0,0,0,1,0,0,"- ","- ",,,"SAN FRANCISCO","SAN FRANCISCO",-122.39846801757812,37.751056671142578
8891932,2019,2019-10-28,3801,2019-09-23,1537,890,BAYVI,1,5,7,3801,0,0,0,,0,"4 CAR","SAN BRUNO AV","BURROWS ST",0.00,,Y,A,-,N,,,,,,,,,,N,4,0,1,2,A,-,09,21802,A,N,B,B,A,A,H,-,A,A,0,,Y,,,Y,Y,A,01,0,0,1,0,0,0,1,0,0,"- ","- ",,,"SAN FRANCISCO","SAN FRANCISCO",-122.40412139892578,37.728828430175781
8891938,2019,2019-10-25,3801,2019-09-15,1525,318,MISSI,7,5,7,3801,0,0,0,,0,001,"VALENCIA ST","BROSNAN ST",0.00,,Y,A,-,N,,,,,,,,,,N,4,0,1,2,A,-,09,21801,A,N,D,G,A,A,H,-,A,A,0,,Y,,,Y,,A,01,0,0,1,0,0,0,1,0,0,"- ","- ",,,"SAN FRANCISCO","SAN FRANCISCO",-122.42224884033203,37.768768310546875
8891977,2019,2019-10-25,3801,2019-09-19,0821,1429,INGLE,4,5,7,3801,0,0,0,,0,3H13A,"BRADFORD ST","BERNAL HTS BL",0.00,,Y,A,-,N,,,,,,,,,,N,2,0,1,2,A,-,08,22107,,N,B,G,A,A,H,-,A,A,0,,Y,,,Y,,A,01,1,0,0,0,0,0,1,0,0,"- ","- ",,,"SAN FRANCISCO","SAN FRANCISCO",-122.40946197509766,37.741970062255859
8891996,2019,2019-10-28,3801,2019-09-21,1054,2039,TARAV,6,5,7,3801,0,0,0,,0,004,"KENSINGTON WY","ULLOA ST",0.00,,Y,A,-,N,,,,,,,,,,N,3,0,1,2,A,-,17,21200,,N,D,G,A,A,H,-,A,A,0,,Y,,,Y,,L,04,0,1,0,0,0,0,1,0,0,"- ","- ",,,"SAN FRANCISCO","SAN FRANCISCO",-122.4598388671875,37.741050720214844
8891999,2019,2019-11-08,3801,2019-09-26,1837,4118,NORTH,4,5,7,3801,0,0,0,,0,,"POLK ST","ELM ST",0.00,,Y,A,-,N,,,,,,,,,,N,4,0,1,2,A,-,09,21804,A,N,D,G,A,A,H,-,A,D,0,,Y,,,Y,,A,01,0,0,1,0,0,0,1,0,0,"- ","- ",,,"SAN FRANCISCO","SAN FRANCISCO",-122.41890716552734,37.781700134277344
8892020,2019,2019-10-31,3801,2019-09-06,0840,1917,TARAV,5,5,7,3801,0,0,0,,0,3I16A,"PORTOLA DR","CLAREMONT BL",0.00,,Y,B,E,N,,,,,,,,,,N,2,0,1,2,A,-,08,22107,,N,D,G,A,B,H,-,A,A,0,,Y,,,Y,,A,01,1,0,0,0,0,0,1,0,0,"- ","- ",,,"SAN FRANCISCO","SAN FRANCISCO",-122.46528625488281,37.739700317382812
8892022,2019,2019-11-01,3801,2019-09-13,1613,524,SOUTH,5,5,7,3801,0,0,0,,0,3B13D,"8TH ST","HOWARD ST",0.00,,Y,A,-,N,,,,,,,,,,N,3,0,1,2,A,-,08,22107,,F,D,G,A,A,H,-,A,A,0,,Y,,,Y,,A,01,0,1,0,0,0,0,1,0,0,"- ","- ",,,"SAN FRANCISCO","SAN FRANCISCO",-122.41159057617188,37.776229858398438
8892025,2019,2019-11-01,3801,2019-09-07,1826,54,NORTH,6,5,7,3801,0,0,0,,0,3E15D,"LOMBARD ST","OCTAVIA ST",0.00,,Y,A,-,N,,,,,,,,,,N,4,0,1,2,A,-,12,21453,A,N,D,-,A,A,H,-,A,A,0,,Y,,,Y,,A,01,0,0,1,0,0,0,1,0,0,"- ","- ",,,"SAN FRANCISCO","SAN FRANCISCO",-122.42946624755859,37.800689697265625
8896083,2019,2019-10-31,3801,2019-09-04,0743,196,CENTR,3,5,7,3801,0,0,0,,0,,"PINE ST","KEARNY ST",0.00,,Y,A,-,N,,,,,,,,,,,4,0,1,2,A,-,08,22100,B,N,D,G,A,A,H,-,A,A,0,,Y,,,Y,,A,01,0,0,1,0,0,0,1,0,0,"- ","- ",,,"SAN FRANCISCO","SAN FRANCISCO",-122.40421295166016,37.791690826416016
8896087,2019,2019-11-04,3801,2019-09-04,0719,652,PARK,3,5,7,3801,0,0,0,,0,NORTH,"DIVISADERO ST","OAK ST",0.00,,Y,A,-,N,,,,,,,,,,N,3,0,1,2,A,-,08,22100,A,F,D,G,A,A,H,-,A,A,0,,Y,,,Y,,A,01,0,1,0,0,0,0,1,0,0,"- ","- ",,,"SAN FRANCISCO","SAN FRANCISCO",-122.43743133544922,37.773139953613281
8896105,2019,2019-10-30,3801,2019-09-09,0906,2148,NORTH,1,5,7,3801,0,0,0,,0,,"BUSH ST","STEINER ST",0.00,,Y,A,-,N,,,,,,,,,,N,3,0,1,2,A,-,06,21760,C,N,B,G,A,A,H,-,A,A,0,,Y,,,Y,,A,01,0,1,0,0,0,0,1,0,0,"- ","- ",,,"SAN FRANCISCO","SAN FRANCISCO",-122.43511199951172,37.786819458007812
8896122,2019,2019-10-31,3801,2019-09-12,1202,LARA,MISSI,4,5,7,3801,0,0,0,,0,003,"18TH ST","HATTIE ST",0.00,,Y,A,-,N,,,,,,,,,,N,2,0,1,2,A,-,08,22107,,N,A,G,A,A,H,-,A,A,0,,Y,,,Y,,L,04,1,0,0,0,0,0,1,0,0,"- ","- ",,,"SAN FRANCISCO","SAN FRANCISCO",-122.44091796875,37.760528564453125
8896130,2019,2019-10-31,3801,2019-09-12,0805,504,NORTH,4,5,7,3801,0,0,0,,0,3E27,"POLK ST","SACRAMENTO ST",0.00,,Y,A,-,N,,,,,,,,,,N,4,0,1,2,A,-,09,21801,,N,D,G,A,A,H,-,A,A,0,,Y,,,Y,Y,A,01,0,0,1,0,0,0,1,0,0,"- ","- ",,,"SAN FRANCISCO","SAN FRANCISCO",-122.42086791992188,37.791500091552734
8896137,2019,2019-10-30,3801,2019-09-09,1725,1930,TENDE,1,5,7,3801,0,0,0,,0,,"MARKET ST","GRANT ST",33.00,W,N,A,-,N,,,,,,,,,,N,3,0,1,2,A,-,17,22109,,N,H,G,A,A,H,-,A,A,0,,Y,,,Y,,A,01,0,1,0,0,0,0,1,0,0,"- ","- ",,,"SAN FRANCISCO","SAN FRANCISCO",-122.4046630859375,37.786705017089844
8896144,2019,2019-10-29,3801,2019-09-02,1629,1052,RICHM,1,5,7,3801,0,0,0,,0,3G14C,"CLAY ST","LYON ST",60.00,E,N,A,-,N,,,,,,,,,,N,3,0,1,1,C,-,18,,,N,E,A,A,A,A,-,A,D,0,,Y,,,Y,,-,"- ",0,1,0,0,0,0,1,0,0,"- ","- ",,,"SAN FRANCISCO","SAN FRANCISCO",-122.44556427001953,37.789268493652344
8896155,2019,2019-10-31,3801,2019-09-26,0900,2202,INGLE,4,5,7,3801,0,0,0,,0,INGLES,"VALENCIA ST","DUNCAN ST",0.00,,Y,A,-,N,,,,,,,,,,N,4,0,1,2,A,-,09,21802,A,N,D,G,A,A,H,-,A,D,0,,Y,,,Y,,L,04,0,0,1,0,0,0,1,0,0,"- ","- ",,,"SAN FRANCISCO","SAN FRANCISCO",,
8898054,2019,2019-07-24,3801,2019-06-25,1534,172,RICHM,2,5,7,3801,0,0,0,,0,3G3D,"CLEMENT ST","10TH AV",144.00,E,N,A,-,N,,,,,,,,,,N,3,0,1,2,A,-,21,22106,,N,D,G,A,A,H,-,A,D,0,,Y,,,Y,,A,07,0,1,0,0,0,0,1,0,0,"- ","- ",,,"SAN FRANCISCO","SAN FRANCISCO",-122.46820831298828,37.782749176025391
8899044,2019,2019-07-24,3801,2019-06-23,0026,1339,NORTH,7,5,7,3801,0,0,0,,0,,"FRANKLIN ST","TURK ST",50.00,N,N,A,-,N,,,,,,,,,,N,3,0,1,2,A,-,17,21657,,N,A,G,A,A,H,-,C,A,0,,Y,,,Y,,L,04,0,1,0,0,0,0,1,0,0,"- ","- ",,,"SAN FRANCISCO","SAN FRANCISCO",-122.42227935791016,37.781864166259766
8899104,2019,2019-07-24,3801,2019-06-06,2037,1463,MISSI,4,5,7,3801,0,0,0,,0,3D11D,"VALENCIA ST","17TH ST",0.00,,Y,A,-,N,,,,,,,,,,,3,0,1,2,A,-,08,22102,,N,D,G,A,A,-,-,A,D,0,,Y,Y,,Y,,C,03,0,1,0,0,0,0,1,0,0,"- ","- ",,,"SAN FRANCISCO","SAN FRANCISCO",-122.42173767089844,37.763298034667969
8899115,2019,2019-07-24,3801,2019-06-23,1030,1605,NORTH,7,5,7,3801,0,0,0,,0,,"SCOTT ST","GOLDEN GATE AV",64.00,N,N,A,-,N,,,,,,,,,,N,4,0,1,1,C,-,18,,,N,H,A,A,A,H,-,A,A,0,,Y,,,Y,,-,"- ",0,0,1,0,0,0,1,0,0,"- ","- ",,,"SAN FRANCISCO","SAN FRANCISCO",-122.43692016601562,37.77911376953125
8899312,2019,2019-07-25,3801,2019-06-05,1631,1371,SOUTH,3,5,7,3801,0,0,0,,0,004,"3RD ST","CHINA BASIN ST",0.00,,Y,A,-,N,,,,,,,,,,N,4,0,1,2,A,-,06,21750,A,N,D,G,A,A,H,-,A,A,0,,Y,,,Y,,L,04,0,0,1,0,0,0,1,0,0,"- ","- ",,,"SAN FRANCISCO","SAN FRANCISCO",-122.38970947265625,37.772018432617188
8899318,2019,2019-07-25,3801,2019-06-18,0640,2479,SOUTH,2,5,7,3801,0,0,0,,0,3B13A,"HOWARD ST","7TH ST",0.00,,Y,B,-,N,,,,,,,,,,N,4,0,1,2,A,-,08,22107,,N,B,G,A,A,H,-,B,A,0,,Y,,,Y,,A,01,0,0,1,0,0,0,1,0,0,"- ","- ",,,"SAN FRANCISCO","SAN FRANCISCO",-122.40940093994141,37.777980804443359
8899341,2019,2019-07-26,3801,2019-06-21,1922,2451,MISSI,5,5,7,3801,0,0,0,,0,3D14D,"VALENCIA ST","16TH ST",0.00,,Y,A,-,N,,,,,,,,,,N,3,0,1,2,A,-,17,22517,,F,H,G,A,A,H,-,A,D,0,,Y,,,Y,,A,01,0,1,0,0,0,0,1,0,0,"- ","- ",,,"SAN FRANCISCO","SAN FRANCISCO",-122.42189025878906,37.764911651611328
8900593,2019,2019-07-25,3801,2019-06-05,1710,677,SOUTH,3,5,7,3801,0,0,0,,0,3B14C,"10TH ST","MISSION ST",0.00,,Y,A,-,N,,,,,,,,,,N,3,0,1,2,A,-,05,21651,B,N,B,G,A,A,H,-,A,A,0,,Y,,,Y,,L,04,0,1,0,0,0,0,1,0,0,"- ","- ",,,"SAN FRANCISCO","SAN FRANCISCO",-122.41590881347656,37.775279998779297
8900652,2019,2019-08-26,3801,2019-06-18,0840,A23073,BAYVI,2,5,7,3801,0,0,0,,0,3C00,"RHODE ISLAND ST","16TH ST",0.00,,Y,A,-,N,,,,,,,,,,,3,0,1,2,A,-,17,22517,,N,H,G,A,A,-,-,A,A,0,,Y,,,Y,Y,-,,0,1,0,0,0,0,1,0,0,"- ","- ",,,"SAN FRANCISCO","SAN FRANCISCO",-122.40267944335938,37.766098022460938
8900660,2019,2019-07-26,3801,2019-06-18,1855,1119,SOUTH,2,5,7,3801,0,0,0,,0,,"BRANNAN ST","4TH ST",60.00,E,N,A,-,N,,,,,,,,,,N,4,0,1,2,A,-,09,21801,A,N,B,G,A,A,H,-,A,A,0,,Y,,,Y,,L,04,0,0,1,0,0,0,1,0,0,"- ","- ",,,"SAN FRANCISCO","SAN FRANCISCO",-122.39639282226562,37.778446197509766
8900731,2019,2019-07-25,3801,2019-06-28,1238,229,MISSI,5,5,7,3801,0,0,0,,0,0D1,"VALENCIA ST","18TH ST",300.00,S,N,A,-,N,,,,,,,,,,N,4,0,1,2,A,-,08,22107,,N,B,G,A,A,H,-,A,D,0,,Y,,,Y,,A,01,0,0,1,0,0,0,1,0,0,"- ","- ",,,"SAN FRANCISCO","SAN FRANCISCO",-122.42147827148438,37.760887145996094
8900733,2019,2019-07-26,3801,2019-06-25,0613,2375,RICHM,2,5,7,3801,0,0,0,,0,3G60,"MARTIN LUTHER KING JR DR","19TH AV",37.00,E,N,A,-,N,,,,,,,,,,Y,4,0,1,2,A,-,09,21453,B,N,F,G,A,A,H,-,A,A,0,,Y,Y,,Y,,L,04,0,0,1,0,0,0,1,0,0,"- ","- ",,,"SAN FRANCISCO","SAN FRANCISCO",-122.47724914550781,37.766063690185547
8900738,2019,2019-07-26,3801,2019-06-12,1732,1194,TENDE,3,5,7,3801,0,0,0,,0,3J93,"MARKET ST","7TH ST",157.00,E,N,A,-,N,,,,,,,,,,N,4,0,1,3,A,-,17,22517,,N,B,G,A,A,H,-,A,D,0,,Y,,,Y,,-,,0,0,1,0,0,0,1,0,0,"- ","- ",,,"SAN FRANCISCO","SAN FRANCISCO",-122.41213226318359,37.780788421630859
8900749,2019,2019-07-26,3801,2019-06-26,0820,298,PARK,3,5,7,3801,0,0,0,,0,3F13A,"MASONIC AV","HAYES ST",0.00,,Y,B,-,N,,,,,,,,,,N,4,0,1,2,A,-,08,22101,D,N,D,G,A,A,H,-,A,A,0,,Y,,,Y,,A,01,0,0,1,0,0,0,1,0,0,"- ","- ",,,"SAN FRANCISCO","SAN FRANCISCO",-122.44611358642578,37.773941040039062
8900750,2019,2019-07-26,3801,2019-06-11,1822,892,SOUTH,2,5,7,3801,0,0,0,,0,3B12D,"5TH ST","HARRISON ST",0.00,,Y,A,-,N,,,,,,,,,,N,4,0,1,2,D,-,00,,,N,B,G,A,-,H,-,A,-,0,,Y,Y,,Y,,-,"- ",0,0,1,0,0,0,1,0,0,"- ","- ",,,"SAN FRANCISCO","SAN FRANCISCO",-122.40187072753906,37.779060363769531
8900770,2019,2019-07-26,3801,2019-06-27,1755,1787,NORTH,4,5,7,3801,0,0,0,,0,05E,"GREEN ST","LAGUNA ST",0.00,,Y,A,-,N,,,,,,,,,,N,4,0,1,2,A,-,12,22450,A,N,C,G,A,A,H,-,A,D,0,,Y,,,Y,,L,04,0,0,1,0,0,0,1,0,0,"- ","- ",,,"SAN FRANCISCO","SAN FRANCISCO",-122.43035125732422,37.796791076660156
8900772,2019,2019-07-25,3801,2019-06-15,0445,323,CENTR,6,5,7,3801,0,0,0,,0,,"MARKET ST","BATTERY ST",25.00,E,N,A,-,N,,,,,,,,,,N,3,0,1,1,A,-,03,22350,,N,H,-,A,B,H,-,C,A,0,,Y,,,Y,,L,04,0,1,0,0,0,0,1,0,0,"- ","- ",,,"SAN FRANCISCO","SAN FRANCISCO",-122.39944458007812,37.790817260742188
8900782,2019,2019-07-26,3801,2019-06-11,2035,1253,MISSI,2,5,7,3801,0,0,0,,0,3D41D,"DOLORES ST","17TH ST",102.00,N,N,A,-,N,,,,,,,,,,N,3,0,1,2,A,-,08,22107,,N,D,G,A,A,H,-,C,A,0,,Y,,,Y,,A,01,0,1,0,0,0,0,1,0,0,"- ","- ",,,"SAN FRANCISCO","SAN FRANCISCO",-122.42632293701172,37.763290405273438
8911447,2020,2020-08-19,3801,2020-05-29,0729,1487,TRAFF,5,5,7,3801,0,0,0,,0,4B1C,"FREDERICK ST","WILLARD ST",388.00,W,N,B,-,N,,,,,,,,,,Y,1,1,0,3,A,-,17,22517,,N,B,G,A,A,H,-,A,D,0,,Y,,,Y,,-,,0,0,0,0,0,1,0,0,0,"- ","- ",,,"SAN FRANCISCO","SAN FRANCISCO",-122.45590209960938,37.765987396240234
8911451,2020,2020-08-19,3801,2020-07-17,1743,4178,MISSI,5,5,7,3801,0,0,0,,0,4B3A,"DOLORES ST","CUMBERLAND ST",19.00,N,N,A,-,N,,,,,,,,,,N,1,1,1,2,A,-,03,22350,,N,C,B,E,A,G,-,-,D,0,Y,Y,,,Y,Y,L,04,0,1,0,0,1,1,0,0,0,"- ","- ",,,"SAN FRANCISCO","SAN FRANCISCO",-122.42592620849609,37.759082794189453
8916812,2019,2019-09-19,3801,2019-07-11,2050,455,SOUTH,4,5,7,3801,0,0,0,,0,0B2,"3RD ST","TOWNSEND ST",0.00,,Y,A,-,N,,,,,,,,,,,4,0,1,2,A,-,09,21801,A,N,D,G,A,A,-,-,C,A,0,,Y,,,Y,,A,01,0,0,1,0,0,0,1,0,0,"- ","- ",,,"SAN FRANCISCO","SAN FRANCISCO",-122.39275360107422,37.778858184814453
8916816,2019,2019-08-23,3801,2019-07-11,2035,1544,CENTR,4,5,7,3801,0,0,0,,0,3A15D,"MARKET ST","BEALE ST",0.00,,Y,A,-,N,,,,,,,,,,N,4,0,1,2,A,-,08,22107,,F,B,G,A,A,H,-,C,A,0,,Y,,,Y,Y,A,01,0,0,1,0,0,0,1,0,0,"- ","- ",,,"SAN FRANCISCO","SAN FRANCISCO",-122.3973388671875,37.792488098144531
8919601,2019,2019-08-23,3801,2019-07-10,1809,1825,NORTH,3,5,7,3801,0,0,0,,0,3E15D,"STEINER ST","FILBERT ST",0.00,,Y,A,-,N,,,,,,,,,,N,4,0,1,2,A,-,12,22450,A,N,A,G,A,A,H,-,A,A,0,,Y,,,Y,,L,04,0,0,1,0,0,0,1,0,0,"- ","- ",,,"SAN FRANCISCO","SAN FRANCISCO",-122.43733215332031,37.797809600830078
8919628,2019,2019-08-22,3801,2019-07-17,1825,556,SOUTH,3,5,7,3801,0,0,0,,0,0B1,"MISSION ST","THE EMBARCADERO",90.00,W,N,A,-,N,,,,,,,,,,Y,3,0,1,2,A,-,08,22107,,N,B,G,A,A,H,-,A,A,0,,Y,,,Y,,A,01,0,1,0,0,0,0,1,0,0,"- ","- ",,,"SAN FRANCISCO","SAN FRANCISCO",-122.39284515380859,37.793533325195312
8919635,2019,2019-08-27,3801,2019-07-01,1029,2491,SOUTH,1,5,7,3801,0,0,0,,0,3B14B,"MISSION ST","SOUTH VANESS",0.00,,Y,A,-,N,,,,,,,,,,N,3,0,1,2,A,-,08,22107,,N,B,G,A,A,H,-,A,A,0,,Y,,,Y,,L,04,0,1,0,0,0,0,1,0,0,"- ","- ",,,"SAN FRANCISCO","SAN FRANCISCO",,
8919641,2019,2019-08-23,3801,2019-07-16,1022,1371,MISSI,2,5,7,3801,0,0,0,,0,0D4,"MISSION ST","24TH ST",145.00,S,N,A,-,N,,,,,,,,,,N,3,0,1,2,A,-,17,22517,,N,B,G,A,A,H,-,A,A,0,,Y,,,Y,,A,01,0,1,0,0,0,0,1,0,0,"- ","- ",,,"SAN FRANCISCO","SAN FRANCISCO",-122.41844177246094,37.751861572265625
8919651,2019,2019-08-27,3801,2019-07-02,2045,1017,MISSI,2,5,7,3801,0,0,0,,0,3D11E,"VALENCIA ST","14TH ST",0.00,,Y,A,-,N,,,,,,,,,,N,3,0,1,2,A,-,03,22350,,N,D,G,A,A,H,-,B,A,0,,Y,,,Y,,L,04,0,1,0,0,0,0,1,0,0,"- ","- ",,,"SAN FRANCISCO","SAN FRANCISCO",-122.42218017578125,37.768150329589844
8919658,2019,2019-08-23,3801,2019-07-27,1800,1462,RICHM,6,5,7,3801,0,0,0,,0,3G4C,"8TH AV","CALIFORNIA ST",200.00,S,N,A,-,N,,,,,,,,,,N,4,0,1,2,A,-,04,21703,,N,C,G,A,A,H,-,A,D,0,,Y,,,Y,,L,04,0,0,1,0,0,0,1,0,0,"- ","- ",,,"SAN FRANCISCO","SAN FRANCISCO",-122.46665954589844,37.784172058105469
8919664,2019,2019-08-22,3801,2019-07-20,1429,2700,CENTA,6,5,7,3801,0,0,0,,0,3A40C,"NORTHPOINT ST","NORTHPOINT ST 555",0.00,,N,A,-,N,,,,,,,,,,N,3,0,2,2,A,-,09,21804,A,N,D,G,A,A,H,-,A,A,0,,Y,,,Y,,A,01,0,1,1,0,0,0,1,0,0,"- ","- ",,,"SAN FRANCISCO","SAN FRANCISCO",,
8919669,2019,2019-08-23,3801,2019-07-15,0910,2065,NORTH,1,5,7,3801,0,0,0,,0,3E13A,"PAGE ST","DIVISADERO ST",0.00,,Y,A,-,N,,,,,,,,,,,2,0,1,1,B,-,22,,,N,H,-,A,A,H,-,A,A,0,,Y,,,Y,,L,04,1,0,0,0,0,0,1,0,0,"- ","- ",,,"SAN FRANCISCO","SAN FRANCISCO",-122.43723297119141,37.772209167480469
8919674,2019,2019-08-23,3801,2019-07-27,1330,2743,SOUTH,6,5,7,3801,0,0,0,,0,3B3C,"7TH ST","TOWNSEND ST",0.00,,Y,A,-,N,,,,,,,,,,N,4,0,1,2,A,-,03,22350,,N,B,G,A,A,H,-,A,A,0,,Y,,,Y,,L,04,0,0,1,0,0,0,1,0,0,"- ","- ",,,"SAN FRANCISCO","SAN FRANCISCO",-122.40165710449219,37.771831512451172
8919688,2019,2019-08-28,3801,2019-07-25,1909,2132,MISSI,4,5,7,3801,0,0,0,,0,3D60,"VALENCIA ST","18TH ST",0.00,,Y,A,-,N,,,,,,,,,,N,4,0,1,2,A,-,09,21801,A,F,D,G,A,A,H,-,A,A,0,,Y,,,Y,,A,01,0,0,1,0,0,0,1,0,0,"- ","- ",,,"SAN FRANCISCO","SAN FRANCISCO",-122.42156219482422,37.761711120605469
8919701,2019,2019-08-23,3801,2019-07-16,0913,623,BAYVI,2,5,7,3801,0,0,0,,0,,"SILVER AV","BOWDOIN ST",0.00,,Y,A,-,N,,,,,,,,,,Y,4,0,1,2,A,-,09,21804,A,N,D,G,A,A,H,-,A,A,0,,Y,,,Y,,A,01,0,0,1,0,0,0,1,0,0,"- ","- ",,,"SAN FRANCISCO","SAN FRANCISCO",-122.41262817382812,37.730148315429688
8919704,2019,2019-08-28,3801,2019-07-31,0802,1500,CENTR,3,5,7,3801,0,0,0,,0,3A60,"2ND ST","STEVENSON ST",20.00,E,N,A,-,N,,,,,,,,,,N,3,0,1,2,A,-,05,21650,,N,D,G,A,A,H,-,A,D,0,,Y,,,Y,,L,04,0,1,0,0,0,0,1,0,0,"- ","- ",,,"SAN FRANCISCO","SAN FRANCISCO",-122.40078735351562,37.788761138916016
8919717,2019,2019-08-23,3801,2019-07-24,1821,2409,INGLE,3,5,7,3801,0,0,0,,0,3H15D,"SAINT MARYS AV","SAN JOSE AV",0.00,,Y,A,-,N,,,,,,,,,,N,4,0,1,2,A,-,17,21657,,N,D,G,A,A,H,-,A,A,0,,Y,,,Y,,L,04,0,0,1,0,0,0,1,0,0,"- ","- ",,,"SAN FRANCISCO","SAN FRANCISCO",-122.42845916748047,37.734951019287109
8919722,2019,2019-08-22,3801,2019-07-18,1054,2204,TENDE,4,5,7,3801,0,0,0,,0,3J45C,"6TH ST","STEVENSON ST",48.00,S,N,A,-,N,,,,,,,,,,N,4,0,1,2,A,-,03,22350,,N,B,G,A,A,H,-,A,D,0,,Y,,,Y,,L,04,0,0,1,0,0,0,1,0,0,"- ","- ",,,"SAN FRANCISCO","SAN FRANCISCO",-122.40955352783203,37.78167724609375
8919744,2019,2019-08-28,3801,2019-07-29,1130,1633,TENDE,1,5,7,3801,0,0,0,,0,3J12A,"GOLDEN GATE AV","JONES ST",200.00,E,N,B,-,N,,,,,,,,,,Y,2,0,1,2,A,-,17,21209,A,F,H,G,A,A,H,-,A,D,0,,Y,,,Y,,A,01,1,0,0,0,0,0,1,0,0,"- ","- ",,,"SAN FRANCISCO","SAN FRANCISCO",-122.41154479980469,37.782173156738281
8919750,2019,2019-08-30,3801,2019-07-15,0800,1242,CENTR,1,5,7,3801,0,0,0,,0,3A90,"EMBARCADERO NORTH","VALLEJO ST",0.00,,Y,A,-,N,,,,,,,,,,N,4,0,1,2,A,-,17,21209,A,N,C,G,A,A,H,-,A,A,0,,Y,,,Y,,A,01,0,0,1,0,0,0,1,0,0,"- ","- ",,,"SAN FRANCISCO","SAN FRANCISCO",,
8919790,2019,2019-08-27,3801,2019-07-24,2237,4124,INGLE,3,5,7,3801,0,0,0,,0,,"LYELL ST","LYELL ST  15",53.00,E,N,A,-,N,,,,,,,,,,N,2,0,1,1,A,-,03,22350,,N,H,J,A,A,H,-,C,D,0,,Y,,,Y,,L,04,1,0,0,0,0,0,1,0,0,"- ","- ",,,"SAN FRANCISCO","SAN FRANCISCO",-122.43192291259766,37.732654571533203
8919801,2019,2019-08-27,3801,2019-07-03,0126,1527,PARK,3,5,7,3801,0,0,0,,0,3F14E,"LINCOLN WY","6TH AV",78.00,W,N,A,-,N,,,,,,,,,,N,2,0,1,2,A,-,07,21658,A,N,B,E,A,A,H,-,C,D,0,,Y,,,Y,,L,04,1,0,0,0,0,0,1,0,0,"- ","- ",,,"SAN FRANCISCO","SAN FRANCISCO",-122.4635009765625,37.766063690185547
8919829,2019,2019-08-28,3801,2019-07-08,1153,2714,TENDE,1,5,7,3801,0,0,0,,0,3C11A,"MARKET ST","5TH ST",176.00,E,N,A,-,N,,,,,,,,,,N,4,0,1,2,A,-,17,22517,,F,G,-,A,A,H,-,A,A,0,,Y,,,Y,,A,01,0,0,1,0,0,0,1,0,0,"- ","- ",,,"SAN FRANCISCO","SAN FRANCISCO",-122.40762329101562,37.784336090087891
8923410,2019,2019-08-22,3801,2019-07-01,1445,2132,MISSO,1,5,7,3801,0,0,0,,0,3D60,"24TH ST","HARRISON ST",150.00,W,N,A,-,N,,,,,,,,,,N,3,0,1,2,A,-,06,21760,C,N,C,G,A,A,H,-,A,D,0,,Y,,,Y,,-,,0,1,0,0,0,0,1,0,0,"- ","- ",,,"SAN FRANCISCO","SAN FRANCISCO",-122.41240692138672,37.752613067626953