CASE_ID,ACCIDENT_YEAR,PROC_DATE,JURIS,COLLISION_DATE,COLLISION_TIME,OFFICER_ID,REPORTING_DISTRICT,DAY_OF_WEEK,CHP_SHIFT,POPULATION,CNTY_CITY_LOC,SPECIAL_COND,BEAT_TYPE,CHP_BEAT_TYPE,CITY_DIVISION_LAPD,CHP_BEAT_CLASS,BEAT_NUMBER,PRIMARY_RD,SECONDARY_RD,DISTANCE,DIRECTION,INTERSECTION,WEATHER_1,WEATHER_2,STATE_HWY_IND,CALTRANS_COUNTY,CALTRANS_DISTRICT,STATE_ROUTE,ROUTE_SUFFIX,POSTMILE_PREFIX,POSTMILE,LOCATION_TYPE,RAMP_INTERSECTION,SIDE_OF_HWY,TOW_AWAY,COLLISION_SEVERITY,NUMBER_KILLED,NUMBER_INJURED,PARTY_COUNT,PRIMARY_COLL_FACTOR,PCF_CODE_OF_VIOL,PCF_VIOL_CATEGORY,PCF_VIOLATION,PCF_VIOL_SUBSECTION,HIT_AND_RUN,TYPE_OF_COLLISION,MVIW,PED_ACTION,ROAD_SURFACE,ROAD_COND_1,ROAD_COND_2,LIGHTING,CONTROL_DEVICE,CHP_ROAD_TYPE,PEDESTRIAN_ACCIDENT,BICYCLE_ACCIDENT,MOTORCYCLE_ACCIDENT,TRUCK_ACCIDENT,NOT_PRIVATE_PROPERTY,ALCOHOL_INVOLVED,STWD_VEHTYPE_AT_FAULT,CHP_VEHTYPE_AT_FAULT,COUNT_SEVERE_INJ,COUNT_VISIBLE_INJ,COUNT_COMPLAINT_PAIN,COUNT_PED_KILLED,COUNT_PED_INJURED,COUNT_BICYCLIST_KILLED,COUNT_BICYCLIST_INJURED,COUNT_MC_KILLED,COUNT_MC_INJURED,PRIMARY_RAMP,SECONDARY_RAMP,LATITUDE,LONGITUDE,COUNTY,CITY,POINT_X,POINT_Y
8924394,2019,2019-12-05,3801,2019-07-17,1826,4253,901,3,5,7,3801,0,0,0,,0,001,"ALEMANY BL","LAURA ST",24.00,S,N,A,-,N,,,,,,,,,,N,3,0,1,2,A,-,03,22350,,N,H,G,A,A,H,-,A,D,0,,Y,,,Y,,L,04,0,1,0,0,0,0,1,0,0,"- ","- ",,,"SAN FRANCISCO","SAN FRANCISCO",-122.45256042480469,37.711566925048828
8934108,2019,2019-09-25,3801,2019-08-05,0729,1500,CENTR,1,5,7,3801,0,0,0,,0,3A4A,"BAY ST","KEARRY ST",286.00,W,N,B,-,N,,,,,,,,,,N,3,0,1,2,A,-,06,21750,A,N,B,G,A,A,H,-,A,D,0,,Y,,,Y,,D,23,0,1,0,0,0,0,1,0,0,"- ","- ",,,"SAN FRANCISCO","SAN FRANCISCO",-122.40814971923828,37.806312561035156
8934156,2019,2019-09-26,3801,2019-08-15,1116,1944,INGLE,4,5,7,3801,0,0,0,,0,0H5,"GEVEVAE  AV","CAYUGA AV",0.00,,Y,A,-,N,,,,,,,,,,N,4,0,1,2,A,-,08,22107,,N,B,G,A,A,H,-,A,A,0,,Y,,,Y,,-,"- ",0,0,1,0,0,0,1,0,0,"- ","- ",,,"SAN FRANCISCO","SAN FRANCISCO",-122.443697,37.718921000000002
8936657,2019,2019-09-25,3801,2019-08-07,2016,2441,SOUTH,3,5,7,3801,0,0,0,,0,3B13D,"8TH ST","HOWARD ST",0.00,,Y,A,-,N,,,,,,,,,,N,2,0,1,2,A,-,06,21750,A,N,B,G,A,A,H,-,B,A,0,,Y,,,Y,,L,04,1,0,0,0,0,0,1,0,0,"- ","- ",,,"SAN FRANCISCO","SAN FRANCISCO",-122.41159057617188,37.776229858398438
8936887,2019,2019-10-01,3801,2019-08-13,1150,964,NORTH,2,5,7,3801,0,0,0,,0,3E15A,"PIERCE ST","LOMBARD ST",0.00,,Y,A,-,N,,,,,,,,,,N,3,0,1,2,A,-,09,21804,A,N,D,G,A,A,H,-,A,D,0,,Y,,,Y,,L,04,0,1,0,0,0,0,1,0,0,"- ","- ",,,"SAN FRANCISCO","SAN FRANCISCO",-122.43933868408203,37.799419403076172
8936888,2019,2019-09-30,3801,2019-08-14,2120,2132,MISSI,3,5,7,3801,0,0,0,,0,3D61,"18TH ST","DOLORES ST",0.00,,Y,A,-,N,,,,,,,,,,N,4,0,1,2,A,-,09,21801,A,N,D,G,A,A,H,-,C,A,0,,Y,,,Y,,A,01,0,0,1,0,0,0,1,0,0,"- ","- ",,,"SAN FRANCISCO","SAN FRANCISCO",-122.42616271972656,37.761440277099609
8936961,2019,2019-09-23,3801,2019-08-08,1712,2161,MISSI,4,5,7,3801,0,0,0,,0,3D44C,"FOLSOM ST","PRECITA AV",154.00,N,N,A,-,N,,,,,,,,,,N,3,0,1,2,A,-,09,21801,A,N,H,G,A,A,H,-,A,D,0,,Y,,,Y,,A,01,0,1,0,0,0,0,1,0,0,"- ","- ",,,"SAN FRANCISCO","SAN FRANCISCO",-122.41361999511719,37.747611999511719
8936971,2019,2019-10-08,3801,2019-08-16,1730,4040,CENTR,5,5,7,3801,0,0,0,,0,3A15D,"SUTTER ST","SANSOME ST",0.00,,Y,A,-,N,,,,,,,,,,N,4,0,1,2,A,-,08,22101,D,N,G,B,B,A,H,-,A,A,0,Y,Y,,,Y,,L,04,0,0,1,0,1,0,0,0,0,"- ","- ",,,"SAN FRANCISCO","SAN FRANCISCO",-122.40055084228516,37.790241241455078
8936974,2019,2019-09-20,3801,2019-08-28,1618,1945,INGLE,3,5,7,3801,0,0,0,,0,3H15D,"RUSSIA AV","EDINBURGH ST",0.00,,Y,A,-,N,,,,,,,,,,N,3,0,1,2,A,-,12,22450,A,N,D,G,A,A,H,-,A,D,0,,Y,,,Y,,L,04,0,1,0,0,0,0,1,0,0,"- ","- ",,,"SAN FRANCISCO","SAN FRANCISCO",-122.43318176269531,37.719688415527344
8936978,2019,2019-09-20,3801,2019-08-28,1640,310,TENDE,3,5,7,3801,0,0,0,,0,3J92,"MARKET ST","5TH ST",0.00,,Y,A,-,N,,,,,,,,,,N,3,0,2,2,A,-,11,21453,D,N,D,B,B,A,H,-,A,A,0,Y,Y,,,Y,,N,60,0,1,1,0,1,0,1,0,0,"- ","- ",,,"SAN FRANCISCO","SAN FRANCISCO",-122.40805816650391,37.784000396728516
8936982,2019,2019-09-20,3801,2019-08-28,1709,129,SOUTH,3,5,7,3801,0,0,0,,0,03B,"4TH ST","BERRY ST",20.00,S,N,A,-,N,,,,,,,,,,N,3,0,1,1,A,-,04,21703,,N,E,A,A,A,H,-,A,A,0,,Y,,,Y,,L,04,0,1,0,0,0,0,1,0,0,"- ","- ",,,"SAN FRANCISCO","SAN FRANCISCO",-122.39328765869141,37.775741577148438
8937008,2019,2019-09-20,3801,2019-08-30,1827,2132,MISSI,5,5,7,3801,0,0,0,,0,3D60,"MISSION ST","21ST ST",108.00,S,N,A,-,N,,,,,,,,,,N,3,0,1,2,A,-,17,22517,,N,H,G,A,A,H,-,A,D,0,,Y,,,Y,,A,01,0,1,0,0,0,0,1,0,0,"- ","- ",,,"SAN FRANCISCO","SAN FRANCISCO",-122.41888427734375,37.756725311279297
8937009,2019,2019-10-03,3801,2019-08-20,0932,405,INGLE,2,5,7,3801,0,0,0,,0,3H60,"29TH ST","SAN JOSE AV",0.00,,Y,B,-,N,,,,,,,,,,N,4,0,1,2,A,-,08,22107,,N,B,G,A,A,H,-,A,A,0,,Y,,,Y,,L,04,0,0,1,0,0,0,1,0,0,"- ","- ",,,"SAN FRANCISCO","SAN FRANCISCO",-122.42275238037109,37.743930816650391
8937040,2019,2019-09-20,3801,2019-08-01,0910,2316,SOUTH,4,5,7,3801,0,0,0,,0,0B4,"MARKET ST","OCTAVIA ST",80.00,W,N,A,-,N,,,,,,,,,,N,3,0,1,2,A,-,03,22350,,N,H,I,A,A,H,-,A,D,0,,Y,,,Y,,L,04,0,1,0,0,0,0,1,0,0,"- ","- ",,,"SAN FRANCISCO","SAN FRANCISCO",-122.42378234863281,37.771621704101562
8937074,2019,2019-09-19,3801,2019-08-04,2037,2132,MISSI,7,5,7,3801,0,0,0,,0,3D60,"16TH ST","MISSION ST",0.00,,Y,A,-,N,,,,,,,,,,,4,0,1,2,A,-,06,21760,C,N,B,G,A,A,H,-,C,A,0,,Y,,,Y,,A,01,0,0,1,0,0,0,1,0,0,"- ","- ",,,"SAN FRANCISCO","SAN FRANCISCO",-122.41967010498047,37.765048980712891
8960254,2019,2019-11-06,3801,2019-09-22,2215,1239,MISSI,7,5,7,3801,0,0,0,,0,3D11D,"LOOMIS ST","WATERLOO ST",12.00,N,N,A,-,N,,,,,,,,,,N,3,0,1,2,A,-,12,22450,A,N,H,G,A,A,H,-,E,A,0,,Y,,,Y,,L,04,0,1,0,0,0,0,1,0,0,"- ","- ",,,"SAN FRANCISCO","SAN FRANCISCO",-122.40555572509766,37.739173889160156
8960497,2019,2020-01-02,3801,2019-10-04,1935,4314,RICHM,5,5,7,3801,0,0,0,,0,0G1,"JOHN F KENNEDY DR","ROSE GARDEN TRAIL",136.00,W,N,A,-,N,,,,,,,,,,N,3,0,1,1,A,-,03,22350,,N,H,A,A,A,H,-,D,D,0,,Y,,,Y,,L,04,0,1,0,0,0,0,1,0,0,"- ","- ",,,"SAN FRANCISCO","SAN FRANCISCO",,
8964579,2019,2019-11-18,3801,2019-09-29,1740,2355,TARAV,7,5,7,3801,0,0,0,,0,0I3,"UPPER GREAT HWY","SANTIAGO ST",0.00,,Y,A,-,N,,,,,,,,,,N,3,0,1,2,A,-,03,22350,,N,C,B,-,A,H,-,A,D,0,Y,Y,,,Y,,L,04,0,1,0,0,1,0,0,0,0,"- ","- ",,,"SAN FRANCISCO","SAN FRANCISCO",,
8969383,2019,2019-11-14,3801,2019-09-04,0822,1276,MISSI,3,5,7,3801,0,0,0,,0,3D11A,"DIAMOND ST","MARKET ST",0.00,,Y,A,-,N,,,,,,,,,,N,4,0,1,2,A,-,09,21801,,N,D,G,A,A,H,-,A,A,0,,Y,,,Y,,A,01,0,0,1,0,0,0,1,0,0,"- ","- ",,,"SAN FRANCISCO","SAN FRANCISCO",-122.43730163574219,37.76190185546875
8969933,2019,2020-01-14,3801,2019-10-18,2000,2144,MISSI,5,5,7,3801,0,0,0,,0,3D14D,"17TH ST","FOLSOM ST",100.00,E,N,A,-,N,,,,,,,,,,N,3,0,1,2,A,-,17,22517,,N,H,G,A,A,H,-,C,D,0,,Y,,,Y,,A,01,0,1,0,0,0,0,1,0,0,"- ","- ",,,"SAN FRANCISCO","SAN FRANCISCO",-122.41480255126953,37.763713836669922
8969946,2019,2019-12-11,3801,2019-10-10,1657,1224,MISSI,4,5,7,3801,0,0,0,,0,0D6,"BRYANT ST","ALAMEDA ST",120.00,N,N,A,-,N,,,,,,,,,,N,3,0,1,2,A,-,07,21658,A,N,B,G,A,A,H,-,A,A,0,,Y,,,Y,,L,04,0,1,0,0,0,0,1,0,0,"- ","- ",,,"SAN FRANCISCO","SAN FRANCISCO",-122.41075134277344,37.768508911132812
8969989,2019,2019-11-20,3801,2019-10-11,1740,4314,RICHM,5,5,7,3801,0,0,0,,0,0G4,"CABRILLO ST","20TH AV",0.00,,Y,A,-,N,,,,,,,,,,N,3,0,1,2,A,-,12,22450,A,N,B,G,A,A,H,-,A,A,0,,Y,,,Y,,L,04,0,1,0,0,0,0,1,0,0,"- ","- ",,,"SAN FRANCISCO","SAN FRANCISCO",-122.47897338867188,37.774688720703125
8981237,2019,2020-01-07,3801,2019-11-14,0820,574,MISSI,4,5,7,3801,0,0,0,,0,3D60,"VALENCIA ST","20TH ST",75.00,S,N,A,-,N,,,,,,,,,,N,4,0,1,2,A,-,08,22107,,N,B,G,A,A,H,-,A,D,0,,Y,,,Y,,D,22,0,0,1,0,0,0,1,0,0,"- ","- ",,,"SAN FRANCISCO","SAN FRANCISCO",-122.42123413085938,37.758304595947266
8981409,2019,2020-01-09,3801,2019-11-14,1324,677,SOUTH,4,5,7,3801,0,0,0,,0,3B45,"7TH ST","HOOPER ST",0.00,,Y,A,-,N,,,,,,,,,,N,4,0,1,2,A,-,08,22107,,N,D,G,A,A,H,-,A,D,0,,Y,,,Y,,A,01,0,0,1,0,0,0,1,0,0,"- ","- ",,,"SAN FRANCISCO","SAN FRANCISCO",-122.39821624755859,37.769031524658203
8981418,2019,2020-01-08,3801,2019-11-25,1225,1454,MISSI,1,5,7,3801,0,0,0,,0,3D11C,"POND ST","17TH ST",0.00,,Y,A,-,N,,,,,,,,,,N,4,0,1,2,A,-,12,22450,A,N,D,G,A,A,H,-,A,D,0,,Y,,,Y,,A,01,0,0,1,0,0,0,1,0,0,"- ","- ",,,"SAN FRANCISCO","SAN FRANCISCO",-122.43211364746094,37.762680053710938
8981426,2019,2020-01-09,3801,2019-11-15,2034,4067,MISSI,5,5,7,3801,0,0,0,,0,3D15D,"MISSION ST","23RD ST",180.00,N,N,A,-,N,,,,,,,,,,N,4,0,1,2,A,-,05,21650,,N,D,G,A,A,H,-,C,D,0,,Y,,,Y,,L,04,0,0,1,0,0,0,1,0,0,"- ","- ",,,"SAN FRANCISCO","SAN FRANCISCO",-122.41864013671875,37.754322052001953
8981429,2019,2020-01-09,3801,2019-11-13,1755,4118,INGLE,3,5,7,3801,0,0,0,,0,3H16D,"SUNNYDALE AV","TOMASO CT",0.00,,Y,A,-,N,,,,,,,,,,N,3,0,1,2,A,-,08,22107,,N,C,E,A,A,H,-,C,A,0,,Y,,,Y,,L,04,0,1,0,0,0,0,1,0,0,"- ","- ",,,"SAN FRANCISCO","SAN FRANCISCO",-122.40956115722656,37.710079193115234
8981431,2019,2020-02-03,3801,2019-11-22,0700,2467,CENT,5,5,7,3801,0,0,0,,0,3A13A,"THE EMBARCADERO","WASHINGTON ST",0.00,,Y,A,-,N,,,,,,,,,,N,2,0,1,2,A,-,05,21650,,F,A,G,A,A,H,-,A,A,0,,Y,,,Y,Y,L,04,1,0,0,0,0,0,1,0,0,"- ","- ",,,"SAN FRANCISCO","SAN FRANCISCO",-122.39556121826172,37.796638488769531
8981516,2019,2020-01-10,3801,2019-11-07,1137,1251,SOUTH,4,5,7,3801,0,0,0,,0,3B13A,"HARRISON ST","9TH ST",0.00,,Y,A,-,N,,,,,,,,,,N,4,0,1,2,A,-,08,22101,,N,B,G,A,A,H,-,A,A,0,,Y,,,Y,,L,04,0,0,1,0,0,0,1,0,0,"- ","- ",,,"SAN FRANCISCO","SAN FRANCISCO",-122.41004943847656,37.772529602050781
8981537,2019,2020-01-10,3801,2019-11-23,1116,1424,NORTH,6,5,7,3801,0,0,0,,0,3E12A,"STEINER ST","GEARY BL",0.00,,Y,A,-,N,,,,,,,,,,N,4,0,1,2,A,-,06,21760,B,F,H,G,A,A,-,-,A,A,0,,Y,,,Y,,A,01,0,0,1,0,0,0,1,0,0,"- ","- ",,,"SAN FRANCISCO","SAN FRANCISCO",-122.43457794189453,37.784320831298828
8981549,2019,2020-01-10,3801,2019-11-22,1714,937,CENTR,5,5,7,3801,0,0,0,,0,3A12D,"GEARY ST","KEARNY ST",0.00,,Y,A,-,N,,,,,,,,,,N,4,0,2,3,A,-,12,21453,A,F,G,B,B,A,H,-,C,A,0,Y,Y,,,Y,,-,"- ",0,0,2,0,2,0,0,0,0,"- ","- ",,,"SAN FRANCISCO","SAN FRANCISCO",-122.40351104736328,37.787948608398438
8981560,2019,2020-01-11,3801,2019-11-27,0640,1371,MISIS,3,5,7,3801,0,0,0,,0,003,"21ST ST","LEXINGTON ST",13.00,W,N,B,C,N,,,,,,,,,,N,4,0,1,2,A,-,09,21801,A,N,D,G,A,B,H,-,A,A,0,,Y,,,Y,,A,01,0,0,1,0,0,0,1,0,0,"- ","- ",,,"SAN FRANCISCO","SAN FRANCISCO",-122.42037200927734,37.756946563720703
8981587,2019,2020-01-13,3801,2019-11-24,2036,2287,NORTH,7,5,7,3801,0,0,0,,0,3E60,"FILLMORE ST","GOLDEN GATE AV",90.00,N,N,A,-,N,,,,,,,,,,N,4,0,1,2,A,-,08,22102,,N,-,G,A,A,H,-,C,D,0,,Y,,,Y,,A,01,0,0,1,0,0,0,1,0,0,"- ","- ",,,"SAN FRANCISCO","SAN FRANCISCO",-122.43199157714844,37.779804229736328
8981593,2019,2020-01-10,3801,2019-11-18,1910,1389,MISSI,1,5,7,3801,0,0,0,,0,,"SHOTWELL ST","SHOTWELL ST 83",0.00,,Y,A,-,N,,,,,,,,,,N,4,0,1,2,A,-,09,21804,A,N,A,G,A,A,H,-,C,A,0,,Y,,,Y,,L,04,0,0,1,0,0,0,1,0,0,"- ","- ",,,"SAN FRANCISCO","SAN FRANCISCO",,
8981603,2019,2020-01-09,3801,2019-11-08,1817,556,SOUTH,5,5,7,3801,0,0,0,,0,3B13D,"MAIN ST","MISSION ST",57.00,N,N,A,-,N,,,,,,,,,,N,2,0,1,1,C,-,18,,,N,-,J,A,A,A,-,C,A,0,,Y,,,Y,,-,"- ",1,0,0,0,0,0,1,0,0,"- ","- ",,,"SAN FRANCISCO","SAN FRANCISCO",-122.39511108398438,37.791973114013672
8981616,2019,2020-01-14,3801,2019-11-15,1735,2078,MISSI,5,5,7,3801,0,0,0,,0,3D14D,"16TH ST","GUERRERO ST",0.00,,Y,A,-,N,,,,,,,,,,N,2,0,1,1,A,-,03,22350,,N,H,A,A,A,H,-,C,A,0,,Y,,,Y,,L,04,1,0,0,0,0,0,1,0,0,"- ","- ",,,"SAN FRANCISCO","SAN FRANCISCO",-122.42410278320312,37.764778137207031
8981623,2019,2020-01-09,3801,2019-11-08,2125,2241,MISSI,5,5,7,3801,0,0,0,,0,3D11E,"MARKET ST","DUBOCE ST",0.00,,Y,A,-,N,,,,,,,,,,N,4,0,1,2,A,-,12,21453,A,N,G,G,A,A,H,-,C,A,0,,Y,,,Y,,A,01,0,0,1,0,0,0,1,0,0,"- ","- ",,,"SAN FRANCISCO","SAN FRANCISCO",-122.42639923095703,37.769630432128906
8981630,2019,2020-01-10,3801,2019-11-21,0840,2488,MISSI,4,5,7,3801,0,0,0,,0,3D15A,"14TH ST","FOLSOM ST",0.00,,Y,A,-,N,,,,,,,,,,N,3,0,1,1,A,-,03,22350,,N,H,A,A,A,H,-,A,A,0,,Y,,,Y,,L,04,0,1,0,0,0,0,1,0,0,"- ","- ",,,"SAN FRANCISCO","SAN FRANCISCO",-122.41561126708984,37.768539428710938
8981631,2019,2020-01-09,3801,2019-11-08,0813,1853,CENTR,5,5,7,3801,0,0,0,,0,3A11A,"THE EMBARCADERO","LOMBARD ST",0.00,,Y,A,-,N,,,,,,,,,,N,2,0,2,2,D,-,00,,,N,D,B,B,A,H,-,A,A,0,Y,Y,,,Y,,-,"- ",1,1,0,0,1,0,1,0,0,"- ","- ",,,"SAN FRANCISCO","SAN FRANCISCO",-122.40220642089844,37.804168701171875
8981635,2019,2020-01-09,3801,2019-11-08,0919,2190,MISSI,5,5,7,3801,0,0,0,,0,3D11A,"22ND ST","DOLORES ST",0.00,,Y,A,-,N,,,,,,,,,,N,4,0,1,2,A,-,12,21453,A,N,A,G,A,A,H,-,A,A,0,,Y,Y,,Y,,O,05,0,0,1,0,0,0,1,0,0,"- ","- ",,,"SAN FRANCISCO","SAN FRANCISCO",-122.42552947998047,37.755039215087891
8981644,2019,2020-01-14,3801,2019-11-08,1437,1766,TRAFF,5,5,7,3801,0,0,0,,0,4B3C,"ALEMANY BL","ONONDAGA ST",0.00,,Y,A,-,N,,,,,,,,,,Y,2,0,2,4,A,-,12,21453,A,N,D,C,A,A,H,-,A,A,0,,Y,,,Y,,A,01,1,0,1,0,0,0,1,0,0,"- ","- ",,,"SAN FRANCISCO","SAN FRANCISCO",-122.43871307373047,37.721649169921875
8981656,2019,2020-01-14,3801,2019-11-14,1908,831,TARAV,4,5,7,3801,0,0,0,,0,3I11D,"LINCOLN WY","20TH AV",0.00,,Y,A,-,N,,,,,,,,,,N,2,0,1,2,A,-,09,21804,A,N,D,G,A,A,H,-,C,A,0,,Y,,,Y,,L,04,1,0,0,0,0,0,1,0,0,"- ","- ",,,"SAN FRANCISCO","SAN FRANCISCO",-122.47833251953125,37.765399932861328
8981667,2019,2020-01-09,3801,2019-11-07,1530,764,MISSI,4,5,7,3801,0,0,0,,0,3D44C,"FOLSOM ST","17TH ST",0.00,,Y,A,-,N,,,,,,,,,,N,4,0,1,2,A,-,17,22517,,N,B,G,A,A,H,-,A,A,0,,Y,,,Y,,A,01,0,0,1,0,0,0,1,0,0,"- ","- ",,,"SAN FRANCISCO","SAN FRANCISCO",-122.41515350341797,37.763690948486328
8981679,2019,2020-01-09,3801,2019-11-07,1251,244,NORTH,4,5,7,3801,0,0,0,,0,3E46C,"POLK ST","SUTTER ST",0.00,,Y,A,-,N,,,,,,,,,,,3,0,1,2,A,-,12,21453,A,N,H,G,A,A,H,-,A,A,0,,Y,,,Y,,L,04,0,1,0,0,0,0,1,0,0,"- ","- ",,,"SAN FRANCISCO","SAN FRANCISCO",-122.42009735107422,37.787761688232422
8981680,2019,2020-01-14,3801,2019-11-09,0228,1514,MISSI,6,5,7,3801,0,0,0,,0,001,"MARKET ST","CHURCH ST",0.00,,Y,A,-,N,,,,,,,,,,N,3,0,1,1,D,-,00,,,N,H,A,A,A,H,-,C,A,0,,Y,,,Y,Y,-,"- ",0,1,0,0,0,0,1,0,0,"- ","- ",,,"SAN FRANCISCO","SAN FRANCISCO",-122.42893981933594,37.767608642578125
8981686,2019,2019-11-22,3801,2019-10-01,0920,4294,SOUTH,2,5,7,3801,0,0,0,,0,0B3,"8TH ST","BRYANT ST",205.00,S,N,A,-,N,,,,,,,,,,N,3,0,1,2,A,-,03,22350,A,N,H,A,A,A,H,-,A,D,0,,Y,,,Y,,L,04,0,1,0,0,0,0,1,0,0,"- ","- ",,,"SAN FRANCISCO","SAN FRANCISCO",-122.4066162109375,37.772079467773438
8981687,2019,2019-12-27,3801,2019-10-03,1313,1023,CENTR,4,5,7,3801,0,0,0,,0,3A5,"MARKET ST","SUTTER ST",0.00,,Y,A,-,N,,,,,,,,,,N,2,0,1,1,A,-,03,22350,,N,F,-,A,A,H,-,A,A,0,,Y,,,Y,,L,04,1,0,0,0,0,0,1,0,0,"- ","- ",,,"SAN FRANCISCO","SAN FRANCISCO",-122.40013885498047,37.790298461914062
8981721,2019,2019-11-20,3801,2019-10-12,1154,217,CENTR,6,5,7,3801,0,0,0,,0,004,"THE EMBARCADERO","BAY ST",354.00,S,N,A,-,N,,,,,,,,,,N,4,0,3,2,A,-,08,22107,,N,C,J,A,A,C,-,A,D,0,,Y,,,Y,,A,01,0,0,3,0,0,0,1,0,0,"- ","- ",,,"SAN FRANCISCO","SAN FRANCISCO",-122.40494537353516,37.806095123291016
8981726,2019,2019-11-22,3801,2019-10-05,2045,4104,TENDE,6,5,7,3801,0,0,0,,0,3J91,"6TH ST","MARKET ST",0.00,,Y,A,-,N,,,,,,,,,,N,3,0,1,2,A,-,03,22350,,F,C,G,A,A,H,-,D,A,0,,Y,,,Y,,A,01,0,1,0,0,0,0,1,0,0,"- ","- ",,,"SAN FRANCISCO","SAN FRANCISCO",-122.41030120849609,37.782238006591797
8981729,2019,2019-11-20,3801,2019-10-13,1758,582,CENTR,7,5,7,3801,0,0,0,,0,3A12D,"CALIFORNIA ST","GRANT ST",0.00,,Y,A,-,N,,,,,,,,,,N,3,0,1,2,A,-,12,21453,A,N,D,G,A,A,H,-,A,A,0,,Y,,,Y,,L,04,0,1,0,0,0,0,1,0,0,"- ","- ",,,"SAN FRANCISCO","SAN FRANCISCO",-122.40589141845703,37.792461395263672
8981733,2019,2019-11-20,3801,2019-10-13,1756,1014,CENTR,7,5,7,3801,0,0,0,,0,3A3,"JEFFERSON ST","JONES ST",117.00,E,N,A,-,N,,,,,,,,,,N,2,0,1,1,A,-,17,21461,A,N,H,I,A,A,H,-,A,D,0,,Y,,,Y,,L,04,1,0,0,0,0,0,1,0,0,"- ","- ",,,"SAN FRANCISCO","SAN FRANCISCO",-122.41702270507812,37.808063507080078
8981764,2019,2020-01-21,3801,2019-10-31,0910,2374,INGLE,4,5,7,3801,0,0,0,,0,0H5,"ALEMANY BL","NAGLEE AV",200.00,N,N,A,-,N,,,,,,,,,,N,3,0,1,2,A,-,08,22107,,N,B,G,A,A,-,-,A,D,0,,Y,,,Y,,L,04,0,1,0,0,0,0,1,0,0,"- ","- ",,,"SAN FRANCISCO","SAN FRANCISCO",-122.44840240478516,37.714202880859375
8981818,2019,2019-11-21,3801,2019-10-16,0857,CARLE,MISSI,3,5,7,3801,0,0,0,,0,,"FOLSOM ST","14TH ST",0.00,,Y,A,-,N,,,,,,,,,,N,4,0,1,2,A,-,09,21801,A,N,D,G,A,A,H,-,A,A,0,,Y,,,Y,,A,01,0,0,1,0,0,0,1,0,0,"- ","- ",,,"SAN FRANCISCO","SAN FRANCISCO",-122.41561126708984,37.768539428710938
8981883,2019,2019-12-06,3801,2019-10-22,1735,2470,CENTR,2,5,7,3801,0,0,0,,0,3A15D,"MARKET ST","MONTGOMERY ST",50.00,W,N,A,-,N,,,,,,,,,,N,4,0,1,2,A,-,03,22350,,N,D,G,A,A,H,-,A,D,0,,Y,,,Y,,L,04,0,0,1,0,0,0,1,0,0,"- ","- ",,,"SAN FRANCISCO","SAN FRANCISCO",-122.40211486816406,37.788677215576172
8981890,2019,2020-01-29,3801,2019-10-09,1615,1389,MISSI,3,5,7,3801,0,0,0,,0,3D15D,"VALENCIA ST","22ND ST",0.00,,Y,A,-,N,,,,,,,,,,N,4,0,1,2,A,-,"- ",,,N,B,G,A,A,H,-,A,A,0,,Y,,,Y,,-,"- ",0,0,1,0,0,0,1,0,0,"- ","- ",,,"SAN FRANCISCO","SAN FRANCISCO",-122.42096710205078,37.75531005859375
8981959,2019,2019-11-21,3801,2019-10-01,1716,887,SOUTH,2,5,7,3801,0,0,0,,0,0B2,"HARRISON ST","LAPU LAPU ST",62.00,E,N,A,-,N,,,,,,,,,,N,2,0,1,2,A,-,17,22517,,N,H,G,A,A,H,-,A,D,0,,Y,,,Y,,A,01,1,0,0,0,0,0,1,0,0,"- ","- ",,,"SAN FRANCISCO","SAN FRANCISCO",-122.39822387695312,37.781898498535156
8981982,2019,2019-11-26,3801,2019-10-28,1103,1053,TARAV,1,5,7,3801,0,0,0,,0,3I16A,"OCEAN AV","PLYMOUTH AV",2.00,E,N,A,-,N,,,,,,,,,,N,4,0,1,1,A,-,03,22350,,N,-,A,A,A,-,-,A,A,0,,Y,,,Y,,L,04,0,0,1,0,0,0,1,0,0,"- ","- ",,,"SAN FRANCISCO","SAN FRANCISCO",-122.45653533935547,37.723979949951172
8995621,2019,2019-12-31,3801,2019-10-09,0630,552,SOUTH,3,5,7,3801,0,0,0,,0,03B,"MARKET ST","12TH ST",52.00,N,N,A,-,N,,,,,,,,,,N,4,0,1,2,A,-,12,21453,A,M,B,G,A,A,H,-,C,A,0,,Y,,,Y,,-,,0,0,1,0,0,0,1,0,0,"- ","- ",,,"SAN FRANCISCO","SAN FRANCISCO",-122.42012786865234,37.774497985839844
8995658,2019,2019-12-18,3801,2019-10-21,0850,1990,SOUTH,1,5,7,3801,0,0,0,,0,3B60,"4TH ST","TOWNSEND ST",0.00,,Y,A,-,N,,,,,,,,,,N,2,0,1,3,A,-,17,22517,,N,B,G,A,A,H,-,A,A,0,,Y,,,Y,,-,,1,0,0,0,0,0,1,0,0,"- ","- ",,,"SAN FRANCISCO","SAN FRANCISCO",-122.39498901367188,37.777111053466797