CASE_ID,ACCIDENT_YEAR,PROC_DATE,JURIS,COLLISION_DATE,COLLISION_TIME,OFFICER_ID,REPORTING_DISTRICT,DAY_OF_WEEK,CHP_SHIFT,POPULATION,CNTY_CITY_LOC,SPECIAL_COND,BEAT_TYPE,CHP_BEAT_TYPE,CITY_DIVISION_LAPD,CHP_BEAT_CLASS,BEAT_NUMBER,PRIMARY_RD,SECONDARY_RD,DISTANCE,DIRECTION,INTERSECTION,WEATHER_1,WEATHER_2,STATE_HWY_IND,CALTRANS_COUNTY,CALTRANS_DISTRICT,STATE_ROUTE,ROUTE_SUFFIX,POSTMILE_PREFIX,POSTMILE,LOCATION_TYPE,RAMP_INTERSECTION,SIDE_OF_HWY,TOW_AWAY,COLLISION_SEVERITY,NUMBER_KILLED,NUMBER_INJURED,PARTY_COUNT,PRIMARY_COLL_FACTOR,PCF_CODE_OF_VIOL,PCF_VIOL_CATEGORY,PCF_VIOLATION,PCF_VIOL_SUBSECTION,HIT_AND_RUN,TYPE_OF_COLLISION,MVIW,PED_ACTION,ROAD_SURFACE,ROAD_COND_1,ROAD_COND_2,LIGHTING,CONTROL_DEVICE,CHP_ROAD_TYPE,PEDESTRIAN_ACCIDENT,BICYCLE_ACCIDENT,MOTORCYCLE_ACCIDENT,TRUCK_ACCIDENT,NOT_PRIVATE_PROPERTY,ALCOHOL_INVOLVED,STWD_VEHTYPE_AT_FAULT,CHP_VEHTYPE_AT_FAULT,COUNT_SEVERE_INJ,COUNT_VISIBLE_INJ,COUNT_COMPLAINT_PAIN,COUNT_PED_KILLED,COUNT_PED_INJURED,COUNT_BICYCLIST_KILLED,COUNT_BICYCLIST_INJURED,COUNT_MC_KILLED,COUNT_MC_INJURED,PRIMARY_RAMP,SECONDARY_RAMP,LATITUDE,LONGITUDE,COUNTY,CITY,POINT_X,POINT_Y
90016617,2015,2015-10-29,9350,2015-08-30,0900,#19777,,7,1,7,3801,0,1,2,,1,120,"US-101 NORTHBOUND (GOLDEN GATE BRIDGE)","LIGHTPOLE 119",0.00,,Y,B,-,N,,,101,,,,,,N,N,3,0,3,3,B,-,22,,,N,A,G,A,A,H,-,A,D,0,,Y,,,Y,,L,04,0,1,2,0,0,0,3,0,0,"- ","- ",37.80977,-122.47731,"SAN FRANCISCO","SAN FRANCISCO",-122.47742924000001,37.8097511
9006411,2019,2020-01-29,3801,2019-10-24,0755,2376,SOTHE,4,5,7,3801,0,0,0,,0,3B2A,"BRANNAN ST","8TH ST",0.00,,Y,A,-,N,,,,,,,,,,N,3,0,1,2,A,-,03,22350,,N,A,G,A,A,H,-,A,A,0,,Y,,,Y,,-,"- ",0,1,0,0,0,0,1,0,0,"- ","- ",,,"SAN FRANCISCO","SAN FRANCISCO",-122.40543365478516,37.771289825439453
9016176,2019,2020-01-16,3801,2019-11-17,2308,4375,,7,5,7,3801,0,0,0,,0,4B4D,"16TH AV","CABRILLO ST",15.00,N,N,A,-,N,,,,,,,,,,,4,0,1,2,A,-,15,21201,A,N,D,G,A,A,-,-,C,A,0,,Y,,,Y,,L,04,0,0,1,0,0,0,1,0,0,"- ","- ",,,"SAN FRANCISCO","SAN FRANCISCO",-122.47468566894531,37.774909973144531
90167815,2016,2016-04-28,9335,2016-04-19,1543,018688,,2,2,7,3801,1,3,5,,2,001,"HYDE ST. (200 BLOCK)","TURK ST",135.00,N,N,A,-,N,,,,,,,,,,N,3,0,1,2,A,-,00,21760,C,N,H,G,A,A,D,-,A,A,0,,Y,,,Y,,H,17,0,1,0,0,0,0,1,0,0,"- ","- ",,,"SAN FRANCISCO","SAN FRANCISCO",-122.41576159,37.782936450000001
90262161,2016,2016-09-06,9350,2016-09-05,1357,014448,,1,1,7,3801,0,1,2,,1,120,"US-101 S/B (WEST SIDEWALK)","LT. POLE #116",15.00,S,N,A,-,Y,,,,,,,,,,N,3,0,1,1,D,-,00,,,N,H,G,A,A,H,-,A,D,0,,Y,,,Y,,-,"- ",0,1,0,0,0,0,1,0,0,"- ","- ",,,"SAN FRANCISCO","SAN FRANCISCO",,
90272236,2016,2016-09-21,9350,2016-09-18,1640,021343,,7,2,7,3801,0,1,2,,1,120,"US-101 N/B (GGB WEST SIDEWALK)","NORTH TOWER",830.00,S,N,A,-,Y,,,101,,,,,,N,N,3,0,1,1,A,-,03,22350,,N,F,A,A,A,H,-,A,D,0,,Y,,,Y,,L,04,0,1,0,0,0,0,1,0,0,"- ","- ",37.823250000000002,-122.47942,"SAN FRANCISCO","SAN FRANCISCO",-122.47911649,37.823294050000001
90312087,2016,2016-11-07,9350,2016-10-26,1451,021391,,3,2,7,3801,0,1,2,,1,120,"US-101 S/B (GGB EAST SIDE WALK)","NORTH TOWER",1203.00,S,N,A,-,Y,,,101,,,,,,S,N,3,0,1,2,B,-,22,,,N,A,G,A,A,H,-,A,D,0,,Y,,,Y,,L,04,0,1,0,0,0,0,1,0,0,"- ","- ",37.821460000000002,-122.47862000000001,"SAN FRANCISCO","SAN FRANCISCO",-122.47898524999999,37.821413300000003
9032978,2019,2020-02-04,3801,2019-12-11,0455,2247,SOUTH,3,5,7,3801,0,0,0,,0,0B4,"3RD ST","BRYANT ST",0.00,,Y,B,C,N,,,,,,,,,,N,2,0,1,2,A,-,17,21200,A,N,D,G,A,B,H,-,C,A,0,,Y,,Y,Y,,L,04,1,0,0,0,0,0,1,0,0,"- ","- ",,,"SAN FRANCISCO","SAN FRANCISCO",-122.39585113525391,37.78131103515625
9034404,2019,2020-01-28,3801,2019-12-31,1922,790,BAYVI,2,5,7,3801,0,0,0,,0,901,"HUDSON AV",MENDELL,360.00,E,N,A,-,N,,,,,,,,,,N,3,0,1,2,A,-,06,21751,,F,A,G,A,A,H,-,C,D,0,,Y,,,Y,,-,,0,1,0,0,0,0,1,0,0,"- ","- ",,,"SAN FRANCISCO","SAN FRANCISCO",-122.38538360595703,37.738399505615234
9035526,2019,2020-02-03,3801,2019-12-05,0750,4305,MISSI,4,5,7,3801,0,0,0,,0,,"FOLSOM ST","ENTERPRISE ST",0.00,,Y,B,-,N,,,,,,,,,,N,3,0,1,2,A,-,09,21801,A,N,A,G,A,A,H,-,A,D,0,,Y,,,Y,,A,01,0,1,0,0,0,0,1,0,0,"- ","- ",,,"SAN FRANCISCO","SAN FRANCISCO",-122.41523742675781,37.764701843261719
9035534,2019,2020-02-03,3801,2019-12-10,2040,1784,SOUTH,2,5,7,3801,0,0,0,,0,3B3D,"MISSION BAY CIR","CHANNEL ST",55.00,W,N,C,-,N,,,,,,,,,,N,4,0,1,2,A,-,06,21760,C,N,C,G,A,B,-,-,C,A,0,,Y,,,Y,,A,01,0,0,1,0,0,0,1,0,0,"- ","- ",,,"SAN FRANCISCO","SAN FRANCISCO",-122.39645385742188,37.770492553710938
9035627,2019,2020-02-05,3801,2019-12-31,1405,1421,RICHM,2,5,7,3801,0,0,0,,0,3G5D,"GREAT HWY","LINCOLN AV",0.00,,Y,A,-,N,,,,,,,,,,N,4,0,1,2,A,-,08,22107,,N,B,G,A,A,H,-,A,A,0,,Y,Y,,Y,,L,04,0,0,1,0,0,0,1,0,0,"- ","- ",,,"SAN FRANCISCO","SAN FRANCISCO",-122.51036834716797,37.764030456542969
9035631,2019,2020-02-05,3801,2019-12-27,1900,2078,MISSI,5,5,7,3801,0,0,0,,0,3D11D,"19TH ST","GUERRERO ST",0.00,,Y,A,-,N,,,,,,,,,,N,3,0,1,2,A,-,12,21453,A,N,H,G,A,A,H,-,C,A,0,,Y,,,Y,Y,L,04,0,1,0,0,0,0,1,0,0,"- ","- ",,,"SAN FRANCISCO","SAN FRANCISCO",-122.42362976074219,37.759979248046875
9035646,2019,2020-02-05,3801,2019-12-23,1033,50,TENDE,1,5,7,3801,0,0,0,,0,004,"JONES ST","GOLDEN GATE AV",0.00,,Y,A,-,N,,,,,,,,,,N,4,0,1,3,A,-,11,21453,D,F,H,G,B,A,H,-,A,A,0,Y,Y,,,Y,,N,60,0,0,1,0,0,0,1,0,0,"- ","- ",,,"SAN FRANCISCO","SAN FRANCISCO",-122.4122314453125,37.782081604003906
9035681,2019,2020-02-13,3801,2019-12-15,1340,2407,NORTH,7,5,7,3801,0,0,0,,0,3E11D,"VALENCIA ST","17TH ST AND 18TH ST",0.00,,N,-,-,N,,,,,,,,,,N,4,0,1,2,A,-,08,22107,,N,B,G,A,-,-,-,A,-,0,,Y,,,Y,,A,01,0,0,1,0,0,0,1,0,0,"- ","- ",,,"SAN FRANCISCO","SAN FRANCISCO",,
9035753,2019,2020-01-30,3801,2019-12-14,1230,2375,RICHM,6,5,7,3801,0,0,0,,0,3G60,"JOHN F KENNEDY DR","BERNICE RODGERS WY",168.00,N,N,A,-,N,,,,,,,,,,N,3,0,1,2,A,-,10,21954,B,N,H,B,D,A,H,-,A,D,0,Y,Y,,,Y,,L,04,0,1,0,0,0,0,1,0,0,"- ","- ",,,"SAN FRANCISCO","SAN FRANCISCO",-122.5057373046875,37.766803741455078
9035755,2019,2020-08-13,3801,2019-12-10,0823,1066,MISSI,2,5,7,3801,0,0,0,,0,3D11A,"18TH ST","CHURCH ST",180.00,W,N,B,-,N,,,,,,,,,,N,4,0,1,3,C,-,18,,,N,E,G,A,A,H,-,A,D,0,,Y,,,Y,,-,"- ",0,0,1,0,0,0,0,0,0,"- ","- ",,,"SAN FRANCISCO","SAN FRANCISCO",-122.42900085449219,37.761257171630859
9035951,2019,2020-01-29,3801,2019-12-03,1023,2175,MISSI,2,5,7,3801,0,0,0,,0,3D15A,"15TH ST","NATOMA ST",0.00,,Y,A,-,N,,,,,,,,,,N,4,0,1,2,A,-,05,21650,1,N,D,G,A,B,H,-,A,D,0,,Y,,,Y,,L,04,0,0,1,0,0,0,1,0,0,"- ","- ",,,"SAN FRANCISCO","SAN FRANCISCO",-122.41841125488281,37.766761779785156
90459773,2017,2017-05-19,9350,2017-05-10,1347,013450,,3,1,7,3801,0,1,2,,2,020,"US 101 (GOLDEN GATE BRIDGE) (N/B)","GGB SOUTH TOWER",30.00,S,N,A,G,Y,,,,,,,,,,N,3,0,1,2,A,-,17,23114,A,N,H,A,A,A,H,-,A,D,0,,Y,,,Y,,E,22,0,1,0,0,0,0,1,0,0,"- ","- ",,,"SAN FRANCISCO","SAN FRANCISCO",,
90463123,2017,2017-05-25,9350,2017-05-17,0724,021564,,3,1,7,3801,0,1,2,,1,120,"US-101 S/B (EAST SIDEWALK OF GGB)","NORTH TOWER",150.00,S,N,A,-,N,,,101,,,,R,,S,N,3,0,2,2,B,-,22,,,N,H,G,A,A,H,-,A,D,0,,Y,,,Y,,L,04,0,1,1,0,0,0,2,0,0,"- ","- ",37.825299999999999,-122.4791,"SAN FRANCISCO","SAN FRANCISCO",-122.4791,37.825299999999999
9047281,2020,2020-03-16,3801,2020-01-22,0621,1371,MISSI,3,5,7,3801,0,0,0,,0,006,"HARRISON ST","17TH ST",0.00,,Y,A,-,N,,,,,,,,,,N,4,0,1,2,A,-,09,21800,A,N,D,G,A,B,H,-,C,A,0,,Y,,,Y,,-,,0,0,1,0,0,0,1,0,0,"- ","- ",,,"SAN FRANCISCO","SAN FRANCISCO",-122.41303253173828,37.764091491699219
9047290,2020,2020-02-28,3801,2020-01-27,1427,198,BAYVI,1,5,7,3801,0,0,0,,0,0C2,"INDUSTRIAL ST","BARNEVELD AV",0.00,,Y,A,-,N,,,,,,,,,,N,3,0,1,2,A,-,09,21804,A,N,D,G,A,A,H,-,A,A,0,,Y,,Y,Y,,L,04,0,1,0,0,0,0,1,0,0,"- ","- ",,,"SAN FRANCISCO","SAN FRANCISCO",-122.40426635742188,37.738750457763672
9047310,2020,2020-03-02,3801,2020-01-20,1319,244,NORTH,1,5,7,3801,0,0,0,,0,3E46C,"POLK ST","VALLEJO ST",97.00,N,N,A,-,N,,,,,,,,,,N,4,0,1,2,A,-,17,22517,,N,G,G,A,A,H,-,A,D,0,,Y,,,Y,,D,22,0,0,1,0,0,0,1,0,0,"- ","- ",,,"SAN FRANCISCO","SAN FRANCISCO",-122.42201232910156,37.797153472900391
9047447,2020,2020-03-06,3801,2020-01-06,2149,4027,MISSI,1,5,7,3801,0,0,0,,0,3D11E,"HARRISON ST","16TH ST",0.00,,Y,A,-,N,,,,,,,,,,N,4,0,1,2,D,-,00,,,N,B,G,A,A,H,-,C,A,0,,Y,,,Y,,-,"- ",0,0,1,0,0,0,1,0,0,"- ","- ",,,"SAN FRANCISCO","SAN FRANCISCO",-122.41314697265625,37.765449523925781
9047461,2020,2020-03-05,3801,2020-01-03,1713,1194,SOUTH,5,5,7,3801,0,0,0,,0,,"11TH ST","MINNA ST",41.00,N,N,A,-,N,,,,,,,,,,N,4,0,1,2,A,-,09,21804,A,F,B,G,A,A,H,-,A,D,0,,Y,,,Y,,-,99,0,0,1,0,0,0,1,0,0,"- ","- ",,,"SAN FRANCISCO","SAN FRANCISCO",-122.41667175292969,37.773990631103516
9047485,2020,2020-03-05,3801,2020-01-03,0610,1944,INGLE,5,5,7,3801,0,0,0,,0,0H5,"GENEVA AV","LISBON ST",0.00,,Y,A,-,N,,,,,,,,,,N,3,0,1,2,A,-,09,21801,A,N,D,G,A,A,-,-,D,A,0,,Y,,,Y,,A,07,0,1,0,0,0,0,1,0,0,"- ","- ",,,"SAN FRANCISCO","SAN FRANCISCO",-122.43862152099609,37.715320587158203
9047493,2020,2020-03-05,3801,2020-01-05,1311,4307,NORTH,7,5,7,3801,0,0,0,,0,3E13A,"POST ST","POLK ST",0.00,,Y,A,-,N,,,,,,,,,,N,4,0,1,2,A,-,12,21453,A,N,D,G,A,A,-,-,A,A,0,,Y,,,Y,,L,04,0,0,1,0,0,0,1,0,0,"- ","- ",,,"SAN FRANCISCO","SAN FRANCISCO",-122.41989898681641,37.786830902099609
9047519,2020,2020-03-11,3801,2020-01-29,1027,1276,SOUTH,3,5,7,3801,0,0,0,,0,3B41,"NATOMA ST","8TH ST",0.00,,Y,A,-,N,,,,,,,,,,N,3,0,2,2,A,-,12,21453,A,N,D,G,A,A,H,-,A,A,0,,Y,,,Y,,L,04,0,1,1,0,0,0,1,0,0,"- ","- ",,,"SAN FRANCISCO","SAN FRANCISCO",-122.41213226318359,37.776660919189453
9047532,2020,2020-03-06,3801,2020-01-16,0830,1666,PARK,4,5,7,3801,0,0,0,,0,4CAR,"4TH ST","KING ST",0.00,,Y,C,-,N,,,,,,,,,,N,2,0,1,1,A,-,03,22350,,N,F,A,A,B,H,-,A,A,0,,Y,,,Y,,L,04,1,0,0,0,0,0,1,0,0,"- ","- ",,,"SAN FRANCISCO","SAN FRANCISCO",-122.39414978027344,37.77642822265625
9047534,2020,2020-03-17,3801,2020-01-17,0905,1478,NORTH,5,5,7,3801,0,0,0,,0,0E1,"OAK ST","DIVISADERO ST",50.00,E,N,A,-,N,,,,,,,,,,N,3,0,2,2,A,-,05,21202,,N,-,-,F,A,H,-,A,D,0,Y,Y,,,Y,,-,"- ",0,2,0,0,1,0,1,0,0,"- ","- ",,,"SAN FRANCISCO","SAN FRANCISCO",-122.437255859375,37.773159027099609
9047541,2020,2020-03-06,3801,2020-01-31,1805,2241,MISSI,5,5,7,3801,0,0,0,,0,3D11D,"VALENCIA ST","19TH ST",114.00,N,N,A,-,N,,,,,,,,,,N,3,0,2,2,A,-,17,22517,,N,H,G,A,A,H,-,C,A,0,,Y,,,Y,,A,01,0,2,0,0,0,0,2,0,0,"- ","- ",,,"SAN FRANCISCO","SAN FRANCISCO",-122.42143249511719,37.760421752929688
9047575,2020,2020-03-19,3801,2020-01-21,1000,1023,MISSI,2,5,7,3801,0,0,0,,0,0D6,"15TH ST","FLORIDA ST",0.00,,Y,B,C,N,,,,,,,,,,N,4,0,1,1,D,-,00,,,N,F,J,A,B,H,-,A,D,0,,Y,,,Y,,-,"- ",0,0,1,0,0,0,1,0,0,"- ","- ",,,"SAN FRANCISCO","SAN FRANCISCO",-122.4114990234375,37.766090393066406
9047608,2020,2020-03-06,3801,2020-01-06,1505,209,NORTH,1,5,7,3801,0,0,0,,0,002,"MCALLISTER ST","WEBSTER ST",0.00,,Y,A,-,N,,,,,,,,,,N,3,0,1,2,A,-,12,21453,A,F,D,G,A,A,H,-,A,A,0,,Y,,,Y,,A,01,0,1,0,0,0,0,1,0,0,"- ","- ",,,"SAN FRANCISCO","SAN FRANCISCO",-122.43010711669922,37.778839111328125
9047609,2020,2020-03-06,3801,2020-01-14,1515,203,MISSI,2,5,7,3801,0,0,0,,0,006,"POTRERO AV","ALAMEDA ST",0.00,,Y,A,-,N,,,,,,,,,,N,4,0,2,2,A,-,15,21201,A,N,G,B,B,A,D,-,A,A,0,Y,Y,,,Y,,L,04,0,0,2,0,1,0,1,0,0,"- ","- ",,,"SAN FRANCISCO","SAN FRANCISCO",-122.40779113769531,37.768379211425781
9047630,2020,2020-09-02,3801,2020-01-10,0832,1394,PARK,5,5,7,3801,0,0,0,,0,3F13A,"MASONIC AV","FULTON ST",0.00,,Y,A,-,N,,,,,,,,,,N,3,0,1,2,A,-,08,22107,,N,B,-,A,A,H,-,A,A,0,,Y,,,Y,,A,01,0,1,0,0,0,0,1,0,0,"- ","- ",,,"SAN FRANCISCO","SAN FRANCISCO",-122.44647216796875,37.775791168212891
9047678,2020,2020-03-06,3801,2020-01-23,0953,4182,SOUTH,4,5,7,3801,0,0,0,,0,3B1A,"FOLSOM ST","FREMONT ST",20.00,W,N,A,-,N,,,,,,,,,,N,4,0,1,2,A,-,17,22517,,N,B,G,A,A,D,-,A,A,0,,Y,,,Y,,A,01,0,0,1,0,0,0,1,0,0,"- ","- ",,,"SAN FRANCISCO","SAN FRANCISCO",-122.39364624023438,37.787960052490234
90515300,2017,2017-08-02,9350,2017-07-29,1716,020831,,6,2,7,3801,0,1,2,,1,120,"US-101 S/B","GOLDEN GATE BRIDGE NORTH TOWER",5.00,S,N,B,-,Y,,,101,,,,,,S,N,2,0,1,1,A,-,03,22350,,N,E,I,A,A,G,-,A,D,0,,Y,,,Y,,L,04,1,0,0,0,0,0,1,0,0,"- ","- ",37.82544,-122.47933,"SAN FRANCISCO","SAN FRANCISCO",-122.47951489,37.825412239999999
90534822,2017,2017-08-28,9350,2017-08-18,1025,021704,,5,1,7,3801,0,1,2,,2,020,"US-101 S/B","GGB NORTH TOWER",2.00,S,N,B,-,Y,,,101,,,,,,S,N,3,0,1,1,B,-,22,,,N,F,A,A,A,H,-,A,D,0,,Y,,,Y,,L,04,0,1,0,0,0,0,1,0,0,"- ","- ",37.825519999999997,-122.47933999999999,"SAN FRANCISCO","SAN FRANCISCO",-122.47952685999999,37.825491939999999
90578797,2017,2017-10-26,9350,2017-10-24,1326,014448,,2,1,7,3801,0,1,2,,1,120,"EAST WALKWAY OF THE GOLDEN GATE BRIDGE","LT. POLE # 103",20.00,N,N,A,-,N,,,,,,,,,,N,3,0,1,2,B,-,22,,,N,H,G,A,A,H,-,A,D,0,,Y,,,Y,,L,04,0,1,0,0,0,0,1,0,0,"- ","- ",37.813139999999997,-122.47747,"SAN FRANCISCO","SAN FRANCISCO",-122.47773796,37.813191359999998
9058079,2020,2020-07-27,3801,2020-03-11,0706,1580,SOUTH,3,5,7,3801,0,0,0,,0,3B13A,"8TH ST","HOWARD ST",0.00,,Y,A,-,N,,,,,,,,,,N,3,0,1,2,A,-,08,22107,,N,-,G,A,A,H,-,B,A,0,,Y,,,Y,,I,11,0,1,0,0,0,0,1,0,0,"- ","- ",,,"SAN FRANCISCO","SAN FRANCISCO",-122.41159057617188,37.776229858398438
90618822,2017,2017-12-18,9350,2017-12-10,1300,019927,,7,1,7,3801,0,1,2,,1,120,"US-101 S/B (GGB WEST SIDEWALK)","MERCHANT RD",5808.00,N,N,A,-,N,,,101,,,,,,S,N,2,0,1,2,B,-,22,,,N,D,G,A,A,H,-,A,D,0,,Y,,,Y,,L,04,1,0,0,0,0,0,1,0,0,"- ","- ",37.819099999999999,-122.47824,"SAN FRANCISCO","SAN FRANCISCO",-122.47870208000001,37.81904505
90697765,2018,2018-04-03,9350,2018-03-29,1235,021075,,4,1,7,3801,0,1,2,,2,020,"US-101 N/B (GOLDEN GATE BRIDGE)","NORTH TOWER",4.00,S,N,A,-,Y,,,101,,,,,,N,N,3,0,1,1,A,-,03,22350,,N,F,A,A,A,H,-,A,D,0,,Y,,,Y,,L,04,0,1,0,0,0,0,1,0,0,"- ","- ",37.825489044189453,-122.47917938232422,"SAN FRANCISCO","SAN FRANCISCO",-122.47943115234375,37.825454711914062
90702059,2018,2018-04-10,9350,2018-03-30,1328,021739,,5,1,7,3801,0,3,5,,2,001,"MERCHANT RD","LINCOLN AVE",400.00,E,N,A,-,N,,,,,,,,,,N,3,0,1,2,A,-,03,22350,,N,B,G,A,A,H,-,A,D,0,,Y,,,Y,,L,04,0,1,0,0,0,0,1,0,0,"- ","- ",37.805568695068359,-122.47599029541016,"SAN FRANCISCO","SAN FRANCISCO",-122.47566986083984,37.804420471191406
90709597,2018,2018-04-20,9350,2018-04-14,1240,021901,,6,1,7,3801,0,1,2,,1,120,"US-101 GOLDEN GATE BRIDGE BICYCLE PATH","GOLDEN GATE BRIDGE SOUTH TOWER",320.00,S,N,A,-,N,,,101,,,,,,,N,4,0,1,1,B,-,22,,,N,F,A,A,A,H,-,A,D,0,,Y,,,Y,,L,04,0,0,1,0,0,0,1,0,0,"- ","- ",37.813159942626953,-122.47766876220703,"SAN FRANCISCO","SAN FRANCISCO",-122.47783660888672,37.813137054443359
9074757,2020,2020-06-03,3801,2020-02-18,0740,2196,TENDE,2,5,7,3801,0,0,0,,0,3J52A,"7TH ST","STEVENSON ST",23.00,E,N,A,-,N,,,,,,,,,,,4,0,1,2,A,-,05,21650,1,N,C,G,A,A,H,-,A,A,0,,Y,,Y,Y,,L,04,0,0,1,0,0,0,1,0,0,"- ","- ",,,"SAN FRANCISCO","SAN FRANCISCO",-122.41183471679688,37.779945373535156
9074891,2020,2020-05-18,3801,2020-02-21,0720,1144,TARAV,5,5,7,3801,0,0,0,,0,3I13A,"42ND AV","NORIEGA ST",0.00,,Y,A,-,N,,,,,,,,,,N,4,0,1,2,A,-,12,22450,A,N,D,G,A,A,H,-,A,A,0,,Y,,,Y,,L,04,0,0,1,0,0,0,1,0,0,"- ","- ",,,"SAN FRANCISCO","SAN FRANCISCO",-122.50113677978516,37.753150939941406
9074924,2020,2020-05-18,3801,2020-02-14,0755,2247,SOUTH,5,5,7,3801,0,0,0,,0,03B,"MARKET ST","VALENCIA ST",0.00,,Y,A,-,N,,,,,,,,,,N,4,0,1,2,A,-,14,21201,D,N,-,G,A,A,H,-,A,D,0,,Y,,,Y,,A,01,0,0,1,0,0,0,1,0,0,"- ","- ",,,"SAN FRANCISCO","SAN FRANCISCO",-122.42262268066406,37.772548675537109
9074943,2020,2020-05-18,3801,2020-02-11,1919,2056,SOUTH,2,5,7,3801,0,0,0,,0,03B,"HOWARD ST","5TH ST",0.00,,Y,A,-,N,,,,,,,,,,,4,0,1,2,A,-,12,21453,A,N,D,G,A,A,H,-,C,A,0,,Y,,,Y,,L,04,0,0,1,0,0,0,1,0,0,"- ","- ",,,"SAN FRANCISCO","SAN FRANCISCO",-122.40493011474609,37.781509399414062
9074984,2020,2020-05-16,3801,2020-02-28,2118,875,CENTR,5,5,7,3801,0,0,0,,0,3A14E,"KEARRY ST","GEARY ST",0.00,,Y,A,-,N,,,,,,,,,,N,4,0,1,2,A,-,08,22107,,N,C,G,A,A,H,-,C,A,0,,Y,Y,,Y,,L,04,0,0,1,0,0,0,1,0,0,"- ","- ",,,"SAN FRANCISCO","SAN FRANCISCO",-122.40351104736328,37.787948608398438
9074985,2020,2020-06-23,3801,2020-02-26,0812,2059,CENT,3,5,7,3801,0,0,0,,0,3A11A,"MARKET ST","3RD ST",0.00,,Y,A,-,N,,,,,,,,,,N,2,0,1,1,A,-,03,22350,A,N,H,-,A,A,H,-,A,A,0,,Y,,,Y,,-,"- ",1,0,0,0,0,0,1,0,0,"- ","- ",,,"SAN FRANCISCO","SAN FRANCISCO",-122.40345764160156,37.78765869140625
9074993,2020,2020-03-25,3801,2020-02-24,1715,2435,MISSI,1,5,7,3801,0,0,0,,0,001,"MARKET ST","OCTAVIA ST",0.00,,Y,A,-,N,,,,,,,,,,N,3,0,1,2,A,-,17,21707,,N,H,G,A,A,G,-,A,-,0,,Y,,,Y,,A,01,0,1,0,0,0,0,1,0,0,"- ","- ",,,"SAN FRANCISCO","SAN FRANCISCO",-122.42359161376953,37.771778106689453
9075001,2020,2020-03-25,3801,2020-02-25,0856,1332,NORTH,2,5,7,3801,0,0,0,,0,3E16A,"POLK ST","POLK ST 1517",0.00,,Y,A,-,N,,,,,,,,,,N,3,0,1,2,A,-,17,22517,,N,H,G,A,A,H,-,A,A,0,,Y,Y,,Y,,C,06,0,1,0,0,0,0,1,0,0,"- ","- ",,,"SAN FRANCISCO","SAN FRANCISCO",,
9075032,2020,2020-05-19,3801,2020-04-04,1140,1426,NORTH,6,5,7,3801,0,0,0,,0,3E15A,"POLK ST","VALLEJO ST",50.00,S,N,A,-,N,,,,,,,,,,N,4,0,1,2,A,-,11,21950,B,N,B,G,A,A,H,-,A,A,0,,Y,,,Y,,L,04,0,0,1,0,0,0,1,0,0,"- ","- ",,,"SAN FRANCISCO","SAN FRANCISCO",-122.42192840576172,37.7967529296875
9075048,2020,2020-05-16,3801,2020-02-18,1718,899,TENDE,2,5,7,3801,0,0,0,,0,3J12D,"CYRIL MAGNIN ST","MARKET ST",0.00,,Y,A,-,N,,,,,,,,,,N,4,0,1,2,A,-,12,21453,A,N,H,G,A,A,H,-,A,A,0,,Y,,,Y,,L,04,0,0,1,0,0,0,1,0,0,"- ","- ",,,"SAN FRANCISCO","SAN FRANCISCO",-122.40805816650391,37.784000396728516
9075073,2020,2020-05-16,3801,2020-02-27,1032,207,,4,5,7,3801,0,0,0,,0,11A,"1ST ST","STEVENSON ST",0.00,,Y,A,-,N,,,,,,,,,,N,3,0,1,2,A,-,10,21950,A,N,G,B,B,A,H,-,A,D,0,Y,Y,,,Y,,L,04,0,1,0,0,1,0,0,0,0,"- ","- ",,,"SAN FRANCISCO","SAN FRANCISCO",-122.39859771728516,37.790599822998047
9075085,2020,2020-05-16,3801,2020-02-22,2255,2166,SOUTH,6,5,7,3801,0,0,0,,0,903,"6TH ST","BRANNAN ST",0.00,,Y,A,-,N,,,,,,,,,,N,3,0,1,2,A,-,17,21200,A,N,D,G,A,A,H,-,C,A,0,,Y,,,Y,,L,04,0,1,0,0,0,0,1,0,0,"- ","- ",,,"SAN FRANCISCO","SAN FRANCISCO",-122.40096282958984,37.774829864501953
9075104,2020,2020-05-16,3801,2020-02-26,2005,4040,CENTR,3,5,7,3801,0,0,0,,0,3A13D,"COLUMBUS AV","TAYLOR ST",0.00,,Y,A,-,N,,,,,,,,,,N,4,0,1,1,A,-,03,22350,,N,H,-,A,A,A,-,C,A,0,,Y,,,Y,,L,04,0,0,1,0,0,0,1,0,0,"- ","- ",,,"SAN FRANCISCO","SAN FRANCISCO",-122.41487884521484,37.803550720214844