CASE_ID,ACCIDENT_YEAR,PROC_DATE,JURIS,COLLISION_DATE,COLLISION_TIME,OFFICER_ID,REPORTING_DISTRICT,DAY_OF_WEEK,CHP_SHIFT,POPULATION,CNTY_CITY_LOC,SPECIAL_COND,BEAT_TYPE,CHP_BEAT_TYPE,CITY_DIVISION_LAPD,CHP_BEAT_CLASS,BEAT_NUMBER,PRIMARY_RD,SECONDARY_RD,DISTANCE,DIRECTION,INTERSECTION,WEATHER_1,WEATHER_2,STATE_HWY_IND,CALTRANS_COUNTY,CALTRANS_DISTRICT,STATE_ROUTE,ROUTE_SUFFIX,POSTMILE_PREFIX,POSTMILE,LOCATION_TYPE,RAMP_INTERSECTION,SIDE_OF_HWY,TOW_AWAY,COLLISION_SEVERITY,NUMBER_KILLED,NUMBER_INJURED,PARTY_COUNT,PRIMARY_COLL_FACTOR,PCF_CODE_OF_VIOL,PCF_VIOL_CATEGORY,PCF_VIOLATION,PCF_VIOL_SUBSECTION,HIT_AND_RUN,TYPE_OF_COLLISION,MVIW,PED_ACTION,ROAD_SURFACE,ROAD_COND_1,ROAD_COND_2,LIGHTING,CONTROL_DEVICE,CHP_ROAD_TYPE,PEDESTRIAN_ACCIDENT,BICYCLE_ACCIDENT,MOTORCYCLE_ACCIDENT,TRUCK_ACCIDENT,NOT_PRIVATE_PROPERTY,ALCOHOL_INVOLVED,STWD_VEHTYPE_AT_FAULT,CHP_VEHTYPE_AT_FAULT,COUNT_SEVERE_INJ,COUNT_VISIBLE_INJ,COUNT_COMPLAINT_PAIN,COUNT_PED_KILLED,COUNT_PED_INJURED,COUNT_BICYCLIST_KILLED,COUNT_BICYCLIST_INJURED,COUNT_MC_KILLED,COUNT_MC_INJURED,PRIMARY_RAMP,SECONDARY_RAMP,LATITUDE,LONGITUDE,COUNTY,CITY,POINT_X,POINT_Y
9075112,2020,2020-05-16,3801,2020-02-26,1830,386,MISIS,3,5,7,3801,0,0,0,,0,3D16D,"HARRISON ST","17TH ST",100.00,S,N,A,-,N,,,,,,,,,,N,4,0,1,2,A,-,09,21801,A,N,D,G,A,A,H,-,A,D,0,,Y,,,Y,,A,01,0,0,1,0,0,0,1,0,0,"- ","- ",,,"SAN FRANCISCO","SAN FRANCISCO",-122.41298675537109,37.763816833496094
9075177,2020,2020-05-18,3801,2020-02-19,1418,1347,SOUTH,3,5,7,3801,0,0,0,,0,001,"BRYANT ST","THE EMBARCADERO",0.00,,Y,A,-,N,,,,,,,,,,N,4,0,1,2,A,-,17,21200,A,N,D,G,A,A,H,-,A,A,0,,Y,,,Y,,L,04,0,0,1,0,0,0,1,0,0,"- ","- ",,,"SAN FRANCISCO","SAN FRANCISCO",-122.38800811767578,37.787090301513672
9076426,2020,2020-05-20,3801,2020-02-05,1600,302,NORTH,3,5,7,3801,0,0,0,,0,3E14D,"PIERCE ST","HAIGHT ST",0.00,,Y,A,-,N,,,,,,,,,,N,4,0,1,2,D,-,00,,,N,D,G,A,A,H,-,A,D,0,,Y,,,Y,,-,"- ",0,0,1,0,0,0,1,0,0,"- ","- ",,,"SAN FRANCISCO","SAN FRANCISCO",-122.43373107910156,37.771690368652344
90856433,2018,2018-11-08,9350,2018-11-02,0941,014864,,5,1,7,3801,0,3,5,,2,001,"GOLDEN GATE BRIDGE EAST PLAZA",US-101,80.00,E,N,B,E,N,,,,,,,,,,N,2,0,1,1,B,-,22,,,N,F,A,A,B,H,-,A,D,0,,Y,,,Y,,L,04,1,0,0,0,0,0,1,0,0,"- ","- ",37.807868957519531,-122.47560119628906,"SAN FRANCISCO","SAN FRANCISCO",-122.47560119628906,37.807868957519531
9087203,2020,2020-09-02,3801,2020-03-12,1343,875,CENTR,4,5,7,3801,0,0,0,,0,3A13D,"NORTH POINT ST","MASON ST",125.00,W,N,A,-,N,,,,,,,,,,N,3,0,1,2,A,-,09,21801,A,N,D,G,A,A,H,-,C,A,0,,Y,,,Y,,A,01,0,1,0,0,0,0,1,0,0,"- ","- ",,,"SAN FRANCISCO","SAN FRANCISCO",-122.41420745849609,37.806522369384766
9087208,2020,2020-06-16,3801,2020-03-13,1217,642,TARAV,5,5,7,3801,0,0,0,,0,004,"SAN LEANDRO WY","OCEAN AV",15.00,N,N,A,-,N,,,,,,,,,,N,3,0,1,2,A,-,12,21453,A,N,D,G,A,A,H,-,A,A,0,,Y,,,Y,,L,04,0,1,0,0,0,0,1,0,0,"- ","- ",,,"SAN FRANCISCO","SAN FRANCISCO",-122.46930694580078,37.730014801025391
9087225,2020,2020-07-10,3801,2020-03-11,1748,887,SOUTH,3,5,7,3801,0,0,0,,0,3B14D,"HOWARD ST","11TH ST",0.00,,Y,A,-,N,,,,,,,,,,N,4,0,1,2,A,-,08,22107,,N,C,G,A,A,H,-,A,A,0,,Y,,,Y,,A,01,0,0,1,0,0,0,1,0,0,"- ","- ",,,"SAN FRANCISCO","SAN FRANCISCO",-122.41557312011719,37.773120880126953
9087244,2020,2020-06-17,3801,2020-03-02,1950,494,PARK,1,5,7,3801,0,0,0,,0,03F,"HAYES ST","CENTRAL AV",23.00,W,N,A,-,N,,,,,,,,,,N,4,0,1,1,D,-,00,,,N,G,A,A,A,H,-,C,D,0,,Y,,,Y,,-,"- ",0,0,1,0,0,0,1,0,0,"- ","- ",,,"SAN FRANCISCO","SAN FRANCISCO",-122.44448089599609,37.774139404296875
9087250,2020,2020-06-17,3801,2020-03-07,1815,2494,MISSI,6,5,7,3801,0,0,0,,0,3D11D,"VALENCIA ST","CUNINGHAM PL",0.00,,Y,A,-,N,,,,,,,,,,N,4,0,1,2,A,-,08,22107,,N,H,G,A,A,H,-,A,D,0,,Y,,,Y,,A,01,0,0,1,0,0,0,1,0,0,"- ","- ",,,"SAN FRANCISCO","SAN FRANCISCO",-122.42134094238281,37.759380340576172
9087256,2020,2020-06-17,3801,2020-03-03,0040,831,TENDE,2,5,7,3801,0,0,0,,0,3J90,"LEAVENWORTH ST","EDDY ST",55.00,N,N,A,-,N,,,,,,,,,,N,2,0,1,2,A,-,"- ",,,F,G,-,F,A,H,-,C,D,0,Y,Y,,,Y,,L,04,1,0,0,0,1,0,0,0,0,"- ","- ",,,"SAN FRANCISCO","SAN FRANCISCO",-122.41426849365234,37.783878326416016
9087290,2020,2020-07-08,3801,2020-03-28,1435,834,MISSI,6,5,7,3801,0,0,0,,0,3D44C,"YORK ST","23RD ST",0.00,,Y,B,-,N,,,,,,,,,,N,3,0,1,2,A,-,12,22450,A,N,D,G,A,A,H,-,A,A,0,,Y,,,Y,,L,04,0,1,0,0,0,0,1,0,0,"- ","- ",,,"SAN FRANCISCO","SAN FRANCISCO",-122.40834045410156,37.754459381103516
9087292,2020,2020-07-08,3801,2020-03-26,1602,4023,MISSI,4,5,7,3801,0,0,0,,0,3D13C,"MISSION ST","20TH ST",0.00,,Y,A,-,N,,,,,,,,,,Y,3,0,1,2,A,-,03,22350,,N,C,G,A,A,H,-,A,A,0,,Y,,,Y,,A,01,0,1,0,0,0,0,1,0,0,"- ","- ",,,"SAN FRANCISCO","SAN FRANCISCO",-122.41903686523438,37.758628845214844
90898763,2018,2019-01-07,9350,2018-12-15,1515,022037,,6,2,7,3801,0,1,2,,2,020,"GOLDEN GATE BRIDGE BICYCLE PATH","LIGHT POST 86",100.00,S,N,A,-,Y,,,,,,,,,,N,3,0,1,2,B,-,22,,,F,A,G,A,A,H,-,A,D,0,,Y,,,Y,,L,04,0,1,0,0,0,0,1,0,0,"- ","- ",37.816318511962891,-122.4786376953125,"SAN FRANCISCO","SAN FRANCISCO",,
90919031,2019,2019-02-05,9350,2019-01-26,1340,021586,,6,1,7,3801,0,1,2,,1,120,"US-101 SB, GGB WEST SIDEWALK","SOUTH TOWER OF THE GOLDEN GATE BRIDGE",20.00,N,N,A,-,N,,,101,,,,,,S,N,3,0,1,1,B,-,22,,,N,F,A,A,A,H,-,A,D,0,,Y,,,Y,,L,04,0,1,0,0,0,0,1,0,0,"- ","- ",37.814029693603516,-122.47836303710938,"SAN FRANCISCO","SAN FRANCISCO",-122.47807312011719,37.814067840576172
9092353,2020,2020-07-08,3801,2020-03-03,1625,2398,RICHM,2,5,7,3801,0,0,0,,0,0G4,"29TH AV","CALIFORNIA ST",228.00,N,N,A,-,N,,,,,,,,,,,3,0,1,2,A,-,09,21804,A,M,-,G,A,-,H,-,A,D,0,,Y,,,Y,,A,01,0,1,0,0,0,0,1,0,0,"- ","- ",,,"SAN FRANCISCO","SAN FRANCISCO",-122.48932647705078,37.784305572509766
9092354,2020,2020-08-03,3801,2020-03-03,2500,327,RICHA,2,5,7,3801,0,0,0,,0,901,"ARGUELLO BL","GEARY BL",133.00,S,N,A,-,N,,,,,,,,,,N,4,0,1,2,A,-,09,21801,A,N,D,G,A,A,H,-,A,D,0,,Y,,,Y,,A,01,0,0,1,0,0,0,1,0,0,"- ","- ",,,"SAN FRANCISCO","SAN FRANCISCO",-122.45885467529297,37.780963897705078
9092356,2020,2020-07-08,3801,2020-03-03,1202,4239,PARK,2,5,7,3801,0,0,0,,0,3F13A,"BAKER ST","FULTON ST",0.00,,Y,A,-,N,,,,,,,,,,N,3,0,1,2,A,-,08,22107,,N,D,G,A,A,H,-,A,A,0,,Y,,,Y,,L,04,0,1,0,0,0,0,1,0,0,"- ","- ",,,"SAN FRANCISCO","SAN FRANCISCO",-122.44149017333984,37.77642822265625
9092361,2020,2020-07-20,3801,2020-03-26,1946,1837,BAYVI,4,5,7,3801,0,0,0,,0,901,"BAYSHORE BL","INDUSTRIAL BL",0.00,,Y,A,-,N,,,,,,,,,,N,2,0,1,2,A,-,17,21200,A,N,D,G,A,-,H,-,C,A,0,,Y,,,Y,,L,04,1,0,0,0,0,0,1,0,0,"- ","- ",,,"SAN FRANCISCO","SAN FRANCISCO",-122.40695953369141,37.737998962402344
90990318,2019,2019-05-16,9350,2019-05-11,0904,021629,,6,1,7,3801,0,1,2,,1,120,"US-101 S/B, GGB WEST SIDEWALK","SOUTH TOWER OF THE GOLDEN GATE BRIDGE",20.00,N,N,A,-,N,,,101,,,,,,S,N,3,0,1,1,B,-,22,,,N,F,A,A,A,H,-,A,D,0,,Y,,,Y,,L,04,0,1,0,0,0,0,1,0,0,"- ","- ",37.814189910888672,-122.47805786132812,"SAN FRANCISCO","SAN FRANCISCO",-122.47808837890625,37.814186096191406
9101768,2020,2020-08-03,3801,2020-04-11,1638,2408,SOUTH,6,5,7,3801,0,0,0,,0,3B14D,"9TH ST","MISSION ST",0.00,,Y,A,-,N,,,,,,,,,,Y,2,0,1,2,A,-,06,21750,A,F,B,G,A,A,H,-,A,A,0,,Y,,,Y,,A,01,1,0,0,0,0,0,0,0,0,"- ","- ",,,"SAN FRANCISCO","SAN FRANCISCO",-122.41471862792969,37.776241302490234
9101774,2020,2020-08-03,3801,2020-04-30,1652,1351,SOUTH,4,5,7,3801,0,0,0,,0,3B13D,"8TH ST","MINNA ST",0.00,,Y,A,-,N,,,,,,,,,,N,3,0,1,2,A,-,03,22350,,N,H,A,A,A,H,-,A,D,0,,Y,,,Y,,L,04,0,1,0,0,0,0,1,0,0,"- ","- ",,,"SAN FRANCISCO","SAN FRANCISCO",-122.41259765625,37.777050018310547
9101776,2020,2020-08-03,3801,2020-04-30,1315,386,MISSI,4,5,7,3801,0,0,0,,0,3D14C,"VALENCIA ST","BROSNAN ST",0.00,,Y,A,-,N,,,,,,,,,,N,4,0,1,2,A,-,09,21801,A,N,D,G,A,A,H,-,A,D,0,,Y,,,Y,,A,01,0,0,1,0,0,0,1,0,0,"- ","- ",,,"SAN FRANCISCO","SAN FRANCISCO",-122.42224884033203,37.768768310546875
9101779,2020,2020-08-03,3801,2020-04-12,1751,203,MISSI,7,5,7,3801,0,0,0,,0,,HAMPSHIRE,"24TH ST",78.00,N,N,A,-,N,,,,,,,,,,N,4,0,1,1,A,-,03,22350,,N,H,A,A,A,H,-,A,D,0,,Y,,,Y,,L,04,0,0,1,0,0,0,1,0,0,"- ","- ",,,"SAN FRANCISCO","SAN FRANCISCO",-122.4073486328125,37.753131866455078
9101780,2020,2020-08-03,3801,2020-04-12,1542,WATTS,INGLE,7,5,7,3801,0,0,0,,0,3H13D,"ALEMANY BL","THERESA ST",0.00,,Y,A,-,N,,,,,,,,,,N,3,0,1,2,A,-,08,22107,,N,B,G,A,A,H,-,A,D,0,,Y,,,Y,,-,,0,1,0,0,0,0,1,0,0,"- ","- ",37.728649139404297,-122.43443298339844,"SAN FRANCISCO","SAN FRANCISCO",-122.43453216552734,37.728790283203125
9101854,2020,2020-08-03,3801,2020-04-21,1858,2725,RICHM,2,5,7,3801,0,0,0,,0,,"JOHN F KENNEDY DR","MARK MEADOW SIGN",7.00,W,N,A,-,N,,,,,,,,,,N,3,0,1,2,A,-,03,22350,,N,A,G,A,A,G,-,A,D,0,,Y,,,Y,,L,04,0,1,0,0,0,0,1,0,0,"- ","- ",,,"SAN FRANCISCO","SAN FRANCISCO",,
9101858,2020,2020-08-03,3801,2020-04-23,1441,1851,NORTH,4,5,7,3801,0,0,0,,0,3E12C,"EDDY ST","EDDY  ST 1500",0.00,,Y,A,-,N,,,,,,,,,,N,3,0,1,2,A,-,09,21801,A,N,H,G,A,A,H,-,A,D,0,,Y,,,Y,,A,01,0,1,0,0,0,0,1,0,0,"- ","- ",,,"SAN FRANCISCO","SAN FRANCISCO",,
91034548,2019,2019-07-22,9350,2019-07-14,1830,021893,,7,2,7,3801,0,1,2,,1,120,"GOLDEN GATE BRIDGE WEST WALKWAY","GOLDEN GATE BRIDGE TOLL PLAZA",528.00,N,N,A,-,N,,,,,,,,,,N,3,0,1,1,B,-,22,,,N,E,J,A,A,H,-,A,D,0,,Y,,,Y,,L,04,0,1,0,0,0,0,1,0,0,"- ","- ",37.808250427246094,-122.47682952880859,"SAN FRANCISCO","SAN FRANCISCO",-122.47679901123047,37.808277130126953
9106469,2020,2020-10-29,3801,2020-05-23,1040,1438,INGLE,6,5,7,3801,0,0,0,,0,4CAR,"OSHAUGHNESSY AV","MALTA DR",0.00,,Y,A,-,N,,,,,,,,,,N,3,0,1,1,A,-,03,22350,,N,F,A,A,A,G,-,A,D,0,,Y,,,Y,,L,04,0,1,0,0,0,0,1,0,0,"- ","- ",,,"SAN FRANCISCO","SAN FRANCISCO",-122.44365692138672,37.736499786376953
91064872,2019,2019-09-02,9350,2019-08-27,1339,022066,,2,1,7,3801,0,1,2,,1,120,"GOLDEN GATE BRIDGE EAST SIDEWALK","GOLDEN GATE BRIDGE NORTH TOWER",350.00,S,N,A,G,N,,,,,,,,,,N,3,0,1,1,B,-,22,,,N,F,A,A,A,H,-,A,D,0,,Y,,,Y,,L,04,0,1,0,0,0,0,1,0,0,"- ","- ",37.824611663818359,-122.47898864746094,"SAN FRANCISCO","SAN FRANCISCO",-122.47907257080078,37.824611663818359
9108247,2020,2020-08-03,3801,2020-04-27,1645,2256,INGLE,1,5,7,3801,0,0,0,,0,3H16C,"ALEMANY BL","OCEAN AV",0.00,,Y,A,-,N,,,,,,,,,,N,4,0,1,2,A,-,05,21202,A,N,D,G,A,A,H,-,A,A,0,,Y,,,Y,,L,04,0,0,1,0,0,0,1,0,0,"- ","- ",,,"SAN FRANCISCO","SAN FRANCISCO",-122.43753814697266,37.723701477050781
9111045,2020,2020-10-30,3801,2020-05-13,2343,4222,INGLE,3,5,7,3801,0,0,0,,0,3H15E,"CESAR CHAVEZ ST","VERMONT ST",378.00,W,N,A,-,N,,,,,,,,,,N,3,0,1,2,A,-,03,22350,,F,C,G,A,A,H,-,D,D,0,,Y,,,Y,,-,,0,1,0,0,0,0,1,0,0,"- ","- ",,,"SAN FRANCISCO","SAN FRANCISCO",-122.40361022949219,37.748729705810547
9111053,2020,2020-10-30,3801,2020-05-07,1332,2375,RICHM,4,5,7,3801,0,0,0,,0,3G5A,"GEARY BL","PRESIDIO AV",0.00,,Y,A,-,N,,,,,,,,,,N,3,0,1,2,A,-,12,22450,A,F,D,G,A,A,H,-,A,D,0,,Y,,,Y,,A,01,0,1,0,0,0,0,1,0,0,"- ","- ",,,"SAN FRANCISCO","SAN FRANCISCO",-122.44586181640625,37.782588958740234
9111066,2020,2020-11-02,3801,2020-05-08,1930,171,CENTR,5,5,7,3801,0,0,0,,0,3CAR,"COLUMBUS AV","957 COLUMBUS AVE",0.00,,Y,A,-,N,,,,,,,,,,N,4,0,1,1,-,-,"- ",,,N,H,-,A,A,A,-,A,D,0,,Y,,,Y,,L,04,0,0,1,0,0,0,1,0,0,"- ","- ",,,"SAN FRANCISCO","SAN FRANCISCO",,
9111099,2020,2020-11-02,3801,2020-05-19,1200,1418,TARAV,2,5,7,3801,0,0,0,,0,0I3,"GREAT HWY","LINCOLN WY",315.00,S,N,A,-,N,,,,,,,,,,N,3,0,2,2,A,-,"- ",,,F,H,B,E,A,H,-,A,D,0,Y,Y,,,Y,,-,"- ",0,1,1,0,1,0,1,0,0,"- ","- ",,,"SAN FRANCISCO","SAN FRANCISCO",-122.51033782958984,37.763179779052734
9111102,2020,2020-11-02,3801,2020-05-22,1544,2239,INGLE,5,5,7,3801,0,0,0,,0,3H16D,"ALEMANY BL","CRESCENT AVE",0.00,,Y,A,-,N,,,,,,,,,,N,3,0,1,2,A,-,12,21453,A,N,C,G,A,A,H,-,A,A,0,,Y,,,Y,,A,01,0,1,0,0,0,0,1,0,0,"- ","- ",,,"SAN FRANCISCO","SAN FRANCISCO",,
9111116,2020,2020-11-02,3801,2020-05-21,1207,2176,SOUTH,4,5,7,3801,0,0,0,,0,3B90,"7TH ST","BRYANT ST",105.00,S,N,A,-,N,,,,,,,,,,N,4,0,1,2,A,-,07,21658,A,N,D,G,A,A,H,-,A,D,0,,Y,,,Y,,A,01,0,0,1,0,0,0,1,0,0,"- ","- ",,,"SAN FRANCISCO","SAN FRANCISCO",-122.40459442138672,37.774177551269531
9111120,2020,2020-11-02,3801,2020-05-20,0934,2292,INGLE,3,5,7,3801,0,0,0,,0,3H13A,"OCEAN AV","SAN JOSE AVE",226.00,W,N,A,-,N,,,,,,,,,,N,2,0,1,1,A,-,08,22107,,N,H,J,A,A,G,-,A,D,0,,Y,,,Y,,L,04,1,0,0,0,0,0,1,0,0,"- ","- ",,,"SAN FRANCISCO","SAN FRANCISCO",-122.44559478759766,37.722934722900391
9111124,2020,2020-11-02,3801,2020-05-14,1943,560,NORTH,4,5,7,3801,0,0,0,,0,3E13D,"VAN NESS AV","EDDY ST",0.00,,Y,A,-,N,,,,,,,,,,N,2,0,1,2,A,-,05,21650,1,N,D,G,A,A,C,-,A,A,0,,Y,,,Y,,L,04,1,0,0,0,0,0,1,0,0,"- ","- ",,,"SAN FRANCISCO","SAN FRANCISCO",-122.4208984375,37.782871246337891
9111128,2020,2020-11-02,3801,2020-05-14,0917,1849,TENDE,4,5,7,3801,0,0,0,,0,3J2A,"MARKET ST","TURK ST",0.00,,Y,B,-,N,,,,,,,,,,N,4,0,1,2,A,-,08,22107,,N,C,G,A,A,C,-,A,D,0,,Y,,,Y,,L,04,0,0,1,0,0,0,1,0,0,"- ","- ",,,"SAN FRANCISCO","SAN FRANCISCO",-122.40875244140625,37.783470153808594
9111133,2020,2020-11-02,3801,2020-05-26,2231,715,MISSI,2,5,7,3801,0,0,0,,0,3D15E,"MISSION ST","13TH ST",0.00,,Y,A,-,N,,,,,,,,,,N,4,0,1,2,A,-,12,21453,A,N,D,G,A,A,H,-,C,A,0,,Y,,,Y,,L,04,0,0,1,0,0,0,1,0,0,"- ","- ",,,"SAN FRANCISCO","SAN FRANCISCO",-122.42018127441406,37.769989013671875
9111187,2020,2020-07-31,3801,2020-04-18,1703,2726,RICHM,6,5,7,3801,0,0,0,,0,3G13D,"JOHN F KENNEDY DR","CHAIN OF LAKES DR",0.00,,Y,A,-,N,,,,,,,,,,N,4,0,1,2,A,-,12,22450,A,N,D,G,A,A,H,-,A,D,0,,Y,,,Y,,L,04,0,0,1,0,0,0,1,0,0,"- ","- ",,,"SAN FRANCISCO","SAN FRANCISCO",-122.50051879882812,37.768161773681641
9111189,2020,2020-07-31,3801,2020-04-18,1733,629,SOUTH,6,5,7,3801,0,0,0,,0,3B15C,"MISSION ST","6TH ST",0.00,,Y,A,-,N,,,,,,,,,,N,3,0,1,2,A,-,12,21453,A,N,D,G,A,A,H,-,A,A,0,,Y,,,Y,,L,04,0,1,0,0,0,0,1,0,0,"- ","- ",,,"SAN FRANCISCO","SAN FRANCISCO",-122.40869140625,37.780979156494141
9111200,2020,2020-07-31,3801,2020-04-03,0706,118,MISSI,5,5,7,3801,0,0,0,,0,3D6A,"HARRISON ST","16TH ST",0.00,,Y,A,-,N,,,,,,,,,,N,3,0,1,2,A,-,09,21800,A,N,A,G,A,A,H,-,A,A,0,,Y,,,Y,Y,L,04,0,1,0,0,0,0,1,0,0,"- ","- ",,,"SAN FRANCISCO","SAN FRANCISCO",-122.41314697265625,37.765449523925781
91116428,2019,2019-11-08,9350,2019-11-02,1452,022432,,6,2,7,3801,0,1,2,,1,120,"US-101S/B (GGB SIDEWALK)","GGB SOUTH TOWER",1050.00,N,N,A,-,Y,,,101,,,,,,,N,3,0,1,1,B,-,22,,,N,E,I,A,A,H,-,A,D,0,,Y,,,Y,,L,04,0,1,0,0,0,0,1,0,0,"- ","- ",37.817001342773438,-122.47837066650391,"SAN FRANCISCO","SAN FRANCISCO",-122.47833251953125,37.817005157470703
91127648,2019,2019-11-22,9350,2019-11-16,0645,022445,,6,1,7,3801,0,3,5,,2,001,"MERCHANT RD","CRANSTON ROAD",430.00,W,N,B,-,N,,,,,,,,,,N,3,0,1,1,A,-,08,22107,,N,F,I,A,B,H,-,A,D,0,,Y,,,Y,,L,04,0,1,0,0,0,0,1,0,0,"- ","- ",37.805339813232422,-122.47637176513672,"SAN FRANCISCO","SAN FRANCISCO",-122.4761962890625,37.805240631103516
91163819,2020,2020-01-13,9350,2020-01-09,1630,022432,,4,2,7,3801,0,1,2,,1,120,"US-101 S/B (GGB SIDEWALK)","GGB SOUTH TOWER",260.00,N,N,A,-,Y,,,101,,,,,,S,N,2,0,1,1,B,-,22,,,N,E,I,A,A,H,-,A,D,0,,Y,,,Y,,L,04,1,0,0,0,0,0,1,0,0,"- ","- ",37.815021514892578,-122.47812652587891,"SAN FRANCISCO","SAN FRANCISCO",-122.47819519042969,37.815010070800781
9120743,2020,2020-08-26,3801,2020-06-21,1132,796,NORTH,7,5,7,3801,0,0,0,,0,3E13A,"FRANKLIN ST","LARCH ST",0.00,,Y,A,-,N,,,,,,,,,,N,3,0,1,2,A,-,06,21750,A,N,C,G,A,A,H,-,A,D,0,,Y,,,Y,,A,01,0,1,0,0,0,0,1,0,0,"- ","- ",,,"SAN FRANCISCO","SAN FRANCISCO",-122.42234039306641,37.782188415527344
9120747,2020,2020-08-26,3801,2020-06-11,1838,2132,PARK,4,5,7,3801,0,0,0,,0,3F12D,"7TH AV","WARREN DR",0.00,,Y,A,-,N,,,,,,,,,,N,3,0,1,2,A,-,08,22107,,N,B,G,A,A,H,-,A,A,0,,Y,,,Y,,A,01,0,1,0,0,0,0,1,0,0,"- ","- ",,,"SAN FRANCISCO","SAN FRANCISCO",-122.46382904052734,37.758541107177734
9120782,2020,2020-08-26,3801,2020-06-13,1015,217,CENTR,6,5,7,3801,0,0,0,,0,3A5A,"MARKET ST","DAVIS ST",0.00,,Y,A,-,N,,,,,,,,,,N,3,0,1,1,A,-,03,22350,,N,H,G,A,B,G,-,A,A,0,,Y,,,Y,,L,04,0,1,0,0,0,0,1,0,0,"- ","- ",,,"SAN FRANCISCO","SAN FRANCISCO",-122.3973388671875,37.792488098144531
9120798,2020,2020-08-26,3801,2020-06-04,1225,1394,PARK,4,5,7,3801,0,0,0,,0,002,"CLARENDON AV","OLYMPIA WY",0.00,,Y,A,-,N,,,,,,,,,,N,3,0,2,2,A,-,12,22450,A,N,D,G,A,A,H,-,A,A,0,,Y,,,Y,,L,04,0,1,1,0,0,0,1,0,0,"- ","- ",,,"SAN FRANCISCO","SAN FRANCISCO",-122.45642852783203,37.751518249511719
9120876,2020,2020-09-04,3801,2020-06-16,0633,1693,BAYVI,2,5,7,3801,0,0,0,,0,901,"CESAR CHAVEZ ST","KANSAS ST",227.00,W,N,A,-,N,,,,,,,,,,N,4,0,1,2,A,-,05,21650,1,N,B,G,A,A,H,-,A,A,0,,Y,,,Y,,L,04,0,0,1,0,0,0,1,0,0,"- ","- ",,,"SAN FRANCISCO","SAN FRANCISCO",-122.40283966064453,37.749439239501953
9120900,2020,2020-08-27,3801,2020-06-02,1323,1769,NORTH,2,5,7,3801,0,0,0,,0,3E12A,"WEBSTER ST","GEARY ST",0.00,,Y,A,-,N,,,,,,,,,,N,3,0,1,1,-,-,"- ",,,N,H,A,A,B,D,-,A,A,0,,Y,,,Y,,-,"- ",0,1,0,0,0,0,1,0,0,"- ","- ",,,"SAN FRANCISCO","SAN FRANCISCO",-122.43129730224609,37.78472900390625
9120909,2020,2020-08-28,3801,2020-06-08,1232,1463,PARK,1,5,7,3801,0,0,0,,0,0F3,"OAK ST","STANYAN ST",0.00,,Y,A,-,N,,,,,,,,,,N,3,0,1,2,A,-,08,22101,D,N,D,G,A,A,H,-,A,A,0,,Y,,,Y,,L,04,0,1,0,0,0,0,1,0,0,"- ","- ",,,"SAN FRANCISCO","SAN FRANCISCO",-122.45395660400391,37.771350860595703
9120929,2020,2020-08-31,3801,2020-06-23,1316,1129,TARAV,2,5,7,3801,0,0,0,,0,005,"FONT BL","CAMBON DR",264.00,W,N,B,-,N,,,,,,,,,,N,3,0,1,2,A,-,09,21804,A,N,-,G,A,A,H,-,A,D,0,,Y,,,Y,,A,01,0,1,0,0,0,0,1,0,0,"- ","- ",,,"SAN FRANCISCO","SAN FRANCISCO",-122.47423553466797,37.715686798095703
91246193,2020,2020-06-01,9350,2020-05-24,1324,022411,,7,1,7,3801,0,1,2,,1,120,"US-101 S/B (GGB WEST WALKWAY)","SOUTH TOWER OF THE GOLDEN GATE BRIDGE",1160.00,S,N,A,-,Y,,,101,,,,,,S,N,3,0,1,1,C,-,18,,,N,F,A,A,A,H,-,A,D,0,,Y,,,Y,,-,"- ",0,1,0,0,0,0,1,0,0,"- ","- ",37.810699462890625,-122.47763824462891,"SAN FRANCISCO","SAN FRANCISCO",-122.47767639160156,37.810695648193359
91310054,2020,2020-09-23,9350,2020-08-09,0901,022373,,7,1,7,3801,0,1,2,,1,120,"US 101 NB (GGB EAST SIDEWALK)","GOLDEN GATE BRIDGE NORTH TOWER",400.00,S,N,E,-,Y,,,,,,,,,,N,2,0,1,1,C,-,18,,,N,E,I,A,A,H,-,A,D,0,,Y,,,Y,,-,"- ",1,0,0,0,0,0,1,0,0,"- ","- ",37.824451446533203,-122.47897338867188,"SAN FRANCISCO","SAN FRANCISCO",,
9137459,2020,2020-09-23,3801,2020-07-14,1040,1451,NORTH,2,5,7,3801,0,0,0,,0,3E13A,"MARINA BL","MARINA GREEN DR",0.00,,Y,A,-,N,,,,,,,,,,N,4,0,1,2,A,-,10,21950,A,N,D,G,A,A,H,-,A,D,0,,Y,,,Y,,A,01,0,0,1,0,0,0,1,0,0,"- ","- ",,,"SAN FRANCISCO","SAN FRANCISCO",-122.43605804443359,37.806430816650391