CASE_ID,ACCIDENT_YEAR,PROC_DATE,JURIS,COLLISION_DATE,COLLISION_TIME,OFFICER_ID,REPORTING_DISTRICT,DAY_OF_WEEK,CHP_SHIFT,POPULATION,CNTY_CITY_LOC,SPECIAL_COND,BEAT_TYPE,CHP_BEAT_TYPE,CITY_DIVISION_LAPD,CHP_BEAT_CLASS,BEAT_NUMBER,PRIMARY_RD,SECONDARY_RD,DISTANCE,DIRECTION,INTERSECTION,WEATHER_1,WEATHER_2,STATE_HWY_IND,CALTRANS_COUNTY,CALTRANS_DISTRICT,STATE_ROUTE,ROUTE_SUFFIX,POSTMILE_PREFIX,POSTMILE,LOCATION_TYPE,RAMP_INTERSECTION,SIDE_OF_HWY,TOW_AWAY,COLLISION_SEVERITY,NUMBER_KILLED,NUMBER_INJURED,PARTY_COUNT,PRIMARY_COLL_FACTOR,PCF_CODE_OF_VIOL,PCF_VIOL_CATEGORY,PCF_VIOLATION,PCF_VIOL_SUBSECTION,HIT_AND_RUN,TYPE_OF_COLLISION,MVIW,PED_ACTION,ROAD_SURFACE,ROAD_COND_1,ROAD_COND_2,LIGHTING,CONTROL_DEVICE,CHP_ROAD_TYPE,PEDESTRIAN_ACCIDENT,BICYCLE_ACCIDENT,MOTORCYCLE_ACCIDENT,TRUCK_ACCIDENT,NOT_PRIVATE_PROPERTY,ALCOHOL_INVOLVED,STWD_VEHTYPE_AT_FAULT,CHP_VEHTYPE_AT_FAULT,COUNT_SEVERE_INJ,COUNT_VISIBLE_INJ,COUNT_COMPLAINT_PAIN,COUNT_PED_KILLED,COUNT_PED_INJURED,COUNT_BICYCLIST_KILLED,COUNT_BICYCLIST_INJURED,COUNT_MC_KILLED,COUNT_MC_INJURED,PRIMARY_RAMP,SECONDARY_RAMP,LATITUDE,LONGITUDE,COUNTY,CITY,POINT_X,POINT_Y
9137528,2020,2020-09-25,3801,2020-07-08,1730,539,MISSI,3,5,7,3801,0,0,0,,0,001,"17TH ST","DOUGLASS ST",0.00,,Y,A,-,N,,,,,,,,,,N,4,0,1,2,A,-,07,21658,A,F,B,G,A,A,H,-,A,A,0,,Y,,,Y,,A,01,0,0,1,0,0,0,1,0,0,"- ","- ",,,"SAN FRANCISCO","SAN FRANCISCO",-122.43949127197266,37.762218475341797
91379518,2020,2021-01-04,9350,2020-12-25,1326,022373,,5,1,7,3801,0,1,2,,1,120,"US-101 S/B (GGB WEST SIDEWALK)","GGB TOLL PLAZA NORTH EDGE",1056.00,N,N,C,-,N,,,101,,,,,,S,N,3,0,2,2,B,-,22,,,N,H,G,A,B,H,-,A,D,0,,Y,,,Y,,L,04,0,1,1,0,0,0,2,0,0,"- ","- ",37.809341430664062,-122.47743225097656,"SAN FRANCISCO","SAN FRANCISCO",-122.47750091552734,37.809307098388672
9138177,2020,2020-09-22,3801,2020-07-22,1444,283,MISSI,3,5,7,3801,0,0,0,,0,0D1,"MARKET ST","15TH ST",0.00,,Y,A,-,N,,,,,,,,,,N,3,0,1,2,A,-,09,21801,A,N,D,G,A,A,H,-,A,A,0,,Y,,,Y,,D,22,0,1,0,0,0,0,1,0,0,"- ","- ",,,"SAN FRANCISCO","SAN FRANCISCO",-122.43100738525391,37.765979766845703
9138701,2020,2020-09-24,3801,2020-07-04,2301,4356,INGLE,6,5,7,3801,0,0,0,,0,3H13C,"PERSIA AV","MOSCOW ST",0.00,,Y,A,-,N,,,,,,,,,,N,4,0,1,2,A,-,12,22450,A,F,D,G,A,A,H,-,C,A,0,,Y,,,Y,,L,04,0,0,1,0,0,0,1,0,0,"- ","- ",,,"SAN FRANCISCO","SAN FRANCISCO",-122.42880249023438,37.719688415527344
9138719,2020,2020-09-24,3801,2020-07-26,1346,954,TARAV,7,5,7,3801,0,0,0,,0,3I16B,"GREAT HWY","MORAGA ST",0.00,,Y,A,-,N,,,,,,,,,,N,2,0,1,2,A,-,03,22350,,N,G,B,D,A,H,-,A,D,0,Y,Y,,,Y,,L,04,1,0,0,0,1,0,0,0,0,"- ","- ",,,"SAN FRANCISCO","SAN FRANCISCO",-122.5086669921875,37.754680633544922
9138724,2020,2020-09-25,3801,2020-07-27,1750,2447,TENDE,1,5,7,3801,0,0,0,,0,3J12D,"TURK ST","JONES ST",0.00,,Y,A,-,N,,,,,,,,,,N,4,0,1,2,A,-,12,21453,A,N,D,G,A,A,H,-,A,A,0,,Y,,,Y,,L,04,0,0,1,0,0,0,1,0,0,"- ","- ",,,"SAN FRANCISCO","SAN FRANCISCO",-122.41240692138672,37.783000946044922
9138727,2020,2020-09-25,3801,2020-07-28,1742,582,CENTR,2,5,7,3801,0,0,0,,0,3A13D,"NORTH POINT ST","TAYLOR ST",0.00,,Y,A,-,N,,,,,,,,,,N,4,0,1,2,A,-,12,21453,A,F,D,G,A,A,H,-,A,A,0,,Y,,,Y,,A,01,0,0,1,0,0,0,1,0,0,"- ","- ",,,"SAN FRANCISCO","SAN FRANCISCO",-122.41544342041016,37.806358337402344
9138814,2020,2020-09-25,3801,2020-07-05,0419,1472,SOUTH,7,5,7,3801,0,0,0,,0,,"FOLSOM ST","9TH ST",0.00,,Y,A,-,N,,,,,,,,,,N,3,0,1,2,D,-,00,,,F,D,G,A,A,H,-,C,A,0,,Y,,,Y,Y,-,"- ",0,1,0,0,0,0,1,0,0,"- ","- ",,,"SAN FRANCISCO","SAN FRANCISCO",-122.41161346435547,37.773769378662109
9138918,2020,2020-10-09,3801,2020-07-21,1928,1414,MISSI,2,5,7,3801,0,0,0,,0,3D11D,"VALENCIA ST","17TH ST",259.00,N,N,B,-,N,,,,,,,,,,N,4,0,1,2,A,-,17,22517,,N,B,G,A,A,H,-,B,A,0,,Y,,,Y,,A,01,0,0,1,0,0,0,1,0,0,"- ","- ",,,"SAN FRANCISCO","SAN FRANCISCO",-122.42180633544922,37.764011383056641
9138926,2020,2020-10-09,3801,2020-07-03,1923,2132,PARK,5,5,7,3801,0,0,0,,0,3F2D,"6TH AV","HUGO ST",60.00,S,N,A,-,N,,,,,,,,,,N,4,0,1,2,A,-,09,21804,A,N,A,G,A,A,H,-,A,D,0,,Y,,,Y,,L,04,0,0,1,0,0,0,1,0,0,"- ","- ",,,"SAN FRANCISCO","SAN FRANCISCO",-122.46315765380859,37.764934539794922
9138941,2020,2020-09-24,3801,2020-07-17,2058,539,MISSI,5,5,7,3801,0,0,0,,0,001,"DOLORES ST","CUMBERLAND ST",0.00,,Y,A,-,N,,,,,,,,,,N,2,0,1,2,A,-,03,22350,,F,G,B,E,A,G,-,C,D,0,Y,Y,,,Y,,L,04,1,0,0,0,1,0,0,0,0,"- ","- ",,,"SAN FRANCISCO","SAN FRANCISCO",-122.42591857910156,37.759029388427734
9139638,2020,2020-09-16,3801,2020-07-15,1636,09968,PARK,3,5,7,3801,0,0,0,,0,3F13D,"FULTON ST",BRODERICK,0.00,,-,A,-,N,,,,,,,,,,N,4,0,1,2,A,-,17,22517,,N,B,G,A,A,H,-,A,D,0,,Y,,,Y,,D,22,0,0,1,0,0,0,1,0,0,"- ","- ",,,"SAN FRANCISCO","SAN FRANCISCO",-122.43984222412109,37.776638031005859
9139670,2020,2020-09-17,3801,2020-07-28,1108,1784,TENDE,2,5,7,3801,0,0,0,,0,3J14C,"MARKET ST","OFARRELL ST",0.00,,Y,A,-,N,,,,,,,,,,N,3,0,1,2,A,-,07,21658,A,N,B,G,A,A,H,-,A,A,0,,Y,,,Y,,I,20,0,1,0,0,0,0,1,0,0,"- ","- ",,,"SAN FRANCISCO","SAN FRANCISCO",,
9140268,2020,2020-08-25,3801,2020-05-26,0905,1226,SOUTH,2,5,7,3801,0,0,0,,0,3B14A,"MARKET ST","VALENCIA ST",0.00,,Y,A,-,N,,,,,,,,,,N,3,0,1,2,A,-,17,21461,A,N,F,G,A,A,H,-,A,A,0,,Y,,,Y,,A,01,0,1,0,0,0,0,1,0,0,"- ","- ",,,"SAN FRANCISCO","SAN FRANCISCO",-122.42262268066406,37.772548675537109
9145110,2020,2020-10-16,3801,2020-08-18,1729,4371,INGLE,2,5,7,3801,0,0,0,,0,0H2,"BADEN ST","SAN JOSE AV",0.00,,Y,A,-,N,,,,,,,,,,N,3,0,1,2,A,-,04,21703,,N,C,C,A,A,H,-,A,A,0,,Y,,,Y,,L,04,0,1,0,0,0,0,1,0,0,"- ","- ",,,"SAN FRANCISCO","SAN FRANCISCO",-122.43900299072266,37.729618072509766
9145112,2020,2020-10-13,3801,2020-08-24,1533,386,MISSI,1,5,7,3801,0,0,0,,0,3D14C,"GUERRERO ST","19TH ST",23.00,N,N,A,-,N,,,,,,,,,,N,4,0,1,2,A,-,12,21453,A,F,D,G,A,A,H,-,A,A,0,,Y,,,Y,,A,01,0,0,1,0,0,0,1,0,0,"- ","- ",,,"SAN FRANCISCO","SAN FRANCISCO",-122.42363739013672,37.760044097900391
9145209,2020,2020-10-12,3801,2020-08-02,1111,1062,MISSI,7,5,7,3801,0,0,0,,0,3D11C,"MARKET ST","SANCHEZ ST",0.00,,Y,A,-,N,,,,,,,,,,N,4,0,1,2,A,-,03,22350,,N,B,G,A,A,H,-,A,A,0,,Y,,,Y,,L,04,0,0,1,0,0,0,1,0,0,"- ","- ",,,"SAN FRANCISCO","SAN FRANCISCO",-122.43100738525391,37.765979766845703
9145213,2020,2020-10-13,3801,2020-08-01,1025,1482,TENDE,6,5,7,3801,0,0,0,,0,3J11A,"MARKET ST","9TH ST",324.00,E,N,A,-,N,,,,,,,,,,N,3,0,1,1,D,-,00,,,N,H,J,A,A,H,-,A,D,0,,Y,,,Y,,-,"- ",0,1,0,0,0,0,1,0,0,"- ","- ",,,"SAN FRANCISCO","SAN FRANCISCO",-122.41553497314453,37.778125762939453
9148360,2020,2020-10-23,3801,2020-08-16,1321,392,MISSI,7,5,7,3801,0,0,0,,0,3D13A,"MISSION ST","DUBOCE AV",34.00,S,N,A,-,N,,,,,,,,,,N,4,0,1,2,A,-,07,21658,A,N,B,G,A,A,H,-,A,A,0,,Y,,,Y,,I,09,0,0,1,0,0,0,1,0,0,"- ","- ",,,"SAN FRANCISCO","SAN FRANCISCO",-122.420166015625,37.7698974609375
9148568,2020,2020-10-27,3801,2020-08-25,1427,4117,TARAV,2,5,7,3801,0,0,0,,0,3I16A,"TARAVAL ST","SSUNSET BL",0.00,,Y,A,-,N,,,,,,,,,,N,4,0,1,2,A,-,17,21200,A,N,D,G,A,A,H,-,A,A,0,,Y,,,Y,,L,04,0,0,1,0,0,0,1,0,0,"- ","- ",,,"SAN FRANCISCO","SAN FRANCISCO",-122.49452972412109,37.742210388183594
9148580,2020,2020-11-12,3801,2020-08-06,1610,2431,RICHM,4,5,7,3801,0,0,0,,0,3G61,"JOHN F KENNEDY DR","GREAY HWY",0.00,,Y,A,-,N,,,,,,,,,,N,4,0,2,3,D,-,00,,,N,B,G,A,A,H,-,A,D,0,,Y,,,Y,,-,"- ",0,0,2,0,0,0,2,0,0,"- ","- ",,,"SAN FRANCISCO","SAN FRANCISCO",,
9150975,2020,2020-10-23,3801,2020-08-11,1822,575,TENDE,2,5,7,3801,0,0,0,,0,3J11D,"MARKET ST","6TH ST",0.00,,Y,A,-,N,,,,,,,,,,N,4,0,1,2,A,-,03,22350,,N,B,G,A,A,H,-,A,A,0,,Y,,,Y,,-,"- ",0,0,1,0,0,0,1,0,0,"- ","- ",,,"SAN FRANCISCO","SAN FRANCISCO",-122.41030120849609,37.782238006591797
9151447,2020,2020-10-13,3801,2020-08-21,1858,1872,TENDE,5,5,7,3801,0,0,0,,0,3J12D,"LEAVENWORTH ST","TURK ST",0.00,,Y,A,-,N,,,,,,,,,,N,4,0,1,2,A,-,05,21650,1,N,D,G,A,A,H,-,A,A,0,,Y,,,Y,,L,04,0,0,1,0,0,0,1,0,0,"- ","- ",,,"SAN FRANCISCO","SAN FRANCISCO",-122.41403961181641,37.782798767089844
9154106,2020,2020-10-21,3801,2020-08-01,1949,1736,NORTH,6,5,7,3801,0,0,0,,0,3E14D,"PIERCE ST","MCALLISTER ST",37.00,N,N,A,-,N,,,,,,,,,,N,3,0,1,2,A,-,03,22350,,N,B,E,A,A,H,-,A,A,0,,Y,,,Y,Y,L,04,0,1,0,0,0,0,1,0,0,"- ","- ",,,"SAN FRANCISCO","SAN FRANCISCO",-122.43506622314453,37.7783203125
9154112,2020,2020-10-21,3801,2020-08-06,1600,4046,MISSI,4,5,7,3801,0,0,0,,0,3D11D,"BRYANT ST","17TH ST",0.00,,Y,A,-,N,,,,,,,,,,N,3,0,1,2,A,-,08,22107,,N,D,G,A,A,H,-,A,A,0,,Y,,,Y,,A,01,0,1,0,0,0,0,1,0,0,"- ","- ",,,"SAN FRANCISCO","SAN FRANCISCO",-122.41037750244141,37.764320373535156
9156614,2020,2021-01-21,3801,2020-09-27,2018,1148,MISSI,7,5,7,3801,0,0,0,,0,3D15D,"DUBOCE AV","ELGIN PARK",69.00,W,N,A,-,N,,,,,,,,,,N,4,0,1,1,A,-,05,21202,A,N,H,G,A,A,A,-,B,D,0,,Y,,,Y,,L,04,0,0,1,0,0,0,1,0,0,"- ","- ",,,"SAN FRANCISCO","SAN FRANCISCO",-122.42338562011719,37.769817352294922
9156616,2020,2021-01-21,3801,2020-09-27,1910,2058,MISSI,7,5,7,3801,0,0,0,,0,001,"17TH ST","SANCHEZ ST",20.00,E,N,A,-,N,,,,,,,,,,N,3,0,1,1,D,-,00,,,N,H,-,A,A,G,-,C,D,0,,Y,,,Y,Y,-,"- ",0,1,0,0,0,0,1,0,0,"- ","- ",,,"SAN FRANCISCO","SAN FRANCISCO",-122.43064880371094,37.762763977050781
9156618,2020,2021-01-21,3801,2020-09-27,1620,801,SOUTH,7,5,7,3801,0,0,0,,0,3B13D,"6TH ST","MINNA ST",35.00,S,N,A,-,N,,,,,,,,,,N,4,0,1,2,A,-,03,22350,,N,B,D,A,A,H,-,A,A,0,,Y,,,Y,,L,04,0,0,1,0,0,0,1,0,0,"- ","- ",,,"SAN FRANCISCO","SAN FRANCISCO",-122.40804290771484,37.780483245849609
9159951,2020,2020-11-03,3801,2020-09-04,1119,2157,SOUTH,5,5,7,3801,0,0,0,,0,3B14A,"MARKET ST","VALENCIA ST",0.00,,Y,A,-,N,,,,,,,,,,N,4,0,1,2,A,-,08,22107,,F,D,G,A,A,H,-,C,A,0,,Y,,,Y,,A,01,0,0,1,0,0,0,1,0,0,"- ","- ",,,"SAN FRANCISCO","SAN FRANCISCO",-122.42262268066406,37.772548675537109
9159977,2020,2020-11-02,3801,2020-09-09,1548,892,SOUTH,3,5,7,3801,0,0,0,,0,3B13D,"MARKET ST","OCTAVIA ST",75.00,E,N,A,-,N,,,,,,,,,,N,3,0,1,1,A,-,03,22350,,N,E,I,A,A,A,-,A,-,0,,Y,,,Y,,L,04,0,1,0,0,0,0,1,0,0,"- ","- ",,,"SAN FRANCISCO","SAN FRANCISCO",-122.42340087890625,37.771923065185547
9166807,2020,2020-11-25,3801,2020-09-23,1335,392,MISSI,3,5,7,3801,0,0,0,,0,3D14A,"CAPP ST","24TH ST",65.00,S,N,A,-,N,,,,,,,,,,N,4,0,1,2,A,-,17,22517,,N,B,G,A,A,H,-,A,D,0,,Y,,,Y,,A,01,0,0,1,0,0,0,1,0,0,"- ","- ",,,"SAN FRANCISCO","SAN FRANCISCO",-122.41732025146484,37.752132415771484
9166815,2020,2020-11-25,3801,2020-09-16,1652,2731,RICHM,3,5,7,3801,0,0,0,,0,3G12D,"8TH AV","CLEMENT ST",211.00,N,N,A,-,N,,,,,,,,,,N,3,0,1,2,A,-,09,21804,,N,D,G,A,A,H,-,A,D,0,,Y,,,Y,,L,04,0,1,0,0,0,0,1,0,0,"- ","- ",,,"SAN FRANCISCO","SAN FRANCISCO",-122.46660614013672,37.783420562744141
9166822,2020,2020-11-25,3801,2020-09-30,1757,399,"PARK ",3,5,7,3801,0,0,0,,0,001,"JOHN F KENNEDY DR","CONSERVATORY DR",0.00,,Y,A,-,N,,,,,,,,,,N,3,0,2,2,A,-,03,22350,,N,G,B,E,A,H,-,A,D,0,Y,Y,,,Y,,L,04,0,2,0,0,1,0,1,0,0,"- ","- ",,,"SAN FRANCISCO","SAN FRANCISCO",-122.46205139160156,37.771770477294922
9166924,2020,2020-11-30,3801,2020-09-04,2026,6,TENDE,5,5,7,3801,0,0,0,,0,,"STEVENSON ST","7TH ST",0.00,,Y,A,-,N,,,,,,,,,,,4,0,1,2,A,-,05,21650,,N,D,G,A,A,H,-,C,D,0,,Y,,,Y,,L,04,0,0,1,0,0,0,1,0,0,"- ","- ",,,"SAN FRANCISCO","SAN FRANCISCO",-122.41188812255859,37.779991149902344
9166925,2020,2020-11-30,3801,2020-09-04,1817,1377,INGLE,5,5,7,3801,0,0,0,,0,3H13C,"CORTLAND AV","REFERENCE POINT",20.00,E,N,A,-,N,,,,,,,,,,N,3,0,1,2,A,-,03,22350,,N,E,I,A,A,H,-,A,A,0,,Y,,,Y,,L,04,0,1,0,0,0,0,1,0,0,"- ","- ",,,"SAN FRANCISCO","SAN FRANCISCO",,
9168123,2020,2020-11-16,3801,2020-09-14,1730,1784,TENDE,1,5,7,3801,0,0,0,,0,3J13D,"MCALLISTER ST","HYDE ST",0.00,,Y,A,-,N,,,,,,,,,,N,3,0,1,2,A,-,08,22107,,N,A,G,A,A,H,-,A,A,0,,Y,,,Y,,A,07,0,1,0,0,0,0,1,0,0,"- ","- ",,,"SAN FRANCISCO","SAN FRANCISCO",-122.41532135009766,37.780738830566406
9168124,2020,2020-11-16,3801,2020-09-14,1824,1784,TEND,1,5,7,3801,0,0,0,,0,3J13D,"MARKET ST","MARKET ST 1276",0.00,,Y,A,-,N,,,,,,,,,,N,3,0,1,2,A,-,11,21954,A,N,B,-,D,A,H,-,A,D,0,Y,Y,,,Y,,N,60,0,1,0,0,0,0,1,0,0,"- ","- ",,,"SAN FRANCISCO","SAN FRANCISCO",,
9168128,2020,2020-11-16,3801,2020-09-24,0105,245,PARK,4,5,7,3801,0,0,0,,0,03C,"STANYAN ST","FELL ST",0.00,,Y,A,-,N,,,,,,,,,,N,3,0,1,1,A,-,03,22350,,N,H,-,A,A,H,-,C,A,0,,Y,,,Y,,L,04,0,1,0,0,0,0,1,0,0,"- ","- ",,,"SAN FRANCISCO","SAN FRANCISCO",-122.45407104492188,37.771968841552734
9168140,2020,2020-11-16,3801,2020-09-03,0505,1951,SOUTH,4,5,7,3801,0,0,0,,0,3B32,"6TH ST","FOLSOM ST",0.00,,Y,A,-,N,,,,,,,,,,N,4,0,1,2,A,-,17,21657,,N,D,G,A,A,H,-,C,A,0,,Y,,,Y,,L,04,0,0,1,0,0,0,1,0,0,"- ","- ",,,"SAN FRANCISCO","SAN FRANCISCO",-122.40560150146484,37.778499603271484
9172753,2020,2021-02-16,3801,2020-12-04,1251,1422,TRAFF,5,5,7,3801,0,0,0,,0,,"SUNSET BL","VICENTE ST",0.00,,Y,A,-,N,,,,,,,,,,N,4,0,2,3,-,-,"- ",,A,N,D,G,A,A,H,-,A,A,0,,Y,,,Y,,J,48,0,0,2,0,0,0,2,0,0,"- ","- ",,,"SAN FRANCISCO","SAN FRANCISCO",-122.49427032470703,37.738498687744141
9178431,2020,2020-12-22,3801,2020-10-13,1806,209,NORTH,2,5,7,3801,0,0,0,,0,NORTHE,"WEBSTER ST","FULTON ST",0.00,,Y,A,-,N,,,,,,,,,,N,4,0,1,2,A,-,12,21453,A,F,D,G,A,A,H,-,A,A,0,,Y,,,Y,,A,01,0,0,1,0,0,0,1,0,0,"- ","- ",,,"SAN FRANCISCO","SAN FRANCISCO",-122.42990875244141,37.777908325195312
9178452,2020,2020-12-31,3801,2020-10-19,1337,4333,NORTH,1,5,7,3801,0,0,0,,0,3E13A,"OAK ST","DIVISADERO ST",150.00,E,N,A,-,N,,,,,,,,,,Y,4,0,1,2,A,-,17,22517,,N,H,G,A,A,H,-,A,A,0,,Y,,,Y,,-,,0,0,1,0,0,0,1,0,0,"- ","- ",,,"SAN FRANCISCO","SAN FRANCISCO",-122.43691253662109,37.773197174072266
9182394,2020,2020-12-23,3801,2020-10-05,1507,4106,TENDE,1,5,7,3801,0,0,0,,0,003,"EDDY ST","LARKIN ST",0.00,,Y,A,-,N,,,,,,,,,,N,3,0,1,2,A,-,06,21755,A,N,C,G,A,A,-,-,A,-,0,,Y,,,Y,,L,04,0,1,0,0,0,0,1,0,0,"- ","- ",,,"SAN FRANCISCO","SAN FRANCISCO",-122.41751861572266,37.783298492431641
9182399,2020,2020-12-23,3801,2020-10-11,1653,2215,MISSI,7,5,7,3801,0,0,0,,0,3D11D,"CASTRO ST","CLIPPER ST",0.00,,Y,A,-,N,,,,,,,,,,N,4,0,1,2,A,-,12,22450,A,N,D,G,A,A,H,-,A,A,0,,Y,,,Y,,L,04,0,0,1,0,0,0,1,0,0,"- ","- ",,,"SAN FRANCISCO","SAN FRANCISCO",-122.433837890625,37.7489013671875
9182427,2020,2020-12-05,3801,2020-10-24,1459,1377,INGLE,6,5,7,3801,0,0,0,,0,3H16C,"OSHAUGHNESSY BL","ELK ST",77.00,N,N,A,-,N,,,,,,,,,,N,3,0,1,1,A,-,03,22350,A,N,H,-,A,A,H,-,A,D,0,,Y,,,Y,,L,04,0,1,0,0,0,0,1,0,0,"- ","- ",,,"SAN FRANCISCO","SAN FRANCISCO",-122.44022369384766,37.73480224609375
9182428,2020,2020-12-05,3801,2020-10-24,1353,1825,SOUTH,6,5,7,3801,0,0,0,,0,3B15C,"MARIPOSA ST","OWENS ST",0.00,,Y,A,-,N,,,,,,,,,,N,4,0,1,2,A,-,08,22107,,N,D,G,A,A,H,-,A,A,0,,Y,,,Y,,L,04,0,0,1,0,0,0,1,0,0,"- ","- ",,,"SAN FRANCISCO","SAN FRANCISCO",,
9182438,2020,2020-12-05,3801,2020-10-29,1620,2132,PARK,4,5,7,3801,0,0,0,,0,3F60,"WOODSIDE AV","HERNANDEZ AV",20.00,N,N,A,-,N,,,,,,,,,,N,3,0,1,2,A,-,09,21804,A,N,D,G,A,A,H,-,A,A,0,,Y,,,Y,,A,01,0,1,0,0,0,0,1,0,0,"- ","- ",,,"SAN FRANCISCO","SAN FRANCISCO",-122.45554351806641,37.746364593505859
9184096,2020,2020-12-03,3801,2020-10-06,1238,319,CENTR,2,5,7,3801,0,0,0,,0,3A12A,"POWELL ST","SUTTER ST",0.00,,-,A,-,N,,,,,,,,,,N,3,0,1,1,A,-,03,22350,A,N,A,J,A,A,G,-,A,D,0,,Y,,,Y,,L,04,0,1,0,0,0,0,1,0,0,"- ","- ",,,"SAN FRANCISCO","SAN FRANCISCO",-122.40860748291016,37.789230346679688
9184189,2020,2020-12-10,3801,2020-10-12,1634,1147,TENDE,1,5,7,3801,0,0,0,,0,3J15D,"LEAVENWORTH ST","OFARRELL ST",0.00,,Y,A,-,N,,,,,,,,,,N,4,0,1,2,A,-,05,21650,,N,H,G,A,A,H,-,A,A,0,,Y,,,Y,,L,04,0,0,1,0,0,0,1,0,0,"- ","- ",,,"SAN FRANCISCO","SAN FRANCISCO",-122.41461181640625,37.785598754882812
9184198,2020,2020-12-14,3801,2020-10-08,1115,2402,TARAV,4,5,7,3801,0,0,0,,0,3I1A,"SUNSET BL","RIVERA ST",0.00,,Y,B,-,N,,,,,,,,,,N,4,0,1,2,A,-,08,22107,,N,-,G,A,A,H,-,A,A,0,,Y,,,Y,,A,01,0,0,1,0,0,0,1,0,0,"- ","- ",,,"SAN FRANCISCO","SAN FRANCISCO",-122.49478149414062,37.745948791503906
9184825,2020,2021-01-05,3801,2020-10-17,1535,2374,INGLE,6,5,7,3801,0,0,0,,0,0H1,"SAN JOSE AV","30TH ST",120.00,N,N,A,-,N,,,,,,,,,,N,3,0,1,2,A,-,08,22107,,N,C,C,A,A,H,-,A,D,0,,Y,,,Y,,I,11,0,1,0,0,0,0,1,0,0,"- ","- ",,,"SAN FRANCISCO","SAN FRANCISCO",-122.42324829101562,37.742599487304688
9184829,2020,2020-12-07,3801,2020-10-02,1613,1160,SOUTH,5,5,7,3801,0,0,0,,0,03B,"MARKET ST","OCTAVIA ST",0.00,,Y,A,-,N,,,,,,,,,,N,3,0,1,2,A,-,08,22101,D,N,D,G,A,A,H,-,A,A,0,,Y,,Y,Y,,F,26,0,1,0,0,0,0,1,0,0,"- ","- ",,,"SAN FRANCISCO","SAN FRANCISCO",-122.42359161376953,37.771778106689453
9185366,2020,2020-12-04,3801,2020-09-23,1755,4314,RICHM,3,5,7,3801,0,0,0,,0,0G3,"BALBOA ST","PARK PRESIDIO BL",0.00,,Y,A,-,N,,,,,,,,,,N,3,0,1,2,A,-,09,21801,A,N,D,G,A,A,H,-,A,A,0,,Y,,,Y,,A,01,0,1,0,0,0,0,1,0,0,"- ","- ",,,"SAN FRANCISCO","SAN FRANCISCO",-122.47206115722656,37.776851654052734
91879083,2022,2022-09-30,9350,2022-09-22,1646,022556,,4,2,7,3801,0,1,2,,2,020,"US-101 S/B","ALEXANDER AVE U/C",1744.00,S,N,A,-,Y,,,,,,,,,,N,2,0,1,1,A,-,03,22350,,N,F,I,A,A,H,-,A,D,0,,Y,,,Y,,L,04,1,0,0,0,0,0,1,0,0,"- ","- ",37.8255615234375,-122.47931671142578,"SAN FRANCISCO","SAN FRANCISCO",-122.47953033447266,37.825527191162109
91917170,2022,2022-11-14,9335,2022-08-25,0851,022823,,4,1,7,3801,1,4,S,,2,901,"MISSION ST. AT 6TH ST.","7TH ST.",347.00,E,N,A,-,N,,,,,,,,,,N,3,0,1,2,A,-,12,22454,A,N,E,G,A,A,H,-,A,A,0,,Y,,,Y,,L,04,0,1,0,0,0,0,1,0,0,"- ","- ",37.780158996582031,-122.40969848632812,"SAN FRANCISCO","SAN FRANCISCO",-122.41005706787109,37.779888153076172
9194202,2020,2021-01-19,3801,2020-11-27,1803,1184,MISSI,5,5,7,3801,0,0,0,,0,3D12D,"VALENCIA ST","16TH ST",0.00,,Y,A,-,N,,,,,,,,,,N,4,0,1,2,B,-,22,,,N,A,C,A,A,H,-,C,A,0,,Y,,,Y,,L,04,0,0,1,0,0,0,1,0,0,"- ","- ",,,"SAN FRANCISCO","SAN FRANCISCO",-122.42189025878906,37.764911651611328
9194204,2020,2021-01-19,3801,2020-11-25,1649,812,BAYVI,3,5,7,3801,0,0,0,,0,005,"CAESAR CHAVEZ ST","VERMONT ST",0.00,,Y,F,-,N,,,,,,,,,,N,3,0,1,2,D,-,00,,,F,G,G,A,-,G,-,A,D,0,,Y,,,Y,,-,"- ",0,1,0,0,0,0,1,0,0,"- ","- ",,,"SAN FRANCISCO","SAN FRANCISCO",-122.40283203125,37.749439239501953
9194239,2020,2021-01-15,3801,2020-11-06,0741,86,TARAV,5,5,7,3801,0,0,0,,0,3I4,"SAINT FRANCIS BL","JUNIPERO SERRA BL",0.00,,Y,A,-,N,,,,,,,,,,N,4,0,1,2,A,-,12,21453,A,N,D,G,A,A,H,-,A,A,0,,Y,,,Y,,L,04,0,0,1,0,0,0,1,0,0,"- ","- ",,,"SAN FRANCISCO","SAN FRANCISCO",-122.47152709960938,37.734760284423828
9194252,2020,2021-01-20,3801,2020-11-16,1515,986,TARAV,1,5,7,3801,0,0,0,,0,3I16D,"SAGAMORE ST","ORIZABA AV",0.00,,Y,A,-,N,,,,,,,,,,N,3,0,1,3,A,-,08,22107,,N,C,C,A,A,H,-,A,D,0,,Y,,,Y,,A,01,0,1,0,0,0,0,1,0,0,"- ","- ",,,"SAN FRANCISCO","SAN FRANCISCO",-122.46259307861328,37.711399078369141