CASE_ID,ACCIDENT_YEAR,PROC_DATE,JURIS,COLLISION_DATE,COLLISION_TIME,OFFICER_ID,REPORTING_DISTRICT,DAY_OF_WEEK,CHP_SHIFT,POPULATION,CNTY_CITY_LOC,SPECIAL_COND,BEAT_TYPE,CHP_BEAT_TYPE,CITY_DIVISION_LAPD,CHP_BEAT_CLASS,BEAT_NUMBER,PRIMARY_RD,SECONDARY_RD,DISTANCE,DIRECTION,INTERSECTION,WEATHER_1,WEATHER_2,STATE_HWY_IND,CALTRANS_COUNTY,CALTRANS_DISTRICT,STATE_ROUTE,ROUTE_SUFFIX,POSTMILE_PREFIX,POSTMILE,LOCATION_TYPE,RAMP_INTERSECTION,SIDE_OF_HWY,TOW_AWAY,COLLISION_SEVERITY,NUMBER_KILLED,NUMBER_INJURED,PARTY_COUNT,PRIMARY_COLL_FACTOR,PCF_CODE_OF_VIOL,PCF_VIOL_CATEGORY,PCF_VIOLATION,PCF_VIOL_SUBSECTION,HIT_AND_RUN,TYPE_OF_COLLISION,MVIW,PED_ACTION,ROAD_SURFACE,ROAD_COND_1,ROAD_COND_2,LIGHTING,CONTROL_DEVICE,CHP_ROAD_TYPE,PEDESTRIAN_ACCIDENT,BICYCLE_ACCIDENT,MOTORCYCLE_ACCIDENT,TRUCK_ACCIDENT,NOT_PRIVATE_PROPERTY,ALCOHOL_INVOLVED,STWD_VEHTYPE_AT_FAULT,CHP_VEHTYPE_AT_FAULT,COUNT_SEVERE_INJ,COUNT_VISIBLE_INJ,COUNT_COMPLAINT_PAIN,COUNT_PED_KILLED,COUNT_PED_INJURED,COUNT_BICYCLIST_KILLED,COUNT_BICYCLIST_INJURED,COUNT_MC_KILLED,COUNT_MC_INJURED,PRIMARY_RAMP,SECONDARY_RAMP,LATITUDE,LONGITUDE,COUNTY,CITY,POINT_X,POINT_Y
9194279,2020,2021-01-20,3801,2020-11-14,1314,2375,RICHM,6,5,7,3801,0,0,0,,0,3G4A,"JOHN KENNEDY DR","MARX MEADOW ACCESS RD",7.00,E,N,A,-,N,,,,,,,,,,N,3,0,2,3,A,-,08,22107,,N,D,G,A,A,H,-,A,D,0,,Y,,,Y,,A,01,0,1,1,0,0,0,2,0,0,"- ","- ",,,"SAN FRANCISCO","SAN FRANCISCO",,
9194281,2020,2021-01-20,3801,2020-11-14,1129,905,MISSI,6,5,7,3801,0,0,0,,0,3D13C,"VALENCIA ST","16TH ST",404.00,S,N,A,-,N,,,,,,,,,,N,3,0,1,1,A,-,03,22350,,N,A,J,A,A,H,-,A,A,0,,Y,,,Y,,L,04,0,1,0,0,0,0,1,0,0,"- ","- ",,,"SAN FRANCISCO","SAN FRANCISCO",-122.42178344726562,37.763801574707031
9194291,2020,2021-01-20,3801,2020-11-03,1300,2375,RICHM,2,5,7,3801,0,0,0,,0,3G4A,"ARGUELLO BL","GEARY BL",217.00,S,N,A,-,N,,,,,,,,,,N,3,0,1,2,A,-,08,22107,,N,-,-,A,A,H,-,A,D,0,,Y,,,Y,,L,04,0,1,0,0,0,0,1,0,0,"- ","- ",,,"SAN FRANCISCO","SAN FRANCISCO",-122.45884704589844,37.780735015869141
9194314,2020,2021-01-19,3801,2020-11-21,1346,664,MISSI,6,5,7,3801,0,0,0,,0,3D11D,"45TH AV","LAWTON ST",117.00,S,N,A,-,N,,,,,,,,,,N,3,0,1,2,A,-,03,22350,,N,B,E,A,A,H,-,A,D,0,,Y,,,Y,,L,04,0,1,0,0,0,0,1,0,0,"- ","- ",,,"SAN FRANCISCO","SAN FRANCISCO",-122.50458526611328,37.75640869140625
9194320,2020,2021-01-20,3801,2020-11-06,2026,1860,SOUTH,5,5,7,3801,0,0,0,,0,3B11D,"5TH ST","TEHAMA ST",0.00,,Y,A,-,N,,,,,,,,,,N,3,0,1,2,A,-,08,22107,,N,G,B,A,A,H,-,C,D,0,,Y,,,Y,,A,01,0,1,0,0,0,0,1,0,0,"- ",TO,,,"SAN FRANCISCO","SAN FRANCISCO",-122.40440368652344,37.781089782714844
9194801,2020,2021-01-22,3801,2020-11-06,1900,2209,MISSI,5,5,7,3801,0,0,0,,0,3D11D,"MISSION ST","16TH ST",213.00,N,N,B,-,N,,,,,,,,,,N,4,0,1,2,A,-,17,22517,,N,H,G,A,A,H,-,C,D,0,,Y,,,Y,,A,01,0,0,1,0,0,0,1,0,0,"- ","- ",,,"SAN FRANCISCO","SAN FRANCISCO",-122.41972351074219,37.765632629394531
9194837,2020,2021-01-25,3801,2020-11-02,1328,1345,MISSI,1,5,7,3801,0,0,0,,0,0D4,"24TH ST","HARRISON ST",0.00,,Y,A,-,N,,,,,,,,,,N,4,0,1,2,A,-,04,21703,,F,C,G,A,A,H,-,A,D,0,,Y,,,Y,,L,04,0,0,1,0,0,0,1,0,0,"- ","- ",,,"SAN FRANCISCO","SAN FRANCISCO",-122.41188812255859,37.752651214599609
9194843,2020,2021-01-21,3801,2020-11-30,1419,2743,SOUTH,1,5,7,3801,0,0,0,,0,3B5,"WARRIORS WY","BRIDGEVIEW WY",0.00,,Y,A,-,N,,,,,,,,,,N,3,0,1,2,A,-,12,22450,,N,D,G,A,A,H,-,A,A,0,,Y,,,Y,,L,04,0,1,0,0,0,0,1,0,0,"- ","- ",,,"SAN FRANCISCO","SAN FRANCISCO",,
9195712,2020,2021-01-15,3801,2020-11-14,1816,2200,NORTH,6,5,7,3801,0,0,0,,0,002,"FULTON ST","FILLMORE ST",60.00,E,N,A,-,N,,,,,,,,,,N,3,0,1,2,A,-,03,22350,,N,C,G,A,A,H,-,C,D,0,,Y,,,Y,,L,04,0,1,0,0,0,0,1,0,0,"- ","- ",,,"SAN FRANCISCO","SAN FRANCISCO",-122.43135833740234,37.777717590332031
9199306,2020,2020-12-17,3801,2020-09-02,1351,386,MISSI,3,5,7,3801,0,0,0,,0,3D14C,"15TH ST","LANDERS ST",80.00,E,N,A,-,N,,,,,,,,,,N,3,0,1,2,A,-,05,21650,1,N,D,G,A,A,H,-,A,D,0,,Y,,,Y,,L,04,0,1,0,0,0,0,1,0,0,"- ","- ",,,"SAN FRANCISCO","SAN FRANCISCO",-122.42746734619141,37.766216278076172
92054962,2023,2023-04-27,9350,2023-04-17,2220,022577,,1,3,7,3801,0,1,2,,1,120,"US-101 SOUTHBOUND","CONZELMAN ROAD",1800.00,S,N,A,G,Y,,,,,,,,,,Y,3,0,1,2,A,-,03,22350,,N,F,A,A,A,H,-,C,D,0,,Y,,,Y,Y,L,04,0,1,0,0,0,0,1,0,0,"- ","- ",37.825389862060547,-122.47930145263672,"SAN FRANCISCO","SAN FRANCISCO",-122.47950744628906,37.825359344482422
9208122,2020,2021-03-09,3801,2020-12-30,1205,796,NORTH,3,5,7,3801,0,0,0,,0,3E11A,"FELL ST","DIVISADERO ST",0.00,,-,A,-,N,,,,,,,,,,N,3,0,1,3,A,-,17,22517,,N,E,G,A,A,H,-,A,D,0,,Y,,,Y,,-,,0,1,0,0,0,0,1,0,0,"- ","- ",,,"SAN FRANCISCO","SAN FRANCISCO",-122.43759918212891,37.774059295654297
9209119,2020,2021-02-22,3801,2020-12-31,1257,1605,NORTH,4,5,7,3801,0,0,0,,0,,"SCOTT ST","MARINA BL",0.00,,Y,A,-,N,,,,,,,,,,,4,0,1,2,D,-,00,,,N,D,G,A,A,H,-,A,A,0,,Y,,,Y,,-,"- ",0,0,1,0,0,0,1,0,0,"- ","- ",,,"SAN FRANCISCO","SAN FRANCISCO",-122.44225311279297,37.805778503417969
9209122,2020,2021-02-22,3801,2020-12-28,2053,209,NORTH,1,5,7,3801,0,0,0,,0,NORTHE,"OCTAVIA BL","HAIGHT ST",0.00,,Y,A,-,N,,,,,,,,,,N,3,0,1,2,A,-,17,21200,A,N,D,G,A,A,H,-,C,A,0,,Y,,,Y,,L,04,0,1,0,0,0,0,1,0,0,"- ","- ",,,"SAN FRANCISCO","SAN FRANCISCO",-122.42392730712891,37.772960662841797
9209133,2020,2021-02-22,3801,2020-12-08,1807,2237,INGLE,2,5,7,3801,0,0,0,,0,3H15D,"OCEAN AV","CAYUGA AV",0.00,,Y,A,-,N,,,,,,,,,,N,4,0,1,1,D,-,00,,,N,H,A,A,A,H,-,C,A,0,,Y,,,Y,,-,"- ",0,0,1,0,0,0,1,0,0,"- ","- ",,,"SAN FRANCISCO","SAN FRANCISCO",-122.43878936767578,37.723628997802734
92103090,2023,2023-06-27,9350,2023-06-15,1842,023095,,4,2,7,3801,0,1,2,,1,120,"US101 N/B (GGB MULTIUSE PATH)","LINCOLN BLVD",6864.00,N,N,A,G,Y,,,,,,,,,,N,3,0,1,1,A,-,03,22350,,N,F,A,A,A,H,-,A,D,0,,Y,,,Y,,L,04,0,1,0,0,0,0,1,0,0,"- ","- ",37.824600219726562,-122.47898864746094,"SAN FRANCISCO","SAN FRANCISCO",-122.47930145263672,37.824554443359375
9211845,2021,2021-04-15,3801,2021-03-08,1356,1251,,1,5,7,3801,0,0,0,,0,3C14D,"GOETTINGEN ST","DWIGHT ST",157.00,S,N,A,-,N,,,,,,,,,,N,2,0,1,1,A,-,03,22350,,N,E,I,A,A,H,-,A,D,0,,Y,,,Y,,L,04,1,0,0,0,0,0,1,0,0,"- ","- ",,,"SAN FRANCISCO","SAN FRANCISCO",-122.40508270263672,37.723270416259766
9215583,2020,2021-02-27,3801,2020-12-21,1430,2141,MISSI,1,5,7,3801,0,0,0,,0,3D11A,"MARKET ST","CHURCH ST",0.00,,Y,A,-,N,,,,,,,,,,N,4,0,1,2,A,-,05,21202,A,N,H,G,A,A,H,-,A,A,0,,Y,,,Y,,L,04,0,0,1,0,0,0,1,0,0,"- ","- ",,,"SAN FRANCISCO","SAN FRANCISCO",-122.42893981933594,37.767608642578125
9216726,2020,2021-02-05,3801,2020-12-16,1510,470,RICHM,3,5,7,3801,0,0,0,,0,,"POINT LOBOS AV","POINT LOBOS AV 902",120.00,E,N,A,-,N,,,,,,,,,,N,2,0,1,2,A,-,03,22350,,N,C,G,A,A,H,-,A,D,0,,Y,,,Y,,L,04,1,0,0,0,0,0,1,0,0,"- ","- ",,,"SAN FRANCISCO","SAN FRANCISCO",,
9218488,2020,2021-02-08,3801,2020-12-19,1750,2497,SOUTH,6,5,7,3801,0,0,0,,0,3B15C,"6TH ST","NATOMA ST",0.00,,Y,A,-,N,,,,,,,,,,N,4,0,1,2,A,-,03,22350,,F,D,G,A,A,H,-,C,A,0,,Y,,,Y,,A,01,0,0,1,0,0,0,1,0,0,"- ","- ",,,"SAN FRANCISCO","SAN FRANCISCO",-122.40766906738281,37.780178070068359
9218592,2020,2021-02-09,3801,2020-12-01,0732,552,SOUTH,2,5,7,3801,0,0,0,,0,3B5,"4TH ST","CHANNEL ST",60.00,N,N,A,-,N,,,,,,,,,,N,3,0,1,1,A,-,03,22350,,N,H,A,A,-,H,-,A,D,0,,Y,,,Y,,L,04,0,1,0,0,0,0,1,0,0,"- ","- ",,,"SAN FRANCISCO","SAN FRANCISCO",-122.39179229736328,37.774497985839844
9223615,2021,2021-03-23,3801,2021-01-09,1417,2455,CENTR,6,5,7,3801,0,0,0,,0,,"LOMBARD ST","THE EMBARCADERO",0.00,,Y,A,-,N,,,,,,,,,,,2,0,1,2,A,-,05,21650,1,N,H,G,A,A,H,-,A,A,0,,Y,,,Y,,L,04,1,0,0,0,0,0,1,0,0,"- ","- ",,,"SAN FRANCISCO","SAN FRANCISCO",-122.40220642089844,37.804168701171875
9223766,2021,2021-03-20,3801,2021-01-28,0145,4132,MISSI,4,5,7,3801,0,0,0,,0,CAR,"24TH ST","BRYANT ST",21.00,E,N,A,-,N,,,,,,,,,,N,4,0,1,2,A,-,08,22102,,N,B,G,A,B,H,-,A,A,0,,Y,,,Y,,A,01,0,0,1,0,0,0,1,0,0,"- ","- ",,,"SAN FRANCISCO","SAN FRANCISCO",-122.4090576171875,37.752822875976562
9223768,2021,2021-03-20,3801,2021-01-28,1315,807,INGLE,4,5,7,3801,0,0,0,,0,3H41,"OCEAN AV","SAN JOSE AV",42.00,N,N,C,-,N,,,,,,,,,,N,4,0,1,1,A,-,03,22350,,N,H,I,A,B,G,-,A,A,0,,Y,,,Y,,L,04,0,0,1,0,0,0,1,0,0,"- ","- ",,,"SAN FRANCISCO","SAN FRANCISCO",-122.44466400146484,37.722946166992188
9223824,2021,2021-03-29,3801,2021-01-01,0004,1730,TRAFF,5,5,7,3801,0,0,0,,0,4B1H,ELLIS,"CYRIL MAGNIN ST",0.00,,Y,A,-,N,,,,,,,,,,Y,3,0,1,2,A,-,05,21650,,F,A,G,A,A,H,-,C,A,0,,Y,,,Y,,L,04,0,1,0,0,0,0,1,0,0,"- ","- ",,,"SAN FRANCISCO","SAN FRANCISCO",-122.40866088867188,37.785427093505859
9223825,2021,2021-03-29,3801,2021-01-06,1745,309,TARAV,3,5,7,3801,0,0,0,,0,,"VICENTE ST","SUNSET BL",0.00,,Y,A,-,N,,,,,,,,,,N,3,0,1,2,A,-,09,21801,,N,B,G,A,B,H,-,C,A,0,,Y,,,Y,,A,01,0,1,0,0,0,0,1,0,0,"- ","- ",,,"SAN FRANCISCO","SAN FRANCISCO",-122.49427032470703,37.738502502441406
9223898,2021,2021-06-02,3801,2021-01-29,1640,WONG,TARAV,5,5,7,3801,0,0,0,,0,,"SKYLINE BL","GREAT HWY",0.00,,Y,A,-,N,,,,,,,,,,N,3,0,1,2,A,-,12,22450,,N,D,G,A,B,H,-,A,A,0,,Y,,,Y,,L,04,0,1,0,0,0,0,1,0,0,"- ","- ",,,"SAN FRANCISCO","SAN FRANCISCO",-122.50299835205078,37.725273132324219
9223903,2021,2021-03-22,3801,2021-01-10,1648,1074,MISSI,7,5,7,3801,0,0,0,,0,3D15D,"MISSION ST","21ST ST",63.00,N,N,A,-,N,,,,,,,,,,N,3,0,1,2,A,-,09,21804,A,N,B,G,A,A,H,-,B,A,0,,Y,,,Y,,A,01,0,1,0,0,0,0,1,0,0,"- ","- ",,,"SAN FRANCISCO","SAN FRANCISCO",-122.41893768310547,37.757194519042969
9223913,2021,2021-03-22,3801,2021-01-25,1939,540,SOUTH,1,5,7,3801,0,0,0,,0,0B4,"MARKET ST","VALENCIA ST",0.00,,Y,A,-,N,,,,,,,,,,Y,2,0,1,2,A,-,08,22107,,N,D,-,A,A,H,-,C,A,0,,Y,Y,,Y,,L,04,1,0,0,0,0,0,1,0,0,"- ","- ",,,"SAN FRANCISCO","SAN FRANCISCO",-122.42262268066406,37.772548675537109
9224045,2021,2021-03-17,3801,2021-01-14,1849,1544,CENTR,4,5,7,3801,0,0,0,,0,,"STOCKTON ST","BAY SHORE BL",34.00,S,N,-,-,N,,,,,,,,,,N,3,0,1,1,A,-,03,22350,,N,H,J,A,A,H,-,C,D,0,,Y,,,Y,,L,04,0,1,0,0,0,0,1,0,0,"- ","- ",,,"SAN FRANCISCO","SAN FRANCISCO",-122.4102783203125,37.805950164794922
9224051,2021,2021-03-22,3801,2021-01-05,1430,1052,RICHM,2,5,7,3801,0,0,0,,0,3G4C,"JOHN F KENNEDY DR","30TH AV",0.00,,Y,A,-,N,,,,,,,,,,N,3,0,1,2,A,-,09,21804,A,N,B,G,A,A,H,-,A,D,0,,Y,,,Y,,A,01,0,1,0,0,0,0,1,0,0,"- ","- ",,,"SAN FRANCISCO","SAN FRANCISCO",-122.48981475830078,37.770893096923828
9227534,2021,2021-04-12,3801,2021-02-06,0930,1846,TENDE,6,5,7,3801,0,0,0,,0,3J14A,"LEAVENWORTH ST","MCALLISTER ST",0.00,,Y,A,-,N,,,,,,,,,,N,4,0,1,2,A,-,17,21657,,F,B,G,A,A,H,-,A,A,0,,Y,,,Y,,L,04,0,0,1,0,0,0,1,0,0,"- ","- ",,,"SAN FRANCISCO","SAN FRANCISCO",-122.41368865966797,37.780929565429688
9227542,2021,2021-04-13,3801,2021-02-21,1445,4314,RICHM,7,5,7,3801,0,0,0,,0,0G4,"CALIFORNIA ST","15TH AV",10.00,W,N,A,-,N,,,,,,,,,,N,2,0,1,1,D,-,00,,,N,F,A,A,A,H,-,A,D,0,,Y,,,Y,,-,"- ",1,0,0,0,0,0,1,0,0,"- ","- ",,,"SAN FRANCISCO","SAN FRANCISCO",-122.47429656982422,37.784366607666016
9227547,2021,2021-04-13,3801,2021-02-16,1553,1435,TRAFF,2,5,7,3801,0,0,0,,0,4B4I,"LAKE MERCED BL","HIGUERA AV",346.00,N,N,A,-,N,,,,,,,,,,N,4,0,1,2,A,-,03,22350,,N,H,B,F,A,H,-,A,D,0,Y,Y,,,Y,,L,04,0,0,1,0,1,0,0,0,0,"- ","- ",,,"SAN FRANCISCO","SAN FRANCISCO",-122.48511505126953,37.719261169433594
9227562,2021,2021-04-07,3801,2021-02-11,2045,713,CENTR,4,5,7,3801,0,0,0,,0,3A14D,"STOCKTON ST","JACKSON ST",128.00,N,N,A,-,N,,,,,,,,,,N,3,0,1,2,A,-,03,22350,,N,C,C,A,B,H,-,C,A,0,,Y,,,Y,,A,01,0,1,0,0,0,0,1,0,0,"- ","- ",,,"SAN FRANCISCO","SAN FRANCISCO",-122.40829467773438,37.796176910400391
9227575,2021,2021-04-07,3801,2021-02-15,1550,1832,TENDE,1,5,7,3801,0,0,0,,0,3J11C,"LEAVENWORTH ST","TURK ST",0.00,,Y,A,-,N,,,,,,,,,,N,3,0,1,2,A,-,12,21453,A,N,D,G,A,A,H,-,A,A,0,,Y,,,Y,,A,01,0,1,0,0,0,0,1,0,0,"- ","- ",,,"SAN FRANCISCO","SAN FRANCISCO",-122.41403961181641,37.782802581787109
9227581,2021,2021-03-27,3801,2021-02-14,1150,73,TRAFF,7,5,7,3801,0,0,0,,0,4K1G,"JOHN F KENNEDY DR","STANYAN ST",0.00,,Y,A,B,N,,,,,,,,,,N,2,0,1,1,C,-,18,,,N,H,-,A,A,H,-,-,A,0,,Y,,,Y,,-,"- ",1,0,0,0,0,0,1,0,0,"- ","- ",,,"SAN FRANCISCO","SAN FRANCISCO",-122.45400238037109,37.771507263183594
9227599,2021,2021-03-27,3801,2021-02-12,2352,1463,SOUTH,5,5,7,3801,0,0,0,,0,0B2,"5TH ST","HARRISON ST",0.00,,Y,A,-,N,,,,,,,,,,N,3,0,1,3,A,-,05,21650,1,N,H,A,A,A,H,-,C,A,0,,Y,Y,,Y,,L,04,0,1,0,0,0,0,0,0,1,"- ","- ",,,"SAN FRANCISCO","SAN FRANCISCO",-122.40187072753906,37.779056549072266
9228187,2021,2021-03-23,3801,2021-02-18,0631,1482,TENDE,4,5,7,3801,0,0,0,,0,3J13A,"LARKIN ST","WILLOW ST",0.00,,Y,A,-,N,,,,,,,,,,N,2,0,1,2,A,-,17,21657,,N,A,G,A,A,H,-,B,A,0,,Y,,,Y,,L,04,1,0,0,0,0,0,1,0,0,"- ","- ",,,"SAN FRANCISCO","SAN FRANCISCO",-122.41762542724609,37.783782958984375
9228205,2021,2021-03-23,3801,2021-02-23,1304,4001,MISSI,2,5,7,3801,0,0,0,,0,3D11C,"MARKET ST","SANCHEZ ST",0.00,,Y,A,-,N,,,,,,,,,,N,4,0,1,2,A,-,08,22101,D,N,D,G,A,A,H,-,A,A,0,,Y,,,Y,,A,01,0,0,1,0,0,0,1,0,0,"- ","- ",,,"SAN FRANCISCO","SAN FRANCISCO",-122.43100738525391,37.765979766845703
9228206,2021,2021-03-23,3801,2021-02-21,1710,278,TENDE,7,5,7,3801,0,0,0,,0,3J13D,"MARKET ST","9TH ST",0.00,,Y,A,-,N,,,,,,,,,,N,4,0,1,1,A,-,03,22350,,N,-,-,A,A,H,-,-,-,0,,Y,,,Y,,L,04,0,0,1,0,0,0,1,0,0,"- ","- ",,,"SAN FRANCISCO","SAN FRANCISCO",-122.41632843017578,37.777500152587891
9228232,2021,2021-03-24,3801,2021-02-06,1021,2375,RICHM,6,5,7,3801,0,0,0,,0,3G4A,"JOHN F KENNEDY DR","STOW LAKE DR",300.00,W,N,A,-,N,,,,,,,,,,N,2,0,2,2,A,-,03,22350,,N,C,B,E,A,H,-,A,D,0,Y,Y,,,Y,,L,04,1,0,1,0,1,0,1,0,0,"- ","- ",,,"SAN FRANCISCO","SAN FRANCISCO",-122.47481536865234,37.771579742431641
9228288,2021,2021-03-29,3801,2021-02-21,1200,2459,NORTH,7,5,7,3801,0,0,0,,0,3E12C,"BUSH ST","VAN NESS AV",0.00,,Y,A,-,N,,,,,,,,,,N,4,0,1,2,A,-,12,21453,A,N,B,G,A,A,D,H,A,A,0,,Y,,,Y,,L,04,0,0,1,0,0,0,1,0,0,"- ","- ",,,"SAN FRANCISCO","SAN FRANCISCO",-122.42191314697266,37.788490295410156
9230024,2021,2021-03-19,3801,2021-01-12,1535,2374,INGLE,2,5,7,3801,0,0,0,,0,0H4,"SAN JOSE AV","COLONIAL WY",55.00,S,N,B,-,N,,,,,,,,,,N,4,0,1,2,A,-,17,22517,,N,B,G,A,A,H,-,A,D,0,,Y,,,Y,,A,01,0,0,1,0,0,0,1,0,0,"- ","- ",,,"SAN FRANCISCO","SAN FRANCISCO",-122.44055938720703,37.728305816650391
9239142,2021,2021-04-23,3801,2021-03-25,1922,299,CENTR,4,5,7,3801,0,0,0,,0,3A4D,"THE EMBARCADERO","WASHINGTON ST",383.00,N,N,A,-,N,,,,,,,,,,N,3,0,1,1,-,-,"- ",,,N,H,A,A,A,-,-,A,D,0,,Y,,,Y,,L,04,0,1,0,0,0,0,1,0,0,"- ","- ",,,"SAN FRANCISCO","SAN FRANCISCO",-122.39631652832031,37.797504425048828
9239154,2021,2021-04-20,3801,2021-03-13,1714,1244,TARAV,6,5,7,3801,0,0,0,,0,3I2,"IRVING ST","20TH AV",45.00,E,N,A,-,N,,,,,,,,,,N,3,0,1,2,A,-,08,22102,,N,D,G,A,A,H,-,A,A,0,,Y,,,Y,,-,,0,1,0,0,0,0,1,0,0,"- ","- ",,,"SAN FRANCISCO","SAN FRANCISCO",-122.47805786132812,37.763515472412109
9239178,2021,2021-04-19,3801,2021-03-04,0730,4307,NORTH,4,5,7,3801,0,0,0,,0,3E12A,"DIVISADERO ST","OAK ST",0.00,,Y,A,-,N,,,,,,,,,,N,3,0,1,2,D,-,00,,,N,H,A,A,A,H,-,A,A,0,,Y,,,Y,,-,"- ",0,1,0,0,0,0,1,0,0,"- ","- ",,,"SAN FRANCISCO","SAN FRANCISCO",-122.43743133544922,37.773143768310547
9239266,2021,2021-05-04,3801,2021-03-03,0652,4115,SOUTH,3,5,7,3801,0,0,0,,0,3B14A,"MARKET ST","GOUGH ST",0.00,,Y,A,-,N,,,,,,,,,,N,3,0,1,2,A,-,08,22100,A,N,D,G,A,A,H,-,A,A,0,,Y,,,Y,,D,22,0,1,0,0,0,0,1,0,0,"- ","- ",,,"SAN FRANCISCO","SAN FRANCISCO",-122.42221069335938,37.772872924804688
9240414,2021,2022-02-17,3801,2021-03-21,2130,382,NORTH,7,5,7,3801,0,0,0,,0,,"LOMBARD ST","SCOTT ST",105.00,E,N,A,-,Y,SF,4,101,-,-,7.630,H,-,S,N,3,0,1,2,A,-,03,22350,,F,C,G,A,A,H,-,C,A,0,,Y,,,Y,,-,,0,1,0,0,0,0,1,0,0,"- ","- ",,,"SAN FRANCISCO","SAN FRANCISCO",-122.44145202636719,37.799129486083984
9247106,2021,2021-04-29,3801,2021-03-03,2104,1252,RICHM,3,5,7,3801,0,0,0,,0,0G3,"6TH AV","ANZA ST",0.00,,Y,A,-,N,,,,,,,,,,,4,0,1,2,A,-,12,22450,A,N,G,G,A,A,H,-,C,C,0,,Y,,,Y,,-,"- ",0,0,1,0,0,0,1,0,0,"- ","- ",,,"SAN FRANCISCO","SAN FRANCISCO",-122.46414947509766,37.779102325439453
9247463,2021,2021-06-03,3801,2021-03-12,2017,2140,MISSI,5,5,7,3801,0,0,0,,0,3D11E,"18TH ST","18TH ST 3638",0.00,,-,A,-,N,,,,,,,,,,N,2,0,1,2,A,-,17,22517,,N,A,G,A,A,H,-,C,D,0,,Y,,,Y,,-,,1,0,0,0,0,0,1,0,0,"- ","- ",,,"SAN FRANCISCO","SAN FRANCISCO",,
9247465,2021,2021-04-17,3801,2021-03-12,1622,335,TARAV,5,5,7,3801,0,0,0,,0,3I16D,"OCEAN AV","OCEAN AV 1936",0.00,,-,A,-,N,,,,,,,,,,N,3,0,1,2,A,-,17,22517,,N,H,G,A,A,H,-,A,B,0,,Y,,,Y,,-,,0,1,0,0,0,0,1,0,0,"- ","- ",,,"SAN FRANCISCO","SAN FRANCISCO",,
9247469,2021,2021-05-26,3801,2021-03-11,1216,1198,MISSI,4,5,7,3801,0,0,0,,0,3D14A,"BARTLETT ST","24TH ST",0.00,,Y,A,-,N,,,,,,,,,,N,3,0,1,2,A,-,17,22517,,N,G,G,A,A,H,-,A,D,0,,Y,,,Y,,A,01,0,1,0,0,0,0,1,0,0,"- ","- ",,,"SAN FRANCISCO","SAN FRANCISCO",-122.41954803466797,37.752182006835938
9252248,2021,2021-04-19,3801,2021-03-19,1452,2357,NORTH,5,5,7,3801,0,0,0,,0,3E13A,"VAN NESS AV","FRANCISCO ST",0.00,,Y,A,-,N,,,,,,,,,,N,3,0,1,2,A,-,12,21453,A,N,D,G,A,A,H,-,A,A,0,,Y,,,Y,,A,01,0,1,0,0,0,0,1,0,0,"- ","- ",,,"SAN FRANCISCO","SAN FRANCISCO",-122.42496490478516,37.803203582763672
9252266,2021,2021-04-27,3801,2021-03-14,1400,2113,SOUTH,7,5,7,3801,0,0,0,,0,3B14D,"17TH ST","VERMONT ST",0.00,,Y,-,-,N,,,,,,,,,,N,3,0,1,2,D,-,00,,,N,H,G,A,-,-,-,-,-,0,,Y,,,Y,,-,"- ",0,1,0,0,0,0,1,0,0,"- ","- ",,,"SAN FRANCISCO","SAN FRANCISCO",-122.40448760986328,37.764682769775391
9252269,2021,2021-04-27,3801,2021-03-11,0838,891,PARK,4,5,7,3801,0,0,0,,0,3F4A,"WALLER ST","STEINER ST",92.00,W,N,A,-,N,,,,,,,,,,N,3,0,1,2,A,-,21,22106,,N,D,G,A,B,H,-,A,D,0,,Y,,,Y,,A,01,0,1,0,0,0,0,1,0,0,"- ","- ",,,"SAN FRANCISCO","SAN FRANCISCO",-122.43220520019531,37.770938873291016
9252274,2021,2021-04-27,3801,2021-03-31,1700,1052,RICHM,3,5,7,3801,0,0,0,,0,3G4C,"CABRILLO ST","PARK PRESIDIO BL",1.00,N,N,A,-,N,,,,,,,,,,N,4,0,1,2,A,-,09,21801,A,N,D,G,A,A,H,-,A,A,0,,Y,,,Y,,A,01,0,0,1,0,0,0,1,0,0,"- ","- ",,,"SAN FRANCISCO","SAN FRANCISCO",-122.47191619873047,37.775001525878906
9252806,2021,2021-04-27,3801,2021-03-30,0955,2750,PARK,2,5,7,3801,0,0,0,,0,0F4,"SANCHEZ ST",14TH,27.00,N,N,A,-,N,,,,,,,,,,N,3,0,1,1,C,-,18,,,N,E,I,A,A,A,-,A,D,0,,Y,,,Y,,-,"- ",0,1,0,0,0,0,1,0,0,"- ","- ",,,"SAN FRANCISCO","SAN FRANCISCO",-122.43119049072266,37.767673492431641
9253095,2021,2021-04-21,3801,2021-03-25,1620,417,TARAV,4,5,7,3801,0,0,0,,0,3I16D,"ASHTON AV","OCEAN AV",50.00,S,N,A,-,N,,,,,,,,,,N,3,0,1,2,A,-,11,21954,A,N,B,B,D,A,H,-,A,A,0,Y,Y,,,Y,,N,60,0,1,0,0,1,0,0,0,0,"- ","- ",,,"SAN FRANCISCO","SAN FRANCISCO",-122.46227264404297,37.725143432617188