CASE_ID,ACCIDENT_YEAR,PROC_DATE,JURIS,COLLISION_DATE,COLLISION_TIME,OFFICER_ID,REPORTING_DISTRICT,DAY_OF_WEEK,CHP_SHIFT,POPULATION,CNTY_CITY_LOC,SPECIAL_COND,BEAT_TYPE,CHP_BEAT_TYPE,CITY_DIVISION_LAPD,CHP_BEAT_CLASS,BEAT_NUMBER,PRIMARY_RD,SECONDARY_RD,DISTANCE,DIRECTION,INTERSECTION,WEATHER_1,WEATHER_2,STATE_HWY_IND,CALTRANS_COUNTY,CALTRANS_DISTRICT,STATE_ROUTE,ROUTE_SUFFIX,POSTMILE_PREFIX,POSTMILE,LOCATION_TYPE,RAMP_INTERSECTION,SIDE_OF_HWY,TOW_AWAY,COLLISION_SEVERITY,NUMBER_KILLED,NUMBER_INJURED,PARTY_COUNT,PRIMARY_COLL_FACTOR,PCF_CODE_OF_VIOL,PCF_VIOL_CATEGORY,PCF_VIOLATION,PCF_VIOL_SUBSECTION,HIT_AND_RUN,TYPE_OF_COLLISION,MVIW,PED_ACTION,ROAD_SURFACE,ROAD_COND_1,ROAD_COND_2,LIGHTING,CONTROL_DEVICE,CHP_ROAD_TYPE,PEDESTRIAN_ACCIDENT,BICYCLE_ACCIDENT,MOTORCYCLE_ACCIDENT,TRUCK_ACCIDENT,NOT_PRIVATE_PROPERTY,ALCOHOL_INVOLVED,STWD_VEHTYPE_AT_FAULT,CHP_VEHTYPE_AT_FAULT,COUNT_SEVERE_INJ,COUNT_VISIBLE_INJ,COUNT_COMPLAINT_PAIN,COUNT_PED_KILLED,COUNT_PED_INJURED,COUNT_BICYCLIST_KILLED,COUNT_BICYCLIST_INJURED,COUNT_MC_KILLED,COUNT_MC_INJURED,PRIMARY_RAMP,SECONDARY_RAMP,LATITUDE,LONGITUDE,COUNTY,CITY,POINT_X,POINT_Y
9253096,2021,2021-04-21,3801,2021-03-25,1320,1688,TENDE,4,5,7,3801,0,0,0,,0,3J11C,"MARKET ST","VAN NESS AV",20.00,E,N,A,-,N,,,,,,,,,,N,4,0,1,2,A,-,"- ",,,N,-,B,F,A,H,-,A,D,0,Y,Y,,,Y,,-,"- ",0,0,1,0,1,0,0,0,0,"- ","- ",,,"SAN FRANCISCO","SAN FRANCISCO",-122.41921234130859,37.77520751953125
9253261,2021,2021-04-27,3801,2021-03-21,2300,2481,SOUTH,7,5,7,3801,0,0,0,,0,005,"3RD ST","16TH ST",0.00,,Y,A,-,N,,,,,,,,,,N,4,0,1,2,A,-,08,22107,,N,A,G,A,A,H,-,C,A,0,,Y,,,Y,,L,04,0,0,1,0,0,0,1,0,0,"- ","- ",,,"SAN FRANCISCO","SAN FRANCISCO",-122.38920593261719,37.766944885253906
9253281,2021,2021-04-21,3801,2021-03-24,0806,1250,SOUTH,3,5,7,3801,0,0,0,,0,3B12A,"2ND ST","MISSION ST",0.00,,Y,A,-,N,,,,,,,,,,N,4,0,1,2,A,-,08,22101,D,N,A,G,A,A,G,-,A,A,0,,Y,,,Y,,-,,0,0,1,0,0,0,1,0,0,"- ","- ",,,"SAN FRANCISCO","SAN FRANCISCO",-122.39978790283203,37.788013458251953
9253299,2021,2021-04-21,3801,2021-03-30,1158,798,NORTH,2,5,7,3801,0,0,0,,0,3E44C,"MCALLISTER ST","LAGUNA ST",0.00,,Y,A,-,N,,,,,,,,,,N,4,0,1,2,A,-,08,22107,,N,B,C,A,A,H,-,A,A,0,,Y,,,Y,,A,01,0,0,1,0,0,0,1,0,0,"- ","- ",,,"SAN FRANCISCO","SAN FRANCISCO",-122.42681884765625,37.779262542724609
9256809,2021,2021-05-19,3801,2021-04-01,1710,2088,INGLE,4,5,7,3801,0,0,0,,0,,"EDNA ST","JUDSON AV",0.00,,Y,-,-,N,,,,,,,,,,,4,0,1,2,-,-,"- ",,,N,D,G,A,-,-,-,-,A,0,,Y,,,Y,,-,"- ",0,0,1,0,0,0,1,0,0,"- ","- ",,,"SAN FRANCISCO","SAN FRANCISCO",-122.44657135009766,37.728271484375
9262678,2021,2021-05-14,3801,2021-04-28,1654,2100,MISSI,3,5,7,3801,0,0,0,,0,3D14D,"17TH ST","BRYANT ST",0.00,,Y,A,-,N,,,,,,,,,,N,3,0,1,2,A,-,17,22517,,N,E,G,A,A,H,-,A,D,0,,Y,,,Y,,-,,0,1,0,0,0,0,1,0,0,"- ","- ",,,"SAN FRANCISCO","SAN FRANCISCO",-122.41038513183594,37.764324188232422
9262687,2021,2021-05-12,3801,2021-04-18,1308,1540,TARAV,7,5,7,3801,0,0,0,,0,3I1A,"9TH AV","IRVING ST",35.00,S,N,A,-,N,,,,,,,,,,N,3,0,1,1,C,-,18,,,N,H,J,A,A,H,-,A,A,0,,Y,,,Y,,-,"- ",0,1,0,0,0,0,1,0,0,"- ","- ",,,"SAN FRANCISCO","SAN FRANCISCO",-122.46630859375,37.763942718505859
9262729,2021,2021-05-11,3801,2021-04-22,1019,207,CENTR,4,5,7,3801,0,0,0,,0,,"BAY ST","TAYLOR ST",0.00,,Y,B,-,N,,,,,,,,,,N,2,0,1,2,A,-,09,21801,A,N,A,G,A,A,-,-,A,A,0,,Y,,,Y,,A,01,1,0,0,0,0,0,1,0,0,"- ","- ",,,"SAN FRANCISCO","SAN FRANCISCO",-122.41525268554688,37.805408477783203
9262752,2021,2021-05-11,3801,2021-04-23,1108,1529,CENTR,5,5,7,3801,0,0,0,,0,,"1ST ST",GREENWICH,70.00,N,N,A,-,N,,,,,,,,,,N,2,0,1,2,D,-,00,,,N,C,G,A,A,H,-,A,D,0,,Y,,,Y,Y,-,"- ",1,0,0,0,0,0,1,0,0,"- ","- ",,,"SAN FRANCISCO","SAN FRANCISCO",,
9262840,2021,2021-05-17,3801,2021-04-01,2110,1371,NORTH,4,5,7,3801,0,0,0,,0,005,"GREENWHICH ST","PIERCE ST",0.00,,Y,A,-,N,,,,,,,,,,N,4,0,1,2,A,-,03,22350,,N,D,G,A,A,H,-,C,A,0,,Y,,,Y,,L,04,0,0,1,0,0,0,1,0,0,"- ","- ",,,"SAN FRANCISCO","SAN FRANCISCO",-122.43915557861328,37.798542022705078
9275151,2021,2021-07-08,3801,2021-05-09,0857,2402,TARAV,7,5,7,3801,0,0,0,,0,3I1A,"9TH AV","JUDAH ST",170.00,N,N,A,-,N,,,,,,,,,,N,4,0,1,1,B,-,22,,,N,E,I,A,A,H,-,A,D,0,,Y,,,Y,,L,04,0,0,1,0,0,0,1,0,0,"- ","- ",,,"SAN FRANCISCO","SAN FRANCISCO",-122.46621704101562,37.762645721435547
9275157,2021,2021-07-08,3801,2021-05-05,1738,2100,MISSI,3,5,7,3801,0,0,0,,0,3D11D,"18TH ST","GUERRERO ST",0.00,,Y,A,-,N,,,,,,,,,,N,3,0,1,2,A,-,12,21453,A,N,D,G,A,A,H,-,A,A,0,,Y,,,Y,,L,04,0,1,0,0,0,0,1,0,0,"- ","- ",,,"SAN FRANCISCO","SAN FRANCISCO",-122.42379760742188,37.761577606201172
9275159,2021,2021-07-08,3801,2021-05-08,1859,4187,NORTH,6,5,7,3801,0,0,0,,0,3E15D,"CHESTNUT ST","BUCHANAN ST",0.00,,Y,A,-,N,,,,,,,,,,N,3,0,1,1,A,-,08,22107,,N,E,I,A,A,H,-,A,A,0,,Y,,,Y,,L,04,0,1,0,0,0,0,1,0,0,"- ","- ",,,"SAN FRANCISCO","SAN FRANCISCO",-122.43296051025391,37.801231384277344
9275176,2021,2021-07-08,3801,2021-05-27,1708,4022,MISSI,4,5,7,3801,0,0,0,,0,3D15D,"17TH AV","VALENCIA ST",200.00,E,N,A,-,N,,,,,,,,,,N,3,0,1,2,A,-,08,22107,,N,B,G,A,A,H,-,A,A,0,,Y,,,Y,,A,01,0,1,0,0,0,0,1,0,0,"- ","- ",,,"SAN FRANCISCO","SAN FRANCISCO",-122.42105102539062,37.763339996337891
9275211,2021,2021-07-06,3801,2021-05-28,1440,207,CENTR,5,5,7,3801,0,0,0,,0,3A13C,"STOCKTON ST","SUTTER ST",5.00,N,N,A,-,N,,,,,,,,,,N,3,0,1,2,A,-,12,21453,A,F,D,B,B,A,H,-,A,A,0,Y,Y,,,Y,,L,04,0,1,0,0,1,0,0,0,0,"- ","- ",,,"SAN FRANCISCO","SAN FRANCISCO",-122.40694427490234,37.789432525634766
9275212,2021,2021-07-06,3801,2021-05-28,0803,2247,NORTH,5,5,7,3801,0,0,0,,0,03E,"WEBSTER ST","UNION ST",0.00,,Y,A,-,N,,,,,,,,,,N,3,0,1,2,A,-,12,22450,A,N,D,G,A,A,H,-,A,A,0,,Y,,,Y,,L,04,0,1,0,0,0,0,1,0,0,"- ","- ",,,"SAN FRANCISCO","SAN FRANCISCO",-122.433837890625,37.797298431396484
9280814,2021,2021-07-08,3801,2021-05-14,1333,2151,PARK,5,5,7,3801,0,0,0,,0,3F43C,"OAK ST","BAKER ST",200.00,E,N,B,-,N,,,,,,,,,,N,2,0,1,1,A,-,03,22350,,N,H,J,A,A,H,-,A,D,0,,Y,,,Y,,L,04,1,0,0,0,0,0,1,0,0,"- ","- ",,,"SAN FRANCISCO","SAN FRANCISCO",-122.44007873535156,37.772781372070312
9285649,2021,2021-06-29,3801,2021-05-04,1330,1657,BAYVI,2,5,7,3801,0,0,0,,0,901,"SELBY ST","KIRKWOOD AV",0.00,,Y,A,-,N,,,,,,,,,,N,4,0,1,2,A,-,08,22100,A,F,D,G,A,A,H,-,A,D,0,,Y,,,Y,,L,04,0,0,1,0,0,0,1,0,0,"- ","- ",,,"SAN FRANCISCO","SAN FRANCISCO",-122.39743804931641,37.742435455322266
9285663,2021,2021-06-30,3801,2021-05-21,1300,1359,INGLE,5,5,7,3801,0,0,0,,0,3H16A,"CONGDON ST","MAYNARD ST",6.00,S,N,A,-,N,,,,,,,,,,N,3,0,1,2,A,-,03,22350,,F,C,G,A,A,H,-,A,D,0,,Y,,,Y,,L,04,0,1,0,0,0,0,1,0,0,"- ","- ",,,"SAN FRANCISCO","SAN FRANCISCO",-122.42604064941406,37.729393005371094
9285688,2021,2021-07-06,3801,2021-05-20,0853,1825,SOUTH,4,5,7,3801,0,0,0,,0,3B12A,"11TH ST","BRYANT ST",0.00,,Y,A,-,N,,,,,,,,,,N,3,0,1,2,A,-,12,21453,A,N,D,G,A,A,H,-,A,A,0,,Y,,,Y,,L,04,0,1,0,0,0,0,1,0,0,"- ","- ",,,"SAN FRANCISCO","SAN FRANCISCO",-122.41082000732422,37.769309997558594
9285702,2021,2021-06-29,3801,2021-05-10,0234,2035,MISSI,1,5,7,3801,0,0,0,,0,3D91,"18TH ST","FOLSOM ST",0.00,,Y,A,-,N,,,,,,,,,,N,2,0,1,2,A,-,12,21453,A,N,A,G,A,A,H,-,C,A,0,,Y,,,Y,,L,04,1,0,0,0,0,0,1,0,0,"- ","- ",,,"SAN FRANCISCO","SAN FRANCISCO",-122.41499328613281,37.762100219726562
9285704,2021,2021-07-01,3801,2021-05-25,1640,172,RICHM,2,5,7,3801,0,0,0,,0,005,"LINCOLN HWY","LEGION OF HONOR DR",530.00,E,N,A,-,N,,,,,,,,,,N,4,0,1,2,A,-,05,21460,A,N,D,G,A,A,H,-,A,D,0,,Y,,,Y,,A,01,0,0,1,0,0,0,1,0,0,"- ","- ",,,"SAN FRANCISCO","SAN FRANCISCO",,
9285710,2021,2021-07-01,3801,2021-05-24,1638,540,SOUTH,1,5,7,3801,0,0,0,,0,,"MARKET ST","OCTAVIA ST",110.00,E,N,A,-,N,,,,,,,,,,N,3,0,1,2,A,-,03,22350,,N,B,G,A,A,H,-,A,A,0,,Y,,,Y,,L,04,0,1,0,0,0,0,1,0,0,"- ","- ",,,"SAN FRANCISCO","SAN FRANCISCO",-122.42331695556641,37.771987915039062
9290648,2021,2021-08-12,3801,2021-06-17,0910,2307,PARK,4,5,7,3801,0,0,0,,0,3F12A,"14TH ST","DIVISADERO ST",33.00,E,N,A,-,N,,,,,,,,,,,3,0,1,1,A,-,03,22350,,N,F,A,A,A,H,-,A,D,0,,Y,,,Y,,L,04,0,1,0,0,0,0,1,0,0,"- ","- ",,,"SAN FRANCISCO","SAN FRANCISCO",-122.43635559082031,37.767288208007812
9290653,2021,2021-08-09,3801,2021-06-20,1720,1544,CENTR,7,5,7,3801,0,0,0,,0,3A4D,"NORTH POINT","GRANT ST",165.00,,N,A,-,N,,,,,,,,,,N,4,0,1,2,A,-,08,22107,,N,B,G,A,A,H,-,A,D,0,,Y,,,Y,,L,04,0,0,1,0,0,0,1,0,0,"- ","- ",,,"SAN FRANCISCO","SAN FRANCISCO",-122.40888214111328,37.807182312011719
9290658,2021,2021-08-09,3801,2021-06-22,1835,4314,RICHM,2,5,7,3801,0,0,0,,0,0G1,"MIDDLE DR W","METSON RD",215.00,W,N,A,-,N,,,,,,,,,,N,2,0,3,2,A,-,03,22350,,N,D,G,A,A,H,-,A,D,0,,Y,,,Y,,L,04,1,2,0,0,0,0,1,0,0,"- ","- ",,,"SAN FRANCISCO","SAN FRANCISCO",-122.49362182617188,37.766284942626953
9290703,2021,2021-08-11,3801,2021-06-21,1657,1166,TARAV,1,5,7,3801,0,0,0,,0,3I11D,"20TH AV","LINCOLN WY",0.00,,Y,B,-,N,,,,,,,,,,N,4,0,1,2,A,-,08,22102,,F,D,G,A,A,H,-,A,D,0,,Y,,,Y,,A,01,0,0,1,0,0,0,1,0,0,"- ","- ",,,"SAN FRANCISCO","SAN FRANCISCO",-122.47833251953125,37.765403747558594
9290709,2021,2021-08-11,3801,2021-06-23,1715,2107,NORTH,3,5,7,3801,0,0,0,,0,03E,"FULTON ST","STEINER ST",0.00,,Y,A,-,N,,,,,,,,,,,2,0,1,2,A,-,12,21453,A,N,D,G,A,A,H,-,A,A,0,,Y,,,Y,,A,01,1,0,0,0,0,0,1,0,0,"- ","- ",,,"SAN FRANCISCO","SAN FRANCISCO",-122.43321228027344,37.777492523193359
9290717,2021,2021-08-11,3801,2021-06-19,1349,1931,SOUTH,6,5,7,3801,0,0,0,,0,3B13C,"MISSION ST","PLUM ST",0.00,,Y,A,-,N,,,,,,,,,,N,4,0,1,2,A,-,08,22107,,N,D,G,A,A,H,-,A,A,0,,Y,Y,,Y,,L,04,0,0,1,0,0,0,1,0,0,"- ","- ",,,"SAN FRANCISCO","SAN FRANCISCO",-122.41963958740234,37.770984649658203
9293043,2021,2021-08-09,3801,2021-06-02,1801,4239,PARK,3,5,7,3801,0,0,0,,0,3F13D,"FELL ST","BRODERICK ST",70.00,E,N,B,-,N,,,,,,,,,,N,4,0,1,2,A,-,06,21760,C,N,D,G,A,A,H,-,A,D,0,,Y,,,Y,,A,01,0,0,1,0,0,0,1,0,0,"- ","- ",,,"SAN FRANCISCO","SAN FRANCISCO",-122.43904876708984,37.773872375488281
9293045,2021,2021-08-09,3801,2021-06-02,1712,445,INGLE,3,5,7,3801,0,0,0,,0,004,"CIRUCLAR AV","CONGO ST",20.00,W,N,B,-,N,,,,,,,,,,N,3,0,1,2,A,-,03,22350,,N,C,E,A,A,H,-,A,D,0,,Y,,,Y,,L,04,0,1,0,0,0,0,1,0,0,"- ","- ",,,"SAN FRANCISCO","SAN FRANCISCO",-122.44207000732422,37.729316711425781
9293069,2021,2021-08-19,3801,2021-06-09,2149,740,MISSI,3,5,7,3801,0,0,0,,0,0D2,"CHURCH ST","HILL ST",0.00,,Y,A,-,N,,,,,,,,,,N,2,0,1,1,A,-,03,22350,,N,A,I,A,A,H,-,C,A,0,,Y,,,Y,,L,04,1,0,0,0,0,0,1,0,0,"- ","- ",,,"SAN FRANCISCO","SAN FRANCISCO",-122.42781829833984,37.755691528320312
9293090,2021,2021-08-09,3801,2021-06-12,1954,1644,TENDE,6,5,7,3801,0,0,0,,0,3J11D,"EDDY ST","MASON ST",0.00,,Y,A,-,N,,,,,,,,,,N,3,0,1,2,D,-,00,,,N,B,G,A,A,H,-,A,A,0,,Y,,,Y,,-,"- ",0,1,0,0,0,0,1,0,0,"- ","- ",,,"SAN FRANCISCO","SAN FRANCISCO",-122.4093017578125,37.784374237060547
9293091,2021,2021-08-04,3801,2021-06-12,1301,905,MISSI,6,5,7,3801,0,0,0,,0,3D13C,"SAN CARLOS ST","20TH ST",0.00,,Y,A,-,N,,,,,,,,,,N,3,0,1,2,A,-,08,22107,,N,D,G,A,A,H,-,A,A,0,,Y,,,Y,,A,01,0,1,0,0,0,0,1,0,0,"- ","- ",,,"SAN FRANCISCO","SAN FRANCISCO",-122.41981506347656,37.758583068847656
9293297,2021,2021-07-30,3801,2021-06-04,1319,1994,TRAFF,5,5,7,3801,0,0,0,,0,4B36,"JONES ST","ELLIS ST",29.00,N,N,A,-,N,,,,,,,,,,N,3,0,1,1,A,-,03,22350,,N,H,-,A,A,H,-,A,-,0,,Y,,,Y,,L,04,0,1,0,0,0,0,1,0,0,"- ","- ",,,"SAN FRANCISCO","SAN FRANCISCO",-122.41279602050781,37.784976959228516
9294563,2021,2021-08-03,3801,2021-06-18,1200,2439,CENTR,5,5,7,3801,0,0,0,,0,3A13C,"MARKET ST","SPEAR ST",0.00,,Y,A,-,N,,,,,,,,,,N,2,0,1,1,A,-,03,22350,,N,-,A,A,A,A,-,A,D,0,,Y,,,Y,,L,04,1,0,0,0,0,0,1,0,0,"- ","- ",,,"SAN FRANCISCO","SAN FRANCISCO",-122.39572906494141,37.793754577636719
9294579,2021,2021-08-03,3801,2021-06-20,1226,1118,SOUTH,7,5,7,3801,0,0,0,,0,3B13C,"KING ST","3RD ST",120.00,E,N,A,-,N,,,,,,,,,,N,3,0,1,1,A,-,03,22350,,N,-,A,A,A,H,-,A,D,0,,Y,,,Y,,L,04,0,1,0,0,0,0,1,0,0,"- ","- ",,,"SAN FRANCISCO","SAN FRANCISCO",-122.39165496826172,37.778430938720703
9295584,2021,2021-07-30,3801,2021-06-06,1922,4300,NORTH,7,5,7,3801,0,0,0,,0,3CAR,"VAN NESS AV","GOLDEN GATE AV",15.00,N,N,A,-,N,,,,,,,,,,N,2,0,1,2,A,-,06,21750,,N,B,C,A,A,D,-,A,D,0,,Y,,,Y,,L,04,1,0,0,0,0,0,1,0,0,"- ","- ",,,"SAN FRANCISCO","SAN FRANCISCO",-122.42040252685547,37.781070709228516
9297277,2021,2021-09-24,3801,2021-07-14,1553,1194,SOUTH,3,5,7,3801,0,0,0,,0,0B4,"MISSION ST","9TH ST",0.00,,Y,A,-,N,,,,,,,,,,,3,0,1,2,A,-,09,21804,A,N,D,G,A,A,-,-,A,A,0,,Y,,,Y,Y,L,04,0,1,0,0,0,0,1,0,0,"- ","- ",,,"SAN FRANCISCO","SAN FRANCISCO",-122.41471862792969,37.776241302490234
9297623,2021,2021-08-05,3801,2021-06-22,1835,2113,SOUTH,2,5,7,3801,0,0,0,,0,3B13D,"8TH ST","MINNA ST",0.00,,Y,A,-,N,,,,,,,,,,N,4,0,1,2,A,-,09,21800,A,N,D,G,A,A,H,-,A,D,0,,Y,,,Y,,L,04,0,0,1,0,0,0,1,0,0,"- ","- ",,,"SAN FRANCISCO","SAN FRANCISCO",-122.41259765625,37.777050018310547
9297624,2021,2021-08-05,3801,2021-06-22,1740,4023,MISSI,2,5,7,3801,0,0,0,,0,004,"24TH ST","HARRISON ST",70.00,W,N,A,-,N,,,,,,,,,,N,4,0,1,2,A,-,04,21703,,F,C,G,A,A,H,-,A,D,0,,Y,,,Y,,A,07,0,0,1,0,0,0,1,0,0,"- ","- ",,,"SAN FRANCISCO","SAN FRANCISCO",-122.41213226318359,37.752632141113281
9297625,2021,2021-08-05,3801,2021-06-22,1213,283,MISSI,2,5,7,3801,0,0,0,,0,03D,"FOLSOM ST","18TH ST",335.00,S,N,A,-,N,,,,,,,,,,N,4,0,1,2,A,-,09,21801,A,N,D,G,A,A,H,-,A,A,0,,Y,,,Y,Y,L,04,0,0,1,0,0,0,1,0,0,"- ","- ",,,"SAN FRANCISCO","SAN FRANCISCO",-122.41488647460938,37.761184692382812
9297639,2021,2021-08-05,3801,2021-06-14,1603,1217,MISSI,1,5,7,3801,0,0,0,,0,1CAR,"VALENCIA ST","DUBOCE AV",0.00,,Y,A,-,N,,,,,,,,,,N,4,0,1,2,A,-,08,22101,D,N,A,G,A,A,H,-,A,A,0,,Y,,,Y,,A,01,0,0,1,0,0,0,1,0,0,"- ","- ",,,"SAN FRANCISCO","SAN FRANCISCO",-122.42236328125,37.769866943359375
9301723,2021,2021-10-07,3801,2021-09-18,2242,2459,,6,5,7,3801,0,0,0,,0,3D12E,"DOLORES ST","20TH ST",102.00,N,N,B,-,N,,,,,,,,,,N,1,1,0,2,A,-,08,22107,,N,B,G,A,A,H,-,C,D,0,,Y,,,Y,,L,04,0,0,0,0,0,1,0,0,0,"- ","- ",,,"SAN FRANCISCO","SAN FRANCISCO",-122.42585754394531,37.758487701416016
9308180,2021,2021-08-26,3801,2021-07-20,1833,2725,RICHM,2,5,7,3801,0,0,0,,0,,"EL CAMINO DEL MAR","25TH AV",109.00,E,N,A,-,N,,,,,,,,,,,4,0,1,2,A,-,03,22350,,N,D,G,A,A,H,-,A,A,0,,Y,,,Y,,L,04,0,0,1,0,0,0,1,0,0,"- ","- ",,,"SAN FRANCISCO","SAN FRANCISCO",-122.48490142822266,37.787628173828125
9308296,2021,2021-08-26,3801,2021-07-26,2110,1066,NORTH,1,5,7,3801,0,0,0,,0,314E,"SACRAMENTO ST","BUCHANAN ST",0.00,,Y,A,-,N,,,,,,,,,,N,4,0,1,2,A,-,09,21800,C,N,-,G,A,A,H,-,C,D,0,,Y,,,Y,,L,04,0,0,1,0,0,0,1,0,0,"- ","- ",,,"SAN FRANCISCO","SAN FRANCISCO",-122.43073272705078,37.790252685546875
9313267,2021,2021-09-03,3801,2021-07-12,1355,640,MISSI,1,5,7,3801,0,0,0,,0,3D15C,"14TH ST","MISSION ST",0.00,,Y,A,-,N,,,,,,,,,,N,3,0,1,2,A,-,06,21760,C,N,H,G,A,A,H,-,A,A,0,,Y,,,Y,Y,A,07,0,1,0,0,0,0,1,0,0,"- ","- ",,,"SAN FRANCISCO","SAN FRANCISCO",-122.41996765136719,37.768291473388672
9313294,2021,2021-09-08,3801,2021-07-02,2005,1148,MISSI,5,5,7,3801,0,0,0,,0,3D11D,"15TH ST","DOLORES ST",98.00,E,N,A,-,N,,,,,,,,,,N,3,0,2,2,A,-,09,21804,A,N,D,G,A,A,H,-,A,A,0,,Y,,,Y,,L,04,0,2,0,0,0,0,1,0,0,"- ","- ",,,"SAN FRANCISCO","SAN FRANCISCO",-122.42626190185547,37.766281127929688
9313481,2021,2021-09-21,3801,2021-07-21,1826,1113,PARK,3,5,7,3801,0,0,0,,0,3F14D,"15TH ST","CASTRO ST",124.00,E,N,A,-,N,,,,,,,,,,N,2,0,1,2,A,-,"- ",,,N,B,E,A,A,H,-,A,-,0,,Y,,,Y,,-,"- ",1,0,0,0,0,0,1,0,0,"- ","- ",,,"SAN FRANCISCO","SAN FRANCISCO",-122.43503570556641,37.7657470703125
9314638,2021,2021-08-31,3801,2021-07-17,1813,936,CENTR,6,5,7,3801,0,0,0,,0,3A13D,"BROADWAY ST","BATTERY ST",6.00,W,N,A,-,N,,,,,,,,,,N,3,0,1,2,A,-,03,22350,,N,C,G,A,A,H,-,A,A,0,,Y,,,Y,,L,04,0,1,0,0,0,0,1,0,0,"- ","- ",,,"SAN FRANCISCO","SAN FRANCISCO",-122.40106201171875,37.798599243164062
9314800,2021,2021-09-09,3801,2021-07-31,1557,001460,SOUTH,6,5,7,3801,0,0,0,,0,,"MISSION ST","10TH ST",0.00,,Y,A,-,N,,,,,,,,,,,3,0,1,2,A,-,06,21755,A,N,B,G,A,A,H,-,A,A,0,,Y,,,Y,,L,04,0,1,0,0,0,0,1,0,0,"- ","- ",,,"SAN FRANCISCO","SAN FRANCISCO",-122.41590881347656,37.775276184082031
9315081,2021,2021-09-13,3801,2021-07-15,2013,2731,RICHM,4,5,7,3801,0,0,0,,0,0G3,"FULTON ST","6TH AV",0.00,,Y,-,-,N,,,,,,,,,,N,4,0,1,2,A,-,05,21651,B,F,G,-,E,-,-,-,-,D,0,Y,Y,,,Y,,L,04,0,0,1,0,1,0,0,0,0,"- ","- ",,,"SAN FRANCISCO","SAN FRANCISCO",-122.46376037597656,37.773612976074219
9316658,2021,2021-10-12,3801,2021-07-10,1433,2334,TENDE,6,5,7,3801,0,0,0,,0,0J5,"EDDY ST","MASON ST",0.00,,Y,A,-,N,,,,,,,,,,N,3,0,1,1,A,-,03,22350,,N,H,G,A,B,H,-,A,A,0,,Y,,,Y,,L,04,0,1,0,0,0,0,1,0,0,"- ","- ",,,"SAN FRANCISCO","SAN FRANCISCO",-122.4093017578125,37.784374237060547
9316659,2021,2021-10-12,3801,2021-07-10,1200,859,TENDE,6,5,7,3801,0,0,0,,0,03J,"MARKET ST","4TH ST",17.00,E,N,A,-,N,,,,,,,,,,N,3,0,1,1,A,-,08,22107,,N,-,I,A,A,H,-,A,A,0,,Y,,,Y,,L,04,0,1,0,0,0,0,1,0,0,"- ","- ",,,"SAN FRANCISCO","SAN FRANCISCO",-122.40584564208984,37.785732269287109
9341104,2021,2021-10-08,3801,2021-08-28,1327,2726,RICHM,6,5,7,3801,0,0,0,,0,,"BOWLING GREEN DR","NANCY PELOSI DR",100.00,S,N,A,-,N,,,,,,,,,,N,2,0,1,2,-,-,"- ",,,N,D,G,A,A,H,-,A,D,0,,Y,,,Y,,-,"- ",1,0,0,0,0,0,1,0,0,"- ","- ",,,"SAN FRANCISCO","SAN FRANCISCO",-122.4603271484375,37.770107269287109
9341907,2021,2021-10-21,3801,2021-08-23,1824,556,SOUTH,1,5,7,3801,0,0,0,,0,3B11D,"2ND ST","CLEMINTINA ST",0.00,,Y,A,-,N,,,,,,,,,,N,4,0,1,2,A,-,03,22350,,N,D,G,A,A,H,-,A,A,0,,Y,,,Y,,L,04,0,0,1,0,0,0,1,0,0,"- ","- ",,,"SAN FRANCISCO","SAN FRANCISCO",-122.39724731445312,37.785995483398438
9341983,2021,2021-10-21,3801,2021-09-23,0914,891,PARK,4,5,7,3801,0,0,0,,0,3F4A,"CHURCH ST","DUBOCE AV",0.00,,Y,A,-,N,,,,,,,,,,N,3,0,1,2,B,-,22,,,F,D,G,A,A,H,-,A,A,0,,Y,,,Y,,-,,0,1,0,0,0,0,1,0,0,"- ","- ",,,"SAN FRANCISCO","SAN FRANCISCO",-122.42912292480469,37.769462585449219
9341989,2021,2021-10-21,3801,2021-09-22,1511,2161,MISSI,3,5,7,3801,0,0,0,,0,3D45C,"VALENCIA ST","18TH ST",36.00,S,N,A,-,N,,,,,,,,,,N,3,0,1,2,A,-,06,21750,A,N,B,G,A,A,H,-,A,A,0,,Y,,,Y,,A,01,0,1,0,0,0,0,1,0,0,"- ","- ",,,"SAN FRANCISCO","SAN FRANCISCO",-122.42154693603516,37.761611938476562
9343021,2021,2021-10-14,3801,2021-08-31,2207,1442,NORTH,2,5,7,3801,0,0,0,,0,3E13E,"POLK ST","GOLDEN GATE AV",0.00,,Y,A,-,N,,,,,,,,,,N,3,0,1,3,A,-,12,21453,A,M,D,G,A,A,H,-,C,A,0,,Y,,,Y,,A,01,0,1,0,0,0,0,1,0,0,"- ","- ",,,"SAN FRANCISCO","SAN FRANCISCO",-122.41880035400391,37.781227111816406