CASE_ID,ACCIDENT_YEAR,PROC_DATE,JURIS,COLLISION_DATE,COLLISION_TIME,OFFICER_ID,REPORTING_DISTRICT,DAY_OF_WEEK,CHP_SHIFT,POPULATION,CNTY_CITY_LOC,SPECIAL_COND,BEAT_TYPE,CHP_BEAT_TYPE,CITY_DIVISION_LAPD,CHP_BEAT_CLASS,BEAT_NUMBER,PRIMARY_RD,SECONDARY_RD,DISTANCE,DIRECTION,INTERSECTION,WEATHER_1,WEATHER_2,STATE_HWY_IND,CALTRANS_COUNTY,CALTRANS_DISTRICT,STATE_ROUTE,ROUTE_SUFFIX,POSTMILE_PREFIX,POSTMILE,LOCATION_TYPE,RAMP_INTERSECTION,SIDE_OF_HWY,TOW_AWAY,COLLISION_SEVERITY,NUMBER_KILLED,NUMBER_INJURED,PARTY_COUNT,PRIMARY_COLL_FACTOR,PCF_CODE_OF_VIOL,PCF_VIOL_CATEGORY,PCF_VIOLATION,PCF_VIOL_SUBSECTION,HIT_AND_RUN,TYPE_OF_COLLISION,MVIW,PED_ACTION,ROAD_SURFACE,ROAD_COND_1,ROAD_COND_2,LIGHTING,CONTROL_DEVICE,CHP_ROAD_TYPE,PEDESTRIAN_ACCIDENT,BICYCLE_ACCIDENT,MOTORCYCLE_ACCIDENT,TRUCK_ACCIDENT,NOT_PRIVATE_PROPERTY,ALCOHOL_INVOLVED,STWD_VEHTYPE_AT_FAULT,CHP_VEHTYPE_AT_FAULT,COUNT_SEVERE_INJ,COUNT_VISIBLE_INJ,COUNT_COMPLAINT_PAIN,COUNT_PED_KILLED,COUNT_PED_INJURED,COUNT_BICYCLIST_KILLED,COUNT_BICYCLIST_INJURED,COUNT_MC_KILLED,COUNT_MC_INJURED,PRIMARY_RAMP,SECONDARY_RAMP,LATITUDE,LONGITUDE,COUNTY,CITY,POINT_X,POINT_Y
9393262,2021,2022-02-03,3801,2021-12-24,1148,4225,INGLE,5,5,7,3801,0,0,0,,0,4CAR,"OCEAN AV","SAN JOSE AV",0.00,,Y,A,-,N,,,,,,,,,,N,3,0,1,1,D,-,00,,,N,H,-,A,A,G,-,A,D,0,,Y,,,Y,,-,"- ",0,1,0,0,0,0,1,0,0,"- ","- ",,,"SAN FRANCISCO","SAN FRANCISCO",-122.44480895996094,37.722934722900391
9396418,2022,2022-06-15,3801,2022-05-27,1646,901,INGLE,5,5,7,3801,0,0,0,,0,3H13D,"CAYUGA AV","SANTA ROSA AV",305.00,S,N,A,-,N,,,,,,,,,,N,4,0,1,2,A,-,03,22350,,N,D,G,A,A,H,-,A,D,0,,Y,,,Y,,L,04,0,0,1,0,0,0,1,0,0,"- ","- ",,,"SAN FRANCISCO","SAN FRANCISCO",-122.43723297119141,37.726402282714844
9396419,2022,2022-07-13,3801,2022-05-27,1826,141,INGLE,5,5,7,3801,0,0,0,,0,3H16D,"SOUTH VAN NESS","CESAR CHAVEZ",0.00,,Y,A,-,N,,,,,,,,,,N,4,0,1,2,A,-,12,21453,A,F,-,G,A,-,H,-,A,A,0,,Y,,,Y,,L,04,0,0,1,0,0,0,1,0,0,"- ","- ",,,"SAN FRANCISCO","SAN FRANCISCO",-122.41593170166016,37.748260498046875
9396438,2022,2022-06-15,3801,2022-05-20,1250,2495,BAYVI,5,5,7,3801,0,0,0,,0,3C15A,"3RD ST","LECONTE AV",0.00,,Y,A,-,N,,,,,,,,,,N,2,0,1,1,A,-,"- ",,,N,H,G,A,A,A,C,A,A,0,,Y,,,Y,,L,04,1,0,0,0,0,0,1,0,0,"- ","- ",,,"SAN FRANCISCO","SAN FRANCISCO",-122.39756774902344,37.718875885009766
9396463,2022,2022-06-16,3801,2022-05-19,0920,4020,MISSI,4,5,7,3801,0,0,0,,0,3D11A,"17TH ST","POTRERO AV",0.00,,Y,A,-,N,,,,,,,,,,N,4,0,1,2,A,-,08,22107,,N,C,G,A,A,H,-,A,A,0,,Y,,,Y,,L,04,0,0,1,0,0,0,1,0,0,"- ","- ",,,"SAN FRANCISCO","SAN FRANCISCO",-122.40743255615234,37.764484405517578
9396465,2022,2022-06-15,3801,2022-05-22,1305,1418,TARAV,7,5,7,3801,0,0,0,,0,0I6,"VICTORIA ST","GARFIELD ST",51.00,N,N,A,-,N,,,,,,,,,,N,3,0,1,1,A,-,12,22450,A,N,E,I,A,A,H,-,A,A,0,,Y,,,Y,,L,04,0,1,0,0,0,0,1,0,0,"- ","- ",,,"SAN FRANCISCO","SAN FRANCISCO",-122.46536254882812,37.719810485839844
9396474,2022,2022-06-15,3801,2022-05-27,1515,2355,TARAV,5,5,7,3801,0,0,0,,0,0I5,"OCEAN AV","CLEARFIELD DR",0.00,,Y,A,-,N,,,,,,,,,,N,3,0,1,2,A,-,12,22450,A,N,D,G,A,A,H,-,A,A,0,,Y,,,Y,,A,01,0,1,0,0,0,0,1,0,0,"- ","- ",,,"SAN FRANCISCO","SAN FRANCISCO",-122.49143981933594,37.732021331787109
9400474,2022,2022-02-18,3801,2022-01-24,1700,1613,MISSI,1,5,7,3801,0,0,0,,0,3D00,"MARKET ST","VAN NESS AV",0.00,,Y,A,-,N,,,,,,,,,,N,4,0,1,2,A,-,08,22107,,N,B,G,A,A,H,-,A,A,0,,Y,,,Y,,L,04,0,0,1,0,0,0,1,0,0,"- ","- ",,,"SAN FRANCISCO","SAN FRANCISCO",-122.41925811767578,37.775169372558594
9403538,2022,2022-05-09,3801,2022-01-15,1815,2020,SOUTH,6,5,7,3801,0,0,0,,0,3CAR,"MARKET ST","SOUTH VAN NESS",0.00,,Y,A,B,N,,,,,,,,,,N,4,0,1,2,A,-,08,22101,D,N,D,G,A,A,H,-,C,A,0,,Y,,,Y,,A,01,0,0,1,0,0,0,1,0,0,"- ","- ",,,"SAN FRANCISCO","SAN FRANCISCO",-122.41925811767578,37.775169372558594
9403626,2022,2022-03-18,3801,2022-02-20,1042,1849,TENDE,7,5,7,3801,0,0,0,,0,3J15A,"EDDY ST","HYDE ST",0.00,,Y,A,-,N,,,,,,,,,,N,3,0,1,2,A,-,17,22517,,N,H,G,A,A,H,-,A,A,0,,Y,,,Y,,A,07,0,1,0,0,0,0,1,0,0,"- ","- ",,,"SAN FRANCISCO","SAN FRANCISCO",-122.41588592529297,37.783512115478516
9403954,2022,2022-03-15,3801,2022-02-16,1440,1396,SOUTH,3,5,7,3801,0,0,0,,0,3B2A,"TOWNSEND ST","4TH ST",20.00,W,N,A,-,N,,,,,,,,,,N,3,0,1,2,A,-,17,21200,A,F,D,G,A,A,H,-,A,A,0,,Y,,,Y,,A,01,0,1,0,0,0,0,1,0,0,"- ","- ",,,"SAN FRANCISCO","SAN FRANCISCO",-122.39504241943359,37.777069091796875
9410014,2022,2022-03-16,3801,2022-02-24,1246,231,BAYVI,4,5,7,3801,0,0,0,,0,901,"IOWA ST","23RD ST",0.00,,Y,A,-,N,,,,,,,,,,N,3,0,1,2,A,-,05,21651,A,F,A,G,A,A,H,-,A,D,0,,Y,,,Y,,A,01,0,1,0,0,0,0,1,0,0,"- ","- ",,,"SAN FRANCISCO","SAN FRANCISCO",-122.39200592041016,37.755180358886719
9410046,2022,2022-03-18,3801,2022-02-11,1718,2407,MISSI,5,5,7,3801,0,0,0,,0,3D11D,"VALENCIA ST","CESAR CHAVEZ ST",0.00,,Y,A,-,N,,,,,,,,,,N,3,0,1,2,A,-,09,21801,A,N,D,G,A,A,H,-,B,A,0,,Y,,,Y,,A,01,0,1,0,0,0,0,1,0,0,"- ","- ",,,"SAN FRANCISCO","SAN FRANCISCO",-122.42025756835938,37.748161315917969
9410082,2022,2022-03-14,3801,2022-01-28,1650,969,MISSI,5,5,7,3801,0,0,0,,0,6CAR,"16TH ST","SAN BRUNO AV",0.00,,Y,A,-,N,,,,,,,,,,N,3,0,1,2,D,-,00,,,N,H,G,A,A,H,-,A,A,0,,Y,,,Y,,-,"- ",0,1,0,0,0,0,0,0,0,"- ","- ",,,"SAN FRANCISCO","SAN FRANCISCO",-122.40557098388672,37.765888214111328
9410088,2022,2022-03-14,3801,2022-01-25,1548,1750,NORTH,2,5,7,3801,0,0,0,,0,0E5,"MARINA BL","FILLMORE ST",10.00,E,N,A,-,N,,,,,,,,,,N,3,0,1,2,A,-,03,22350,,F,G,B,F,A,H,-,A,D,0,Y,Y,,,Y,,L,04,0,1,0,0,1,0,0,0,0,"- ","- ",,,"SAN FRANCISCO","SAN FRANCISCO",-122.43740844726562,37.806404113769531
9410119,2022,2022-04-21,3801,2022-01-31,0034,1955,MISSI,1,5,7,3801,0,0,0,,0,3D105,"POTRERO AV","23RD ST",12.00,S,N,A,-,N,,,,,,,,,,N,4,0,1,2,A,-,17,22517,,N,B,C,A,-,H,-,C,A,0,,Y,,,Y,,A,01,0,0,1,0,0,0,1,0,0,"- ","- ",,,"SAN FRANCISCO","SAN FRANCISCO",-122.40646362304688,37.754547119140625
9422554,2022,2022-07-21,3801,2022-04-21,1230,4020,MISSI,4,5,7,3801,0,0,0,,0,3D14A,"BAYSHORE AV","INDUSTRIAL AV",0.00,,Y,F,-,N,,,,,,,,,,N,4,0,1,2,A,-,08,22107,,N,-,G,A,-,G,-,-,-,0,,Y,,,Y,,-,"- ",0,0,1,0,0,0,1,0,0,"- ","- ",,,"SAN FRANCISCO","SAN FRANCISCO",-122.40695953369141,37.737998962402344
9425262,2022,2022-04-19,3801,2022-03-25,1825,2107,NORTH,5,5,7,3801,0,0,0,,0,3E12D,"FULTON ST","WEBSTER ST",0.00,,Y,A,-,N,,,,,,,,,,N,3,0,1,2,A,-,08,22107,,N,B,G,A,A,H,-,A,A,0,,Y,,,Y,,A,01,0,1,0,0,0,0,1,0,0,"- ","- ",,,"SAN FRANCISCO","SAN FRANCISCO",-122.42990875244141,37.777912139892578
9425287,2022,2022-04-19,3801,2022-03-10,1526,1057,NORTH,4,5,7,3801,0,0,0,,0,3E13D,"POST ST","DIVISADERO ST",0.00,,Y,A,-,N,,,,,,,,,,N,4,0,1,2,A,-,09,21801,A,N,-,G,A,-,H,-,A,A,0,,Y,,,Y,,A,07,0,0,1,0,0,0,1,0,0,"- ","- ",,,"SAN FRANCISCO","SAN FRANCISCO",-122.43967437744141,37.784313201904297
9431502,2022,2022-04-18,3801,2022-02-03,1730,2107,NORTH,4,5,7,3801,0,0,0,,0,,"WEBSTER ST","FULTON ST",0.00,,Y,A,-,N,,,,,,,,,,N,4,0,1,2,A,-,03,22350,,N,B,G,A,A,H,-,A,A,0,,Y,,,Y,,L,04,0,0,1,0,0,0,1,0,0,"- ","- ",,,"SAN FRANCISCO","SAN FRANCISCO",-122.42990875244141,37.777912139892578
9431511,2022,2022-04-18,3801,2022-02-25,1327,676,TENDE,5,5,7,3801,0,0,0,,0,3J96C,"MARKET ST","MCALLISTER ST",30.00,E,N,A,-,N,,,,,,,,,,N,3,0,1,1,A,-,08,22107,,N,H,G,A,A,H,-,A,D,0,,Y,,,Y,,L,04,0,1,0,0,0,0,1,0,0,"- ","- ",,,"SAN FRANCISCO","SAN FRANCISCO",-122.41156768798828,37.781238555908203
9431572,2022,2022-04-15,3801,2022-03-01,0900,310,SOUTH,2,5,7,3801,0,0,0,,0,3B5C,"SHERMAN ST","HARRISON ST",0.00,,Y,A,-,N,,,,,,,,,,N,3,0,1,2,A,-,12,22450,A,N,D,G,A,A,H,-,A,A,0,,Y,,,Y,Y,A,01,0,1,0,0,0,0,1,0,0,"- ","- ",,,"SAN FRANCISCO","SAN FRANCISCO",-122.40547180175781,37.776203155517578
9431591,2022,2022-04-18,3801,2022-03-08,1728,2359,TENDE,2,5,7,3801,0,0,0,,0,0J4,"MCALLISTER ST","CHARLES J BRENHAM PL",18.00,E,N,A,-,N,,,,,,,,,,N,3,0,1,2,A,-,00,38300,,N,A,G,A,A,H,-,A,A,0,,Y,,,Y,,A,01,0,1,0,0,0,0,1,0,0,"- ","- ",,,"SAN FRANCISCO","SAN FRANCISCO",-122.41302490234375,37.781009674072266
9434252,2022,2022-04-20,3801,2022-03-16,1825,2097,TENDE,3,5,7,3801,0,0,0,,0,3J14D,"MASON ST","EDDY ST",0.00,,Y,A,-,N,,,,,,,,,,N,3,0,1,3,A,-,17,22517,,N,B,G,A,A,H,-,B,A,0,,Y,,,Y,,-,,0,1,0,0,0,0,1,0,0,"- ","- ",,,"SAN FRANCISCO","SAN FRANCISCO",-122.4093017578125,37.784374237060547
9434258,2022,2022-04-18,3801,2022-03-15,1240,2718,BAYVI,2,5,7,3801,0,0,0,,0,3C11D,"VALENCIA ST","19TH ST",0.00,,Y,A,-,N,,,,,,,,,,N,3,0,1,2,A,-,21,22106,,N,D,G,A,A,H,-,A,D,0,,Y,,,Y,,A,01,0,1,0,0,0,0,1,0,0,"- ","- ",,,"SAN FRANCISCO","SAN FRANCISCO",-122.42140197753906,37.760112762451172
9435242,2022,2022-04-28,3801,2022-03-10,1710,1238,MISSI,4,5,7,3801,0,0,0,,0,,"16TH ST","ALBION ST",0.00,,Y,A,-,N,,,,,,,,,,N,4,0,1,2,A,-,09,21801,,N,D,G,A,A,H,-,A,-,0,,Y,,,Y,,A,01,0,0,1,0,0,0,1,0,0,"- ","- ",,,"SAN FRANCISCO","SAN FRANCISCO",-122.423095703125,37.764835357666016
9435243,2022,2022-04-28,3801,2022-03-11,1700,1148,MISSI,5,5,7,3801,0,0,0,,0,3D15D,"MISSION ST","18TH ST",0.00,,Y,A,-,N,,,,,,,,,,N,4,0,1,2,A,-,08,22102,,N,B,G,A,A,H,-,A,D,0,,Y,,,Y,,A,01,0,0,1,0,0,0,1,0,0,"- ","- ",,,"SAN FRANCISCO","SAN FRANCISCO",-122.41936492919922,37.7618408203125
9437213,2022,2022-05-16,3801,2022-04-13,2117,1057,NORTH,3,5,7,3801,0,0,0,,0,,"VAN NESS AV","VAN NESS AV 601",0.00,,-,A,-,N,,,,,,,,,,N,4,0,1,2,A,-,00,21208,1,N,B,G,A,A,H,-,C,D,0,,Y,,,Y,Y,L,04,0,0,1,0,0,0,1,0,0,"- ","- ",,,"SAN FRANCISCO","SAN FRANCISCO",-122.42446899414062,37.80133056640625
9437221,2022,2022-05-16,3801,2022-04-16,1744,2461,SOUTH,6,5,7,3801,0,0,0,,0,0B1,"THE EMBARCADERO","HARRISON ST",0.00,,Y,A,-,N,,,,,,,,,,N,4,0,1,2,A,-,17,21200,A,N,B,G,A,A,H,-,A,A,0,,Y,,,Y,,L,04,0,0,1,0,0,0,1,0,0,"- ","- ",,,"SAN FRANCISCO","SAN FRANCISCO",-122.38861083984375,37.789497375488281
9437224,2022,2022-05-16,3801,2022-04-16,1230,2401,BAYVI,6,5,7,3801,0,0,0,,0,3C13B,"MADDUX AV","QUINT ST",0.00,,Y,A,-,N,,,,,,,,,,N,3,0,1,1,C,-,18,,,N,H,A,A,A,G,-,A,D,0,,Y,,,Y,,-,"- ",0,1,0,0,0,0,1,0,0,"- ","- ",,,"SAN FRANCISCO","SAN FRANCISCO",-122.39820861816406,37.735298156738281
9437226,2022,2022-05-31,3801,2022-04-09,2500,2420,TARAV,6,5,7,3801,0,0,0,,0,3I15B,"35TH ST","NORIEGA ST",0.00,,Y,A,-,N,,,,,,,,,,N,2,0,1,2,A,-,05,21650,,N,-,G,A,A,-,-,A,D,0,,Y,,,Y,,L,04,1,0,0,0,0,0,1,0,0,"- ","- ",,,"SAN FRANCISCO","SAN FRANCISCO",-122.49361419677734,37.753498077392578
9437231,2022,2022-05-17,3801,2022-04-07,0240,1237,CENTR,4,5,7,3801,0,0,0,,0,3A2E,"LARKIN ST","POST ST",0.00,N,N,A,-,N,,,,,,,,,,N,3,0,1,2,A,-,05,21651,B,F,A,G,A,A,H,-,C,D,0,,Y,,,Y,,L,04,0,1,0,0,0,0,1,0,0,"- ","- ",,,"SAN FRANCISCO","SAN FRANCISCO",-122.41826629638672,37.787040710449219
9437542,2022,2022-05-13,3801,2022-04-24,0702,2485,CENTR,7,5,7,3801,0,0,0,,0,5CAR,"SANSOME ST","CALIFORNIA ST",43.00,N,N,A,-,N,,,,,,,,,,N,4,0,1,2,A,-,08,22107,,N,B,G,A,A,H,-,A,D,0,,Y,,,Y,,L,04,0,0,1,0,0,0,1,0,0,"- ","- ",,,"SAN FRANCISCO","SAN FRANCISCO",-122.40116119384766,37.793216705322266
9437545,2022,2022-05-13,3801,2022-04-23,1249,A20952,INGLE,6,5,7,3801,0,0,0,,0,3H11A,"EUGENIA AV","BONVIEW ST",0.00,,Y,A,-,N,,,,,,,,,,N,4,0,1,2,A,-,12,22450,A,N,A,G,A,A,H,-,A,A,0,,Y,,,Y,,-,"- ",0,0,1,0,0,0,1,0,0,"- ","- ",,,"SAN FRANCISCO","SAN FRANCISCO",-122.41831970214844,37.740798950195312
9437561,2022,2022-05-17,3801,2022-04-07,1445,1518,CENTR,4,5,7,3801,0,0,0,,0,3A50A,"EMBARCADERO NORTH","GRANT AV",30.00,E,N,A,-,N,,,,,,,,,,N,3,0,1,1,A,-,03,22350,,N,-,I,A,A,H,-,A,A,0,,Y,,,Y,,L,04,0,1,0,0,0,0,1,0,0,"- ","- ",,,"SAN FRANCISCO","SAN FRANCISCO",-122.40898895263672,37.808094024658203
9438256,2022,2022-05-23,3801,2022-04-09,0957,1605,NORTH,6,5,7,3801,0,0,0,,0,3E11A,"FILLMORE ST","MARINA BL",4.00,N,N,A,-,N,,,,,,,,,,N,3,0,3,3,D,-,00,,,N,H,B,F,A,H,-,A,D,0,Y,Y,,,Y,,-,"- ",0,1,2,0,2,0,1,0,0,"- ","- ",,,"SAN FRANCISCO","SAN FRANCISCO",-122.43743896484375,37.806400299072266
9441197,2022,2022-05-20,3801,2022-04-26,0823,1423,NORTH,2,5,7,3801,0,0,0,,0,3E4A,"VAN NESS AV","TURK ST",0.00,,Y,A,-,N,,,,,,,,,,N,4,0,1,2,A,-,08,22107,,N,B,G,A,A,H,-,A,A,0,,Y,,,Y,,A,07,0,0,1,0,0,0,1,0,0,"- ","- ",,,"SAN FRANCISCO","SAN FRANCISCO",-122.42057800292969,37.781936645507812
9442090,2022,2022-05-13,3801,2022-04-09,2140,2315,TENDE,6,5,7,3801,0,0,0,,0,3J12E,"MARKET ST","MASON ST",0.00,,Y,A,-,N,,,,,,,,,,N,3,0,1,2,A,-,09,21801,A,F,D,G,A,A,H,-,C,A,0,,Y,,,Y,,A,01,0,1,0,0,0,0,1,0,0,"- ","- ",,,"SAN FRANCISCO","SAN FRANCISCO",-122.40908050537109,37.783233642578125
9446237,2022,2022-06-01,3801,2022-01-25,1640,278,TENDE,2,5,7,3801,0,0,0,,0,3J11D,"MARKET ST","MCALLISTER ST",0.00,,Y,A,-,N,,,,,,,,,,N,4,0,1,2,A,-,12,21453,A,N,D,-,A,A,H,-,A,A,0,,Y,Y,,Y,,C,03,0,0,1,0,0,0,1,0,0,"- ","- ",,,"SAN FRANCISCO","SAN FRANCISCO",-122.41164398193359,37.781181335449219
9446809,2022,2022-06-09,3801,2022-04-29,0855,1503,SOUTH,5,5,7,3801,0,0,0,,0,0855,"6TH ST","TEHAMA ST",0.00,,Y,A,-,N,,,,,,,,,,N,3,0,1,2,A,-,17,21200,A,N,H,A,A,A,H,-,A,D,0,,Y,,,Y,,L,04,0,1,0,0,0,0,1,0,0,"- ","- ",,,"SAN FRANCISCO","SAN FRANCISCO",-122.40658569335938,37.779308319091797
9446818,2022,2022-06-08,3801,2022-04-18,2315,2094,SOUTH,1,5,7,3801,0,0,0,,0,3B14E,"8TH ST","HARRISON ST",130.00,S,N,B,-,N,,,,,,,,,,N,3,0,1,2,A,-,08,22107,,N,B,G,A,A,H,-,C,A,0,,Y,,,Y,,A,01,0,1,0,0,0,0,0,0,0,"- ","- ",,,"SAN FRANCISCO","SAN FRANCISCO",-122.40821075439453,37.773509979248047
9446864,2022,2022-06-15,3801,2022-05-06,1205,9,CENTR,5,5,7,3801,0,0,0,,0,3A13A,"LOMBARD ST","COLUMBUS AV",77.00,E,N,A,-,N,,,,,,,,,,N,4,0,1,2,D,-,00,,,N,C,G,A,A,H,-,A,D,0,,Y,,,Y,,-,"- ",0,0,1,0,0,0,1,0,0,"- ","- ",,,"SAN FRANCISCO","SAN FRANCISCO",-122.41340637207031,37.802772521972656
9450821,2022,2022-06-20,3801,2022-05-08,2155,2315,TENDE,7,5,7,3801,0,0,0,,0,3J12E,"TAYLOR ST","TURK ST",0.00,,Y,A,-,N,,,,,,,,,,N,4,0,1,2,A,-,08,22107,,N,B,G,A,A,-,-,C,A,0,,Y,,,Y,,L,04,0,0,1,0,0,0,1,0,0,"- ","- ",,,"SAN FRANCISCO","SAN FRANCISCO",-122.41078186035156,37.783206939697266
9453171,2022,2022-10-31,3801,2022-05-27,0725,2461,SOUTH,5,5,7,3801,0,0,0,,0,3B13A,"THE EMBARCADERO","THE EMBARCADERO 675",0.00,,N,A,-,N,,,,,,,,,,N,3,0,1,2,B,-,22,,,N,H,A,A,A,H,-,A,A,0,,Y,,,Y,,L,04,0,1,0,0,0,0,1,0,0,"- ","- ",,,"SAN FRANCISCO","SAN FRANCISCO",-122.38925933837891,37.780281066894531
9453909,2022,2022-07-15,3801,2022-06-24,2235,1207,TENDE,5,5,7,3801,0,0,0,,0,0J1,"MARKET ST","HYDE ST",332.00,W,N,A,-,N,,,,,,,,,,N,3,0,1,1,B,-,22,,,N,F,A,A,A,H,-,C,D,0,,Y,,,Y,Y,L,04,0,1,0,0,0,0,1,0,0,"- ","- ",,,"SAN FRANCISCO","SAN FRANCISCO",-122.41558837890625,37.778079986572266
9453914,2022,2022-07-15,3801,2022-06-28,1626,2704,SOUTH,2,5,7,3801,0,0,0,,0,,"HOWARD ST","WASHBURN ST",65.00,W,N,A,-,N,,,,,,,,,,N,3,0,1,2,A,-,21,22106,,N,D,G,A,A,H,-,A,D,0,,Y,,,Y,,L,04,0,1,0,0,0,0,0,0,0,"- ","- ",,,"SAN FRANCISCO","SAN FRANCISCO",-122.41375732421875,37.7745361328125
9453927,2022,2022-07-14,3801,2022-06-11,0745,392,MISSI,6,5,7,3801,0,0,0,,0,3D14A,"MISSION ST","25TH ST",15.00,N,N,A,-,N,,,,,,,,,,N,4,0,1,2,A,-,09,21801,A,N,D,G,A,A,H,-,A,A,0,,Y,,,Y,,A,01,0,0,1,0,0,0,1,0,0,"- ","- ",,,"SAN FRANCISCO","SAN FRANCISCO",-122.41830444335938,37.750701904296875
9453947,2022,2022-07-14,3801,2022-06-25,0950,392,MISSI,6,5,7,3801,0,0,0,,0,3D14A,"14TH ST","GUERRERO ST",235.00,E,N,A,-,N,,,,,,,,,,N,3,0,1,2,A,-,08,22107,,N,H,G,A,A,H,-,A,D,0,,Y,,,Y,,A,01,0,1,0,0,0,0,1,0,0,"- ","- ",,,"SAN FRANCISCO","SAN FRANCISCO",-122.42359924316406,37.76806640625
9453993,2022,2022-07-15,3801,2022-06-10,1813,2093,NORTH,5,5,7,3801,0,0,0,,0,3E14D,"CALIFORNIA ST","FILLMORE ST",0.00,,Y,A,-,N,,,,,,,,,,N,4,0,1,2,A,-,09,21801,A,N,D,G,A,A,H,-,A,A,0,,Y,,,Y,,A,07,0,0,1,0,0,0,1,0,0,"- ","- ",,,"SAN FRANCISCO","SAN FRANCISCO",-122.43382263183594,37.788913726806641
9454163,2022,2022-07-13,3801,2022-04-20,1455,1826,CENTR,3,5,7,3801,0,0,0,,0,3A13C,"COLOMBUS AV","NORTH POINT ST",0.00,,Y,A,-,N,,,,,,,,,,N,3,0,1,2,A,-,09,21801,A,N,B,G,A,A,H,-,A,A,0,,Y,Y,,Y,,C,03,0,1,0,0,0,0,1,0,0,"- ","- ",,,"SAN FRANCISCO","SAN FRANCISCO",-122.41836547851562,37.805976867675781
9459042,2022,2022-06-09,3801,2022-05-29,2159,1217,MISSI,7,5,7,3801,0,0,0,,0,3CAR,"FOLSOM ST","18TH ST",0.00,,-,A,-,N,,,,,,,,,,N,3,0,1,2,A,-,03,22350,A,N,A,G,A,A,H,-,C,A,0,,Y,,,Y,,L,04,0,1,0,0,0,0,1,0,0,"- ","- ",,,"SAN FRANCISCO","SAN FRANCISCO",-122.41499328613281,37.762100219726562
9460096,2022,2022-06-24,3801,2022-01-24,1555,1066,NORTH,1,5,7,3801,0,0,0,,0,1CAR,"HAIGHT ST","FILLMORE ST",0.00,,Y,A,-,N,,,,,,,,,,N,2,0,1,2,A,-,08,22100,B,N,D,G,A,A,H,-,A,A,0,,Y,,,Y,,A,01,1,0,0,0,0,0,1,0,0,"- ","- ",,,"SAN FRANCISCO","SAN FRANCISCO",-122.43045043945312,37.772117614746094
9468655,2023,2023-09-21,3801,2023-08-19,2114,4103,MISSI,6,5,7,3801,0,0,0,,0,903,"15TH ST","15TH ST 1600",0.00,,-,A,-,N,,,,,,,,,,N,3,0,1,2,A,-,17,22517,,N,H,G,A,A,H,-,-,-,0,,Y,,,Y,,A,01,0,1,0,0,0,0,1,0,0,"- ","- ",,,"SAN FRANCISCO","SAN FRANCISCO",-122.47441864013672,37.7869873046875
9468660,2023,2023-09-21,3801,2023-08-20,2302,1217,MISSI,7,5,7,3801,0,0,0,,0,,"DOLORES ST","19TH ST",0.00,,Y,A,-,N,,,,,,,,,,,3,0,1,2,A,-,"- ",,,N,D,G,A,A,H,-,C,A,0,,Y,,,Y,,L,04,0,1,0,0,0,0,1,0,0,"- ","- ",,,"SAN FRANCISCO","SAN FRANCISCO",-122.42600250244141,37.759849548339844
9468683,2023,2023-09-21,3801,2023-08-19,1125,310,SOUTH,6,5,7,3801,0,0,0,,0,3B49,"TOWNSEND ST","7TH ST",588.00,W,N,A,-,N,,,,,,,,,,N,3,0,1,2,A,-,09,21800,B,N,D,G,A,A,H,-,A,D,0,,Y,,,Y,,D,22,0,1,0,0,0,0,1,0,0,"- ","- ",,,"SAN FRANCISCO","SAN FRANCISCO",-122.403076171875,37.770671844482422
9468706,2023,2023-09-14,3801,2023-08-08,1551,260,SOUTH,2,5,7,3801,0,0,0,,0,3B12D,"4TH ST","FOLSOM ST",0.00,,Y,A,-,N,,,,,,,,,,N,4,0,1,2,A,-,04,21703,,N,C,G,A,A,H,-,A,A,0,,Y,,,Y,,A,01,0,0,1,0,0,0,1,0,0,"- ","- ",,,"SAN FRANCISCO","SAN FRANCISCO",-122.40116119384766,37.782035827636719
9468711,2023,2023-09-15,3801,2023-08-06,1410,2745,TENDE,7,5,7,3801,0,0,0,,0,3J91D,"MARKET ST","5TH ST",350.00,E,N,A,-,N,,,,,,,,,,N,4,0,1,1,A,-,"- ",,,N,H,-,A,-,H,-,A,D,0,,Y,,,Y,,L,04,0,0,1,0,0,0,1,0,0,"- ","- ",,,"SAN FRANCISCO","SAN FRANCISCO",-122.40719604492188,37.784671783447266
9468783,2023,2023-09-12,3801,2023-07-19,1625,1994,TRAFF,3,5,7,3801,0,0,0,,0,4B3G,"MARKET ST","CYRIL MAGNIN ST",30.00,W,N,A,-,N,,,,,,,,,,N,3,0,2,2,A,-,05,21651,,N,A,G,A,A,D,-,A,A,0,,Y,,,Y,,M,94,0,2,0,0,0,0,1,0,0,"- ","- ",,,"SAN FRANCISCO","SAN FRANCISCO",-122.40813446044922,37.783939361572266
9468800,2023,2023-09-11,3801,2023-07-25,1656,93,NORTH,2,5,7,3801,0,0,0,,0,3E6C,"VAN NESS AV","FRANCISCO ST",10.00,S,N,A,-,N,,,,,,,,,,N,4,0,1,2,A,-,08,22100,A,N,D,G,A,A,H,-,A,A,0,,Y,,,Y,,A,01,0,0,1,0,0,0,1,0,0,"- ","- ",,,"SAN FRANCISCO","SAN FRANCISCO",-122.42495727539062,37.803173065185547