CASE_ID,ACCIDENT_YEAR,PROC_DATE,JURIS,COLLISION_DATE,COLLISION_TIME,OFFICER_ID,REPORTING_DISTRICT,DAY_OF_WEEK,CHP_SHIFT,POPULATION,CNTY_CITY_LOC,SPECIAL_COND,BEAT_TYPE,CHP_BEAT_TYPE,CITY_DIVISION_LAPD,CHP_BEAT_CLASS,BEAT_NUMBER,PRIMARY_RD,SECONDARY_RD,DISTANCE,DIRECTION,INTERSECTION,WEATHER_1,WEATHER_2,STATE_HWY_IND,CALTRANS_COUNTY,CALTRANS_DISTRICT,STATE_ROUTE,ROUTE_SUFFIX,POSTMILE_PREFIX,POSTMILE,LOCATION_TYPE,RAMP_INTERSECTION,SIDE_OF_HWY,TOW_AWAY,COLLISION_SEVERITY,NUMBER_KILLED,NUMBER_INJURED,PARTY_COUNT,PRIMARY_COLL_FACTOR,PCF_CODE_OF_VIOL,PCF_VIOL_CATEGORY,PCF_VIOLATION,PCF_VIOL_SUBSECTION,HIT_AND_RUN,TYPE_OF_COLLISION,MVIW,PED_ACTION,ROAD_SURFACE,ROAD_COND_1,ROAD_COND_2,LIGHTING,CONTROL_DEVICE,CHP_ROAD_TYPE,PEDESTRIAN_ACCIDENT,BICYCLE_ACCIDENT,MOTORCYCLE_ACCIDENT,TRUCK_ACCIDENT,NOT_PRIVATE_PROPERTY,ALCOHOL_INVOLVED,STWD_VEHTYPE_AT_FAULT,CHP_VEHTYPE_AT_FAULT,COUNT_SEVERE_INJ,COUNT_VISIBLE_INJ,COUNT_COMPLAINT_PAIN,COUNT_PED_KILLED,COUNT_PED_INJURED,COUNT_BICYCLIST_KILLED,COUNT_BICYCLIST_INJURED,COUNT_MC_KILLED,COUNT_MC_INJURED,PRIMARY_RAMP,SECONDARY_RAMP,LATITUDE,LONGITUDE,COUNTY,CITY,POINT_X,POINT_Y
9468801,2023,2023-09-11,3801,2023-07-26,2210,1706,SOUTH,3,5,7,3801,0,0,0,,0,3B14E,"HARRISON ST","HARRISON ST 674",0.00,,N,A,-,N,,,,,,,,,,N,4,0,1,2,D,-,00,,,N,B,G,A,A,H,-,D,A,0,,Y,,,Y,,-,"- ",0,0,1,0,0,0,1,0,0,"- ","- ",,,"SAN FRANCISCO","SAN FRANCISCO",,
9468812,2023,2023-09-11,3801,2023-07-24,1540,4047,MISSI,1,5,7,3801,0,0,0,,0,3D16D,"FOLSOM ST","17TH ST",166.00,N,N,A,-,N,,,,,,,,,,N,4,0,1,2,A,-,17,22517,,N,H,G,A,A,H,-,A,D,0,,Y,,,Y,,A,01,0,0,1,0,0,0,1,0,0,"- ","- ",,,"SAN FRANCISCO","SAN FRANCISCO",-122.41519165039062,37.764144897460938
9468831,2023,2023-09-13,3801,2023-07-12,1715,2401,MISSI,3,5,7,3801,0,0,0,,0,3D45C,"SAN CARLOS ST","21ST ST",0.00,,Y,-,-,N,,,,,,,,,,N,3,0,1,2,A,-,17,21657,,F,A,G,A,-,-,-,-,-,0,,Y,Y,,Y,,C,03,0,1,0,0,0,0,1,0,0,"- ","- ",,,"SAN FRANCISCO","SAN FRANCISCO",-122.41970062255859,37.756980895996094
9469448,2023,2023-09-13,3801,2023-08-29,1337,1051,NORTH,2,5,7,3801,0,0,0,,0,3E13C,"POST ST","POLK ST",0.00,,Y,A,-,N,,,,,,,,,,N,4,0,1,2,A,-,12,21453,A,N,D,G,A,A,H,-,A,A,0,,Y,,,Y,,L,04,0,0,1,0,0,0,1,0,0,"- ","- ",,,"SAN FRANCISCO","SAN FRANCISCO",-122.41989898681641,37.786834716796875
9469458,2023,2023-09-21,3801,2023-08-17,1400,1759,PARK,4,5,7,3801,0,0,0,,0,,"ASHBURY ST","CLAYTON ST",32.00,E,N,A,-,N,,,,,,,,,,N,3,0,1,2,A,-,08,22107,,N,D,G,A,A,H,-,A,D,0,,Y,,,Y,Y,L,04,0,1,0,0,0,0,1,0,0,"- ","- ",,,"SAN FRANCISCO","SAN FRANCISCO",-122.44696044921875,37.762763977050781
9469530,2023,2023-10-02,3801,2023-08-26,1411,2728,TENDE,6,5,7,3801,0,0,0,,0,908,"EDDY ST","HYDE ST",0.00,,Y,A,-,N,,,,,,,,,,Y,2,0,1,2,A,-,09,21801,A,N,F,G,A,A,H,-,A,A,0,,Y,,,Y,,A,01,1,0,0,0,0,0,1,0,0,"- ","- ",,,"SAN FRANCISCO","SAN FRANCISCO",-122.41588592529297,37.783512115478516
9472269,2022,2022-07-20,3801,2022-03-05,1853,2241,NORTH,6,5,7,3801,0,0,0,,0,3E13D,"EDDY ST","FRANKLIN ST",0.00,,Y,A,-,N,,,,,,,,,,N,4,0,1,2,A,-,08,22107,,N,B,G,A,A,H,-,C,A,0,,Y,,,Y,,-,,0,0,1,0,0,0,1,0,0,"- ","- ",,,"SAN FRANCISCO","SAN FRANCISCO",-122.42243957519531,37.782665252685547
9481463,2022,2022-08-08,3801,2022-07-20,1006,4286,RICHM,3,5,7,3801,0,0,0,,0,0G4,"ANZA ST","17TH AV",0.00,,Y,A,-,N,,,,,,,,,,N,4,0,1,2,A,-,12,22450,A,N,H,G,A,A,H,-,A,D,0,,Y,,,Y,,L,04,0,0,1,0,0,0,1,0,0,"- ","- ",,,"SAN FRANCISCO","SAN FRANCISCO",-122.47602844238281,37.778545379638672
9481500,2022,2022-08-10,3801,2022-07-10,1630,1179,TENDE,7,5,7,3801,0,0,0,,0,3J12D,EMBARCADERO,"HOBART ST",0.00,,Y,A,-,N,,,,,,,,,,N,3,0,1,2,A,-,17,21209,A,N,H,I,A,A,G,-,A,-,0,,Y,,,Y,,-,,0,1,0,0,0,0,1,0,0,"- ","- ",,,"SAN FRANCISCO","SAN FRANCISCO",,
9481517,2022,2022-08-10,3801,2022-07-20,1653,1631,SOUTH,3,5,7,3801,0,0,0,,0,3B15D,"2ND ST","KING ST",0.00,,Y,A,-,N,,,,,,,,,,N,4,0,1,2,A,-,09,21804,A,F,D,G,A,A,H,-,A,A,0,,Y,,,Y,,-,,0,0,1,0,0,0,1,0,0,"- ","- ",,,"SAN FRANCISCO","SAN FRANCISCO",-122.38970184326172,37.779956817626953
9483557,2022,2022-08-08,3801,2022-06-30,0124,308,RICHM,4,5,7,3801,0,0,0,,0,3G15E,"ANZA ST","23RD AV",0.00,,Y,A,-,N,,,,,,,,,,N,3,0,1,1,A,-,03,22350,,N,A,A,A,A,H,-,C,D,0,,Y,,,Y,,L,04,0,1,0,0,0,0,1,0,0,"- ","- ",,,"SAN FRANCISCO","SAN FRANCISCO",-122.48243713378906,37.778274536132812
9494255,2022,2022-09-29,3801,2022-01-12,1617,2479,NORTH,3,5,7,3801,0,0,0,,0,3E14D,"VAN NESS AV","FILBERT ST",15.00,E,N,A,-,N,,,,,,,,,,N,4,0,1,2,A,-,12,21453,A,N,D,G,A,A,H,-,A,A,0,,Y,,Y,Y,,F,26,0,0,1,0,0,0,1,0,0,"- ","- ",,,"SAN FRANCISCO","SAN FRANCISCO",-122.42411041259766,37.799457550048828
9502436,2022,2022-09-27,3801,2022-08-22,1340,4314,RICHM,1,5,7,3801,0,0,0,,0,0G3,"CABRILLO ST","4TH AV",0.00,,Y,-,-,N,,,,,,,,,,N,3,0,1,2,A,-,12,22450,A,N,-,-,A,-,-,-,-,-,0,,Y,,,Y,,L,04,0,1,0,0,0,0,1,0,0,"- ","- ",,,"SAN FRANCISCO","SAN FRANCISCO",-122.46174621582031,37.775466918945312
9502463,2022,2022-12-13,3801,2022-06-13,2020,1427,TENDE,1,5,7,3801,0,0,0,,0,3J11D,"MARKET ST","MCALLISTER ST",225.00,E,N,A,-,N,,,,,,,,,,N,4,0,1,2,A,-,08,22107,,N,B,G,A,A,C,-,B,-,0,,Y,,,Y,,D,22,0,0,1,0,0,0,1,0,0,"- ","- ",,,"SAN FRANCISCO","SAN FRANCISCO",-122.41108703613281,37.7816162109375
9502480,2022,2022-10-06,3801,2022-08-22,0837,1527,NORTH,1,5,7,3801,0,0,0,,0,03E,"VAN NESS AV","MCALLISTER ST",6.00,W,N,A,-,N,,,,,,,,,,N,4,0,1,2,A,-,08,22107,,F,D,G,A,A,H,-,A,A,0,,Y,,,Y,,D,22,0,0,1,0,0,0,1,0,0,"- ","- ",,,"SAN FRANCISCO","SAN FRANCISCO",-122.42020416259766,37.780075073242188
9503051,2022,2022-09-21,3801,2022-08-18,1337,1304,NORTH,4,5,7,3801,0,0,0,,0,3E5A,"FELL ST","DIVISADERO ST",118.00,E,N,A,-,N,,,,,,,,,,N,4,0,1,2,A,-,09,21801,A,N,D,G,A,A,H,-,A,D,0,,Y,,,Y,,A,01,0,0,1,0,0,0,1,0,0,"- ","- ",,,"SAN FRANCISCO","SAN FRANCISCO",-122.43719482421875,37.77410888671875
9503059,2022,2022-10-11,3801,2022-08-18,1739,1945,BAYVI,4,5,7,3801,0,0,0,,0,3C13D,"3RD ST","LA SALLE AV",0.00,,Y,A,-,N,,,,,,,,,,N,4,0,1,2,A,-,03,22350,,N,D,-,A,A,H,-,A,A,0,,Y,,,Y,,-,"- ",0,0,1,0,0,0,1,0,0,"- ","- ",,,"SAN FRANCISCO","SAN FRANCISCO",-122.38993835449219,37.737216949462891
9503061,2022,2022-09-22,3801,2022-08-05,1440,724,INGLE,5,5,7,3801,0,0,0,,0,3H13C,"ACTON ST","MISSION ST",0.00,,Y,A,-,N,,,,,,,,,,N,3,0,1,2,A,-,12,21453,A,N,D,G,A,A,H,-,A,A,0,,Y,,,Y,Y,L,04,0,1,0,0,0,0,1,0,0,"- ","- ",,,"SAN FRANCISCO","SAN FRANCISCO",-122.4527587890625,37.70880126953125
9503072,2022,2022-09-23,3801,2022-08-22,1013,1949,CENTR,1,5,7,3801,0,0,0,,0,3A11A,"THE EMBARCADERO",LOMBARD,0.00,,Y,A,-,N,,,,,,,,,,N,4,0,1,2,A,-,17,22517,,N,H,G,A,A,-,-,A,A,0,,Y,,,Y,,A,01,0,0,1,0,0,0,1,0,0,"- ","- ",,,"SAN FRANCISCO","SAN FRANCISCO",-122.40220642089844,37.804168701171875
9503078,2022,2022-09-22,3801,2022-08-05,1618,1033,TENDE,5,5,7,3801,0,0,0,,0,3J15D,"LARKIN ST","GROVE ST",0.00,,Y,A,-,N,,,,,,,,,,N,2,0,1,2,A,-,03,22350,,N,D,G,A,A,H,-,A,A,0,,Y,,,Y,,L,04,1,0,0,0,0,0,1,0,0,"- ","- ",,,"SAN FRANCISCO","SAN FRANCISCO",-122.41658782958984,37.778659820556641
9503095,2022,2022-09-21,3801,2022-08-07,1355,737,NORTH,7,5,7,3801,0,0,0,,0,3E77,"EDDY ST","FILLMORE ST",0.00,,Y,A,-,N,,,,,,,,,,N,3,0,1,2,A,-,08,22107,,N,D,G,A,A,H,-,A,D,0,,Y,,,Y,,L,04,0,1,0,0,0,0,1,0,0,"- ","- ",,,"SAN FRANCISCO","SAN FRANCISCO",-122.43231964111328,37.781425476074219
9503106,2022,2022-09-21,3801,2022-08-09,1830,1100,TENDE,2,5,7,3801,0,0,0,,0,3J5D,"MARKET ST","5TH ST",120.00,E,N,A,-,N,,,,,,,,,,N,3,0,1,1,A,-,03,22350,,N,F,I,A,A,-,-,A,D,0,,Y,,,Y,,L,04,0,1,0,0,0,0,1,0,0,"- ","- ",,,"SAN FRANCISCO","SAN FRANCISCO",-122.40776062011719,37.784229278564453
9503117,2022,2022-09-21,3801,2022-08-11,2112,2035,MISSI,4,5,7,3801,0,0,0,,0,3D16E,"17TH ST","BRYAN ST",0.00,,Y,A,-,N,,,,,,,,,,N,4,0,1,2,A,-,09,21801,,N,D,G,A,A,H,-,C,A,0,,Y,,,Y,,A,01,0,0,1,0,0,0,1,0,0,"- ","- ",,,"SAN FRANCISCO","SAN FRANCISCO",-122.41038513183594,37.764324188232422
9503141,2022,2022-09-19,3801,2022-07-31,1944,4178,NORTH,7,5,7,3801,0,0,0,,0,4B3A,"WEBSTER ST","HAYES ST",0.00,,Y,A,-,N,,,,,,,,,,N,2,0,1,2,A,-,12,21453,A,N,D,G,A,A,H,-,B,A,0,,Y,,,Y,,L,04,1,0,0,0,0,0,1,0,0,"- ","- ",,,"SAN FRANCISCO","SAN FRANCISCO",-122.42953491210938,37.776042938232422
9503187,2022,2022-09-21,3801,2022-08-28,1641,1133,CENTR,7,5,7,3801,0,0,0,,0,0A4,"THE EMBARCADERO",BROADWAY,0.00,,Y,A,-,N,,,,,,,,,,N,3,0,1,2,A,-,12,21453,A,F,D,C,A,A,H,-,A,A,0,,Y,Y,,Y,,L,04,0,1,0,0,0,0,0,0,1,"- ","- ",,,"SAN FRANCISCO","SAN FRANCISCO",-122.39775848388672,37.799182891845703
9503197,2022,2022-09-21,3801,2022-08-20,2115,2479,BAYVI,6,5,7,3801,0,0,0,,0,3C13E,"3RD ST","KIRKWOOD AV",0.00,,Y,A,-,N,,,,,,,,,,N,4,0,1,1,A,-,03,22350,,N,E,I,A,A,H,-,C,A,0,,Y,,,Y,,L,04,0,0,1,0,0,0,1,0,0,"- ","- ",,,"SAN FRANCISCO","SAN FRANCISCO",-122.38967895507812,37.737998962402344
9503252,2022,2022-09-21,3801,2022-08-16,0719,1316,RICHM,2,5,7,3801,0,0,0,,0,3G14A,"CHAIN OF LAKES DR E","JOHN F KENNEDY DR",0.00,,Y,A,-,N,,,,,,,,,,N,3,0,1,2,A,-,12,22450,A,N,D,G,A,A,H,-,A,A,0,,Y,,,Y,,A,01,0,1,0,0,0,0,1,0,0,"- ","- ",,,"SAN FRANCISCO","SAN FRANCISCO",,
9503260,2022,2022-10-05,3801,2022-08-02,1624,104,TRAFF,2,5,7,3801,0,0,0,,0,104,"TERRY A FRANCOIS BL","3RD ST",98.00,E,N,A,-,N,,,,,,,,,,N,3,0,2,2,A,-,03,22350,,N,A,-,A,A,H,-,A,D,0,,Y,,,Y,,-,"- ",0,2,0,0,0,0,1,0,0,"- ","- ",,,"SAN FRANCISCO","SAN FRANCISCO",-122.38990020751953,37.776298522949219
9503318,2022,2022-09-22,3801,2022-07-10,1000,1148,MISSI,7,5,7,3801,0,0,0,,0,3D15D,"26TH ST","FAIR OAKS ST",0.00,,Y,A,-,N,,,,,,,,,,N,3,0,1,2,A,-,09,21801,A,N,D,G,A,A,H,-,A,D,0,,Y,,,Y,,A,01,0,1,0,0,0,0,1,0,0,"- ","- ",,,"SAN FRANCISCO","SAN FRANCISCO",-122.42366790771484,37.748710632324219
9505231,2022,2022-10-11,3801,2022-05-11,1036,1347,PARK,3,5,7,3801,0,0,0,,0,004,"WALLER ST","FILLMORE ST",0.00,,Y,A,-,N,,,,,,,,,,N,3,0,1,2,A,-,12,22450,A,N,D,G,A,A,H,-,A,A,0,,Y,,,Y,,L,04,0,1,0,0,0,0,1,0,0,"- ","- ",,,"SAN FRANCISCO","SAN FRANCISCO",-122.43023681640625,37.771190643310547
9505647,2022,2022-11-17,3801,2022-10-27,0720,1917,TARAV,4,5,7,3801,0,0,0,,0,3I1DA,"SANTA CLARA AV","SAINT FRANCIS BL",0.00,,Y,A,-,N,,,,,,,,,,N,4,0,1,2,A,-,09,21802,A,N,D,G,A,A,H,-,C,A,0,,Y,,,Y,,D,22,0,0,1,0,0,0,1,0,0,"- ","- ",,,"SAN FRANCISCO","SAN FRANCISCO",-122.46625518798828,37.734947204589844
9505785,2022,2022-11-08,3801,2022-09-30,2115,1544,CENTR,5,5,7,3801,0,0,0,,0,,"MARKET ST",SUTTER,39.00,W,N,A,-,N,,,,,,,,,,N,2,0,1,1,C,-,18,,,N,E,J,A,A,A,-,C,A,0,,Y,,,Y,,-,"- ",1,0,0,0,0,0,1,0,0,"- ","- ",,,"SAN FRANCISCO","SAN FRANCISCO",-122.40023803710938,37.79022216796875
9505789,2022,2022-11-08,3801,2022-09-30,1746,1680,MISSI,5,5,7,3801,0,0,0,,0,3D13D,"MISSION ST","25TH ST",0.00,,Y,A,-,N,,,,,,,,,,N,3,0,1,2,A,-,08,22100,B,N,H,G,A,A,H,-,A,A,0,,Y,Y,,Y,,L,04,0,1,0,0,0,0,1,0,0,"- ","- ",,,"SAN FRANCISCO","SAN FRANCISCO",-122.41830444335938,37.750663757324219
9505790,2022,2022-11-08,3801,2022-09-30,1753,203,MISSI,5,5,7,3801,0,0,0,,0,,"FOLSOM ST","24TH ST",0.00,,Y,A,-,N,,,,,,,,,,N,3,0,1,2,A,-,09,21801,A,N,A,-,A,A,H,-,A,A,0,,Y,,,Y,,A,01,0,1,0,0,0,0,1,0,0,"- ","- ",,,"SAN FRANCISCO","SAN FRANCISCO",-122.41409301757812,37.752506256103516
9505806,2022,2022-11-15,3801,2022-10-21,1904,1480,MISSI,5,5,7,3801,0,0,0,,0,3D15E,"POTRERO AV","17TH ST",150.00,S,N,A,-,N,,,,,,,,,,N,4,0,1,2,A,-,03,22350,,F,D,G,A,A,H,-,C,D,0,,Y,,,Y,,-,,0,0,1,0,0,0,1,0,0,"- ","- ",,,"SAN FRANCISCO","SAN FRANCISCO",-122.40740203857422,37.764080047607422
9505812,2022,2022-11-15,3801,2022-10-23,1818,1857,NORTH,7,5,7,3801,0,0,0,,0,3E13D,"POLK ST","HEMLOCK ST",0.00,,Y,A,-,N,,,,,,,,,,N,3,0,1,2,A,-,08,22107,,F,B,G,A,A,H,-,B,A,0,,Y,,,Y,,A,01,0,1,0,0,0,0,1,0,0,"- ","- ",,,"SAN FRANCISCO","SAN FRANCISCO",-122.41999053955078,37.78729248046875
9505815,2022,2022-11-16,3801,2022-10-21,1207,668,NORTH,5,5,7,3801,0,0,0,,0,3E13A,"POLK ST","HAYES ST",0.00,,Y,A,-,N,,,,,,,,,,N,4,0,1,2,A,-,08,22107,,N,B,G,A,A,H,-,A,A,0,,Y,,,Y,,-,,0,0,1,0,0,0,1,0,0,"- ","- ",,,"SAN FRANCISCO","SAN FRANCISCO",-122.41803741455078,37.777507781982422
9505828,2022,2022-11-21,3801,2022-10-16,2241,2315,MISSI,7,5,7,3801,0,0,0,,0,3D15E,"17TH ST","CAPP ST",0.00,,Y,A,-,N,,,,,,,,,,Y,4,0,1,2,A,-,12,22450,A,F,D,G,A,A,H,-,C,D,0,,Y,,,Y,Y,A,01,0,0,1,0,0,0,1,0,0,"- ","- ",,,"SAN FRANCISCO","SAN FRANCISCO",-122.41853332519531,37.763477325439453
9505837,2022,2022-11-16,3801,2022-10-18,1208,2088,INGLE,2,5,7,3801,0,0,0,,0,3H15A,"MISSION ST","AMAZON AV",0.00,,Y,A,-,N,,,,,,,,,,N,4,0,1,2,A,-,08,22107,,N,-,-,A,A,H,-,A,B,0,,Y,,,Y,,A,01,0,0,1,0,0,0,1,0,0,"- ","- ",,,"SAN FRANCISCO","SAN FRANCISCO",-122.4404296875,37.717235565185547
9505838,2022,2022-11-16,3801,2022-10-18,0615,2493,PARK,2,5,7,3801,0,0,0,,0,3F13A,"OAK ST","CENTRAL AV",0.00,,Y,A,-,N,,,,,,,,,,N,3,0,1,2,A,-,12,21453,A,F,D,G,A,A,H,-,C,A,0,,Y,,,Y,,A,01,0,1,0,0,0,0,1,0,0,"- ","- ",,,"SAN FRANCISCO","SAN FRANCISCO",-122.44405364990234,37.772289276123047
9505929,2022,2022-11-22,3801,2022-10-10,1628,1637,SOUTH,1,5,7,3801,0,0,0,,0,3B14D,"10TH ST","BRYANT ST",0.00,,Y,A,-,N,,,,,,,,,,N,4,0,1,2,A,-,05,21650,1,N,A,G,A,A,-,-,A,A,0,,Y,,,Y,,L,04,0,0,1,0,0,0,1,0,0,"- ","- ",,,"SAN FRANCISCO","SAN FRANCISCO",-122.40973663330078,37.770336151123047
9505940,2022,2022-11-14,3801,2022-10-17,0723,54,TARAV,1,5,7,3801,0,0,0,,0,3I11A,"SANTIAGO ST","19TH AV",7.00,E,N,A,-,N,,,,,,,,,,N,3,0,1,2,A,-,05,21650,1,N,D,G,A,A,H,-,A,A,0,,Y,,,Y,,L,04,0,1,0,0,0,0,1,0,0,"- ","- ",,,"SAN FRANCISCO","SAN FRANCISCO",-122.47577667236328,37.744899749755859
9505962,2022,2022-11-10,3801,2022-10-10,1602,307,NORTH,1,5,7,3801,0,0,0,,0,3E13D,"TURK ST","VAN NESS AV",150.00,W,N,A,-,N,,,,,,,,,,N,4,0,1,2,A,-,"- ",,,F,D,G,A,A,H,-,A,A,0,,Y,,,Y,,L,04,0,0,1,0,0,0,1,0,0,"- ","- ",,,"SAN FRANCISCO","SAN FRANCISCO",-122.42109680175781,37.781879425048828
9505966,2022,2022-11-10,3801,2022-10-05,0937,610,MISSI,3,5,7,3801,0,0,0,,0,3D11A,"CLINTON PARK","VALENCIA ST",35.00,E,N,A,-,N,,,,,,,,,,N,3,0,1,2,A,-,17,21657,,N,-,G,A,A,H,-,A,D,0,,Y,,,Y,,L,04,0,1,0,0,0,0,1,0,0,"- ","- ",,,"SAN FRANCISCO","SAN FRANCISCO",-122.42218780517578,37.769287109375
9506058,2022,2022-11-10,3801,2022-10-01,1427,4274,RICHM,6,5,7,3801,0,0,0,,0,3G13C,"CABRILLO ST","41ST AV",121.00,W,N,A,-,N,,,,,,,,,,N,3,0,1,2,A,-,03,22350,,N,B,G,A,A,H,-,A,D,0,,Y,,,Y,,L,04,0,1,0,0,0,0,1,0,0,"- ","- ",,,"SAN FRANCISCO","SAN FRANCISCO",-122.50187683105469,37.773612976074219
9506063,2022,2022-11-10,3801,2022-10-04,1542,1371,NORTH,2,5,7,3801,0,0,0,,0,002,"FULTON ST","OCTAVIA ST",38.00,W,N,A,-,N,,,,,,,,,,N,4,0,1,2,A,-,04,21703,,N,C,G,A,A,D,-,A,A,0,,Y,,,Y,,L,04,0,0,1,0,0,0,1,0,0,"- ","- ",,,"SAN FRANCISCO","SAN FRANCISCO",-122.42511749267578,37.778522491455078
9506068,2022,2022-11-10,3801,2022-10-04,1300,4335,RICHM,2,5,7,3801,0,0,0,,0,901,"CLEMENT ST","21ST AV",28.00,E,N,A,-,N,,,,,,,,,,N,3,0,1,2,A,-,03,22350,,N,D,G,A,A,H,-,A,D,0,,Y,,,Y,,L,04,0,1,0,0,0,0,1,0,0,"- ","- ",,,"SAN FRANCISCO","SAN FRANCISCO",-122.48049163818359,37.782203674316406
9506229,2022,2022-10-20,3801,2022-09-16,1700,1848,PARK,5,5,7,3801,0,0,0,,0,01D,"17TH ST","CHURCH ST",0.00,,Y,A,-,N,,,,,,,,,,N,3,0,1,2,A,-,09,21801,A,N,H,G,A,A,H,-,A,A,0,,Y,,,Y,,A,01,0,1,0,0,0,0,1,0,0,"- ","- ",,,"SAN FRANCISCO","SAN FRANCISCO",-122.42851257324219,37.762882232666016
9506345,2022,2022-10-11,3801,2022-09-02,2110,1660,SOUTH,5,5,7,3801,0,0,0,,0,3B13E,EMBARCADERO,"MISSION ST",0.00,,Y,A,-,N,,,,,,,,,,N,4,0,1,2,A,-,03,22350,A,F,B,B,F,A,H,-,C,D,0,Y,Y,,,Y,Y,L,04,0,0,1,0,1,0,0,0,0,"- ","- ",,,"SAN FRANCISCO","SAN FRANCISCO",-122.39263153076172,37.793708801269531
9506392,2022,2022-10-11,3801,2022-09-16,2206,1350,BAYVI,5,5,7,3801,0,0,0,,0,3C13E,"3RD ST","NEWCOMB AV",0.00,,Y,A,-,N,,,,,,,,,,Y,4,0,1,2,A,-,12,21453,A,F,D,G,A,A,H,-,C,A,0,,Y,,,Y,,-,99,0,0,1,0,0,0,1,0,0,"- ","- ",,,"SAN FRANCISCO","SAN FRANCISCO",-122.39049530029297,37.735633850097656
9506489,2022,2022-10-10,3801,2022-09-21,0454,2467,BAYVI,3,5,7,3801,0,0,0,,0,,"25TH ST","3RD ST",0.00,,Y,C,-,N,,,,,,,,,,,4,0,1,2,A,-,08,22107,,N,D,G,A,B,H,-,C,A,0,,Y,,,Y,,-,,0,0,1,0,0,0,1,0,0,"- ","- ",,,"SAN FRANCISCO","SAN FRANCISCO",-122.38787841796875,37.752838134765625
9506514,2022,2022-10-14,3801,2022-09-12,1610,1194,TENDE,1,5,7,3801,0,0,0,,0,0J3,"GROVE ST","LARKIN ST",0.00,,Y,A,-,N,,,,,,,,,,N,4,0,1,2,A,-,09,21801,A,N,A,G,A,A,H,-,A,A,0,,Y,,,Y,,A,01,0,0,1,0,0,0,1,0,0,"- ","- ",,,"SAN FRANCISCO","SAN FRANCISCO",-122.41658782958984,37.778659820556641
9506521,2022,2022-10-11,3801,2022-09-21,1452,4102,SOUTH,3,5,7,3801,0,0,0,,0,3B47,"TOWNSEND ST","STANFORD ST",20.00,W,N,A,-,N,,,,,,,,,,N,4,0,1,2,A,-,08,22102,,N,D,G,A,-,H,-,A,D,0,,Y,,,Y,,A,01,0,0,1,0,0,0,1,0,0,"- ","- ",,,"SAN FRANCISCO","SAN FRANCISCO",-122.39112854003906,37.780162811279297
9506609,2022,2022-10-10,3801,2022-09-18,2028,1244,SOUTH,7,5,7,3801,0,0,0,,0,3801,"ELGIN PARK","DUBOCE AV",50.00,N,N,B,-,N,,,,,,,,,,N,3,0,1,2,A,-,08,22107,,N,C,E,A,B,H,-,C,D,0,,Y,,,Y,,L,04,0,1,0,0,0,0,1,0,0,"- ","- ",,,"SAN FRANCISCO","SAN FRANCISCO",-122.42316436767578,37.769966125488281
9506616,2022,2022-10-10,3801,2022-09-09,1410,2466,RICHM,5,5,7,3801,0,0,0,,0,THREE,"4TH AV","CORNWALL ST",0.00,,Y,A,-,N,,,,,,,,,,N,3,0,1,2,D,-,00,,,N,B,-,A,-,-,-,A,D,0,,Y,,,Y,,-,"- ",0,1,0,0,0,0,1,0,0,"- ","- ",,,"SAN FRANCISCO","SAN FRANCISCO",-122.46242523193359,37.784908294677734
9506630,2022,2022-10-10,3801,2022-09-05,1518,1371,NORTH,1,5,7,3801,0,0,0,,0,001,"OAK ST","SCOTT ST",151.00,W,N,A,-,N,,,,,,,,,,N,2,0,1,1,A,-,03,22350,,N,H,J,A,A,H,-,A,A,0,,Y,,,Y,,L,04,1,0,0,0,0,0,1,0,0,"- ","- ",,,"SAN FRANCISCO","SAN FRANCISCO",-122.43628692626953,37.773269653320312
9506634,2022,2022-10-10,3801,2022-09-07,0827,2491,SOUTH,3,5,7,3801,0,0,0,,0,3B110,"11TH ST","MISSION ST",0.00,,Y,A,-,N,,,,,,,,,,N,3,0,1,2,A,-,12,21453,A,N,D,G,A,A,H,-,A,A,0,,Y,,,Y,Y,-,"- ",0,1,0,0,0,0,1,0,0,"- ","- ",,,"SAN FRANCISCO","SAN FRANCISCO",-122.41709899902344,37.774330139160156
9506636,2022,2022-10-10,3801,2022-09-10,1538,2118,SOUTH,6,5,7,3801,0,0,0,,0,3B12D,"MARKET ST","VALENCIA ST",0.00,,Y,A,-,N,,,,,,,,,,N,4,0,1,2,A,-,12,21453,A,N,D,G,A,A,H,-,A,A,0,,Y,Y,,Y,,C,03,0,0,1,0,0,0,0,0,1,"- ","- ",,,"SAN FRANCISCO","SAN FRANCISCO",-122.42262268066406,37.772548675537109
9509950,2022,2022-12-15,3801,2022-11-12,1008,1061,SOUTH,6,5,7,3801,0,0,0,,0,3B14A,"2ND ST","TEHAMA ST",0.00,,Y,A,-,N,,,,,,,,,,N,3,0,1,2,A,-,08,22101,,F,B,G,A,A,-,-,A,D,0,,Y,,,Y,,A,01,0,1,0,0,0,0,1,0,0,"- ","- ",,,"SAN FRANCISCO","SAN FRANCISCO",-122.39771270751953,37.786346435546875