CASE_ID,ACCIDENT_YEAR,PROC_DATE,JURIS,COLLISION_DATE,COLLISION_TIME,OFFICER_ID,REPORTING_DISTRICT,DAY_OF_WEEK,CHP_SHIFT,POPULATION,CNTY_CITY_LOC,SPECIAL_COND,BEAT_TYPE,CHP_BEAT_TYPE,CITY_DIVISION_LAPD,CHP_BEAT_CLASS,BEAT_NUMBER,PRIMARY_RD,SECONDARY_RD,DISTANCE,DIRECTION,INTERSECTION,WEATHER_1,WEATHER_2,STATE_HWY_IND,CALTRANS_COUNTY,CALTRANS_DISTRICT,STATE_ROUTE,ROUTE_SUFFIX,POSTMILE_PREFIX,POSTMILE,LOCATION_TYPE,RAMP_INTERSECTION,SIDE_OF_HWY,TOW_AWAY,COLLISION_SEVERITY,NUMBER_KILLED,NUMBER_INJURED,PARTY_COUNT,PRIMARY_COLL_FACTOR,PCF_CODE_OF_VIOL,PCF_VIOL_CATEGORY,PCF_VIOLATION,PCF_VIOL_SUBSECTION,HIT_AND_RUN,TYPE_OF_COLLISION,MVIW,PED_ACTION,ROAD_SURFACE,ROAD_COND_1,ROAD_COND_2,LIGHTING,CONTROL_DEVICE,CHP_ROAD_TYPE,PEDESTRIAN_ACCIDENT,BICYCLE_ACCIDENT,MOTORCYCLE_ACCIDENT,TRUCK_ACCIDENT,NOT_PRIVATE_PROPERTY,ALCOHOL_INVOLVED,STWD_VEHTYPE_AT_FAULT,CHP_VEHTYPE_AT_FAULT,COUNT_SEVERE_INJ,COUNT_VISIBLE_INJ,COUNT_COMPLAINT_PAIN,COUNT_PED_KILLED,COUNT_PED_INJURED,COUNT_BICYCLIST_KILLED,COUNT_BICYCLIST_INJURED,COUNT_MC_KILLED,COUNT_MC_INJURED,PRIMARY_RAMP,SECONDARY_RAMP,LATITUDE,LONGITUDE,COUNTY,CITY,POINT_X,POINT_Y
9509967,2022,2022-12-16,3801,2022-11-07,0749,257,RICHM,1,5,7,3801,0,0,0,,0,3G4A,"21ST AV","CLEMENT ST",0.00,,Y,A,-,N,,,,,,,,,,N,4,0,1,2,A,-,08,22107,,N,D,G,A,B,H,-,A,D,0,,Y,,,Y,,A,01,0,0,1,0,0,0,1,0,0,"- ","- ",,,"SAN FRANCISCO","SAN FRANCISCO",-122.4805908203125,37.782199859619141
9510077,2022,2022-12-08,3801,2022-10-25,1615,4175,TRAFF,2,5,7,3801,0,0,0,,0,4B4D,"ANZA ST","STANYAN ST",0.00,,Y,A,-,N,,,,,,,,,,N,4,0,1,2,A,-,09,21801,A,N,D,G,A,A,H,-,A,A,0,,Y,,,Y,,A,01,0,0,1,0,0,0,1,0,0,"- ","- ",,,"SAN FRANCISCO","SAN FRANCISCO",-122.45619201660156,37.779811859130859
9510133,2022,2022-12-12,3801,2022-11-10,1205,1145,SOUTH,4,5,7,3801,0,0,0,,0,3B1A,"2ND ST","DOW PL",64.00,S,N,A,-,N,,,,,,,,,,N,4,0,1,2,A,-,09,21804,A,N,D,G,A,A,H,-,A,D,0,,Y,,,Y,,A,01,0,0,1,0,0,0,1,0,0,"- ","- ",,,"SAN FRANCISCO","SAN FRANCISCO",-122.39576721191406,37.784782409667969
9522323,2022,2022-12-20,3801,2022-11-19,1333,2151,PARK,6,5,7,3801,0,0,0,,0,,"GOLDEN GATE AV","ROSELYN TER",0.00,,Y,A,-,N,,,,,,,,,,N,4,0,1,2,A,-,03,22350,,N,D,G,A,A,H,-,A,D,0,,Y,,,Y,,L,04,0,0,1,0,0,0,1,0,0,"- ","- ",,,"SAN FRANCISCO","SAN FRANCISCO",-122.44957733154297,37.777320861816406
9522356,2022,2022-12-20,3801,2022-11-25,0151,2457,SOUTH,5,5,7,3801,0,0,0,,0,3B15E,"7TH ST","MISSION BAY BL NORTH",0.00,,Y,A,-,N,,,,,,,,,,N,3,0,1,1,A,-,03,22350,,N,F,J,A,A,H,-,C,A,0,,Y,,,Y,,L,04,0,1,0,0,0,0,1,0,0,"- ","- ",,,"SAN FRANCISCO","SAN FRANCISCO",-122.39868927001953,37.769416809082031
9529305,2022,2022-12-06,3801,2022-07-05,1217,1832,TENDE,2,5,7,3801,0,0,0,,0,3J93C,"6TH ST","STEVENSON ST",45.00,S,N,A,-,N,,,,,,,,,,Y,3,0,1,2,A,-,03,22350,,F,A,G,A,A,H,-,A,D,0,,Y,,,Y,,A,01,0,1,0,0,0,0,1,0,0,"- ","- ",,,"SAN FRANCISCO","SAN FRANCISCO",-122.40956115722656,37.781681060791016
9531182,2022,2022-12-13,3801,2022-09-06,1606,1160,SOUTH,2,5,7,3801,0,0,0,,0,0B4,"MISSION ST","11TH ST",0.00,,Y,A,-,N,,,,,,,,,,N,4,0,1,2,A,-,12,21453,A,N,D,G,A,A,H,-,A,A,0,,Y,,,Y,,L,04,0,0,1,0,0,0,1,0,0,"- ","- ",,,"SAN FRANCISCO","SAN FRANCISCO",-122.41709899902344,37.774330139160156
9531191,2022,2022-12-22,3801,2022-11-25,1750,964,NORTH,5,5,7,3801,0,0,0,,0,3E11D,"HAYES ST","GOUGH ST",0.00,,Y,-,-,N,,,,,,,,,,N,4,0,1,1,D,-,00,,,N,-,A,A,-,H,-,-,-,0,,Y,,,Y,,-,"- ",0,0,1,0,0,0,1,0,0,"- ","- ",,,"SAN FRANCISCO","SAN FRANCISCO",-122.42296600341797,37.776878356933594
9531229,2022,2022-12-20,3801,2022-11-26,0919,624,NORTH,6,5,7,3801,0,0,0,,0,002,"GEARY BL","SCOTT ST",0.00,,Y,A,-,N,,,,,,,,,,N,3,0,1,2,A,-,12,21453,A,N,D,G,A,A,H,-,A,A,0,,Y,,,Y,,L,04,0,1,0,0,0,0,1,0,0,"- ","- ",,,"SAN FRANCISCO","SAN FRANCISCO",-122.43785095214844,37.783790588378906
9531239,2022,2022-12-20,3801,2022-11-05,1745,1148,MISSI,6,5,7,3801,0,0,0,,0,3D15D,"BRYANT ST","18TH ST",85.00,S,N,A,-,N,,,,,,,,,,N,3,0,1,2,A,-,17,22517,,N,-,G,A,B,H,-,A,D,0,,Y,,,Y,,A,01,0,1,0,0,0,0,1,0,0,"- ","- ",,,"SAN FRANCISCO","SAN FRANCISCO",-122.41012573242188,37.761516571044922
9531356,2022,2022-12-19,3801,2022-11-01,1228,1297,PARK,2,5,7,3801,0,0,0,,0,3F13A,"7TH AV","KIRKHAM ST",0.00,,Y,C,-,N,,,,,,,,,,N,3,0,1,2,A,-,03,22350,,N,D,G,A,B,-,-,A,A,0,,Y,,,Y,,L,04,0,1,0,0,0,0,1,0,0,"- ","- ",,,"SAN FRANCISCO","SAN FRANCISCO",-122.46392059326172,37.760391235351562
9531456,2022,2022-11-10,3801,2022-10-03,0848,1364,NORTH,1,5,7,3801,0,0,0,,0,NORTHE,"OAK ST",GOUGH,5.00,W,N,A,-,N,,,,,,,,,,N,2,0,2,2,A,-,11,21950,B,N,D,B,B,A,H,-,A,A,0,Y,Y,,,Y,,N,60,1,1,0,0,1,0,1,0,0,"- ","- ",,,"SAN FRANCISCO","SAN FRANCISCO",-122.422607421875,37.775016784667969
9531457,2022,2022-11-22,3801,2022-10-04,1737,1039,MISSI,2,5,7,3801,0,0,0,,0,003,VALENCIA,"18TH ST",250.00,S,N,A,-,N,,,,,,,,,,N,3,0,1,2,A,-,08,22107,,N,C,G,A,A,H,-,A,D,0,,Y,,,Y,,A,01,0,1,0,0,0,0,1,0,0,"- ","- ",,,"SAN FRANCISCO","SAN FRANCISCO",-122.42149353027344,37.761024475097656
9532079,2022,2022-11-17,3801,2022-10-25,0859,796,NORTH,2,5,7,3801,0,0,0,,0,3E15A,"DIVISADERO ST","GREENWICH ST",0.00,,Y,A,-,N,,,,,,,,,,N,4,0,1,2,A,-,09,21800,A,N,D,G,A,A,H,-,A,A,0,,Y,,,Y,,A,01,0,0,1,0,0,0,1,0,0,"- ","- ",,,"SAN FRANCISCO","SAN FRANCISCO",-122.44245910644531,37.798110961914062
9532089,2022,2022-11-22,3801,2022-10-03,1050,2202,INGLE,1,5,7,3801,0,0,0,,0,3F14A,"GENEVA AV","NAPLES ST",0.00,,Y,A,-,N,,,,,,,,,,N,4,0,1,2,A,-,03,22350,,N,D,G,A,A,H,-,A,A,0,,Y,,,Y,,L,04,0,0,1,0,0,0,1,0,0,"- ","- ",,,"SAN FRANCISCO","SAN FRANCISCO",-122.43618774414062,37.714210510253906
9532107,2022,2022-11-21,3801,2022-05-17,0841,1325,TENDE,2,5,7,3801,0,0,0,,0,3J90A,"7TH ST","MARKET ST",0.00,,Y,A,-,N,,,,,,,,,,N,3,0,1,3,A,-,17,22517,,N,B,G,A,A,H,-,A,D,0,,Y,,,Y,,A,01,0,1,0,0,0,0,1,0,0,"- ","- ",,,"SAN FRANCISCO","SAN FRANCISCO",-122.41251373291016,37.780479431152344
9543057,2022,2023-01-27,3801,2022-11-22,1708,1414,MISSI,2,5,7,3801,0,0,0,,0,3D13D,"BRYANT ST","16TH ST",0.00,,Y,A,-,N,,,,,,,,,,N,3,0,1,1,D,-,00,,,N,H,-,A,A,H,-,C,A,0,,Y,,,Y,,-,"- ",0,1,0,0,0,0,1,0,0,"- ","- ",,,"SAN FRANCISCO","SAN FRANCISCO",-122.4105224609375,37.765594482421875
9543152,2022,2023-02-08,3801,2022-12-08,2028,2239,INGLE,4,5,7,3801,0,0,0,,0,3H11D,"MISSION ST","MISSION ST 3170",0.00,,N,C,-,N,,,,,,,,,,N,3,0,1,2,A,-,17,22517,,N,H,G,A,B,H,-,C,D,0,,Y,,,Y,,A,07,0,1,0,0,0,0,1,0,0,"- ","- ",,,"SAN FRANCISCO","SAN FRANCISCO",-122.41979217529297,37.7705078125
9543169,2022,2023-02-02,3801,2022-12-04,1710,221,RICHM,7,5,7,3801,0,0,0,,0,3G13D,"PARK PRESIDIO BL","ANZA ST",0.00,,Y,C,-,N,,,,,,,,,,N,3,0,1,2,A,-,09,21801,A,N,D,G,A,B,-,-,E,A,0,,Y,,,Y,,A,07,0,1,0,0,0,0,1,0,0,"- ","- ",,,"SAN FRANCISCO","SAN FRANCISCO",-122.47219085693359,37.778724670410156
9543175,2022,2023-02-02,3801,2022-12-02,0800,1015,PARK,5,5,7,3801,0,0,0,,0,2CAR,"17TH ST","MARS ST",0.00,,Y,A,-,N,,,,,,,,,,N,4,0,1,2,A,-,09,21804,A,N,D,G,A,B,H,-,A,A,0,,Y,,,Y,,A,01,0,0,1,0,0,0,1,0,0,"- ","- ",,,"SAN FRANCISCO","SAN FRANCISCO",-122.44429779052734,37.761928558349609
9543250,2022,2023-02-06,3801,2022-12-08,1225,1631,SOUTH,4,5,7,3801,0,0,0,,0,3B11A,"MISSION ST","3RD ST",120.00,E,N,A,-,N,,,,,,,,,,N,3,0,1,3,A,-,17,22517,,N,B,G,A,A,H,-,A,A,0,,Y,,,Y,,A,01,0,1,0,0,0,0,1,0,0,"- ","- ",,,"SAN FRANCISCO","SAN FRANCISCO",-122.40170288085938,37.7864990234375
9543279,2022,2023-01-18,3801,2022-11-20,1831,4239,PARK,7,5,7,3801,0,0,0,,0,3F13D,"BAKER ST","OAK ST",16.00,N,N,A,-,N,,,,,,,,,,N,4,0,1,2,A,-,08,22107,,N,A,G,A,A,H,-,C,A,0,,Y,,,Y,,A,01,0,0,1,0,0,0,1,0,0,"- ","- ",,,"SAN FRANCISCO","SAN FRANCISCO",-122.44077301025391,37.772743225097656
9543437,2022,2023-01-31,3801,2022-12-10,2311,460,INGLE,6,5,7,3801,0,0,0,,0,3H15E,"GENEVA AV","NAPLES ST",0.00,,Y,C,-,N,,,,,,,,,,N,3,0,2,3,A,-,12,21453,A,N,D,C,F,B,H,-,C,A,0,Y,Y,,,Y,,L,04,0,2,0,0,1,0,1,0,0,"- ","- ",,,"SAN FRANCISCO","SAN FRANCISCO",-122.43618774414062,37.714210510253906
9543536,2022,2023-01-11,3801,2022-10-09,1111,1796,RICHM,7,5,7,3801,0,0,0,,0,3G14A,"CABRILLO ST","25TH AV",0.00,,Y,A,-,N,,,,,,,,,,N,4,0,1,2,A,-,08,22107,,N,B,G,A,A,H,-,A,A,0,,Y,,,Y,,-,,0,0,1,0,0,0,1,0,0,"- ","- ",,,"SAN FRANCISCO","SAN FRANCISCO",-122.48432159423828,37.774448394775391
9543558,2022,2023-01-17,3801,2022-11-30,0004,1217,MISSI,3,5,7,3801,0,0,0,,0,1CAR,"VALENCIA ST","18TH ST",215.00,S,N,A,-,N,,,,,,,,,,N,2,0,2,2,A,-,11,21955,,N,D,-,D,A,H,-,C,D,0,Y,Y,,,Y,Y,N,60,1,0,1,0,1,0,1,0,0,"- ","- ",,,"SAN FRANCISCO","SAN FRANCISCO",-122.42150115966797,37.761119842529297
9545384,2023,2023-02-28,3801,2023-01-21,1106,2039,TARAV,6,5,7,3801,0,0,0,,0,005,"JOHN MUIR DR","LAKE MERCED BL",365.00,W,N,A,-,N,,,,,,,,,,N,3,0,1,2,A,-,08,22107,,N,B,G,A,A,H,-,A,D,0,,Y,,,Y,,A,01,0,1,0,0,0,0,1,0,0,"- ","- ",,,"SAN FRANCISCO","SAN FRANCISCO",-122.48682403564453,37.7086181640625
9545432,2023,2023-02-24,3801,2023-01-28,1451,1400,CENTR,6,5,7,3801,0,0,0,,0,3A40C,"JEFFERSON ST","MASON ST",0.00,,Y,A,-,N,,,,,,,,,,,4,0,1,2,A,-,08,22107,,M,B,G,A,A,H,-,A,A,0,,Y,,,Y,Y,A,01,0,0,1,0,0,0,1,0,0,"- ","- ",,,"SAN FRANCISCO","SAN FRANCISCO",-122.41416931152344,37.808395385742188
9545544,2023,2023-02-24,3801,2023-01-15,1407,1845,TARAV,7,5,7,3801,0,0,0,,0,3I11D,"20TH AV","ORTEGA ST",0.00,,Y,C,-,N,,,,,,,,,,N,4,0,1,2,A,-,12,22450,A,N,D,G,A,B,H,-,A,D,0,,Y,,,Y,,A,01,0,0,1,0,0,0,1,0,0,"- ","- ",,,"SAN FRANCISCO","SAN FRANCISCO",-122.4774169921875,37.752300262451172
9545582,2023,2023-02-22,3801,2023-01-08,1456,1355,TARAV,7,5,7,3801,0,0,0,,0,3113B,"GREAT HWY","LINCOLN WY",16.00,S,N,A,-,N,,,,,,,,,,N,3,0,2,2,-,-,"- ",,,N,A,G,A,A,H,-,A,-,0,,Y,,,Y,,-,"- ",0,1,1,0,0,0,2,0,0,"- ","- ",,,"SAN FRANCISCO","SAN FRANCISCO",-122.51044464111328,37.763996124267578
9545728,2022,2023-02-09,3801,2022-12-30,0932,2707,TARAV,5,5,7,3801,0,0,0,,0,2CAR,"JUDAH ST","20TH AV",0.00,,Y,C,-,N,,,,,,,,,,N,4,0,1,2,A,-,09,21800,A,N,D,G,A,B,H,-,A,A,0,,Y,,,Y,,A,08,0,0,1,0,0,0,1,0,0,"- ","- ",,,"SAN FRANCISCO","SAN FRANCISCO",-122.47808837890625,37.761650085449219
9548721,2023,2023-03-09,3801,2023-01-24,"818 ",1653,INGLE,2,5,7,3801,0,0,0,,0,3H3A,"SAN JOSE AV","SAINT MARYS AV",0.00,,Y,A,-,N,,,,,,,,,,N,4,0,1,2,A,-,08,22107,,N,D,G,A,A,H,-,A,-,0,,Y,,,Y,,A,07,0,0,1,0,0,0,1,0,0,"- ","- ",,,"SAN FRANCISCO","SAN FRANCISCO",-122.42839813232422,37.734992980957031
9553663,2023,2023-03-15,3801,2023-01-21,2301,1803,RICHM,6,5,7,3801,0,0,0,,0,3G5E,"FULTON ST","6TH AV",0.00,,Y,A,-,N,,,,,,,,,,N,3,0,1,2,B,-,22,,,N,-,G,A,A,H,-,C,A,0,,Y,,,Y,,A,01,0,1,0,0,0,0,1,0,0,"- ","- ",,,"SAN FRANCISCO","SAN FRANCISCO",-122.46376037597656,37.773612976074219
9553855,2022,2023-03-14,3801,2022-06-03,0751,2402,TARAV,5,5,7,3801,0,0,0,,0,311A,"9TH AV","IRVING ST",0.00,,Y,E,F,N,,,,,,,,,,N,4,0,1,1,-,-,"- ",,,N,E,I,A,B,G,-,A,D,0,,Y,,,Y,,-,"- ",0,0,1,0,0,0,1,0,0,"- ","- ",,,"SAN FRANCISCO","SAN FRANCISCO",-122.46632385253906,37.764034271240234
9553858,2022,2023-03-14,3801,2022-07-18,2234,1217,MISSI,1,5,7,3801,0,0,0,,0,3CAR,"HARRISON ST","21ST ST",0.00,,Y,A,-,N,,,,,,,,,,N,3,0,1,2,A,-,12,22450,A,N,D,G,A,A,H,-,C,D,0,,Y,,,Y,,L,04,0,1,0,0,0,0,1,0,0,"- ","- ",,,"SAN FRANCISCO","SAN FRANCISCO",-122.41237640380859,37.7574462890625
9553872,2022,2023-03-13,3801,2022-10-31,0715,229,MISSI,1,5,7,3801,0,0,0,,0,0D4,"POTRERO AV","CESAR CHAVEZ",78.00,N,N,A,-,N,,,,,,,,,,Y,4,0,1,2,A,-,03,22350,,F,C,G,A,A,H,-,B,A,0,,Y,,,Y,Y,A,01,0,0,1,0,0,0,1,0,0,"- ","- ",,,"SAN FRANCISCO","SAN FRANCISCO",-122.40550994873047,37.749382019042969
9553888,2023,2023-03-15,3801,2023-01-26,1229,750,TENDE,4,5,7,3801,0,0,0,,0,3J11A,"9TH ST","MARKET ST",0.00,,Y,A,-,N,,,,,,,,,,N,4,0,1,2,A,-,"- ",,,N,D,G,A,A,H,-,A,A,0,,Y,,,Y,,L,04,0,0,1,0,0,0,1,0,0,"- ","- ",,,"SAN FRANCISCO","SAN FRANCISCO",-122.41632843017578,37.777500152587891
9553971,2023,2023-04-07,3801,2023-02-27,1700,1276,SOUTH,1,5,7,3801,0,0,0,,0,3B14D,"MARKET ST","SOUTH VAN NESS AV",0.00,,Y,A,-,N,,,,,,,,,,N,3,0,1,2,A,-,12,21453,A,N,D,G,A,A,H,-,A,A,0,,Y,,,Y,,L,04,0,1,0,0,0,0,1,0,0,"- ","- ",,,"SAN FRANCISCO","SAN FRANCISCO",-122.41925811767578,37.775169372558594
9553973,2023,2023-04-07,3801,2023-02-09,1808,1696,NORTH,4,5,7,3801,0,0,0,,0,3E16D,"POLK ST","CALIFORNIA ST",0.00,,Y,A,-,N,,,,,,,,,,N,4,0,1,2,A,-,03,22350,,N,D,G,A,A,H,-,C,A,0,,Y,,,Y,Y,L,04,0,0,1,0,0,0,1,0,0,"- ","- ",,,"SAN FRANCISCO","SAN FRANCISCO",-122.42068481445312,37.790569305419922
9553997,2023,2023-03-25,3801,2023-02-21,1742,1823,MISSI,2,5,7,3801,0,0,0,,0,006,17TH,"FLORIDA ST",0.00,,Y,A,-,N,,,,,,,,,,N,2,0,1,2,A,-,12,22450,,N,D,G,A,A,H,-,A,D,0,,Y,,,Y,,L,04,1,0,0,0,0,0,1,0,0,"- ","- ",,,"SAN FRANCISCO","SAN FRANCISCO",-122.41130828857422,37.764244079589844
9554104,2023,2023-03-16,3801,2023-02-16,1721,2407,MISSI,4,5,7,3801,0,0,0,,0,3D13D,"MARKET ST","14TH ST",0.00,,Y,A,-,N,,,,,,,,,,N,3,0,1,2,A,-,08,22107,,N,B,G,A,A,H,-,A,A,0,,Y,,,Y,,L,04,0,1,0,0,0,0,1,0,0,"- ","- ",,,"SAN FRANCISCO","SAN FRANCISCO",-122.4288330078125,37.767707824707031
9554108,2023,2023-03-22,3801,2023-02-15,1700,1136,MISSI,3,5,7,3801,0,0,0,,0,3D11D,"CASTRO ST","MARKET ST",0.00,,Y,A,-,N,,,,,,,,,,N,3,0,1,2,A,-,08,22107,,F,B,-,A,A,H,-,A,A,0,,Y,,,Y,,A,07,0,1,0,0,0,0,1,0,0,"- ","- ",,,"SAN FRANCISCO","SAN FRANCISCO",-122.43515777587891,37.762641906738281
9554131,2023,2023-03-25,3801,2023-02-07,"645 ",1039,MISSI,2,5,7,3801,0,0,0,,0,003,"HARRISON ST","19TH ST",0.00,,Y,F,-,N,,,,,,,,,,N,3,0,1,2,A,-,09,21801,A,N,D,G,A,-,G,-,B,D,0,,Y,,,Y,,A,07,0,1,0,0,0,0,1,0,0,"- ","- ",,,"SAN FRANCISCO","SAN FRANCISCO",-122.41269683837891,37.760650634765625
9554135,2023,2023-03-25,3801,2023-02-06,1325,1003,INGLE,1,5,7,3801,0,0,0,,0,3CAR,"MISSION ST","COLLEGE TR",0.00,,Y,A,-,N,,,,,,,,,,N,3,0,1,2,A,-,06,21755,,F,B,G,A,A,H,-,A,D,0,,Y,Y,,Y,,C,02,0,1,0,0,0,0,1,0,0,"- ","- ",,,"SAN FRANCISCO","SAN FRANCISCO",-122.42578887939453,37.734283447265625
9555213,2023,2023-04-07,3801,2023-03-10,1333,268,MISSI,5,5,7,3801,0,0,0,,0,3D42A,"17TH ST","DOLORES ST",40.00,E,N,A,-,N,,,,,,,,,,N,3,0,1,3,A,-,11,21453,D,N,B,G,B,A,H,-,A,A,0,Y,Y,,,Y,,N,60,0,1,0,0,0,0,1,0,0,"- ","- ",,,"SAN FRANCISCO","SAN FRANCISCO",-122.42616271972656,37.763019561767578
9560153,2022,2023-03-21,3801,2022-11-29,1600,A09968,PARK,2,5,7,3801,0,0,0,,0,3F13D,"MASONIC AV","GOLDEN GATE AV",0.00,,Y,A,-,N,,,,,,,,,,N,4,0,1,2,A,-,08,22107,,N,B,G,A,A,H,-,A,A,0,,Y,,,Y,,A,01,0,0,1,0,0,0,1,0,0,"- ","- ",,,"SAN FRANCISCO","SAN FRANCISCO",-122.44683837890625,37.777671813964844
9561234,2023,2023-04-28,3801,2023-03-01,1558,1198,MISSI,3,5,7,3801,0,0,0,,0,,"19TH ST","GUERRERO ST",0.00,,Y,A,-,N,,,,,,,,,,N,3,0,1,2,A,-,10,21950,,N,C,G,A,A,H,-,A,A,0,,Y,,,Y,,A,01,0,1,0,0,0,0,1,0,0,"- ","- ",,,"SAN FRANCISCO","SAN FRANCISCO",-122.42362976074219,37.759975433349609
9561238,2023,2023-04-28,3801,2023-03-06,"835 ",179,NORTH,1,5,7,3801,0,0,0,,0,3E12A,"MCALLISTER ST","STEINER ST",136.00,W,N,A,-,N,,,,,,,,,,N,4,0,1,2,A,-,21,22106,,N,-,G,A,A,-,-,A,A,0,,Y,,,Y,,A,01,0,0,1,0,0,0,1,0,0,"- ","- ",,,"SAN FRANCISCO","SAN FRANCISCO",-122.43386840820312,37.778362274169922
9561254,2023,2023-04-08,3801,2023-03-08,1640,1207,SOUTH,3,5,7,3801,0,0,0,,0,0B5,"3RD ST","TOWNSEND ST",25.00,E,N,A,-,N,,,,,,,,,,N,4,0,1,2,A,-,02,22526,A,N,D,G,A,A,H,-,A,A,0,,Y,,,Y,,A,01,0,0,1,0,0,0,1,0,0,"- ","- ",,,"SAN FRANCISCO","SAN FRANCISCO",-122.39269256591797,37.77880859375
9561267,2023,2023-04-08,3801,2023-03-16,1638,390,PARK,4,5,7,3801,0,0,0,,0,001,"KEZAR DR","MARTIN LUTHER KING JR DR",33.00,E,N,A,-,N,,,,,,,,,,N,4,0,1,2,A,-,06,21755,,M,B,G,A,A,H,-,A,A,0,,Y,,,Y,Y,A,01,0,0,1,0,0,0,1,0,0,"- ","- ",,,"SAN FRANCISCO","SAN FRANCISCO",-122.45857238769531,37.767223358154297
9561310,2023,2023-05-03,3801,2023-03-22,1108,4102,SOUTH,3,5,7,3801,0,0,0,,0,3B47,"FREMONT ST","HOWARD ST",50.00,N,N,A,-,N,,,,,,,,,,N,4,0,1,3,A,-,17,22517,,N,H,G,A,A,H,-,A,D,0,,Y,,,Y,,-,,0,0,1,0,0,0,1,0,0,"- ","- ",,,"SAN FRANCISCO","SAN FRANCISCO",-122.395263671875,37.789329528808594
9565835,2023,2023-04-10,3801,2023-03-09,2025,2400,BAYVI,4,5,7,3801,0,0,0,,0,3CAR,"20TH ST","FOLSOM ST",0.00,,Y,C,-,N,,,,,,,,,,N,4,0,1,2,A,-,09,21801,A,N,A,G,A,B,H,-,C,A,0,,Y,,,Y,,J,48,0,0,1,0,0,0,1,0,0,"- ","- ",,,"SAN FRANCISCO","SAN FRANCISCO",-122.41468048095703,37.758888244628906
9567978,2023,2023-06-22,3801,2023-05-22,"807 ",937,BAYVI,1,5,7,3801,0,0,0,,0,3C13A,"WHITNEY YOUNG CIR","NEWCOMB AV",0.00,,Y,A,-,N,,,,,,,,,,N,3,0,1,2,A,-,09,21801,A,N,D,G,A,A,H,-,A,D,0,,Y,,,Y,,L,04,0,1,0,0,0,0,1,0,0,"- ","- ",,,"SAN FRANCISCO","SAN FRANCISCO",-122.38455963134766,37.7333984375
9567986,2023,2023-06-22,3801,2023-05-22,"808 ",1825,SOUTH,1,5,7,3801,0,0,0,,0,3B12A,"5TH ST","FOLSOM ST",0.00,,Y,A,-,N,,,,,,,,,,N,3,0,1,2,A,-,09,21453,C,N,D,G,A,A,H,-,A,A,0,,Y,,,Y,,A,01,0,1,0,0,0,0,1,0,0,"- ","- ",,,"SAN FRANCISCO","SAN FRANCISCO",-122.40340423583984,37.7802734375
9568554,2023,2023-05-09,3801,2023-04-01,1044,1474,BAYVI,6,5,7,3801,0,0,0,,0,901,"3RD ST","3RD ST 6214",11.00,E,N,A,-,N,,,,,,,,,,N,4,0,1,2,A,-,08,22107,,F,C,G,A,A,H,-,A,D,0,,Y,,,Y,Y,A,01,0,0,1,0,0,0,1,0,0,"- ","- ",,,"SAN FRANCISCO","SAN FRANCISCO",-122.39082336425781,37.777328491210938
9572290,2023,2023-06-07,3801,2023-05-13,1435,23133176,NORTH,6,5,7,3801,0,0,0,,0,3E11A,"OAK ST",DIVISADERO,195.00,E,N,A,-,N,,,,,,,,,,N,3,0,1,1,D,-,00,,,N,E,I,A,A,H,-,A,D,0,,Y,,,Y,,-,"- ",0,1,0,0,0,0,1,0,0,"- ","- ",,,"SAN FRANCISCO","SAN FRANCISCO",-122.43675994873047,37.773212432861328
9572416,2023,2023-06-09,3801,2023-05-03,1442,327,MISSI,3,5,7,3801,0,0,0,,0,3D16C,"POTRERO AV","18TH ST",0.00,,Y,C,-,N,,,,,,,,,,N,4,0,1,2,A,-,12,21453,A,N,D,G,A,B,H,-,A,A,0,,Y,,,Y,,A,01,0,0,1,0,0,0,1,0,0,"- ","- ",,,"SAN FRANCISCO","SAN FRANCISCO",-122.40721893310547,37.761928558349609
9572419,2023,2023-06-09,3801,2023-05-12,2001,203,MISSI,5,5,7,3801,0,0,0,,0,,"17TH ST","CAPP ST",0.00,,Y,A,-,N,,,,,,,,,,N,4,0,1,2,A,-,17,21663,,F,D,B,B,A,H,-,B,A,0,Y,Y,,,Y,Y,L,04,0,0,1,0,1,0,0,0,0,"- ","- ",,,"SAN FRANCISCO","SAN FRANCISCO",-122.41853332519531,37.763477325439453
9572425,2023,2023-06-09,3801,2023-05-10,2347,2463,SOUTH,3,5,7,3801,0,0,0,,0,3B14E,"11TH ST","NATOMA ST",0.00,,Y,A,-,N,,,,,,,,,,N,4,0,1,1,A,-,03,22350,,N,H,A,A,A,H,-,C,D,0,,Y,,,Y,,L,04,0,0,1,0,0,0,1,0,0,"- ","- ",,,"SAN FRANCISCO","SAN FRANCISCO",-122.41609954833984,37.773521423339844
9572428,2023,2023-06-09,3801,2023-05-27,"231 ",2457,SOUTH,6,5,7,3801,0,0,0,,0,3B14E,"11TH ST","FOLSOM ST",140.00,S,N,A,-,N,,,,,,,,,,N,2,0,1,2,A,-,11,21954,A,N,G,B,D,A,H,-,C,D,0,Y,Y,,,Y,Y,N,60,1,0,0,0,1,0,0,0,0,"- ","- ",,,"SAN FRANCISCO","SAN FRANCISCO",-122.41367340087891,37.7716064453125