CASE_ID,ACCIDENT_YEAR,PROC_DATE,JURIS,COLLISION_DATE,COLLISION_TIME,OFFICER_ID,REPORTING_DISTRICT,DAY_OF_WEEK,CHP_SHIFT,POPULATION,CNTY_CITY_LOC,SPECIAL_COND,BEAT_TYPE,CHP_BEAT_TYPE,CITY_DIVISION_LAPD,CHP_BEAT_CLASS,BEAT_NUMBER,PRIMARY_RD,SECONDARY_RD,DISTANCE,DIRECTION,INTERSECTION,WEATHER_1,WEATHER_2,STATE_HWY_IND,CALTRANS_COUNTY,CALTRANS_DISTRICT,STATE_ROUTE,ROUTE_SUFFIX,POSTMILE_PREFIX,POSTMILE,LOCATION_TYPE,RAMP_INTERSECTION,SIDE_OF_HWY,TOW_AWAY,COLLISION_SEVERITY,NUMBER_KILLED,NUMBER_INJURED,PARTY_COUNT,PRIMARY_COLL_FACTOR,PCF_CODE_OF_VIOL,PCF_VIOL_CATEGORY,PCF_VIOLATION,PCF_VIOL_SUBSECTION,HIT_AND_RUN,TYPE_OF_COLLISION,MVIW,PED_ACTION,ROAD_SURFACE,ROAD_COND_1,ROAD_COND_2,LIGHTING,CONTROL_DEVICE,CHP_ROAD_TYPE,PEDESTRIAN_ACCIDENT,BICYCLE_ACCIDENT,MOTORCYCLE_ACCIDENT,TRUCK_ACCIDENT,NOT_PRIVATE_PROPERTY,ALCOHOL_INVOLVED,STWD_VEHTYPE_AT_FAULT,CHP_VEHTYPE_AT_FAULT,COUNT_SEVERE_INJ,COUNT_VISIBLE_INJ,COUNT_COMPLAINT_PAIN,COUNT_PED_KILLED,COUNT_PED_INJURED,COUNT_BICYCLIST_KILLED,COUNT_BICYCLIST_INJURED,COUNT_MC_KILLED,COUNT_MC_INJURED,PRIMARY_RAMP,SECONDARY_RAMP,LATITUDE,LONGITUDE,COUNTY,CITY,POINT_X,POINT_Y
9572465,2023,2023-06-14,3801,2023-05-07,1625,2354,TARAV,7,5,7,3801,0,0,0,,0,3CAR,"41ST AV","ORTEGA ST",0.00,S,N,A,-,N,,,,,,,,,,N,3,0,1,2,A,-,08,22107,,F,D,G,A,A,H,-,A,D,0,,Y,,,Y,,-,99,0,1,0,0,0,0,1,0,0,"- ","- ",,,"SAN FRANCISCO","SAN FRANCISCO",-122.49990844726562,37.751335144042969
9572468,2023,2023-06-14,3801,2023-05-26,1820,2147,NORTH,5,5,7,3801,0,0,0,,0,1CAR,"WEBSTER ST","PAGE ST",0.00,,Y,B,-,N,,,,,,,,,,N,4,0,1,2,A,-,12,22450,A,F,D,G,A,A,H,-,-,A,0,,Y,,,Y,,A,01,0,0,1,0,0,0,1,0,0,"- ","- ",,,"SAN FRANCISCO","SAN FRANCISCO",-122.42897033691406,37.773250579833984
9573024,2023,2023-05-06,3801,2023-04-22,"955 ",1118,SOUTH,6,5,7,3801,0,0,0,,0,3B14A,"THE EMBARCADERO","BRYANT ST",0.00,,Y,A,-,N,,,,,,,,,,N,4,0,1,2,A,-,08,22107,,N,D,G,A,A,H,-,A,A,0,,Y,,,Y,,A,01,0,0,1,0,0,0,1,0,0,"- ","- ",,,"SAN FRANCISCO","SAN FRANCISCO",-122.38801574707031,37.787094116210938
9573282,2023,2023-05-13,3801,2023-04-27,2338,2474,TENDE,4,5,7,3801,0,0,0,,0,3J14E,"MARKET ST","MASON ST",0.00,,Y,A,-,N,,,,,,,,,,N,3,0,1,1,A,-,08,22107,,N,H,A,A,A,H,-,C,D,0,,Y,,,Y,Y,L,04,0,1,0,0,0,0,1,0,0,"- ","- ",,,"SAN FRANCISCO","SAN FRANCISCO",-122.40908050537109,37.783233642578125
9573294,2023,2023-05-13,3801,2023-04-08,1647,2705,BAYVI,6,5,7,3801,0,0,0,,0,3C11D,"MARIPOSA ST","INDIANA ST",0.00,,Y,-,-,N,,,,,,,,,,N,3,0,1,2,A,-,04,21703,,F,C,G,A,A,H,-,A,D,0,,Y,,,Y,Y,-,,0,1,0,0,0,0,0,0,0,"- ","- ",,,"SAN FRANCISCO","SAN FRANCISCO",-122.39177703857422,37.764152526855469
9573299,2023,2023-05-13,3801,2023-04-12,"856 ",4294,NORTH,3,5,7,3801,0,0,0,,0,0E3,"POLK ST","MCALLISTER ST",45.00,N,N,A,-,N,,,,,,,,,,N,4,0,1,2,A,-,17,22517,,N,B,G,A,A,H,-,A,D,0,,Y,,,Y,,A,01,0,0,1,0,0,0,1,0,0,"- ","- ",,,"SAN FRANCISCO","SAN FRANCISCO",-122.41862487792969,37.780391693115234
9573316,2023,2023-05-13,3801,2023-04-26,1745,1911,RICHM,3,5,7,3801,0,0,0,,0,RICHM,"ARGUELLO BL","CALIFORNIA ST",0.00,,Y,A,-,N,,,,,,,,,,N,3,0,1,2,A,-,09,21801,,N,D,G,A,A,H,-,A,A,0,,Y,,,Y,,A,07,0,1,0,0,0,0,1,0,0,"- ","- ",,,"SAN FRANCISCO","SAN FRANCISCO",-122.45921325683594,37.785671234130859
9573320,2023,2023-05-13,3801,2023-04-27,1458,2151,PARK,4,5,7,3801,0,0,0,,0,,"MASONIC AV","HAYES ST",0.00,,Y,A,-,N,,,,,,,,,,N,4,0,1,2,A,-,08,22107,,N,B,G,A,A,H,-,A,A,0,,Y,,,Y,,A,01,0,0,1,0,0,0,1,0,0,"- ","- ",,,"SAN FRANCISCO","SAN FRANCISCO",-122.44611358642578,37.773937225341797
9573331,2023,2023-05-11,3801,2023-04-01,1337,93,NORTH,6,5,7,3801,0,0,0,,0,3E76,"MCALLISTER ST","LAGUNA ST",45.00,W,N,A,-,N,,,,,,,,,,N,4,0,1,2,A,-,05,21650,,F,A,G,A,A,H,-,A,A,0,,Y,,,Y,,A,07,0,0,1,0,0,0,1,0,0,"- ","- ",,,"SAN FRANCISCO","SAN FRANCISCO",-122.42697143554688,37.779239654541016
9573411,2023,2023-05-01,3801,2023-03-16,1639,2286,BAYVI,4,5,7,3801,0,0,0,,0,3C14D,"FAIRFAX AV","KEITH ST",50.00,W,N,A,-,N,,,,,,,,,,N,3,0,1,2,A,-,03,22350,,N,C,G,A,A,A,-,A,D,0,,Y,,,Y,,L,04,0,1,0,0,0,0,1,0,0,"- ","- ",,,"SAN FRANCISCO","SAN FRANCISCO",-122.38169097900391,37.738201141357422
9573483,2023,2023-04-28,3801,2023-03-26,1143,2202,INGLE,7,5,7,3801,0,0,0,,0,3H13A,"MISSION ST","VALENCIA ST",0.00,,Y,A,-,N,,,,,,,,,,N,3,0,1,2,A,-,08,22107,,F,D,-,A,A,H,-,A,A,0,,Y,Y,,Y,Y,C,06,0,1,0,0,0,0,1,0,0,"- ","- ",,,"SAN FRANCISCO","SAN FRANCISCO",-122.41986846923828,37.745586395263672
9574277,2022,2023-05-05,3801,2022-04-09,1125,1250,SOUTH,6,5,7,3801,0,0,0,,0,3B14A,"VALENCIA ST","MCCOPPIN ST",0.00,,Y,A,-,N,,,,,,,,,,N,4,0,1,2,A,-,09,21801,A,F,D,G,A,A,H,-,A,D,0,,Y,,,Y,,-,,0,0,1,0,0,0,1,0,0,"- ","- ",,,"SAN FRANCISCO","SAN FRANCISCO",-122.42253112792969,37.771587371826172
9575938,2023,2023-06-16,3801,2023-04-25,"928 ",1825,SOUTH,2,5,7,3801,0,0,0,,0,3B12A,"BRANNAN ST","04TH ST",0.00,,Y,A,-,N,,,,,,,,,,N,3,0,1,2,A,-,08,22107,,N,D,G,A,A,H,-,A,A,0,,Y,,,Y,,A,01,0,1,0,0,0,0,1,0,0,"- ","- ",,,"SAN FRANCISCO","SAN FRANCISCO",,
9576025,2023,2023-05-17,3801,2023-04-23,1250,938,INGLE,7,5,7,3801,0,0,0,,0,0H5,"MISSION ST","RUSSIA AV",0.00,,Y,A,-,N,,,,,,,,,,N,4,0,1,2,A,-,09,21801,A,N,A,G,A,-,H,-,A,D,0,,Y,,,Y,,-,"- ",0,0,1,0,0,0,1,0,0,"- ","- ",,,"SAN FRANCISCO","SAN FRANCISCO",-122.43717956542969,37.721572875976562
9576031,2023,2023-05-17,3801,2023-04-18,"742 ",390,PARK,2,5,7,3801,0,0,0,,0,003,"FELL ST","BRODERICK ST",0.00,,Y,A,-,N,,,,,,,,,,N,3,0,1,2,A,-,17,21657,,N,A,G,A,A,H,-,A,A,0,,Y,,,Y,,A,01,0,1,0,0,0,0,1,0,0,"- ","- ",,,"SAN FRANCISCO","SAN FRANCISCO",-122.43929290771484,37.773838043212891
9576079,2023,2023-05-16,3801,2023-04-12,1515,2272,BAYVI,3,5,7,3801,0,0,0,,0,3C11E,"ILLINOIS ST","22ND ST",0.00,,Y,A,-,N,,,,,,,,,,N,4,0,2,3,A,-,07,21658,A,F,B,C,A,A,H,-,A,D,0,,Y,,,Y,,A,08,0,0,2,0,0,0,1,0,0,"- ","- ",,,"SAN FRANCISCO","SAN FRANCISCO",-122.38734436035156,37.757980346679688
9576093,2023,2023-05-10,3801,2023-04-12,1535,2458,CENTR,3,5,7,3801,0,0,0,,0,,"STOCKTON ST","SACRAMENTO ST",600.00,S,N,A,-,N,,,,,,,,,,N,4,0,1,1,D,-,00,,,N,H,A,A,A,H,-,A,D,0,,Y,,,Y,,-,"- ",0,0,1,0,0,0,1,0,0,"- ","- ",,,"SAN FRANCISCO","SAN FRANCISCO",-122.40765380859375,37.792781829833984
9576098,2023,2023-05-10,3801,2023-04-23,1150,1513,RICHM,7,5,7,3801,0,0,0,,0,03G,"ARGUELLO BL","EUCLID AV",0.00,,Y,A,-,N,,,,,,,,,,N,4,0,1,2,A,-,08,22107,,N,B,G,A,-,H,-,A,A,0,,Y,,,Y,,A,01,0,0,1,0,0,0,1,0,0,"- ","- ",,,"SAN FRANCISCO","SAN FRANCISCO",-122.45906829833984,37.783809661865234
9576120,2023,2023-05-10,3801,2023-04-25,1749,1182,RICHM,2,5,7,3801,0,0,0,,0,3G11D,"GREAT HWY","GREAT HWY 1139",0.00,,-,A,-,N,,,,,,,,,,N,4,0,1,2,A,-,03,22350,,N,D,G,A,A,H,-,A,D,0,,Y,,,Y,,L,04,0,0,1,0,0,0,1,0,0,"- ","- ",37.766281127929688,-122.51042175292969,"SAN FRANCISCO","SAN FRANCISCO",,
9576308,2023,2023-05-10,3801,2023-03-06,1359,1832,TENDE,1,5,7,3801,0,0,0,,0,3J90C,"9TH ST","JESSIE ST",55.00,N,N,A,-,N,,,,,,,,,,N,4,0,1,2,A,-,06,21755,,N,B,-,A,A,H,-,A,D,0,,Y,,,Y,,A,07,0,0,1,0,0,0,1,0,0,"- ","- ",,,"SAN FRANCISCO","SAN FRANCISCO",-122.41546630859375,37.776817321777344
9576313,2023,2023-05-09,3801,2023-03-08,1145,4294,NORTH,3,5,7,3801,0,0,0,,0,0E3,"TURK ST","POLK ST",3.00,E,N,A,-,N,,,,,,,,,,N,3,0,1,2,A,-,17,21657,,N,A,C,A,A,H,-,A,A,0,,Y,,,Y,,L,04,0,1,0,0,0,0,1,0,0,"- ","- ",,,"SAN FRANCISCO","SAN FRANCISCO",-122.41899108886719,37.782173156738281
9580137,2023,2023-06-16,3801,2023-04-15,1526,1827,CENTR,6,5,7,3801,0,0,0,,0,,"POLK ST","NORTHPOINT ST",0.00,,Y,A,-,N,,,,,,,,,,N,3,0,1,2,A,-,17,21200,A,N,-,-,A,A,H,-,A,-,0,,Y,,,Y,,L,04,0,1,0,0,0,0,1,0,0,"- ","- ",,,"SAN FRANCISCO","SAN FRANCISCO",-122.42363739013672,37.805301666259766
9584020,2023,2023-05-15,3801,2023-01-25,"930 ",2151,PARK,3,5,7,3801,0,0,0,,0,3F11A,"7TH AV","KIRKHAM ST",0.00,,Y,A,-,N,,,,,,,,,,N,4,0,1,2,A,-,08,22107,,N,D,G,A,A,H,-,A,A,0,,Y,,,Y,,A,01,0,0,1,0,0,0,1,0,0,"- ","- ",,,"SAN FRANCISCO","SAN FRANCISCO",-122.46392059326172,37.760391235351562
9589420,2023,2023-06-14,3801,2023-05-21,1400,1400,CENTR,7,5,7,3801,0,0,0,,0,,"NORTH POINT ST","JONES ST",0.00,,Y,A,-,N,,,,,,,,,,N,3,0,1,2,A,-,08,22107,,N,D,G,A,A,H,-,A,A,0,,Y,,,Y,,A,01,0,1,0,0,0,0,1,0,0,"- ","- ",,,"SAN FRANCISCO","SAN FRANCISCO",-122.41709899902344,37.806148529052734
9591070,2023,2023-07-14,3801,2023-06-11,2140,1179,BAYVI,7,5,7,3801,0,0,0,,0,3C11ED,"CESAR CHAVEZ ST","EVANS ST",0.00,,Y,E,-,N,,,,,,,,,,N,2,0,1,2,A,-,05,21650,1,F,A,G,A,A,H,-,C,D,0,,Y,,,Y,,L,04,1,0,0,0,0,0,1,0,0,"- ","- ",,,"SAN FRANCISCO","SAN FRANCISCO",-122.39731597900391,37.749691009521484
9591116,2023,2023-07-11,3801,2023-06-11,1324,2341,INGLE,7,5,7,3801,0,0,0,,0,3H15A,"ALEMANY BL","NAGLEE ST",0.00,,Y,A,-,N,,,,,,,,,,N,4,0,1,2,A,-,08,22107,,N,D,G,A,A,H,-,A,D,0,,Y,,,Y,,A,01,0,0,1,0,0,0,1,0,0,"- ","- ",,,"SAN FRANCISCO","SAN FRANCISCO",-122.44901275634766,37.713943481445312
9593754,2023,2023-07-12,3801,2023-06-13,"840 ",1364,NORTH,2,5,7,3801,0,0,0,,0,3E11A,"PAGE ST","OCTAVIA ST",0.00,,Y,A,-,N,,,,,,,,,,N,4,0,4,2,A,-,17,21200,,N,D,G,A,A,H,-,A,A,0,,Y,,,Y,,L,04,0,0,4,0,0,0,4,0,0,"- ","- ",,,"SAN FRANCISCO","SAN FRANCISCO",-122.42411041259766,37.773883819580078
9593808,2023,2023-07-17,3801,2023-06-15,2245,1123,SOUTH,4,5,7,3801,0,0,0,,0,3B12E,"MISSION ST","5TH ST",0.00,,Y,A,-,N,,,,,,,,,,N,3,0,1,2,A,-,07,21658,A,N,B,G,A,A,H,-,C,A,0,,Y,,,Y,,A,01,0,1,0,0,0,0,1,0,0,"- ","- ",,,"SAN FRANCISCO","SAN FRANCISCO",-122.40648651123047,37.782737731933594
9596194,2023,2023-07-21,3801,2023-06-15,"130 ",2288,INGLE,4,5,7,3801,0,0,0,,0,3H13E,"MISSION ST","CRESCENT AV",0.00,,Y,A,-,N,,,,,,,,,,N,3,0,1,2,A,-,03,22350,,F,C,G,A,A,H,-,C,A,0,,Y,,,Y,Y,A,01,0,1,0,0,0,0,1,0,0,"- ","- ",,,"SAN FRANCISCO","SAN FRANCISCO",-122.42469024658203,37.735408782958984
9600303,2023,2023-08-11,3801,2023-07-09,2121,664,RICHM,7,5,7,3801,0,0,0,,0,3B13E,"MISSION BAY BL S","4TH ST",0.00,,Y,A,-,N,,,,,,,,,,N,4,0,1,2,A,-,05,21650,,N,D,C,A,A,H,-,C,A,0,,Y,,,Y,,L,04,0,0,1,0,0,0,1,0,0,"- ","- ",,,"SAN FRANCISCO","SAN FRANCISCO",-122.39122772216797,37.77056884765625
9602188,2023,2023-08-11,3801,2023-07-17,"755 ",1906,PARK,1,5,7,3801,0,0,0,,0,3F4,"PAGE ST","DIVISADERO ST",56.00,W,N,A,-,N,,,,,,,,,,,3,0,1,2,A,-,03,22350,,N,C,G,A,A,H,-,A,D,0,,Y,,,Y,,L,04,0,1,0,0,0,0,1,0,0,"- ","- ",,,"SAN FRANCISCO","SAN FRANCISCO",-122.43742370605469,37.772182464599609
9602240,2023,2023-08-16,3801,2023-07-10,"737 ",555,MISSI,1,5,7,3801,0,0,0,,0,3D13A,"FOLSOM ST","17TH ST",210.00,N,N,A,-,N,,,,,,,,,,N,4,0,1,2,A,-,17,22517,,N,H,G,A,A,H,-,A,D,0,,Y,,,Y,,A,01,0,0,1,0,0,0,1,0,0,"- ","- ",,,"SAN FRANCISCO","SAN FRANCISCO",-122.41519927978516,37.764266967773438
9602299,2023,2023-09-08,3801,2023-06-30,"924 ",2707,TARAV,5,5,7,3801,0,0,0,,0,2CAR,"TARAVAL ST","TARAVAL ST 2533",0.00,,Y,A,-,N,,,,,,,,,,N,2,0,1,1,A,-,"- ",,,N,H,-,A,A,C,-,A,B,0,,Y,,,Y,,L,04,1,0,0,0,0,0,1,0,0,"- ","- ",,,"SAN FRANCISCO","SAN FRANCISCO",,
9603684,2023,2023-08-11,3801,2023-07-14,1727,1707,NORTH,5,5,7,3801,0,0,0,,0,3E13D,"GROVE ST","FRANKLIN ST",80.00,W,N,A,-,N,,,,,,,,,,N,2,0,1,2,A,-,05,21651,B,F,A,G,A,A,H,-,A,-,0,,Y,,,Y,,L,04,1,0,0,0,0,0,1,0,0,"- ","- ",,,"SAN FRANCISCO","SAN FRANCISCO",-122.42179107666016,37.777984619140625
9603809,2023,2023-08-18,3801,2023-07-24,"626 ",4310,PARK,1,5,7,3801,0,0,0,,0,3F13A,"PAGE ST","ASHBURY ST",0.00,,Y,B,-,N,,,,,,,,,,N,4,0,1,2,A,-,21,22106,,N,D,G,A,A,H,-,A,D,0,,Y,,,Y,,L,04,0,0,1,0,0,0,1,0,0,"- ","- ",,,"SAN FRANCISCO","SAN FRANCISCO",-122.44711303710938,37.770919799804688
9603830,2023,2023-08-18,3801,2023-07-01,1307,1304,NORTH,6,5,7,3801,0,0,0,,0,3E12A,"FULTON ST","FILLMORE ST",118.00,E,N,A,-,N,,,,,,,,,,N,3,0,1,2,A,-,03,22350,,N,D,G,A,A,H,-,A,D,0,,Y,,,Y,,L,04,0,1,0,0,0,0,1,0,0,"- ","- ",,,"SAN FRANCISCO","SAN FRANCISCO",-122.43115997314453,37.777744293212891
9606347,2023,2023-08-15,3801,2023-05-10,1157,1396,SOUTH,3,5,7,3801,0,0,0,,0,3B13A,"FOLSOM ST","8TH ST",0.00,,Y,A,-,N,,,,,,,,,,N,3,0,1,2,A,-,03,22350,,N,H,A,A,A,H,-,A,A,0,,Y,Y,,Y,,C,02,0,1,0,0,0,0,0,0,1,"- ","- ",,,"SAN FRANCISCO","SAN FRANCISCO",-122.41004943847656,37.774990081787109
9610657,2023,2023-09-08,3801,2023-08-07,"830 ",1642,BAYVI,1,5,7,3801,0,0,0,,0,3C13A,"ILLINOIS ST","AMADOR ST",130.00,N,N,A,-,N,,,,,,,,,,N,3,0,2,1,A,-,03,22350,,N,H,J,A,A,G,-,A,D,0,,Y,,,Y,,L,04,0,2,0,0,0,0,2,0,0,"- ","- ",,,"SAN FRANCISCO","SAN FRANCISCO",-122.38607788085938,37.746124267578125
9610712,2023,2023-09-18,3801,2023-07-29,1616,2118,SOUTH,6,5,7,3801,0,0,0,,0,3B12D,"HOWARD ST","BEALE ST",0.00,,Y,A,-,N,,,,,,,,,,N,4,0,1,2,A,-,08,22107,,N,D,G,A,A,H,-,A,A,0,,Y,,,Y,,A,01,0,0,1,0,0,0,1,0,0,"- ","- ",,,"SAN FRANCISCO","SAN FRANCISCO",-122.39427947998047,37.789920806884766
9616996,2023,2023-10-13,3801,2023-09-17,1637,1666,PARK,7,5,7,3801,0,0,0,,0,4CAR,"CASTRO ST","15T ST",0.00,,Y,A,-,N,,,,,,,,,,N,3,0,1,2,A,-,08,22107,,N,B,G,A,A,-,-,A,A,0,,Y,,,Y,,L,04,0,1,0,0,0,0,1,0,0,"- ","- ",,,"SAN FRANCISCO","SAN FRANCISCO",,
9625579,2023,2023-10-11,3801,2023-09-18,1415,4104,TENDE,1,5,7,3801,0,0,0,,0,3J95C,"MARKET ST","CYRIL MAGNIN ST",0.00,,Y,A,-,N,,,,,,,,,,N,4,0,1,1,A,-,08,22107,,N,H,A,A,A,C,-,A,A,0,,Y,,,Y,,L,04,0,0,1,0,0,0,1,0,0,"- ","- ",,,"SAN FRANCISCO","SAN FRANCISCO",-122.40805816650391,37.78399658203125
9626063,2023,2023-10-11,3801,2023-09-08,"336 ",1350,BAYVI,5,5,7,3801,0,0,0,,0,3C13E,"FAIRFAX AV","KEITH ST",163.00,E,N,A,-,N,,,,,,,,,,N,4,0,1,2,A,-,05,21650,,F,A,G,A,A,H,-,C,A,0,,Y,,,Y,,L,04,0,0,1,0,0,0,1,0,0,"- ","- ",,,"SAN FRANCISCO","SAN FRANCISCO",-122.381103515625,37.737846374511719
9626064,2023,2023-10-11,3801,2023-09-06,2219,2140,MISSI,3,5,7,3801,0,0,0,,0,3D11E,"DUBOCE AV","VALENCIA ST",0.00,,Y,A,-,N,,,,,,,,,,N,2,0,1,2,A,-,12,21453,A,F,A,G,A,A,H,-,C,A,0,,Y,,,Y,,A,01,1,0,0,0,0,0,1,0,0,"- ","- ",,,"SAN FRANCISCO","SAN FRANCISCO",-122.42236328125,37.769866943359375
9626173,2023,2023-10-11,3801,2023-09-16,2014,2408,MISSI,6,5,7,3801,0,0,0,,0,3D11D,"18TH ST","VALENCIA ST",50.00,W,N,A,-,N,,,,,,,,,,N,4,0,1,2,A,-,09,21801,A,N,D,G,A,A,H,-,A,A,0,,Y,,,Y,,A,07,0,0,1,0,0,0,1,0,0,"- ","- ",,,"SAN FRANCISCO","SAN FRANCISCO",-122.42173004150391,37.761699676513672
9626183,2023,2023-10-11,3801,2023-09-15,2045,2359,MISSI,5,5,7,3801,0,0,0,,0,0D5,"14TH ST","MINNA ST",0.00,,Y,A,-,N,,,,,,,,,,N,3,0,1,2,A,-,11,21954,A,F,G,B,E,A,H,-,C,D,0,Y,Y,,,Y,,N,60,0,1,0,0,1,0,0,0,0,"- ","- ",,,"SAN FRANCISCO","SAN FRANCISCO",-122.41924285888672,37.768329620361328
9626201,2023,2023-10-17,3801,2023-09-20,1945,233,MISSI,3,5,7,3801,0,0,0,,0,03D,"22ND ST","VALENCIA ST",0.00,,Y,A,-,N,,,,,,,,,,N,3,0,1,2,A,-,09,21801,A,N,-,G,A,A,H,-,C,A,0,,Y,,,Y,,L,04,0,1,0,0,0,0,1,0,0,"- ","- ",,,"SAN FRANCISCO","SAN FRANCISCO",-122.42096710205078,37.755306243896484
9626202,2023,2023-10-13,3801,2023-09-20,1820,203,MISSI,3,5,7,3801,0,0,0,,0,3D15D,"VALENCIA ST","DUBOCE ST",0.00,,Y,A,-,N,,,,,,,,,,N,3,0,2,2,A,-,12,21453,A,N,D,G,A,A,H,-,A,A,0,,Y,Y,,Y,,C,02,0,2,0,0,0,0,1,0,1,"- ","- ",,,"SAN FRANCISCO","SAN FRANCISCO",-122.42236328125,37.769866943359375
9626208,2023,2023-10-12,3801,2023-09-12,1908,307,NORTH,2,5,7,3801,0,0,0,,0,3E13D,"FULTON ST","LAGUNA ST",0.00,,Y,A,-,N,,,,,,,,,,N,3,0,1,2,A,-,03,22350,,N,C,G,A,A,H,-,A,A,0,,Y,,,Y,,L,04,0,1,0,0,0,0,1,0,0,"- ","- ",,,"SAN FRANCISCO","SAN FRANCISCO",-122.42664337158203,37.778327941894531
9626216,2023,2023-10-13,3801,2023-09-17,2030,2398,NORTH,7,5,7,3801,0,0,0,,0,02E,"GOUGH ST","TURK ST",0.00,,Y,A,-,N,,,,,,,,,,N,2,0,1,2,A,-,12,21453,A,N,D,G,A,A,H,-,C,A,0,,Y,,,Y,,L,04,1,0,0,0,0,0,1,0,0,"- ","- ",,,"SAN FRANCISCO","SAN FRANCISCO",-122.42391967773438,37.781532287597656
9626218,2023,2023-10-13,3801,2023-09-10,1005,1796,RICHM,7,5,7,3801,0,0,0,,0,,"JOHN F KENNEDY DR","MARX MEADOWS",0.00,,Y,A,-,N,,,,,,,,,,N,2,0,2,2,A,-,11,21955,,N,G,B,D,A,H,-,A,D,0,Y,Y,,,Y,,N,60,1,0,1,0,1,0,1,0,0,"- ","- ",,,"SAN FRANCISCO","SAN FRANCISCO",,
9626220,2023,2023-10-13,3801,2023-09-26,"645 ",2314,PARK,2,5,7,3801,0,0,0,,0,3F12A,"MASONIC AV","FULTON ST",0.00,,Y,B,-,N,,,,,,,,,,N,3,0,1,2,A,-,03,22350,,N,E,A,A,B,H,-,A,A,0,,Y,,,Y,,L,04,0,1,0,0,0,0,1,0,0,"- ","- ",,,"SAN FRANCISCO","SAN FRANCISCO",-122.44647216796875,37.775791168212891
9626236,2023,2023-10-11,3801,2023-09-13,1144,311,PARK,3,5,7,3801,0,0,0,,0,3F1A,"7TH AV","HUGO ST",0.00,,Y,A,-,N,,,,,,,,,,N,2,0,1,1,A,-,03,22350,,N,H,A,A,A,H,-,A,D,0,,Y,,,Y,,-,"- ",1,0,0,0,0,0,1,0,0,"- ","- ",,,"SAN FRANCISCO","SAN FRANCISCO",-122.46424102783203,37.765060424804688
9626361,2023,2023-10-17,3801,2023-09-25,1336,4286,RICHM,1,5,7,3801,0,0,0,,0,0G1,"MARTIN LUTHER KING JR DR","METSON RD",0.00,,Y,A,-,N,,,,,,,,,,N,4,0,1,2,D,-,00,,,N,D,G,A,A,H,-,A,D,0,,Y,,,Y,,-,"- ",0,0,1,0,0,0,1,0,0,"- ","- ",,,"SAN FRANCISCO","SAN FRANCISCO",-122.49089050292969,37.765411376953125
9626419,2023,2023-10-13,3801,2023-08-31,1753,1173,RICHM,4,5,7,3801,0,0,0,,0,901,"BALBOA ST","42ND AV",0.00,,Y,A,-,N,,,,,,,,,,N,4,0,1,2,A,-,12,22450,,N,D,G,A,A,H,-,A,D,0,,Y,,,Y,,L,04,0,0,1,0,0,0,1,0,0,"- ","- ",,,"SAN FRANCISCO","SAN FRANCISCO",-122.50270080566406,37.775482177734375
9633728,2023,2023-11-21,3801,2023-10-14,1440,1210,INGLE,6,5,7,3801,0,0,0,,0,0H2,"SAN JOSE AV","RANDALL ST",0.00,,Y,A,-,N,,,,,,,,,,N,3,0,1,2,A,-,08,21717,,N,D,G,A,A,H,-,A,A,0,,Y,,,Y,,A,01,0,1,0,0,0,0,1,0,0,"- ","- ",,,"SAN FRANCISCO","SAN FRANCISCO",-122.42426300048828,37.739860534667969
9633733,2023,2023-11-21,3801,2023-10-16,"545 ",488,INGLE,1,5,7,3801,0,0,0,,0,3H13E,"CIRCULAR AV","MONTEREY BL",0.00,,Y,A,-,N,,,,,,,,,,N,4,0,1,2,A,-,09,21453,B,N,D,G,A,A,H,-,C,A,0,,Y,,,Y,,A,07,0,0,1,0,0,0,1,0,0,"- ","- ",,,"SAN FRANCISCO","SAN FRANCISCO",-122.4365234375,37.731582641601562
9633739,2023,2023-11-21,3801,2023-10-01,1017,1457,TARAV,7,5,7,3801,0,0,0,,0,3I11A,"JUDAH ST","SUNSET BL",0.00,,Y,A,-,N,,,,,,,,,,N,4,0,1,2,A,-,12,21453,A,N,D,G,A,A,H,-,A,A,0,,Y,,,Y,,L,04,0,0,1,0,0,0,1,0,0,"- ","- ",,,"SAN FRANCISCO","SAN FRANCISCO",-122.49583435058594,37.760860443115234
9633755,2023,2023-11-21,3801,2023-10-12,1332,577,TARA,4,5,7,3801,0,0,0,,0,0I2,"LINCOLN WY","20TH AV",0.00,,Y,A,-,N,,,,,,,,,,N,4,0,1,2,A,-,12,21453,A,N,D,C,A,A,H,-,A,A,0,,Y,,,Y,,A,07,0,0,1,0,0,0,1,0,0,"- ","- ",,,"SAN FRANCISCO","SAN FRANCISCO",-122.47833251953125,37.765403747558594
9633761,2023,2023-11-28,3801,2023-10-05,"905 ",1892,BAYVI,4,5,7,3801,0,0,0,,0,3C12A,"PHELPS ST","MCKINNON AV",0.00,,Y,A,-,N,,,,,,,,,,N,4,0,1,2,A,-,08,22107,,N,D,G,A,A,H,-,A,A,0,,Y,,,Y,,A,01,0,0,1,0,0,0,1,0,0,"- ","- ",,,"SAN FRANCISCO","SAN FRANCISCO",-122.39293670654297,37.737979888916016