CASE_ID,ACCIDENT_YEAR,PROC_DATE,JURIS,COLLISION_DATE,COLLISION_TIME,OFFICER_ID,REPORTING_DISTRICT,DAY_OF_WEEK,CHP_SHIFT,POPULATION,CNTY_CITY_LOC,SPECIAL_COND,BEAT_TYPE,CHP_BEAT_TYPE,CITY_DIVISION_LAPD,CHP_BEAT_CLASS,BEAT_NUMBER,PRIMARY_RD,SECONDARY_RD,DISTANCE,DIRECTION,INTERSECTION,WEATHER_1,WEATHER_2,STATE_HWY_IND,CALTRANS_COUNTY,CALTRANS_DISTRICT,STATE_ROUTE,ROUTE_SUFFIX,POSTMILE_PREFIX,POSTMILE,LOCATION_TYPE,RAMP_INTERSECTION,SIDE_OF_HWY,TOW_AWAY,COLLISION_SEVERITY,NUMBER_KILLED,NUMBER_INJURED,PARTY_COUNT,PRIMARY_COLL_FACTOR,PCF_CODE_OF_VIOL,PCF_VIOL_CATEGORY,PCF_VIOLATION,PCF_VIOL_SUBSECTION,HIT_AND_RUN,TYPE_OF_COLLISION,MVIW,PED_ACTION,ROAD_SURFACE,ROAD_COND_1,ROAD_COND_2,LIGHTING,CONTROL_DEVICE,CHP_ROAD_TYPE,PEDESTRIAN_ACCIDENT,BICYCLE_ACCIDENT,MOTORCYCLE_ACCIDENT,TRUCK_ACCIDENT,NOT_PRIVATE_PROPERTY,ALCOHOL_INVOLVED,STWD_VEHTYPE_AT_FAULT,CHP_VEHTYPE_AT_FAULT,COUNT_SEVERE_INJ,COUNT_VISIBLE_INJ,COUNT_COMPLAINT_PAIN,COUNT_PED_KILLED,COUNT_PED_INJURED,COUNT_BICYCLIST_KILLED,COUNT_BICYCLIST_INJURED,COUNT_MC_KILLED,COUNT_MC_INJURED,PRIMARY_RAMP,SECONDARY_RAMP,LATITUDE,LONGITUDE,COUNTY,CITY,POINT_X,POINT_Y
9633765,2023,2023-11-28,3801,2023-10-02,1400,1472,PARK,1,5,7,3801,0,0,0,,0,RICHMO,"JOHN F KENNEDY DR","TRANSVERSE DR",0.00,,Y,A,-,N,,,,,,,,,,N,4,0,1,2,A,-,12,22450,A,N,D,G,A,A,H,-,A,A,0,,Y,,,Y,,L,04,0,0,1,0,0,0,1,0,0,"- ","- ",,,"SAN FRANCISCO","SAN FRANCISCO",-122.47991943359375,37.770488739013672
9633769,2023,2023-12-05,3801,2023-10-16,1717,1226,SOUTH,1,5,7,3801,0,0,0,,0,1500,"BRANNAN ST","2ND ST",0.00,,Y,A,-,N,,,,,,,,,,N,3,0,2,2,A,-,06,21755,A,N,E,G,A,A,H,-,A,A,0,,Y,,,Y,,L,04,0,1,1,0,0,0,2,0,0,"- ","- ",,,"SAN FRANCISCO","SAN FRANCISCO",-122.39205932617188,37.781837463378906
9633771,2023,2023-11-27,3801,2023-10-02,"743 ",532,RICHM,1,5,7,3801,0,0,0,,0,3G1A,"CHAIN OF LAKES DR","JOHN F KENNEDY DR",0.00,,Y,A,-,N,,,,,,,,,,N,3,0,1,2,D,-,00,,,N,D,G,A,A,H,-,A,A,0,,Y,,,Y,,-,"- ",0,1,0,0,0,0,1,0,0,"- ","- ",,,"SAN FRANCISCO","SAN FRANCISCO",,
9633773,2023,2023-11-27,3801,2023-10-01,1433,1243,PARK,7,5,7,3801,0,0,0,,0,,"BELGRAVE AV","SHRADER ST",0.00,,Y,A,-,N,,,,,,,,,,,4,0,1,1,A,-,03,22350,,N,H,G,A,A,H,-,A,D,0,,Y,,,Y,,L,04,0,0,1,0,0,0,1,0,0,"- ","- ",,,"SAN FRANCISCO","SAN FRANCISCO",-122.44931793212891,37.759616851806641
9633781,2023,2024-01-06,3801,2023-10-06,1812,537,PARK,5,5,7,3801,0,0,0,,0,3F12D,"PARNASSUS AV","WOODLAND AV",0.00,,Y,A,-,N,,,,,,,,,,N,4,0,1,2,A,-,17,21200,A,N,A,G,A,A,H,-,A,D,0,,Y,,,Y,,L,04,0,0,1,0,0,0,1,0,0,"- ","- ",,,"SAN FRANCISCO","SAN FRANCISCO",-122.45352172851562,37.764415740966797
9633793,2023,2024-01-06,3801,2023-10-06,"234 ",2498,NORTH,5,5,7,3801,0,0,0,,0,3E13E,"POLK ST","PINE ST",0.00,,Y,A,-,N,,,,,,,,,,Y,4,0,1,2,A,-,08,22107,,F,B,G,A,A,H,-,C,A,0,,Y,,,Y,,A,01,0,0,1,0,0,0,1,0,0,"- ","- ",,,"SAN FRANCISCO","SAN FRANCISCO",-122.42050170898438,37.789642333984375
9633802,2023,2023-11-22,3801,2023-10-26,1525,1467,SOUTH,4,5,7,3801,0,0,0,,0,1CAR,"TEHAMA ST","2ND ST",0.00,,Y,A,-,N,,,,,,,,,,N,4,0,1,2,A,-,09,21800,A,F,B,G,A,A,H,-,A,A,0,,Y,,,Y,,A,01,0,0,1,0,0,0,1,0,0,"- ","- ",,,"SAN FRANCISCO","SAN FRANCISCO",-122.39771270751953,37.786346435546875
9633815,2023,2023-11-22,3801,2023-10-28,"700 ",1580,SOUTH,6,5,7,3801,0,0,0,,0,3B14A,"15TH ST","UTAH ST",0.00,,Y,A,-,N,,,,,,,,,,N,3,0,1,2,A,-,04,21703,,F,C,G,A,A,A,-,B,A,0,,Y,,,Y,,-,,0,1,0,0,0,0,1,0,0,"- ","- ",,,"SAN FRANCISCO","SAN FRANCISCO",-122.40666198730469,37.76715087890625
9633816,2023,2023-11-22,3801,2023-10-28,1121,1243,PARK,6,5,7,3801,0,0,0,,0,3F12C,"STANYAN ST","17TH ST",0.00,,Y,A,-,N,,,,,,,,,,N,3,0,1,2,A,-,12,22450,A,N,D,G,A,A,H,-,A,D,0,,Y,,,Y,,L,04,0,1,0,0,0,0,1,0,0,"- ","- ",,,"SAN FRANCISCO","SAN FRANCISCO",-122.45192718505859,37.761470794677734
9633821,2023,2023-11-22,3801,2023-10-24,1658,2704,SOUTH,2,5,7,3801,0,0,0,,0,0B4,"HOWARD ST","11TH ST",0.00,,Y,A,-,N,,,,,,,,,,N,4,0,1,2,A,-,00,22210,B,N,D,G,A,A,H,-,A,A,0,,Y,,,Y,,L,04,0,0,1,0,0,0,1,0,0,"- ","- ",,,"SAN FRANCISCO","SAN FRANCISCO",-122.41557312011719,37.773117065429688
9633830,2023,2023-11-22,3801,2023-10-24,1701,837,CENTR,2,5,7,3801,0,0,0,,0,3A12D,"POWELL ST","SUTTER ST",24.00,S,N,A,-,N,,,,,,,,,,N,3,0,1,1,A,-,07,21658,A,N,H,A,A,A,H,-,A,A,0,,Y,,,Y,,L,04,0,1,0,0,0,0,1,0,0,"- ","- ",,,"SAN FRANCISCO","SAN FRANCISCO",-122.40859222412109,37.789165496826172
9634263,2023,2023-11-14,3801,2023-09-25,2214,2391,NORTH,1,5,7,3801,0,0,0,,0,3E12E,"MCALLISTER ST","WEBSTER ST",0.00,,Y,A,-,N,,,,,,,,,,N,3,0,1,2,A,-,12,21453,A,N,D,G,A,A,H,-,C,A,0,,Y,,,Y,,L,04,0,1,0,0,0,0,1,0,0,"- ","- ",,,"SAN FRANCISCO","SAN FRANCISCO",-122.43010711669922,37.778839111328125
9634266,2023,2023-11-14,3801,2023-09-25,1427,798,NORTH,1,5,7,3801,0,0,0,,0,3E12D,"HAIGHT ST","SCOTT ST",167.00,E,N,A,-,N,,,,,,,,,,,3,0,1,2,A,-,03,22350,,N,C,E,A,A,H,-,A,D,0,,Y,,,Y,,L,04,0,1,0,0,0,0,1,0,0,"- ","- ",,,"SAN FRANCISCO","SAN FRANCISCO",-122.43482208251953,37.771553039550781
9634267,2023,2023-11-14,3801,2023-09-25,"210 ",2498,NORTH,1,5,7,3801,0,0,0,,0,3E13E,"POLK ST","EDDY ST",0.00,,Y,A,-,N,,,,,,,,,,N,2,0,1,1,A,-,03,22350,,N,H,-,A,A,H,-,C,D,0,,Y,,,Y,,L,04,1,0,0,0,0,0,1,0,0,"- ","- ",,,"SAN FRANCISCO","SAN FRANCISCO",-122.41918182373047,37.7830810546875
9634703,2023,2024-01-26,3801,2023-11-26,1216,189,NORTH,7,5,7,3801,0,0,0,,0,001,"PAGE ST","LAGUNA ST",0.00,,Y,A,-,N,,,,,,,,,,N,2,0,1,2,A,-,03,22350,A,N,F,-,A,A,H,-,A,D,0,,Y,,,Y,,L,04,1,0,0,0,0,0,1,0,0,"- ","- ",,,"SAN FRANCISCO","SAN FRANCISCO",-122.42569732666016,37.773658752441406
9634728,2023,2024-01-20,3801,2023-11-21,1736,1572,SOUTH,2,5,7,3801,0,0,0,,0,3B2,"MISSION ST","MISSION ST 980",0.00,,-,A,-,N,,,,,,,,,,N,3,0,1,2,A,-,17,22517,,N,B,G,A,A,H,-,C,A,0,,Y,,,Y,,A,07,0,1,0,0,0,0,1,0,0,"- ","- ",,,"SAN FRANCISCO","SAN FRANCISCO",-122.41979217529297,37.7705078125
9634732,2023,2024-01-20,3801,2023-11-15,"754 ",1351,MISSI,3,5,7,3801,0,0,0,,0,3D11A,"MARKET ST","OCTAVIA BL",0.00,,Y,-,-,N,,,,,,,,,,N,3,0,1,2,A,-,08,22101,D,N,-,-,A,-,-,-,-,-,0,,Y,,,Y,,A,01,0,1,0,0,0,0,1,0,0,"- ","- ",,,"SAN FRANCISCO","SAN FRANCISCO",-122.42359161376953,37.771774291992188
9634744,2023,2023-12-20,3801,2023-11-15,1945,1096,CENTR,3,5,7,3801,0,0,0,,0,3A12D,"POST ST","GRANT AV",0.00,,Y,C,-,N,,,,,,,,,,N,4,0,1,2,A,-,03,22350,,N,C,G,A,B,H,-,C,A,0,,Y,,,Y,,A,01,0,0,1,0,0,0,1,0,0,"- ","- ",,,"SAN FRANCISCO","SAN FRANCISCO",-122.40522003173828,37.7886962890625
9634747,2023,2023-12-20,3801,2023-11-15,1047,1653,INGLE,3,5,7,3801,0,0,0,,0,,"CONGDON ST","MAYNARD ST",0.00,,Y,A,-,N,,,,,,,,,,N,3,0,1,2,A,-,09,21802,A,N,D,G,A,A,H,-,A,A,0,,Y,,,Y,,A,01,0,1,0,0,0,0,1,0,0,"- ","- ",,,"SAN FRANCISCO","SAN FRANCISCO",-122.42604064941406,37.729412078857422
9634748,2023,2023-12-20,3801,2023-11-14,1848,1101,PARK,2,5,7,3801,0,0,0,,0,,"MASONIC AV","OAK ST",0.00,,Y,A,-,N,,,,,,,,,,N,4,0,1,2,A,-,09,21801,A,N,A,G,A,A,H,-,C,A,0,,Y,,,Y,,A,01,0,0,1,0,0,0,1,0,0,"- ","- ",,,"SAN FRANCISCO","SAN FRANCISCO",-122.44575500488281,37.772083282470703
9634800,2023,2024-01-20,3801,2023-11-06,1500,1057,SOUTH,1,5,7,3801,0,0,0,,0,3B12D,"FOLSOM ST","4TH ST",0.00,,Y,A,-,N,,,,,,,,,,N,4,0,1,2,A,-,12,21453,A,N,D,-,A,A,H,-,A,A,0,,Y,,,Y,,L,04,0,0,1,0,0,0,1,0,0,"- ","- ",,,"SAN FRANCISCO","SAN FRANCISCO",-122.40116119384766,37.782035827636719
9635987,2023,2024-02-12,3801,2023-12-24,1600,2452,CENTR,7,5,7,3801,0,0,0,,0,,"HYDE ST","MCALLISTER ST",0.00,,Y,F,-,N,,,,,,,,,,N,4,0,1,2,A,-,06,21750,,N,D,G,A,-,H,-,B,D,0,,Y,,,Y,,L,04,0,0,1,0,0,0,1,0,0,"- ","- ",,,"SAN FRANCISCO","SAN FRANCISCO",-122.41532135009766,37.780738830566406
9636284,2023,2024-02-27,3801,2023-12-17,1855,229,MISSI,7,5,7,3801,0,0,0,,0,3D13A,"19TH ST","VALENCIA ST",125.00,W,N,A,-,N,,,,,,,,,,N,3,0,1,2,A,-,08,22105,,F,B,G,A,A,H,-,C,A,0,,Y,,,Y,,A,01,0,1,0,0,0,0,1,0,0,"- ","- ",,,"SAN FRANCISCO","SAN FRANCISCO",-122.42182922363281,37.760082244873047
9636292,2023,2024-03-19,3801,2023-12-16,2331,1827,MISSI,6,5,7,3801,0,0,0,,0,,"16TH ST","VALENCIA ST",0.00,,Y,A,-,N,,,,,,,,,,N,4,0,2,2,A,-,08,22107,,N,A,C,A,A,-,-,C,A,0,,Y,,,Y,,-,,0,0,2,0,0,0,1,0,0,"- ","- ",,,"SAN FRANCISCO","SAN FRANCISCO",-122.42189025878906,37.764907836914062
9636294,2023,2024-02-28,3801,2023-12-16,1135,2124,MISSI,6,5,7,3801,0,0,0,,0,3D3A,"18TH ST","CHURCH ST",0.00,,Y,A,-,N,,,,,,,,,,N,3,0,1,2,A,-,09,21801,A,N,D,G,A,A,H,-,A,D,0,,Y,,,Y,,A,01,0,1,0,0,0,0,1,0,0,"- ","- ",,,"SAN FRANCISCO","SAN FRANCISCO",-122.42838287353516,37.761299133300781
9636306,2023,2024-02-14,3801,2023-12-14,1514,2400,BAYVI,4,5,7,3801,0,0,0,,0,002,"TOLAND ST","EVANS AV",26.00,S,N,A,-,N,,,,,,,,,,N,4,0,1,2,A,-,12,21453,A,F,D,G,A,A,H,-,A,A,0,,Y,,,Y,,L,04,0,0,1,0,0,0,1,0,0,"- ","- ",,,"SAN FRANCISCO","SAN FRANCISCO",-122.39598083496094,37.747161865234375
9641807,2023,2023-12-11,3801,2023-10-31,1948,1157,SOUTH,2,5,7,3801,0,0,0,,0,3B5,"TOWNSEND ST","4TH ST",130.00,W,N,A,-,N,,,,,,,,,,N,4,0,1,2,A,-,08,22107,,N,D,G,A,A,H,-,C,A,0,,Y,,,Y,,L,04,0,0,1,0,0,0,1,0,0,"- ","- ",,,"SAN FRANCISCO","SAN FRANCISCO",-122.39530944824219,37.77685546875
9641825,2023,2023-12-08,3801,2023-10-30,1721,1057,SOUTH,1,5,7,3801,0,0,0,,0,3B13D,"THE EMBARCADERO SOUTH","BRYANT ST",0.00,,Y,A,-,N,,,,,,,,,,N,2,0,1,1,A,-,17,21663,,N,E,A,A,A,G,-,A,A,0,,Y,,,Y,,L,04,1,0,0,0,0,0,1,0,0,"- ","- ",,,"SAN FRANCISCO","SAN FRANCISCO",-122.38801574707031,37.787094116210938
9641876,2023,2024-01-23,3801,2023-11-03,"621 ",2059,CENTR,5,5,7,3801,0,0,0,,0,3A4A,"THE EMBARCADERO","WASHINGTON ST",620.00,S,N,A,-,N,,,,,,,,,,N,3,0,1,2,A,-,12,21453,A,F,D,G,A,A,H,-,C,A,0,,Y,,,Y,,A,07,0,1,0,0,0,0,1,0,0,"- ","- ",,,"SAN FRANCISCO","SAN FRANCISCO",-122.39446258544922,37.795185089111328
9646226,2023,2024-01-12,3801,2023-11-27,"545 ",1591,BAYVI,1,5,7,3801,0,0,0,,0,3C00,"LOOMIS ST","LOOMIS ST 250",0.00,,N,A,-,N,,,,,,,,,,N,4,0,1,2,A,-,08,22100,A,F,B,G,A,A,H,-,C,D,0,,Y,,,Y,,A,01,0,0,1,0,0,0,1,0,0,"- ","- ",,,"SAN FRANCISCO","SAN FRANCISCO",,
9646763,2023,2024-02-21,3801,2023-12-15,"430 ",1308,SOUT,5,5,7,3801,0,0,0,,0,3B12E,"HARRISON ST","5TH ST",0.00,,Y,A,-,N,,,,,,,,,,N,4,0,1,2,A,-,12,21453,A,F,D,G,A,A,H,-,C,A,0,,Y,,,Y,,D,22,0,0,1,0,0,0,1,0,0,"- ","- ",,,"SAN FRANCISCO","SAN FRANCISCO",-122.40187072753906,37.779056549072266
9649631,2023,2023-12-30,3801,2023-10-31,1511,1666,PARK,2,5,7,3801,0,0,0,,0,4CAR,"HAIGHT ST","DIVISADERO ST",1540.00,W,N,A,-,N,,,,,,,,,,N,2,0,1,2,A,-,09,21801,A,N,D,G,A,A,H,-,A,A,0,,Y,,,Y,,A,01,1,0,0,0,0,0,1,0,0,"- ","- ",,,"SAN FRANCISCO","SAN FRANCISCO",-122.44229888916016,37.770599365234375
9649632,2023,2023-12-30,3801,2023-10-31,1740,312,TARAV,2,5,7,3801,0,0,0,,0,2CAR,"20TH AV","JUDAH ST",0.00,,Y,A,-,N,,,,,,,,,,N,3,0,1,2,A,-,09,21802,A,N,D,G,A,A,H,-,A,-,0,,Y,,,Y,,L,04,0,1,0,0,0,0,1,0,0,"- ","- ",,,"SAN FRANCISCO","SAN FRANCISCO",-122.47808837890625,37.761650085449219
9650255,2023,2024-01-11,3801,2023-11-29,"719 ",2495,BAYVI,3,5,7,3801,0,0,0,,0,3C12A,"GATES ST","CRESCENT AV",52.00,N,N,A,-,N,,,,,,,,,,,4,0,1,2,A,-,03,22350,,F,B,G,A,B,-,-,A,A,0,,Y,,,Y,,A,01,0,0,1,0,0,0,1,0,0,"- ","- ",,,"SAN FRANCISCO","SAN FRANCISCO",-122.41429138183594,37.73492431640625
9650266,2023,2024-02-13,3801,2023-12-05,1724,1243,PARK,2,5,7,3801,0,0,0,,0,3F12C,"HAIGHT ST","COLE ST",0.00,,Y,A,-,N,,,,,,,,,,N,2,0,1,2,A,-,06,21755,A,N,C,G,A,A,H,-,C,D,0,,Y,,,Y,,L,04,1,0,0,0,0,0,1,0,0,"- ","- ",,,"SAN FRANCISCO","SAN FRANCISCO",-122.45072937011719,37.769508361816406
9650268,2023,2024-02-13,3801,2023-12-04,1415,4267,TARAV,1,5,7,3801,0,0,0,,0,3I16A,"OCEAN AV","FAXON AV",10.00,S,N,A,-,N,,,,,,,,,,N,3,0,1,2,D,-,00,,,N,H,B,B,A,H,-,A,A,0,Y,Y,,,Y,,-,"- ",0,1,0,0,1,0,0,0,0,"- ","- ",,,"SAN FRANCISCO","SAN FRANCISCO",-122.460205078125,37.724754333496094
9650469,2023,2024-02-15,3801,2023-12-08,1335,608,CENTR,5,5,7,3801,0,0,0,,0,3A15A,"NEW MONTGOMERY ST","JESSIE ST",10.00,S,N,A,-,N,,,,,,,,,,N,3,0,2,3,A,-,03,22350,,F,C,B,F,A,H,-,A,D,0,Y,Y,,,Y,,L,04,0,1,1,0,2,0,0,0,0,"- ","- ",,,"SAN FRANCISCO","SAN FRANCISCO",-122.40096282958984,37.787849426269531
9650665,2023,2024-01-17,3801,2023-08-26,1500,1796,RICHM,6,5,7,3801,0,0,0,,0,002,"ARUGUELLO BL","GEARY BL",0.00,,Y,B,-,N,,,,,,,,,,N,4,0,1,2,A,-,09,21801,A,N,D,G,A,A,H,-,A,A,0,,Y,,,Y,,A,07,0,0,1,0,0,0,1,0,0,"- ","- ",,,"SAN FRANCISCO","SAN FRANCISCO",-122.45887756347656,37.781333923339844
9651680,2023,2024-02-15,3801,2023-12-11,"755 ",1580,SOUTH,1,5,7,3801,0,0,0,,0,3B14A,"DIVISION ST","HENRY ADAMS ST",0.00,,Y,A,-,N,,,,,,,,,,N,4,0,1,2,A,-,06,21755,A,F,C,G,A,A,H,-,A,A,0,,Y,,,Y,,L,04,0,0,1,0,0,0,0,0,0,"- ","- ",,,"SAN FRANCISCO","SAN FRANCISCO",,
9655621,2023,2024-01-22,3801,2023-10-12,1331,2466,RICHM,4,5,7,3801,0,0,0,,0,,"9TH AV","FULTON AV",0.00,,Y,A,-,N,,,,,,,,,,N,4,0,1,2,A,-,09,21804,A,N,D,G,A,A,H,-,A,D,0,,Y,,,Y,,L,04,0,0,1,0,0,0,1,0,0,"- ","- ",,,"SAN FRANCISCO","SAN FRANCISCO",-122.46695709228516,37.773349761962891
9659710,2023,2024-03-22,3801,2023-01-22,1412,1457,TARAV,7,5,7,3801,0,0,0,,0,3I11A,"IRVING ST","10TH AV",134.00,E,N,B,-,N,,,,,,,,,,N,3,0,1,2,A,-,21,22106,,N,B,G,A,A,H,-,A,D,0,,Y,,,Y,,A,01,0,1,0,0,0,0,1,0,0,"- ","- ",,,"SAN FRANCISCO","SAN FRANCISCO",-122.46692657470703,37.764019012451172
9670643,2023,2024-02-23,3801,2023-10-18,"755 ",575,CENTR,3,5,7,3801,0,0,0,,0,3A11A,"LARKIN ST","POST ST",0.00,,Y,A,-,N,,,,,,,,,,N,4,0,1,2,A,-,05,21650,,N,A,-,A,A,H,-,A,A,0,,Y,,,Y,,L,04,0,0,1,0,0,0,1,0,0,"- ","- ",,,"SAN FRANCISCO","SAN FRANCISCO",-122.41826629638672,37.787040710449219
9672911,2023,2024-04-29,3801,2023-02-13,"922 ",2008,MISSI,1,5,7,3801,0,0,0,,0,3D13A,"23RD ST","TREAT AV",0.00,,Y,A,-,N,,,,,,,,,,N,3,0,1,3,A,-,12,22450,,F,D,G,A,A,H,-,A,-,0,,Y,,Y,Y,,A,07,0,1,0,0,0,0,1,0,0,"- ","- ",,,"SAN FRANCISCO","SAN FRANCISCO",-122.41312408447266,37.754173278808594
9711937,2023,2024-07-15,3801,2023-10-14,1424,1528,SOUTH,6,5,7,3801,0,0,0,,0,3B5A,"4TH ST","HARRISON ST",0.00,,Y,A,-,Y,SF,4,80,-,-,4.914,R,4,W,N,4,0,1,2,A,-,00,22101,E,N,D,G,A,A,H,-,A,A,0,,Y,,,Y,,L,04,0,0,1,0,0,0,1,0,0,"- ","- ",,,"SAN FRANCISCO","SAN FRANCISCO",-122.40031433105469,37.779399871826172
6347696,2014,2016-03-22,3801,2014-04-08,1443,001087,NORTH,2,5,7,3801,0,0,0,,0,3E48,"GROVE ST","POLK ST",15.00,E,N,A,-,N,,,,,,,,,,N,3,0,2,2,A,-,05,21650,1,N,A,G,A,A,H,-,A,A,0,,Y,,,Y,,L,04,0,1,1,0,0,0,2,0,0,"- ","- ",,,"SAN FRANCISCO","SAN FRANCISCO",-122.41816849999999,37.778485240000002
6361004,2014,2016-03-03,9350,2014-01-18,1325,013450,,6,1,7,3801,0,1,2,,1,120,"RT 101","GGB SOUTH TOWER",1056.00,N,N,A,-,Y,SF,4,101,-,-,10.360,H,-,S,N,3,0,1,1,B,-,22,,,N,F,A,A,A,H,-,A,D,1,,Y,,,Y,,L,04,0,1,0,0,0,0,1,0,0,"- ","- ",,,"SAN FRANCISCO","SAN FRANCISCO",-122.47802802,37.81372606
6367349,2014,2016-03-03,9350,2014-01-26,1630,13450,,7,2,7,3801,0,1,2,,1,120,"RT 101","SOUTH TOWER",1056.00,N,N,B,E,Y,SF,4,101,-,-,10.362,H,-,S,N,3,0,1,1,B,-,22,,,N,F,A,A,B,H,-,A,D,1,,Y,,,Y,,-,"- ",0,1,0,0,0,0,1,0,0,"- ","- ",,,"SAN FRANCISCO","SAN FRANCISCO",-122.47803188,37.813754699999997
6518602,2014,2015-12-14,3801,2014-05-01,2255,227,MISSI,4,5,7,3801,0,0,0,,0,,"BRANNAN ST","8TH ST",0.00,,Y,A,-,N,,,,,,,,,,,2,0,1,1,-,-,"- ",,,N,A,I,A,A,H,-,C,D,0,,Y,,,Y,,-,"- ",1,0,0,0,0,0,1,0,0,"- ","- ",,,"SAN FRANCISCO","SAN FRANCISCO",-122.40542986,37.771289930000002
6540482,2014,2014-08-13,3801,2014-01-08,1659,1729,SOUTH,3,5,7,3801,0,0,0,,0,,"7TH ST","FOLSOM ST",0.00,,Y,B,-,N,,,,,,,,,,N,3,0,1,2,A,-,17,21657,,N,D,G,A,A,H,-,B,A,0,,Y,,,Y,,L,04,0,1,0,0,0,0,1,0,0,"- ","- ",,,"SAN FRANCISCO","SAN FRANCISCO",-122.40784985000001,37.776769889999997
6540525,2014,2014-08-20,3801,2014-01-22,0920,1887,TRAFF,3,5,7,3801,0,0,0,,0,4K1C,"FOLSOM ST","BEALE ST",11.00,W,N,A,-,N,,,,,,,,,,N,4,0,1,2,A,-,12,21453,A,N,D,G,A,A,H,-,A,A,0,,Y,,,Y,,-,"- ",0,0,1,0,0,0,1,0,0,"- ","- ",,,"SAN FRANCISCO","SAN FRANCISCO",-122.39274689,37.7886886
6540720,2014,2014-07-25,3801,2014-04-23,0040,209,NORTH,3,5,7,3801,0,0,0,,0,3E12D,"POLK ST","MCALLISTER ST",0.00,,Y,A,-,N,,,,,,,,,,N,3,0,2,2,A,-,12,21453,A,N,D,J,A,A,H,-,C,A,0,,Y,,,Y,,L,04,0,2,0,0,0,0,2,0,0,"- ","- ",,,"SAN FRANCISCO","SAN FRANCISCO",-122.41859999,37.780269910000001
6541454,2014,2014-07-26,3801,2014-03-23,1550,4084,TARAV,7,5,7,3801,0,0,0,,0,,"GREAT HWY","LINCOLN AV",6.00,N,N,A,-,N,,,,,,,,,,N,3,0,1,2,A,-,09,21804,A,N,D,G,A,A,H,-,A,A,0,,Y,,,Y,Y,L,04,0,1,0,0,0,0,1,0,0,"- ","- ",,,"SAN FRANCISCO","SAN FRANCISCO",-122.51037126,37.764046450000002
6546014,2014,2014-07-22,3801,2014-01-10,2143,1661,MISSI,5,5,7,3801,0,0,0,,0,3D13E,"17TH ST","HARRISON ST",0.00,,Y,A,-,N,,,,,,,,,,N,3,0,1,2,A,-,12,22450,A,N,A,G,A,A,H,-,C,D,0,,Y,,,Y,,L,04,0,1,0,0,0,0,1,0,0,"- ","- ",,,"SAN FRANCISCO","SAN FRANCISCO",-122.41302998,37.764089920000004
6546023,2014,2014-07-24,3801,2014-01-19,1911,2361,PARK,7,5,7,3801,0,0,0,,0,003,"MASONIC AV","HAYES ST",17.00,S,N,A,-,N,,,,,,,,,,N,3,0,1,2,A,-,03,22350,,F,C,G,A,A,H,-,C,A,0,,Y,,,Y,,-,,0,1,0,0,0,0,1,0,0,"- ","- ",,,"SAN FRANCISCO","SAN FRANCISCO",-122.44610099000001,37.77389385
6546082,2014,2014-07-21,3801,2014-01-13,1102,991,,1,5,7,3801,0,0,0,,0,4B1G,"MCALLISTER ST","HYDE ST",0.00,,Y,A,-,N,,,,,,,,,,Y,4,0,1,2,A,-,09,21801,A,N,D,G,A,A,H,-,A,A,0,,Y,,,Y,,A,01,0,0,1,0,0,0,1,0,0,"- ","- ",,,"SAN FRANCISCO","SAN FRANCISCO",-122.4153199,37.780739930000003
6546092,2014,2014-07-21,3801,2014-01-23,0200,001192,SOUTH,4,5,7,3801,0,0,0,,0,3B11E,"MARKET ST","2ND ST",0.00,,Y,A,-,N,,,,,,,,,,N,3,0,1,2,A,-,04,21703,,N,C,G,A,A,H,-,C,A,0,,Y,,,Y,Y,A,01,0,1,0,0,0,0,1,0,0,"- ","- ",,,"SAN FRANCISCO","SAN FRANCISCO",-122.40139995,37.789239940000002
6546097,2014,2014-07-21,3801,2014-01-11,2130,2262,BAYV,6,5,7,3801,0,0,0,,0,2C11D,"INDIANA ST","22ND ST",0.00,,Y,A,-,N,,,,,,,,,,N,3,0,1,2,A,-,12,22450,A,F,H,G,A,A,H,-,D,A,0,,Y,,,Y,Y,A,01,0,1,0,0,0,0,1,0,0,"- ","- ",,,"SAN FRANCISCO","SAN FRANCISCO",-122.39117991000001,37.757769959999997
6546115,2014,2014-07-18,3801,2014-01-17,2230,002285,NORTH,5,5,7,3801,0,0,0,,0,3E13E,"LARKIN ST","GEARY ST",112.00,N,N,A,-,N,,,,,,,,,,N,2,0,1,1,D,-,00,,,N,F,A,A,A,H,-,C,D,0,,Y,,,Y,,-,"- ",1,0,0,0,0,0,1,0,0,"- ","- ",,,"SAN FRANCISCO","SAN FRANCISCO",-122.41816301,37.786414790000002
6546143,2014,2014-07-18,3801,2014-01-09,1959,1957,RICHM,4,5,7,3801,0,0,0,,0,4B7G,"MARTIN LUTHER KING DR","METSON RD",522.00,W,N,A,-,N,,,,,,,,,,N,4,0,1,1,A,-,03,22350,,N,H,J,A,A,H,-,D,D,0,,Y,,,Y,,L,04,0,0,1,0,0,0,1,0,0,"- ","- ",,,"SAN FRANCISCO","SAN FRANCISCO",-122.492695,37.765449340000004
6546149,2014,2014-07-18,3801,2014-01-11,0839,991,,6,5,7,3801,0,0,0,,0,4K2A,MCCOPPIN,"OTIS ST",0.00,,Y,B,-,N,,,,,,,,,,N,4,0,1,2,A,-,12,21453,A,N,D,G,A,A,H,-,A,A,0,,Y,,,Y,,A,01,0,0,1,0,0,0,1,0,0,"- ","- ",,,"SAN FRANCISCO","SAN FRANCISCO",-122.42032998000001,37.771779989999999