CASE_ID,ACCIDENT_YEAR,PROC_DATE,JURIS,COLLISION_DATE,COLLISION_TIME,OFFICER_ID,REPORTING_DISTRICT,DAY_OF_WEEK,CHP_SHIFT,POPULATION,CNTY_CITY_LOC,SPECIAL_COND,BEAT_TYPE,CHP_BEAT_TYPE,CITY_DIVISION_LAPD,CHP_BEAT_CLASS,BEAT_NUMBER,PRIMARY_RD,SECONDARY_RD,DISTANCE,DIRECTION,INTERSECTION,WEATHER_1,WEATHER_2,STATE_HWY_IND,CALTRANS_COUNTY,CALTRANS_DISTRICT,STATE_ROUTE,ROUTE_SUFFIX,POSTMILE_PREFIX,POSTMILE,LOCATION_TYPE,RAMP_INTERSECTION,SIDE_OF_HWY,TOW_AWAY,COLLISION_SEVERITY,NUMBER_KILLED,NUMBER_INJURED,PARTY_COUNT,PRIMARY_COLL_FACTOR,PCF_CODE_OF_VIOL,PCF_VIOL_CATEGORY,PCF_VIOLATION,PCF_VIOL_SUBSECTION,HIT_AND_RUN,TYPE_OF_COLLISION,MVIW,PED_ACTION,ROAD_SURFACE,ROAD_COND_1,ROAD_COND_2,LIGHTING,CONTROL_DEVICE,CHP_ROAD_TYPE,PEDESTRIAN_ACCIDENT,BICYCLE_ACCIDENT,MOTORCYCLE_ACCIDENT,TRUCK_ACCIDENT,NOT_PRIVATE_PROPERTY,ALCOHOL_INVOLVED,STWD_VEHTYPE_AT_FAULT,CHP_VEHTYPE_AT_FAULT,COUNT_SEVERE_INJ,COUNT_VISIBLE_INJ,COUNT_COMPLAINT_PAIN,COUNT_PED_KILLED,COUNT_PED_INJURED,COUNT_BICYCLIST_KILLED,COUNT_BICYCLIST_INJURED,COUNT_MC_KILLED,COUNT_MC_INJURED,PRIMARY_RAMP,SECONDARY_RAMP,LATITUDE,LONGITUDE,COUNTY,CITY,POINT_X,POINT_Y
6546185,2014,2014-07-21,3801,2014-02-24,0845,2002,PARK,1,5,7,3801,0,0,0,,0,3F13A,"MCALLISTER ST","SCOTT ST",0.00,,Y,A,-,N,,,,,,,,,,N,2,0,1,2,A,-,12,22450,A,N,A,G,A,A,H,-,A,A,0,,Y,,,Y,,L,04,1,0,0,0,0,0,1,0,0,"- ","- ",,,"SAN FRANCISCO","SAN FRANCISCO",-122.43669993,37.77800998
6546215,2014,2014-07-21,3801,2014-02-25,1758,1848,TARAV,2,5,7,3801,0,0,0,,0,312,"IRVING ST","33RD AV",28.00,E,N,A,-,N,,,,,,,,,,N,4,0,1,2,A,-,17,22517,,N,B,G,A,A,H,-,B,D,0,,Y,,,Y,,A,01,0,0,1,0,0,0,1,0,0,"- ","- ",,,"SAN FRANCISCO","SAN FRANCISCO",-122.49202344,37.762896320000003
6546221,2014,2014-07-30,3801,2014-02-24,2135,4337,SOUTH,1,5,7,3801,0,0,0,,0,0B4,"MARKET ST","VALENCIA ST",0.00,,Y,A,-,N,,,,,,,,,,Y,3,0,1,2,A,-,08,22101,D,N,B,G,A,A,H,-,C,A,0,,Y,,,Y,,L,04,0,1,0,0,0,0,1,0,0,"- ","- ",,,"SAN FRANCISCO","SAN FRANCISCO",-122.42261997,37.772549980000001
6546230,2014,2014-07-31,3801,2014-02-14,0715,1732,SOUTH,5,5,7,3801,0,0,0,,0,1CAR,"MISSION ST","4TH ST",25.00,W,N,B,-,N,,,,,,,,,,N,3,0,1,2,A,-,09,21801,A,F,D,G,A,A,H,-,A,A,0,,Y,,,Y,,-,,0,1,0,0,0,0,1,0,0,"- ","- ",,,"SAN FRANCISCO","SAN FRANCISCO",-122.40432001000001,37.784470519999999
6547464,2014,2014-07-25,3801,2014-02-27,1550,000251,RICHM,4,5,7,3801,0,0,0,,0,3G61,"BALBOA ST","6TH AV",30.00,E,N,A,-,N,,,,,,,,,,N,4,0,1,2,A,-,17,22517,,N,B,G,A,A,H,-,A,D,0,,Y,,,Y,,A,01,0,0,1,0,0,0,1,0,0,"- ","- ",,,"SAN FRANCISCO","SAN FRANCISCO",-122.46392636,37.777225010000002
6547472,2014,2015-10-09,3801,2014-02-01,1130,826,NORTH,6,5,7,3801,0,0,0,,0,3E12A,"VAN NESS AV","FRANCISCO ST",0.00,,Y,A,-,N,,,,,,,,,,N,4,0,1,2,A,-,06,21750,,N,D,G,A,A,H,-,A,A,0,,Y,,,Y,,L,04,0,0,1,0,0,0,1,0,0,"- ","- ",,,"SAN FRANCISCO","SAN FRANCISCO",-122.4249599,37.803199900000003
6547488,2014,2014-07-25,3801,2014-02-01,1418,004285,TARAV,6,5,7,3801,0,0,0,,0,3I16A,"GREAT HWY","LAWTON ST",188.00,N,N,A,-,N,,,,,,,,,,N,4,0,1,2,A,-,17,21208,B,N,B,G,A,A,H,-,A,A,0,,Y,,,Y,,L,04,0,0,1,0,0,0,1,0,0,"- ","- ",,,"SAN FRANCISCO","SAN FRANCISCO",-122.50952674,37.757053740000003
6547533,2014,2014-07-21,3801,2014-01-06,1007,1572,,1,5,7,3801,0,0,0,,0,,"MARKET ST","5TH ST",0.00,,Y,A,-,N,,,,,,,,,,N,4,0,1,2,A,-,03,22350,,N,C,G,A,A,H,-,A,D,0,,Y,,,Y,,L,04,0,0,1,0,0,0,1,0,0,"- ","- ",,,"SAN FRANCISCO","SAN FRANCISCO",-122.40805989,37.783999919999999
6556982,2014,2014-07-22,3801,2014-03-14,0945,24,SOUTH,5,5,7,3801,0,0,0,,0,03B,"MARKET ST","VALENCIA AV",0.00,,Y,A,-,N,,,,,,,,,,N,4,0,1,1,A,-,"- ",,,N,H,-,A,A,H,-,A,D,0,,Y,,,Y,,L,04,0,0,1,0,0,0,1,0,0,"- ","- ",,,"SAN FRANCISCO","SAN FRANCISCO",-122.42261997,37.772549980000001
6557014,2014,2014-07-21,3801,2014-03-21,1721,4175,4K7D,5,5,7,3801,0,0,0,,0,MISSIO,"13TH ST","MISSION ST",0.00,,N,A,-,N,,,,,,,,,,N,2,0,2,3,A,-,12,21453,A,N,B,G,A,A,H,-,A,A,0,,Y,Y,,Y,,L,04,1,0,1,0,0,0,1,0,1,"- ","- ",,,"SAN FRANCISCO","SAN FRANCISCO",-122.42017991,37.769989959999997
6557034,2014,2014-07-21,3801,2014-03-25,0630,2118,SOUTH,2,5,7,3801,0,0,0,,0,0B1,"THE EMBARCADERO","MISSION ST",250.00,N,N,B,-,N,,,,,,,,,,N,2,0,1,2,A,-,17,21663,,N,D,G,A,A,H,-,C,D,0,,Y,,,Y,,L,04,1,0,0,0,0,0,1,0,0,"- ","- ",,,"SAN FRANCISCO","SAN FRANCISCO",-122.39322111,37.794209500000001
6557053,2014,2014-07-21,3801,2014-03-18,1151,000251,RICHM,2,5,7,3801,0,0,0,,0,3G61,"JOHN F KENNEDY DR",TRANSVERSE,525.00,W,N,A,-,N,,,,,,,,,,N,4,0,1,1,A,-,03,22350,,N,E,A,A,A,H,-,A,D,0,,Y,,,Y,,L,04,0,0,1,0,0,0,1,0,0,"- ","- ",,,"SAN FRANCISCO","SAN FRANCISCO",-122.48162825,37.770029190000002
6557054,2014,2014-07-23,3801,2014-03-18,0852,1584,SOUTH,2,5,7,3801,0,0,0,,0,4K2D,"FOLSOM ST","8TH ST",0.00,,Y,A,-,N,,,,,,,,,,N,4,0,1,2,A,-,12,21453,A,N,D,G,A,A,H,-,A,A,0,,Y,,,Y,,A,01,0,0,1,0,0,0,1,0,0,"- ","- ",,,"SAN FRANCISCO","SAN FRANCISCO",-122.41004988,37.774989890000001
6557063,2014,2014-07-21,3801,2014-03-19,0916,1462,BAYVI,3,5,7,3801,0,0,0,,0,3C15A,"ILLINOIS ST","AMADOR ST",130.00,N,N,A,-,N,,,,,,,,,,N,3,0,1,1,A,-,03,22350,,N,H,A,A,A,B,-,A,A,0,,Y,,,Y,,L,04,0,1,0,0,0,0,1,0,0,"- ","- ",,,"SAN FRANCISCO","SAN FRANCISCO",-122.3860756,37.746126009999998
6557087,2014,2014-07-21,3801,2014-03-09,1932,004261,PARK,7,5,7,3801,0,0,0,,0,3F61,"POST ST","DIVISADERO ST",0.00,,Y,A,-,N,,,,,,,,,,N,4,0,1,2,A,-,08,21717,,N,D,G,A,A,H,-,B,A,0,,Y,,,Y,Y,A,07,0,0,1,0,0,0,1,0,0,"- ","- ",,,"SAN FRANCISCO","SAN FRANCISCO",-122.43966997,37.784309980000003
6563702,2014,2014-07-25,3801,2014-04-12,1252,2065,MISSI,6,5,7,3801,0,0,0,,0,3D60,"HARRISON ST","17TH ST",0.00,,Y,A,-,N,,,,,,,,,,N,4,0,1,2,A,-,09,21802,A,N,D,G,A,A,H,-,A,A,0,,Y,,,Y,,A,01,0,0,1,0,0,0,1,0,0,"- ","- ",,,"SAN FRANCISCO","SAN FRANCISCO",-122.41302998,37.764089920000004
6565852,2014,2015-03-06,3801,2014-04-10,1634,761,RICHM,4,5,7,3801,0,0,0,,0,03G,"BALBOA ST","8TH AV",0.00,,Y,B,-,N,,,,,,,,,,N,4,0,1,2,A,-,12,22450,A,N,D,G,A,A,H,-,A,D,0,,Y,,,Y,,L,04,0,0,1,0,0,0,1,0,0,"- ","- ",,,"SAN FRANCISCO","SAN FRANCISCO",-122.46616998,37.777139920000003
6565859,2014,2015-03-27,3801,2014-04-11,1511,4246,B,5,5,7,3801,0,0,0,,0,005,"TOWNSEND ST","6TH ST",150.00,E,N,A,-,N,,,,,,,,,,N,3,0,1,2,A,-,08,22107,,F,D,G,A,A,H,-,A,D,0,,Y,,,Y,,A,07,0,1,0,0,0,0,1,0,0,"- ","- ",,,"SAN FRANCISCO","SAN FRANCISCO",-122.39906436,37.77390252
6565870,2014,2015-03-05,3801,2014-04-27,1310,813,PARK,7,5,7,3801,0,0,0,,0,4CAR,"PAGE ST",PIERCE,64.00,W,-,B,-,N,,,,,,,,,,N,3,0,1,2,A,-,17,22517,,N,B,G,A,A,H,-,A,D,0,,Y,,,Y,,-,,0,1,0,0,0,0,1,0,0,"- ","- ",,,"SAN FRANCISCO","SAN FRANCISCO",-122.43413873999999,37.772602329999998
6565879,2014,2015-03-05,3801,2014-04-11,0850,1887,TRAFF,5,5,7,3801,0,0,0,,0,4K1C,"6TH ST","NATOMA ST",67.00,N,N,B,-,N,,,,,,,,,,N,4,0,1,2,A,-,"- ",,,N,B,G,A,A,H,-,A,D,0,,Y,,,Y,,L,04,0,0,1,0,0,0,1,0,0,"- ","- ",,,"SAN FRANCISCO","SAN FRANCISCO",-122.40783288,37.780311009999998
6565940,2014,2014-07-24,3801,2014-04-25,0925,1161,,5,5,7,3801,0,0,0,,0,3H2A,"SAN JOSE AV","30TH ST",213.00,N,N,B,C,N,,,,,,,,,,N,4,0,1,2,A,-,03,22350,,N,D,G,A,B,H,-,A,D,0,,Y,,,Y,,L,04,0,0,1,0,0,0,1,0,0,"- ","- ",,,"SAN FRANCISCO","SAN FRANCISCO",-122.42315017,37.742844529999999
6565954,2014,2014-07-24,3801,2014-04-30,0832,351,SOUTH,3,5,7,3801,0,0,0,,0,3B60,"MARKET ST","OCTAVIA ST",0.00,,Y,A,-,N,,,,,,,,,,N,3,0,1,2,A,-,08,22101,D,F,D,G,A,A,H,-,A,B,0,,Y,,,Y,,A,08,0,1,0,0,0,0,1,0,0,"- ","- ",,,"SAN FRANCISCO","SAN FRANCISCO",-122.42358993000001,37.771779950000003
6565981,2014,2014-07-24,3801,2014-04-03,0911,4082,TARAV,4,5,7,3801,0,0,0,,0,3I5,"OCEAN AV",HAVENSIDE,8.00,W,N,B,-,N,,,,,,,,,,N,3,0,1,2,A,-,08,22107,,N,B,G,A,A,H,-,A,A,0,,Y,,,Y,,A,01,0,1,0,0,0,0,1,0,0,"- ","- ",,,"SAN FRANCISCO","SAN FRANCISCO",-122.48977763000001,37.732068859999998
6565985,2014,2014-07-24,3801,2014-04-24,0936,4036,TARAV,4,5,7,3801,0,0,0,,0,4B5I,"8TH AV","LAWTON ST",222.00,N,N,B,-,N,,,,,,,,,,N,3,0,1,1,D,-,00,,,N,E,J,A,A,A,G,A,D,0,,Y,,,Y,,-,"- ",0,1,0,0,0,0,1,0,0,"- ","- ",,,"SAN FRANCISCO","SAN FRANCISCO",-122.46490602999999,37.759089199999998
6565989,2014,2014-07-24,3801,2014-04-02,2242,4341,RICHM,3,5,7,3801,0,0,0,,0,3G13E,"8TH AV","BALBOA ST",107.00,S,N,A,-,N,,,,,,,,,,N,2,0,1,2,A,-,07,21658,A,N,E,G,A,A,H,-,C,A,0,,Y,,,Y,,L,04,1,0,0,0,0,0,1,0,0,"- ","- ",,,"SAN FRANCISCO","SAN FRANCISCO",-122.46614647,37.776846650000003
6565990,2014,2014-07-25,3801,2014-04-17,2015,4256,SOUTH,4,5,7,3801,0,0,0,,0,3B53C,"VERMONT ST","ALAMEDA ST",0.00,,Y,A,-,N,,,,,,,,,,N,3,0,1,2,A,-,09,21803,B,N,B,G,A,A,H,-,C,A,0,,Y,,,Y,,A,07,0,1,0,0,0,0,1,0,0,"- ","- ",,,"SAN FRANCISCO","SAN FRANCISCO",-122.40484986,37.768549899999996
6573160,2014,2014-08-09,3801,2014-04-09,1409,004335,BAYVI,3,5,7,3801,0,0,0,,0,3C15C,"MISSISSIPPI ST","MARIPOSA ST",150.00,N,N,A,-,N,,,,,,,,,,N,4,0,1,2,A,-,"- ",,,N,B,G,A,A,H,-,A,D,0,,Y,,,Y,,I,11,0,0,1,0,0,0,1,0,0,"- ","- ",,,"SAN FRANCISCO","SAN FRANCISCO",-122.39477589000001,37.764391089999997
6579886,2014,2016-05-14,9350,2014-07-28,1830,017201,,1,2,7,3801,0,1,2,,1,120,"RT 101","LIGHT POLE 44",5.00,S,N,A,-,Y,SF,4,101,-,-,10.862,H,-,S,N,3,0,1,1,C,-,18,,,N,E,I,A,A,H,-,A,D,4,,Y,,,Y,,-,"- ",0,1,0,0,0,0,1,0,0,"- ","- ",37.807270000000003,-122.47565,"SAN FRANCISCO","SAN FRANCISCO",-122.47892195,37.820918280000001
6787757,2015,2015-03-03,9350,2015-01-04,1223,018191,,7,1,7,3801,0,1,2,,1,120,"100TH AV","GGB SOUTH TOWER",1100.00,N,N,A,-,N,,,,,,,,,,N,3,0,1,2,D,-,00,,,N,-,G,A,A,H,-,A,D,0,,Y,,,Y,,-,"- ",0,1,0,0,0,0,1,0,0,"- ","- ",37.821109999999997,-122.47884000000001,"SAN FRANCISCO","SAN FRANCISCO",,
6805540,2015,2016-10-19,9350,2015-01-21,1730,13346,,3,2,7,3801,0,1,2,,1,120,"GOLDEN GATE BRIDGE WEST SIDEWALK","SOUTH TOWER",200.00,N,N,A,-,Y,SF,4,101,-,-,10.410,H,-,N,N,3,0,1,1,C,-,18,,,N,F,A,A,A,H,-,B,D,1,,Y,,,Y,,-,"- ",0,1,0,0,0,0,1,0,0,"- ","- ",37.815759999999997,-122.47826000000001,"SAN FRANCISCO","SAN FRANCISCO",-122.47801401,37.814491850000003
6811949,2015,2016-10-13,9350,2015-01-29,1150,19216,,4,1,7,3801,0,1,2,,1,120,"RT 101","SOUTH TOWER",1000.00,S,N,A,-,Y,SF,4,101,-,-,10.250,H,-,S,N,3,0,1,2,B,-,22,,,N,H,B,F,A,H,-,A,D,1,Y,Y,,,Y,,L,04,0,1,0,0,0,0,1,0,0,"- ","- ",37.807119999999998,-122.47445999999999,"SAN FRANCISCO","SAN FRANCISCO",-122.4778376,37.812150070000001
6854263,2014,2015-04-20,3801,2014-03-19,1127,73,MISSI,3,5,7,3801,0,0,0,,0,4B6D,"FOLSOM ST","13TH ST",35.00,S,N,A,-,N,,,,,,,,,,Y,1,1,0,2,A,-,05,21650,,N,H,G,A,A,H,-,A,A,0,,Y,,,Y,Y,L,04,0,0,0,0,0,1,0,0,0,"- ","- ",,,"SAN FRANCISCO","SAN FRANCISCO",-122.41561183,37.769425419999997
6866923,2014,2015-08-18,3801,2014-05-26,1713,173,,1,5,7,3801,0,0,0,,0,3H14D,"MISSION ST","BRAZIL AV",102.00,N,N,A,-,N,,,,,,,,,,N,3,0,1,2,A,-,07,21658,A,N,B,G,A,A,H,-,A,A,0,,Y,,,Y,,L,04,0,1,0,0,0,0,1,0,0,"- ","- ",,,"SAN FRANCISCO","SAN FRANCISCO",-122.43463871,37.724935440000003
6970910,2014,2015-08-11,3801,2014-07-15,1358,A07030,INGLE,2,5,7,3801,0,0,0,,0,3H66,"OCEAN AV","HOWTH ST",0.00,,Y,B,-,N,,,,,,,,,,N,3,0,1,2,A,-,12,21453,A,N,D,G,A,A,H,-,A,A,0,,Y,,,Y,,L,04,0,1,0,0,0,0,1,0,0,"- ","- ",,,"SAN FRANCISCO","SAN FRANCISCO",-122.44957991,37.722959979999999
6997224,2014,2015-08-11,3801,2014-09-08,0813,1043,RICHM,1,5,7,3801,0,0,0,,0,4K6H,"8TH AV","BALBOA ST",0.00,,Y,A,-,N,,,,,,,,,,Y,3,0,3,7,B,-,22,,,N,C,G,A,A,H,-,A,A,0,,Y,,,Y,,A,08,0,2,1,0,0,0,1,0,0,"- ","- ",,,"SAN FRANCISCO","SAN FRANCISCO",-122.46616998,37.777139920000003
6997285,2014,2015-08-03,3801,2014-09-01,2024,004261,MISSI,1,5,7,3801,0,0,0,,0,3D13D,"SOUTH VAN NESS","23RD ST",0.00,,Y,A,-,N,,,,,,,,,,N,4,0,1,2,A,-,21,22106,,F,D,G,A,A,H,-,C,A,0,,Y,,,Y,,A,01,0,0,1,0,0,0,1,0,0,"- ","- ",,,"SAN FRANCISCO","SAN FRANCISCO",-122.41643992,37.753959969999997
6997332,2014,2015-08-14,3801,2014-09-05,1556,00183,SOUTH,5,5,7,3801,0,0,0,,0,3B12C,"MARKET ST","4TH ST",30.00,E,N,A,-,N,,,,,,,,,,N,4,0,1,2,A,-,17,21209,A,N,B,G,A,A,H,-,A,A,0,,Y,,,Y,,-,,0,0,1,0,0,0,1,0,0,"- ","- ",,,"SAN FRANCISCO","SAN FRANCISCO",-122.40581638,37.785758119999997
6997379,2014,2016-02-29,3801,2014-09-02,2205,312,MISSI,2,5,7,3801,0,0,0,,0,3801,"MISSION ST","24TH ST",0.00,,Y,A,-,N,,,,,,,,,,N,3,0,1,1,A,-,17,21663,,N,E,I,A,A,H,-,C,D,0,,Y,,,Y,Y,L,04,0,1,0,0,0,0,1,0,0,"- ","- ",,,"SAN FRANCISCO","SAN FRANCISCO",-122.41848989,37.752259899999999
6997412,2014,2015-08-06,3801,2014-09-13,1145,01062,SOUTH,6,5,7,3801,0,0,0,,0,3B4D,"MARKET ST","5TH ST",500.00,E,N,A,-,N,,,,,,,,,,N,3,0,1,1,D,-,00,,,N,E,A,A,A,H,-,A,A,0,,Y,,,Y,,-,"- ",0,1,0,0,0,0,1,0,0,"- ","- ",,,"SAN FRANCISCO","SAN FRANCISCO",-122.40682252000001,37.784960269999999
6997443,2014,2015-08-18,3801,2014-09-16,2210,357,MISSI,2,5,7,3801,0,0,0,,0,,"24TH ST","FOLSOM ST",0.00,,Y,A,-,N,,,,,,,,,,N,4,0,1,2,A,-,17,22517,,N,H,G,A,A,H,-,C,A,0,,Y,,,Y,,A,01,0,0,1,0,0,0,1,0,0,"- ","- ",,,"SAN FRANCISCO","SAN FRANCISCO",-122.41408991,37.7525099
6997451,2014,2015-08-10,3801,2014-09-17,1655,00144,INGLE,3,5,7,3801,0,0,0,,0,3H27,"OCEAN AV","SAN JOSE AV",0.00,,Y,A,-,N,,,,,,,,,,N,3,0,1,2,A,-,09,21804,A,N,H,G,A,A,G,-,-,D,0,,Y,,,Y,Y,L,04,0,1,0,0,0,0,1,0,0,"- ","- ",,,"SAN FRANCISCO","SAN FRANCISCO",-122.44480986000001,37.722929890000003
6997466,2014,2015-08-06,3801,2014-09-23,0620,01196,INGLE,2,5,7,3801,0,0,0,,0,0H4,"RANDALL ST","MISSION ST",0.00,,Y,A,-,N,,,,,,,,,,N,2,0,1,2,A,-,05,21202,A,N,D,G,A,A,H,-,A,D,0,,Y,,,Y,,L,04,1,0,0,0,0,0,1,0,0,"- ","- ",,,"SAN FRANCISCO","SAN FRANCISCO",-122.42361995,37.739799920000003
6997499,2014,2015-08-10,3801,2014-09-15,1245,1172,3B12C,1,5,7,3801,0,0,0,,0,COB,"5TH ST","FOLSOM ST",6.00,E,N,A,-,N,,,,,,,,,,N,4,0,1,2,A,-,06,21755,,N,B,G,A,A,H,-,A,A,0,,Y,,,Y,,L,04,0,0,1,0,0,0,1,0,0,"- ","- ",,,"SAN FRANCISCO","SAN FRANCISCO",-122.40338541,37.780258269999997
6997504,2014,2015-08-10,3801,2014-09-03,0535,4337,PARK,3,5,7,3801,0,0,0,,0,0F3,"LINCOLN WY","6TH AV",100.00,W,N,A,-,N,,,,,,,,,,N,3,0,1,2,A,-,06,21750,,F,B,G,A,A,H,-,B,D,0,,Y,,,Y,,A,01,0,1,0,0,0,0,1,0,0,"- ","- ",,,"SAN FRANCISCO","SAN FRANCISCO",-122.46357584,37.766060299999999
6997884,2014,2015-08-05,3801,2014-08-11,0745,1060,MISSI,1,5,7,3801,0,0,0,,0,3D11A,"RAMONA ST","14TH ST",8.00,S,N,A,-,N,,,,,,,,,,N,4,0,1,2,A,-,08,22107,,F,D,G,A,A,H,-,A,D,0,,Y,,,Y,Y,A,01,0,0,1,0,0,0,1,0,0,"- ","- ",,,"SAN FRANCISCO","SAN FRANCISCO",-122.42535753999999,37.76792811
6997910,2014,2015-08-05,3801,2014-08-05,1330,351,SOUTH,2,5,7,3801,0,0,0,,0,3B5A,"MARKET ST","GRANT ST",82.00,W,N,A,-,N,,,,,,,,,,N,3,0,1,1,A,-,03,22350,,N,E,I,A,A,H,-,A,A,0,,Y,,,Y,,L,04,0,1,0,0,0,0,1,0,0,"- ","- ",,,"SAN FRANCISCO","SAN FRANCISCO",-122.40477833999999,37.78660885
7004025,2014,2015-08-11,3801,2014-06-20,1345,01846,MISSI,5,5,7,3801,0,0,0,,0,3D41C,"18TH ST","CHURCH ST",45.00,W,N,A,-,N,,,,,,,,,,N,2,0,1,1,A,-,03,22350,,N,F,I,A,A,H,-,A,D,0,,Y,,,Y,Y,L,04,1,0,0,0,0,0,1,0,0,"- ","- ",,,"SAN FRANCISCO","SAN FRANCISCO",-122.42853513999999,37.76128937
7004033,2014,2015-08-11,3801,2014-06-13,1744,1205,SOUTH,5,5,7,3801,0,0,0,,0,3B14D,"MARKET ST","OCTAVIA ST",0.00,,Y,A,-,N,,,,,,,,,,N,3,0,1,1,A,-,03,22350,,N,E,I,A,A,H,-,A,A,0,,Y,,,Y,,L,04,0,1,0,0,0,0,1,0,0,"- ","- ",,,"SAN FRANCISCO","SAN FRANCISCO",-122.42358993000001,37.771779950000003
7004041,2014,2015-08-11,3801,2014-06-09,2007,195,NORTH,1,5,7,3801,0,0,0,,0,3E15D,FRANCISCO,POLK,0.00,,Y,A,-,N,,,,,,,,,,N,2,0,2,2,A,-,"- ",,,N,H,A,A,A,H,-,A,D,0,,Y,,,Y,,L,04,2,0,0,0,0,0,2,0,0,"- ","- ",,,"SAN FRANCISCO","SAN FRANCISCO",-122.42326994,37.803419910000002
7004053,2014,2015-08-08,3801,2014-10-24,1557,004277,,5,5,7,3801,0,0,0,,0,3B55C,"MARKET ST","JONES ST",0.00,,Y,A,-,N,,,,,,,,,,N,4,0,1,2,A,-,11,21950,B,N,G,G,B,A,H,-,A,A,0,Y,Y,,,Y,,N,60,0,0,1,0,1,0,0,0,0,"- ","- ",,,"SAN FRANCISCO","SAN FRANCISCO",-122.41197993999999,37.780909919999999
7004073,2014,2015-08-08,3801,2014-10-21,0600,544,,2,5,7,3801,0,0,0,,0,3J90A,"LARKIN ST","FULTON ST",0.00,,Y,A,-,N,,,,,,,,,,N,3,0,1,1,A,-,03,22350,,N,E,A,A,A,H,-,C,A,0,,Y,,,Y,,L,04,0,1,0,0,0,0,1,0,0,"- ","- ",,,"SAN FRANCISCO","SAN FRANCISCO",-122.41675988,37.77958993
7004084,2014,2015-09-28,3801,2014-10-28,1000,004279,,2,5,7,3801,0,0,0,,0,,"MONTEREY BL","MONTEREY BL 36",0.00,,N,A,-,N,,,,,,,,,,N,2,0,1,2,A,-,"- ",,,F,B,B,E,A,H,-,A,A,0,Y,Y,,,Y,,L,04,1,0,0,0,1,0,0,0,0,"- ","- ",,,"SAN FRANCISCO","SAN FRANCISCO",-122.43587852,37.731909129999998
7006882,2014,2015-08-05,3801,2014-10-28,1149,4182,SOUTH,2,5,7,3801,0,0,0,,0,3B2A,"MARKET ST","8TH ST",100.00,E,N,A,-,N,,,,,,,,,,N,4,0,1,2,A,-,17,22517,,N,B,G,A,A,H,-,A,D,0,,Y,,,Y,,I,12,0,0,1,0,0,0,1,0,0,"- ","- ",,,"SAN FRANCISCO","SAN FRANCISCO",-122.41451171,37.778901390000001
7006982,2014,2015-08-13,3801,2014-06-18,1946,001192,SOUTH,3,5,7,3801,0,0,0,,0,03B,"MARKET ST","FELL ST",0.00,,Y,A,-,N,,,,,,,,,,N,3,0,1,2,A,-,08,22101,,N,H,G,A,A,H,-,A,A,0,,Y,,,Y,,L,04,0,1,0,0,0,0,1,0,0,"- ","- ",,,"SAN FRANCISCO","SAN FRANCISCO",-122.41752993,37.776529969999999
7006986,2014,2015-08-19,3801,2014-06-18,1919,961,SOUTH,3,5,7,3801,0,0,0,,0,3B14D,"2ND ST","DE BOOM ST",0.00,,Y,A,-,N,,,,,,,,,,N,4,0,1,2,A,-,08,22108,,N,D,-,A,A,H,-,A,D,0,,Y,,,Y,,B,01,0,0,1,0,0,0,1,0,0,"- ","- ",,,"SAN FRANCISCO","SAN FRANCISCO",-122.39257987000001,37.782259969999998
7006999,2014,2015-09-01,3801,2014-10-13,1415,2293,,1,5,7,3801,0,0,0,,0,334C,"SOUTH VAN NESS ST","13TH ST",0.00,,-,A,-,Y,,,,,,,,,,N,4,0,1,2,A,-,08,22107,,N,G,G,A,A,G,-,A,A,0,,Y,,,Y,,-,,0,0,1,0,0,0,1,0,0,"- ","- ",,,"SAN FRANCISCO","SAN FRANCISCO",-122.41776996,37.769719979999998
7007011,2014,2015-08-11,3801,2014-10-16,0800,000722,INGLE,4,5,7,3801,0,0,0,,0,3H1A,"ALEMANY BL","JUSTIN DR",380.00,N,N,A,-,N,,,,,,,,,,N,4,0,1,2,A,-,07,21658,A,N,D,G,A,A,H,-,A,D,0,,Y,,,Y,,L,04,0,0,1,0,0,0,1,0,0,"- ","- ",,,"SAN FRANCISCO","SAN FRANCISCO",-122.42596,37.7318
7008008,2014,2015-08-05,3801,2014-05-25,1422,1900,TARAV,7,5,7,3801,0,0,0,,0,3II3A,"JUDAH ST","45TH AV",0.00,,Y,A,-,N,,,,,,,,,,,3,0,1,1,A,-,03,22350,,N,F,I,A,A,G,-,A,D,0,,Y,,,Y,,L,04,0,1,0,0,0,0,1,0,0,"- ","- ",,,"SAN FRANCISCO","SAN FRANCISCO",-122.50486998,37.760469880000002
7008025,2014,2015-08-06,3801,2014-09-29,0800,001655,PARK,1,5,7,3801,0,0,0,,0,3F14A,"PIERCE ST","HAIGHT ST",29.00,S,N,A,-,N,,,,,,,,,,N,3,0,1,2,A,-,12,22450,A,N,B,G,A,A,H,-,A,D,0,,Y,,,Y,,L,04,0,1,0,0,0,0,1,0,0,"- ","- ",,,"SAN FRANCISCO","SAN FRANCISCO",-122.43371293,37.771611489999998
7008031,2014,2015-08-06,3801,2014-05-20,0929,1339,MISSI,2,5,7,3801,0,0,0,,0,901,"MARKET ST","DIAMOND ST",0.00,,Y,A,-,N,,,,,,,,,,N,4,0,1,2,A,-,03,22350,,N,D,G,A,A,H,-,A,A,0,,Y,,,Y,,L,04,0,0,1,0,0,0,1,0,0,"- ","- ",,,"SAN FRANCISCO","SAN FRANCISCO",-122.43729992999999,37.761899990000003