CASE_ID,ACCIDENT_YEAR,PROC_DATE,JURIS,COLLISION_DATE,COLLISION_TIME,OFFICER_ID,REPORTING_DISTRICT,DAY_OF_WEEK,CHP_SHIFT,POPULATION,CNTY_CITY_LOC,SPECIAL_COND,BEAT_TYPE,CHP_BEAT_TYPE,CITY_DIVISION_LAPD,CHP_BEAT_CLASS,BEAT_NUMBER,PRIMARY_RD,SECONDARY_RD,DISTANCE,DIRECTION,INTERSECTION,WEATHER_1,WEATHER_2,STATE_HWY_IND,CALTRANS_COUNTY,CALTRANS_DISTRICT,STATE_ROUTE,ROUTE_SUFFIX,POSTMILE_PREFIX,POSTMILE,LOCATION_TYPE,RAMP_INTERSECTION,SIDE_OF_HWY,TOW_AWAY,COLLISION_SEVERITY,NUMBER_KILLED,NUMBER_INJURED,PARTY_COUNT,PRIMARY_COLL_FACTOR,PCF_CODE_OF_VIOL,PCF_VIOL_CATEGORY,PCF_VIOLATION,PCF_VIOL_SUBSECTION,HIT_AND_RUN,TYPE_OF_COLLISION,MVIW,PED_ACTION,ROAD_SURFACE,ROAD_COND_1,ROAD_COND_2,LIGHTING,CONTROL_DEVICE,CHP_ROAD_TYPE,PEDESTRIAN_ACCIDENT,BICYCLE_ACCIDENT,MOTORCYCLE_ACCIDENT,TRUCK_ACCIDENT,NOT_PRIVATE_PROPERTY,ALCOHOL_INVOLVED,STWD_VEHTYPE_AT_FAULT,CHP_VEHTYPE_AT_FAULT,COUNT_SEVERE_INJ,COUNT_VISIBLE_INJ,COUNT_COMPLAINT_PAIN,COUNT_PED_KILLED,COUNT_PED_INJURED,COUNT_BICYCLIST_KILLED,COUNT_BICYCLIST_INJURED,COUNT_MC_KILLED,COUNT_MC_INJURED,PRIMARY_RAMP,SECONDARY_RAMP,LATITUDE,LONGITUDE,COUNTY,CITY,POINT_X,POINT_Y
7008082,2014,2015-08-08,3801,2014-05-06,0824,1819,NORTH,2,5,7,3801,0,0,0,,0,4B6E,"WEBSTER DR","FULTON ST",5.00,N,N,A,-,N,,,,,,,,,,N,4,0,1,2,A,-,06,21755,,N,D,G,A,A,H,-,A,A,0,,Y,,,Y,,L,04,0,0,1,0,0,0,1,0,0,"- ","- ",,,"SAN FRANCISCO","SAN FRANCISCO",-122.42991291,37.777923540000003
7008084,2014,2015-08-05,3801,2014-05-30,2055,004269,SOUTH,5,5,7,3801,0,0,0,,0,3B14D,"MISSION ST","WASHBURN ST",0.00,,Y,A,-,N,,,,,,,,,,N,4,0,1,2,A,-,05,21460,A,N,C,G,A,A,H,-,C,D,0,,Y,,,Y,Y,A,08,0,0,1,0,0,0,1,0,0,"- ","- ",,,"SAN FRANCISCO","SAN FRANCISCO",-122.41513994,37.775889960000001
7008114,2014,2015-08-07,3801,2014-05-05,1000,1856,,1,5,7,3801,0,0,0,,0,RICHAM,"ARGUELLO BL","EDWARD ST",0.00,,Y,A,-,N,,,,,,,,,,N,3,0,1,2,A,-,08,21717,,F,D,G,A,A,H,-,A,D,0,,Y,,,Y,,-,,0,1,0,0,0,0,1,0,0,"- ","- ",,,"SAN FRANCISCO","SAN FRANCISCO",-122.45863994,37.778019919999998
7008119,2014,2015-08-05,3801,2014-05-14,1654,001112,RICHM,3,5,7,3801,0,0,0,,0,3G13D,"LAKE ST","FUNSTON AV",0.00,,Y,A,-,N,,,,,,,,,,N,3,0,1,2,A,-,17,22517,,N,B,G,A,A,H,-,A,D,0,,Y,,,Y,,A,01,0,1,0,0,0,0,1,0,0,"- ","- ",,,"SAN FRANCISCO","SAN FRANCISCO",-122.47218995,37.786339990000002
7008129,2014,2015-08-11,3801,2014-05-03,2030,1279,MISSI,6,5,7,3801,0,0,0,,0,,"VALENCIA AV","19TH ST",0.00,,Y,A,-,N,,,,,,,,,,N,4,0,1,2,A,-,17,22517,,N,H,G,A,A,H,-,C,D,0,,Y,,,Y,,A,07,0,0,1,0,0,0,1,0,0,"- ","- ",,,"SAN FRANCISCO","SAN FRANCISCO",-122.42139991000001,37.760109999999997
7008133,2014,2015-08-07,3801,2014-05-02,1817,000209,NORTH,5,5,7,3801,0,0,0,,0,3EL12D,"MCALLISTER ST","FILLMORE ST",15.00,E,N,A,-,N,,,,,,,,,,N,3,0,1,2,A,-,08,22107,,N,D,G,A,A,H,-,A,A,0,,Y,,,Y,,A,01,0,1,0,0,0,0,1,0,0,"- ","- ",,,"SAN FRANCISCO","SAN FRANCISCO",-122.43169863,37.778645969999999
7008140,2014,2015-08-14,3801,2014-05-20,1839,004371,MISSI,2,5,7,3801,0,0,0,,0,,"13TH ST","FOLSOM ST",0.00,,Y,A,-,N,,,,,,,,,,N,3,0,1,2,A,-,12,21453,A,M,D,G,A,A,H,-,A,A,0,,Y,,,Y,,A,01,0,1,0,0,0,0,1,0,0,"- ","- ",,,"SAN FRANCISCO","SAN FRANCISCO",-122.41558999,37.76952
7008145,2014,2015-08-07,3801,2014-05-02,0845,687,SOUTH,5,5,7,3801,0,0,0,,0,5CAR,"TOWNSEND ST","6TH ST",250.00,W,N,A,-,N,,,,,,,,,,N,4,0,1,2,A,-,04,21703,,N,C,G,A,A,H,-,A,D,0,,Y,,,Y,,L,04,0,0,1,0,0,0,1,0,0,"- ","- ",,,"SAN FRANCISCO","SAN FRANCISCO",-122.40000696,37.773901680000002
7008158,2014,2015-08-08,3801,2014-05-08,0725,684,SOUTH,4,5,7,3801,0,0,0,,0,,"VAN NESS AV","MISSION ST",81.00,S,N,A,-,N,,,,,,,,,,N,4,0,1,1,A,-,"- ",,,N,E,G,A,A,H,-,A,D,0,,Y,,,Y,,L,04,0,0,1,0,0,0,1,0,0,"- ","- ",,,"SAN FRANCISCO","SAN FRANCISCO",-122.41856184,37.77289416
7009268,2014,2015-08-06,3801,2014-09-14,1136,1240,SOUTH,7,5,7,3801,0,0,0,,0,3B14C,"8TH ST","HOWARD ST",0.00,,Y,A,-,N,,,,,,,,,,N,4,0,1,2,A,-,05,21650,1,F,D,G,A,A,H,-,A,A,0,,Y,,,Y,,A,07,0,0,1,0,0,0,1,0,0,"- ","- ",,,"SAN FRANCISCO","SAN FRANCISCO",-122.41158998,37.776229950000001
7009971,2014,2015-08-14,3801,2014-08-03,1635,1736,SOUTH,7,5,7,3801,0,0,0,,0,3B13D,"8TH ST","MARKET ST",0.00,,Y,A,-,N,,,,,,,,,,N,3,0,1,2,A,-,03,22350,,N,C,G,A,A,H,-,A,A,0,,Y,,,Y,,L,04,0,1,0,0,0,0,1,0,0,"- ","- ",,,"SAN FRANCISCO","SAN FRANCISCO",-122.41475996,37.778709880000001
7009994,2014,2015-08-14,3801,2014-08-16,2055,189,NORTH,6,5,7,3801,0,0,0,,0,001,"WEBSTER ST","GROVE ST",87.00,S,N,A,-,N,,,,,,,,,,N,4,0,1,2,A,-,09,21801,A,N,D,G,A,A,H,-,C,D,0,,Y,,,Y,,A,01,0,0,1,0,0,0,1,0,0,"- ","- ",,,"SAN FRANCISCO","SAN FRANCISCO",-122.42970428,37.77673377
7009995,2014,2015-08-14,3801,2014-08-15,1804,001660,CENTR,5,5,7,3801,0,0,0,,0,3A91,"STOCKTON AV","JACKSON ST",0.00,,Y,A,-,N,,,,,,,,,,N,3,0,1,2,A,-,17,21200,,N,H,G,A,A,H,-,A,A,0,,Y,,,Y,,L,04,0,1,0,0,0,0,1,0,0,"- ","- ",,,"SAN FRANCISCO","SAN FRANCISCO",-122.40821999000001,37.795829900000001
7010014,2014,2016-04-28,3801,2014-08-09,1137,01081,TARAV,6,5,7,3801,0,0,0,,0,3I15B,"SKYLINE BL","GREAT HWY",0.00,,Y,A,-,Y,SF,4,35,-,-,1.260,I,5,S,N,4,0,1,2,A,-,09,21802,A,N,D,G,A,A,H,-,A,A,0,,Y,,,Y,,A,08,0,0,1,0,0,0,1,0,0,"- ","- ",,,"SAN FRANCISCO","SAN FRANCISCO",-122.50309489,37.72526869
7010033,2014,2015-08-13,3801,2014-08-28,1631,00183,SOUTH,4,5,7,3801,0,0,0,,0,3B11C,"HARRISON ST","5TH ST",0.00,,Y,A,-,N,,,,,,,,,,N,3,0,1,2,A,-,12,21453,A,N,-,G,A,A,H,-,-,A,0,,Y,,,Y,,L,04,0,1,0,0,0,0,1,0,0,"- ","- ",,,"SAN FRANCISCO","SAN FRANCISCO",-122.40186989,37.779059920000002
7010040,2014,2015-08-13,3801,2014-08-28,0715,01837,SOUTH,4,5,7,3801,0,0,0,,0,3B13A,"5TH ST","HARRISON ST",0.00,,Y,B,-,N,,,,,,,,,,N,4,0,1,2,A,-,08,22100,A,F,B,G,A,A,H,-,A,A,0,,Y,,,Y,,A,01,0,0,1,0,0,0,1,0,0,"- ","- ",,,"SAN FRANCISCO","SAN FRANCISCO",-122.40186989,37.779059920000002
7010043,2014,2015-08-13,3801,2014-08-08,2230,1028,PARK,5,5,7,3801,0,0,0,,0,3F00,"PAGE ST","DIVISADERO ST",136.00,W,N,A,-,N,,,,,,,,,,N,4,0,1,2,A,-,06,21755,,N,B,G,A,A,H,-,C,A,0,,Y,,,Y,,L,04,0,0,1,0,0,0,1,0,0,"- ","- ",,,"SAN FRANCISCO","SAN FRANCISCO",-122.43769411,37.772148510000001
7010045,2014,2015-08-13,3801,2014-08-22,2104,001763,MISSI,5,5,7,3801,0,0,0,,0,901,"SOUTH VAN NESS AV","18TH ST",0.00,,Y,A,-,N,,,,,,,,,,N,4,0,1,2,D,-,00,,,N,D,G,A,A,H,-,C,A,0,,Y,,,Y,,-,"- ",0,0,1,0,0,0,1,0,0,"- ","- ",,,"SAN FRANCISCO","SAN FRANCISCO",-122.41719995,37.761949960000003
7010048,2014,2015-08-13,3801,2014-08-22,0928,004282,NORTH,5,5,7,3801,0,0,0,,0,3E61,"HAYES ST","GOUGH ST",0.00,,Y,A,-,N,,,,,,,,,,Y,4,0,1,2,D,-,00,,,N,D,G,A,A,H,-,A,A,0,,Y,,,Y,,-,"- ",0,0,1,0,0,0,1,0,0,"- ","- ",,,"SAN FRANCISCO","SAN FRANCISCO",-122.42297000000001,37.776879889999996
7010059,2014,2015-08-13,3801,2014-08-20,1010,100,3E,3,5,7,3801,0,0,0,,0,3E1A,"PAGE ST","OCTAVIA ST",59.00,W,N,B,-,N,,,,,,,,,,N,4,0,1,2,A,-,05,21752,D,N,D,G,A,A,H,-,A,A,0,,Y,,,Y,,L,04,0,0,1,0,0,0,1,0,0,"- ","- ",,,"SAN FRANCISCO","SAN FRANCISCO",-122.42431121,37.773852380000001
7014850,2014,2015-08-11,3801,2014-06-20,0049,004359,,5,5,7,3801,0,0,0,,0,001,"14TH ST","CHURCH ST",120.00,W,N,A,-,N,,,,,,,,,,N,4,0,1,2,A,-,08,22102,,N,D,G,A,A,H,-,C,A,0,,Y,,,Y,,A,01,0,0,1,0,0,0,1,0,0,"- ","- ",,,"SAN FRANCISCO","SAN FRANCISCO",-122.42936462,37.767691489999997
7014882,2014,2015-08-12,3801,2014-07-31,2035,529,,4,5,7,3801,0,0,0,,0,3D11D,"CHURCH ST","15TH ST",0.00,,Y,A,-,N,,,,,,,,,,N,2,0,1,2,A,-,12,21453,A,N,D,G,A,A,H,-,B,A,0,,Y,,,Y,,A,01,1,0,0,0,0,0,1,0,0,"- ","- ",,,"SAN FRANCISCO","SAN FRANCISCO",-122.4287999,37.766129980000002
7014897,2014,2015-08-11,3801,2014-07-18,1219,127,,5,5,7,3801,0,0,0,,0,3E4C,"VAN NESS AV","HAYES ST",0.00,,Y,B,-,N,,,,,,,,,,N,3,0,1,2,A,-,12,21453,A,N,H,G,A,A,H,-,A,A,0,,Y,,,Y,,L,04,0,1,0,0,0,0,1,0,0,"- ","- ",,,"SAN FRANCISCO","SAN FRANCISCO",-122.41967993999999,37.777289969999998
7014930,2014,2015-08-11,3801,2014-07-07,2151,001861,COB,1,5,7,3801,0,0,0,,0,3B12E,"7TH ST","TOWNSEND ST",0.00,,Y,A,-,N,,,,,,,,,,N,3,0,1,2,A,-,09,21801,A,F,D,G,A,A,H,-,C,A,0,,Y,,,Y,,A,01,0,1,0,0,0,0,1,0,0,"- ","- ",,,"SAN FRANCISCO","SAN FRANCISCO",-122.40165987,37.771829990000001
7014941,2014,2015-08-12,3801,2014-07-14,1739,1736,SOUTH,1,5,7,3801,0,0,0,,0,3B13D,"MARKET ST","GOUGH ST",0.00,,Y,B,-,N,,,,,,,,,,N,3,0,1,2,A,-,"- ",,,N,B,G,A,A,H,-,A,A,0,,Y,,,Y,,A,01,0,1,0,0,0,0,1,0,0,"- ","- ",,,"SAN FRANCISCO","SAN FRANCISCO",-122.42220992999999,37.772869960000001
7014951,2014,2015-08-11,3801,2014-07-02,1436,2276,BAYVI,3,5,7,3801,0,0,0,,0,004,"SILVER AV","UNIVERSITY AV",0.00,,Y,A,-,N,,,,,,,,,,N,4,0,1,2,A,-,12,22450,A,N,D,G,A,A,H,-,A,A,0,,Y,,,Y,,L,04,0,0,1,0,0,0,1,0,0,"- ","- ",,,"SAN FRANCISCO","SAN FRANCISCO",-122.41520998,37.729229920000002
7014973,2014,2015-08-12,3801,2014-07-13,1736,004260,SOUTH,7,5,7,3801,0,0,0,,0,3B13D,"OTIS ST","VAN NESS AV",0.00,,Y,A,-,N,,,,,,,,,,N,4,0,1,2,A,-,12,21453,A,N,A,G,A,A,H,-,A,A,0,,Y,,,Y,,L,04,0,0,1,0,0,0,1,0,0,"- ","- ",,,"SAN FRANCISCO","SAN FRANCISCO",-122.41862997,37.773109980000001
7014983,2014,2015-09-01,3801,2014-07-25,1745,1881,SOUTH,5,5,7,3801,0,0,0,,0,3B62,"HARRISON ST","8TH ST",200.00,W,N,A,-,N,,,,,,,,,,N,3,0,1,2,A,-,08,22107,,N,B,G,A,A,H,-,B,A,0,,Y,,,Y,,-,"- ",0,1,0,0,0,0,1,0,0,"- ","- ",,,"SAN FRANCISCO","SAN FRANCISCO",-122.40900731000001,37.7733621
7014991,2014,2015-08-12,3801,2014-07-24,1728,1537,MISSI,4,5,7,3801,0,0,0,,0,3D11D,"VALENCIA ST","16TH ST",93.00,S,N,A,-,N,,,,,,,,,,N,3,0,1,2,A,-,03,22350,,N,C,G,A,A,H,-,A,D,0,,Y,,,Y,,L,04,0,1,0,0,0,0,1,0,0,"- ","- ",,,"SAN FRANCISCO","SAN FRANCISCO",-122.42186626,37.764655210000001
7014995,2014,2015-08-12,3801,2014-07-24,1615,2050,NORTH,4,5,7,3801,0,0,0,,0,3E14D,POLK,CALIFORNIA,98.00,N,N,A,-,N,,,,,,,,,,N,3,0,1,2,A,-,03,22350,,N,B,G,A,A,H,-,A,D,0,,Y,,,Y,,L,04,0,1,0,0,0,0,1,0,0,"- ","- ",,,"SAN FRANCISCO","SAN FRANCISCO",-122.42073429,37.790835749999999
7015012,2014,2015-08-12,3801,2014-07-27,0332,001605,BAYVI,7,5,7,3801,0,0,0,,0,3C12A,"INNES AV","ARELIOUS WALKER DR",370.00,E,N,A,-,N,,,,,,,,,,N,4,0,1,2,A,-,17,22517,,N,H,G,A,A,H,-,A,D,0,,Y,,,Y,,A,01,0,0,1,0,0,0,1,0,0,"- ","- ",,,"SAN FRANCISCO","SAN FRANCISCO",-122.37284601,37.730362079999999
7015017,2014,2015-08-12,3801,2014-07-11,0905,004272,MISSI,5,5,7,3801,0,0,0,,0,3D2A,"24TH ST","NOE ST",0.00,,Y,A,-,N,,,,,,,,,,N,4,0,1,2,A,-,09,21801,A,N,D,G,A,A,H,-,A,A,0,,Y,,,Y,,A,01,0,0,1,0,0,0,1,0,0,"- ","- ",,,"SAN FRANCISCO","SAN FRANCISCO",-122.4318699,37.751429979999997
7015037,2014,2015-08-12,3801,2014-07-14,0700,001452,MISSI,1,5,7,3801,0,0,0,,0,1CAR,"MARKET ST","CHURCH ST",292.00,W,N,A,-,N,,,,,,,,,,N,4,0,1,2,A,-,08,22107,,N,C,G,A,A,H,-,A,D,0,,Y,,,Y,,A,01,0,0,1,0,0,0,1,0,0,"- ","- ",,,"SAN FRANCISCO","SAN FRANCISCO",-122.42964352,37.767034170000002
7015051,2014,2015-08-12,3801,2014-06-12,1704,2432,PARK,4,5,7,3801,0,0,0,,0,3F2D,"LAGUNA HONDA BL","DEWEY BL",0.00,,Y,A,-,N,,,,,,,,,,N,4,0,1,2,A,-,06,21754,,N,B,G,A,A,H,-,A,A,0,,Y,,,Y,,L,04,0,0,1,0,0,0,1,0,0,"- ","- ",,,"SAN FRANCISCO","SAN FRANCISCO",-122.45918995,37.747269950000003
7015059,2014,2015-08-11,3801,2014-06-04,0600,001655,PARK,3,5,7,3801,0,0,0,,0,3F14A,"DIVISADERO ST","OAK ST",0.00,,Y,B,-,N,,,,,,,,,,N,3,0,1,2,A,-,12,21453,A,N,D,G,A,A,H,-,A,A,0,,Y,,,Y,,L,04,0,1,0,0,0,0,1,0,0,"- ","- ",,,"SAN FRANCISCO","SAN FRANCISCO",-122.43742994999999,37.773139929999999
7015063,2014,2015-08-11,3801,2014-06-05,1300,002329,MISSI,4,5,7,3801,0,0,0,,0,005,"VALENCIA ST","14TH ST",0.00,,Y,A,-,N,,,,,,,,,,N,2,0,1,2,A,-,08,22101,D,N,D,G,A,A,H,-,A,A,0,,Y,,,Y,Y,L,04,1,0,0,0,0,0,1,0,0,"- ","- ",,,"SAN FRANCISCO","SAN FRANCISCO",-122.42217989,37.768149889999997
7015092,2014,2015-08-11,3801,2014-06-22,0908,1103,NORTH,7,5,7,3801,0,0,0,,0,3E12A,"FRANKLIN ST","GROVE ST",58.00,S,N,A,-,N,,,,,,,,,,N,4,0,1,2,A,-,17,22517,,N,H,G,A,A,H,-,A,D,0,,Y,,,Y,,-,,0,0,1,0,0,0,1,0,0,"- ","- ",,,"SAN FRANCISCO","SAN FRANCISCO",-122.42148657,37.777862890000002
7015116,2014,2015-08-11,3801,2014-06-15,2320,2343,SOUTH,7,5,7,3801,0,0,0,,0,3B1E,"HOWARD ST","MAIN ST",95.00,W,N,A,G,N,,,,,,,,,,N,3,0,1,2,A,-,"- ",,,N,D,G,A,A,H,-,C,D,0,,Y,,,Y,,L,04,0,1,0,0,0,0,1,0,0,"- ","- ",,,"SAN FRANCISCO","SAN FRANCISCO",-122.39363227,37.790435240000001
7015128,2014,2015-08-18,3801,2014-10-11,1834,004124,SOUTH,6,5,7,3801,0,0,0,,0,3B11D,"MARKET ST","NEW MONTGOMERY ST",112.00,W,N,A,-,N,,,,,,,,,,N,3,0,1,2,A,-,17,22517,,M,H,G,A,A,H,-,C,A,0,,Y,,,Y,,A,07,0,1,0,0,0,0,1,0,0,"- ","- ",,,"SAN FRANCISCO","SAN FRANCISCO",-122.40227178000001,37.78855867
7015132,2014,2015-08-12,3801,2014-10-11,2011,931,RICHM,6,5,7,3801,0,0,0,,0,4CAR,"GEARY BL","17TH AV",0.00,,Y,A,-,N,,,,,,,,,,N,4,0,1,2,A,-,08,22107,,N,D,G,A,A,H,-,C,D,0,,Y,,,Y,,A,01,0,0,1,0,0,0,1,0,0,"- ","- ",,,"SAN FRANCISCO","SAN FRANCISCO",-122.47617,37.780529960000003
7015141,2014,2015-08-12,3801,2014-10-19,1455,000868,RICHM,7,5,7,3801,0,0,0,,0,4K8G,"CLEMENT ST","34TH AV",38.00,E,N,B,-,N,,,,,,,,,,N,3,0,1,2,A,-,12,22450,A,N,A,G,A,A,H,-,A,A,0,,Y,,,Y,,L,04,0,1,0,0,0,0,1,0,0,"- ","- ",,,"SAN FRANCISCO","SAN FRANCISCO",-122.49436862,37.781574910000003
7015147,2014,2015-08-12,3801,2014-10-15,2200,4063,SOUTH,3,5,7,3801,0,0,0,,0,,"4TH ST",BRANNAN,0.00,,Y,A,-,N,,,,,,,,,,N,4,0,1,2,A,-,12,21453,A,N,D,G,A,A,H,-,C,A,0,,Y,,,Y,,L,04,0,0,1,0,0,0,1,0,0,"- ","- ",,,"SAN FRANCISCO","SAN FRANCISCO",-122.39653988000001,37.778329929999998
7015202,2014,2015-09-08,3801,2014-10-03,1725,2426,CENTR,5,5,7,3801,0,0,0,,0,3A12D,"POST ST","STOCKTON ST",195.00,E,N,A,-,N,,,,,,,,,,N,3,0,1,2,A,-,07,21658,A,N,C,G,A,A,H,-,A,D,0,,Y,,,Y,,A,01,0,1,0,0,0,0,1,0,0,"- ","- ",,,"SAN FRANCISCO","SAN FRANCISCO",-122.4061031,37.788592819999998
7015210,2014,2015-08-13,3801,2014-10-01,1630,001661,RICHM,3,5,7,3801,0,0,0,,0,3D13D,"JOHN F KENNEDY DR","ROSE GARDEN DR",0.00,,Y,A,-,N,,,,,,,,,,N,3,0,1,2,A,-,08,22107,,N,D,G,A,A,H,-,A,D,0,,Y,,,Y,,A,01,0,1,0,0,0,0,1,0,0,"- ","- ",,,"SAN FRANCISCO","SAN FRANCISCO",,
7015249,2014,2015-08-13,3801,2014-10-10,0734,100,3E,5,5,7,3801,0,0,0,,0,3E12A,"MCALLISTER ST","POLK ST",214.00,E,N,B,-,N,,,,,,,,,,N,3,0,1,2,A,-,05,21460,A,N,D,G,A,A,H,-,A,A,0,,Y,,,Y,,A,01,0,1,0,0,0,0,1,0,0,"- ","- ",,,"SAN FRANCISCO","SAN FRANCISCO",-122.41787081,37.780373220000001
7015325,2014,2015-08-11,3801,2014-10-06,1851,004323,,1,5,7,3801,0,0,0,,0,,"MARKET ST","7TH ST",0.00,,Y,A,-,N,,,,,,,,,,N,3,0,1,2,A,-,08,22100,B,N,C,G,A,A,H,-,B,A,0,,Y,,,Y,,A,01,0,1,0,0,0,0,1,0,0,"- ","- ",,,"SAN FRANCISCO","SAN FRANCISCO",-122.4125099,37.780479900000003
7015350,2014,2015-08-11,3801,2014-10-11,1620,1849,,6,5,7,3801,0,0,0,,0,,"THE EMBARCADERO","WASHINGTON ST",314.00,S,N,A,-,N,,,,,,,,,,N,4,0,1,2,A,-,"- ",,,F,B,G,A,A,H,-,A,D,0,,Y,,,Y,,A,07,0,0,1,0,0,0,1,0,0,"- ","- ",,,"SAN FRANCISCO","SAN FRANCISCO",-122.39495041000001,37.7959259
7019363,2015,2015-09-01,3801,2015-03-19,0918,1838,TENDE,4,5,7,3801,0,0,0,,0,3J12A,"HYDE ST","ELLIS ST",0.00,,Y,A,-,N,,,,,,,,,,N,4,0,1,2,A,-,17,21657,,N,D,G,A,A,H,-,A,A,0,,Y,,,Y,,L,04,0,0,1,0,0,0,1,0,0,"- ","- ",,,"SAN FRANCISCO","SAN FRANCISCO",-122.41605991,37.784449930000001
7023095,2014,2015-09-02,3801,2014-10-10,1128,2317,,5,5,7,3801,0,0,0,,0,3B15C,"3RD ST","3RD ST 660",0.00,,N,A,-,N,,,,,,,,,,N,4,0,1,2,A,-,08,22107,,N,B,G,A,A,H,-,A,D,0,,Y,,,Y,,L,04,0,0,1,0,0,0,1,0,0,"- ","- ",,,"SAN FRANCISCO","SAN FRANCISCO",-122.39331365,37.779282680000001
7023481,2014,2015-08-14,3801,2014-07-07,0839,1882,RICHM,1,5,7,3801,0,0,0,,0,3G60,"GEARY BL","WOOD ST",30.00,W,N,B,-,N,,,,,,,,,,N,4,0,1,2,A,-,17,22517,,N,B,G,A,A,H,-,A,D,0,,Y,,,Y,,A,01,0,0,1,0,0,0,1,0,0,"- ","- ",,,"SAN FRANCISCO","SAN FRANCISCO",-122.4491977,37.782322090000001
7025124,2015,2015-08-26,3801,2015-03-31,1756,1060,COB,2,5,7,3801,0,0,0,,0,3B11D,"THE EMBARCADERO SOUTH","HARRISON ST",0.00,,Y,A,-,N,,,,,,,,,,N,2,0,1,2,A,-,08,22107,,N,B,G,A,A,H,-,A,A,0,,Y,,,Y,,-,"- ",1,0,0,0,0,0,1,0,0,"- ","- ",,,"SAN FRANCISCO","SAN FRANCISCO",-122.38860987,37.789499990000003
7025143,2015,2015-09-09,3801,2015-04-21,2054,001837,SOUTH,2,5,7,3801,0,0,0,,0,3B12D,"HOWARD ST","MARY CT",0.00,,Y,A,-,N,,,,,,,,,,N,4,0,1,2,A,-,17,21208,B,N,B,G,A,A,H,-,C,A,0,,Y,,,Y,Y,L,04,0,0,1,0,0,0,1,0,0,"- ","- ",,,"SAN FRANCISCO","SAN FRANCISCO",-122.40570992000001,37.780899990000002
7025165,2015,2015-09-02,3801,2015-04-22,1726,001994,BAYVI,3,5,7,3801,0,0,0,,0,4B4B,"KIRKWOOD AV","NEWHALL ST",199.00,W,N,A,-,N,,,,,,,,,,N,3,0,1,2,A,-,09,21804,A,N,D,G,A,A,H,-,A,D,0,,Y,,,Y,,L,04,0,1,0,0,0,0,1,0,0,"- ","- ",,,"SAN FRANCISCO","SAN FRANCISCO",-122.39051673,37.738471539999999
7025282,2015,2015-08-21,3801,2015-04-03,0657,783,MISSI,5,5,7,3801,0,0,0,,0,3D15A,"VALENCIA ST","19TH ST",0.00,,Y,A,-,N,,,,,,,,,,N,4,0,1,2,A,-,09,21801,A,N,D,G,A,A,H,-,A,A,0,,Y,,,Y,Y,A,01,0,0,1,0,0,0,1,0,0,"- ","- ",,,"SAN FRANCISCO","SAN FRANCISCO",-122.42139991000001,37.760109999999997
7025286,2015,2015-08-21,3801,2015-04-21,1727,892,SOUTH,2,5,7,3801,0,0,0,,0,3B12D,"HARRISON ST","6TH ST",35.00,E,N,A,-,N,,,,,,,,,,N,4,0,1,2,A,-,00,21760,C,N,B,G,A,A,H,-,A,A,0,,Y,,,Y,,A,01,0,0,1,0,0,0,1,0,0,"- ","- ",,,"SAN FRANCISCO","SAN FRANCISCO",-122.40398996,37.77737432
7025346,2015,2015-08-21,3801,2015-04-14,1325,4060,PARK,2,5,7,3801,0,0,0,,0,3F60,"7TH AV","KIRKHAM ST",0.00,,Y,A,-,N,,,,,,,,,,N,4,0,1,2,A,-,03,22350,,N,D,G,A,A,H,-,A,A,0,,Y,,,Y,,L,04,0,0,1,0,0,0,1,0,0,"- ","- ",,,"SAN FRANCISCO","SAN FRANCISCO",-122.46391988000001,37.760389940000003
7025407,2015,2015-08-22,3801,2015-03-19,2152,004282,,4,5,7,3801,0,0,0,,0,3CAR,"POLK ST","ALICE B TOKLAS PL",0.00,,Y,A,-,N,,,,,,,,,,N,4,0,1,2,A,-,07,21658,A,N,H,G,A,A,H,-,C,D,0,,Y,,,Y,,A,01,0,0,1,0,0,0,1,0,0,"- ","- ",,,"SAN FRANCISCO","SAN FRANCISCO",-122.41963800000001,37.785429000000001
7025441,2015,2015-08-22,3801,2015-03-19,0637,000382,CENTR,4,5,7,3801,0,0,0,,0,3A40A,"COLUMBUS AV","JACKSON ST",0.00,,Y,A,-,N,,,,,,,,,,N,3,0,1,2,A,-,07,21658,A,N,B,G,A,A,H,-,B,A,0,,Y,,,Y,,L,04,0,1,0,0,0,0,1,0,0,"- ","- ",,,"SAN FRANCISCO","SAN FRANCISCO",-122.40437989,37.796299959999999
7025449,2015,2015-08-22,3801,2015-03-25,2229,298,SOUTH,3,5,7,3801,0,0,0,,0,3B12E,"6TH ST","MINNA ST",10.00,N,N,A,-,N,,,,,,,,,,N,3,0,1,2,A,-,09,21804,A,F,B,G,A,A,H,-,C,D,0,,Y,,,Y,,A,01,0,1,0,0,0,0,1,0,0,"- ","- ",,,"SAN FRANCISCO","SAN FRANCISCO",-122.40815488,37.780569100000001
7025498,2015,2015-08-22,3801,2015-03-08,1010,1054,RICHM,7,5,7,3801,0,0,0,,0,003,"MARTIN LUTHER KING WY","CROSOVER BYPASS",2640.00,E,N,A,-,N,,,,,,,,,,N,3,0,1,2,A,-,17,22517,,N,H,G,A,A,H,-,A,D,0,,Y,,,Y,,-,,0,1,0,0,0,0,1,0,0,"- ","- ",,,"SAN FRANCISCO","SAN FRANCISCO",-122.46999108,37.769219440000001