CASE_ID,ACCIDENT_YEAR,PROC_DATE,JURIS,COLLISION_DATE,COLLISION_TIME,OFFICER_ID,REPORTING_DISTRICT,DAY_OF_WEEK,CHP_SHIFT,POPULATION,CNTY_CITY_LOC,SPECIAL_COND,BEAT_TYPE,CHP_BEAT_TYPE,CITY_DIVISION_LAPD,CHP_BEAT_CLASS,BEAT_NUMBER,PRIMARY_RD,SECONDARY_RD,DISTANCE,DIRECTION,INTERSECTION,WEATHER_1,WEATHER_2,STATE_HWY_IND,CALTRANS_COUNTY,CALTRANS_DISTRICT,STATE_ROUTE,ROUTE_SUFFIX,POSTMILE_PREFIX,POSTMILE,LOCATION_TYPE,RAMP_INTERSECTION,SIDE_OF_HWY,TOW_AWAY,COLLISION_SEVERITY,NUMBER_KILLED,NUMBER_INJURED,PARTY_COUNT,PRIMARY_COLL_FACTOR,PCF_CODE_OF_VIOL,PCF_VIOL_CATEGORY,PCF_VIOLATION,PCF_VIOL_SUBSECTION,HIT_AND_RUN,TYPE_OF_COLLISION,MVIW,PED_ACTION,ROAD_SURFACE,ROAD_COND_1,ROAD_COND_2,LIGHTING,CONTROL_DEVICE,CHP_ROAD_TYPE,PEDESTRIAN_ACCIDENT,BICYCLE_ACCIDENT,MOTORCYCLE_ACCIDENT,TRUCK_ACCIDENT,NOT_PRIVATE_PROPERTY,ALCOHOL_INVOLVED,STWD_VEHTYPE_AT_FAULT,CHP_VEHTYPE_AT_FAULT,COUNT_SEVERE_INJ,COUNT_VISIBLE_INJ,COUNT_COMPLAINT_PAIN,COUNT_PED_KILLED,COUNT_PED_INJURED,COUNT_BICYCLIST_KILLED,COUNT_BICYCLIST_INJURED,COUNT_MC_KILLED,COUNT_MC_INJURED,PRIMARY_RAMP,SECONDARY_RAMP,LATITUDE,LONGITUDE,COUNTY,CITY,POINT_X,POINT_Y
7025507,2015,2015-08-22,3801,2015-03-22,1923,720,,7,5,7,3801,0,0,0,,0,3E11D,"WEBSTER ST","GEARY BL",0.00,,Y,A,-,N,,,,,,,,,,N,4,0,1,2,A,-,17,21209,A,N,B,G,A,A,H,-,B,D,0,,Y,,,Y,,A,07,0,0,1,0,0,0,1,0,0,"- ","- ",,,"SAN FRANCISCO","SAN FRANCISCO",-122.4312999,37.784729929999997
7025510,2015,2015-08-22,3801,2015-03-18,0900,1887,NORTH,3,5,7,3801,0,0,0,,0,4K1C,"PAGE ST","BUCHANAN ST",195.00,E,N,A,-,N,,,,,,,,,,N,3,0,1,2,A,-,06,21750,,N,B,G,A,A,H,-,A,D,0,,Y,,,Y,,L,04,0,1,0,0,0,0,1,0,0,"- ","- ",,,"SAN FRANCISCO","SAN FRANCISCO",-122.42668356999999,37.773534480000002
7025512,2015,2015-08-22,3801,2015-03-07,1510,2393,,6,5,7,3801,0,0,0,,0,3F14D,"PIERCE ST","HAIGHT ST",0.00,,Y,A,-,N,,,,,,,,,,N,3,0,2,2,A,-,12,22450,A,N,D,G,A,A,H,-,A,A,0,,Y,,,Y,,L,04,0,1,1,0,0,0,1,0,0,"- ","- ",,,"SAN FRANCISCO","SAN FRANCISCO",-122.43372995999999,37.771689889999998
7025516,2015,2015-08-22,3801,2015-03-25,2051,4057,,3,5,7,3801,0,0,0,,0,3E11D,"HAIGHT ST","OCTAVIA ST",162.00,W,N,A,-,N,,,,,,,,,,N,4,0,1,2,A,-,08,22107,,N,B,G,A,A,H,-,C,D,0,,Y,,,Y,,-,"- ",0,0,1,0,0,0,1,0,0,"- ","- ",,,"SAN FRANCISCO","SAN FRANCISCO",-122.42448223,37.772883110000002
7025520,2015,2015-08-22,3801,2015-03-25,1800,001644,,3,5,7,3801,0,0,0,,0,3B12D,"MARKET ST","POWELL ST",0.00,,Y,A,-,N,,,,,,,,,,N,3,0,1,2,A,-,17,22517,,N,E,G,A,A,H,-,A,A,0,,Y,,,Y,,A,01,0,1,0,0,0,0,1,0,0,"- ","- ",,,"SAN FRANCISCO","SAN FRANCISCO",-122.40757942,37.784374640000003
7025551,2015,2015-08-22,3801,2015-04-27,1605,1546,RICHM,1,5,7,3801,0,0,0,,0,3G5D,"ANZA ST","33RD AV",0.00,,Y,A,-,N,,,,,,,,,,N,4,0,1,2,A,-,12,22450,A,N,D,G,A,A,H,-,A,A,0,,Y,,,Y,,L,04,0,0,1,0,0,0,1,0,0,"- ","- ",,,"SAN FRANCISCO","SAN FRANCISCO",-122.49314993,37.777769880000001
7025575,2015,2016-06-13,3801,2015-04-27,1900,002265,SOUTH,1,5,7,3801,0,0,0,,0,3B13D,"6TH ST","MISSION ST",0.00,,Y,A,-,N,,,,,,,,,,N,4,0,1,2,A,-,08,22100,B,F,B,G,A,A,H,-,A,A,0,,Y,,,Y,,A,01,0,0,1,0,0,0,1,0,0,"- ","- ",,,"SAN FRANCISCO","SAN FRANCISCO",-122.40868999,37.78097992
7025585,2015,2015-08-22,3801,2015-04-20,2217,004259,BAYVI,1,5,7,3801,0,0,0,,0,3C1D,"MARIPOSA ST","MINNESOTA ST",70.00,W,N,A,-,N,,,,,,,,,,N,3,0,1,2,A,-,07,21658,A,F,H,A,A,A,H,-,C,D,0,,Y,Y,,Y,,L,04,0,1,0,0,0,0,0,0,1,"- ","- ",,,"SAN FRANCISCO","SAN FRANCISCO",-122.39105144,37.764194420000003
7025588,2015,2015-08-22,3801,2015-04-24,0955,000573,MISSI,5,5,7,3801,0,0,0,,0,4B5D,"POTRERO AV","16TH ST",0.00,,Y,A,-,N,,,,,,,,,,Y,4,0,2,7,A,-,09,21801,A,N,D,C,A,A,H,-,A,A,0,,Y,Y,,Y,,A,08,0,0,2,0,0,0,0,0,0,"- ","- ",,,"SAN FRANCISCO","SAN FRANCISCO",-122.40755998,37.765769929999998
7025595,2015,2015-08-22,3801,2015-04-09,2040,480,COD,4,5,7,3801,0,0,0,,0,3D14D,"13TH ST","HARRISON ST",0.00,,Y,A,-,N,,,,,,,,,,N,4,0,1,2,A,-,05,21202,A,N,B,G,A,A,H,-,C,A,0,,Y,,,Y,,L,04,0,0,1,0,0,0,1,0,0,"- ","- ",,,"SAN FRANCISCO","SAN FRANCISCO",-122.41340989,37.769449960000003
7025598,2015,2015-08-22,3801,2015-04-21,1815,002380,,2,5,7,3801,0,0,0,,0,,"HOWARD ST","4TH ST",190.00,E,N,A,-,N,,,,,,,,,,N,3,0,1,2,A,-,05,21202,A,N,B,G,A,A,H,-,A,A,0,,Y,,,Y,,L,04,0,1,0,0,0,0,1,0,0,"- ","- ",,,"SAN FRANCISCO","SAN FRANCISCO",-122.40223492,37.783638920000001
7025884,2014,2015-08-14,3801,2014-08-18,1120,1725,,1,5,7,3801,0,0,0,,0,,"CALIFORNIA ST","MASON ST",195.00,E,N,A,-,N,,,,,,,,,,N,3,0,1,2,A,-,"- ",,,N,D,G,A,A,H,-,A,D,0,,Y,,,Y,,-,,0,1,0,0,0,0,1,0,0,"- ","- ",,,"SAN FRANCISCO","SAN FRANCISCO",-122.41012463,37.791920359999999
7027480,2015,2015-08-24,3801,2015-04-29,0743,1043,,3,5,7,3801,0,0,0,,0,4B1H,"29TH ST","TIFFANY AV",0.00,,Y,A,-,N,,,,,,,,,,N,3,0,1,2,A,-,09,21800,A,N,D,G,A,A,H,-,A,D,0,,Y,,,Y,,L,04,0,1,0,0,0,0,1,0,0,"- ","- ",,,"SAN FRANCISCO","SAN FRANCISCO",-122.42198999999999,37.743969929999999
7027493,2015,2015-08-27,3801,2015-04-08,0725,004119,BAYVI,3,5,7,3801,0,0,0,,0,4K5C,"CESAR CHAVEZ ST","TENNESSEE ST",0.00,,Y,A,-,N,,,,,,,,,,N,4,0,1,2,A,-,09,21801,B,N,D,G,A,A,H,-,A,D,0,,Y,,,Y,,L,04,0,0,1,0,0,0,1,0,0,"- ","- ",,,"SAN FRANCISCO","SAN FRANCISCO",-122.38847991999999,37.750169890000002
7027497,2015,2015-08-24,3801,2015-04-09,0900,1172,,4,5,7,3801,0,0,0,,0,,"FOLSOM ST","LANGTON ST",0.00,,Y,A,-,N,,,,,,,,,,N,4,0,1,2,A,-,08,22107,,N,B,G,A,A,H,-,A,A,0,,Y,,,Y,,A,01,0,0,1,0,0,0,1,0,0,"- ","- ",,,"SAN FRANCISCO","SAN FRANCISCO",-122.40839987,37.776319979999997
7027549,2015,2015-08-21,3801,2015-04-17,0822,1043,INGLE,5,5,7,3801,0,0,0,,0,4B5H,"ALEMANY BL","LYELL ST",0.00,,Y,A,-,N,,,,,,,,,,N,2,0,1,2,A,-,09,21801,A,N,D,G,A,A,H,-,A,A,0,,Y,,,Y,,L,04,1,0,0,0,0,0,1,0,0,"- ","- ",,,"SAN FRANCISCO","SAN FRANCISCO",-122.43122998,37.730609940000001
7027597,2015,2016-06-15,3801,2015-04-13,0906,2045,TENDE,1,5,7,3801,0,0,0,,0,3J11A,"GOLDEN GATE AV","CONTINIUM ALLEY",6.00,W,N,B,-,N,,,,,,,,,,N,3,0,1,2,A,-,03,22350,A,N,B,G,A,A,H,-,A,D,0,,Y,,,Y,,L,04,0,1,0,0,0,0,1,0,0,"- ","- ",,,"SAN FRANCISCO","SAN FRANCISCO",-122.41473465999999,37.781752390000001
7027699,2015,2016-06-15,3801,2015-04-27,0900,001460,,1,5,7,3801,0,0,0,,0,COB,"MISSION ST","2ND ST",125.00,W,N,A,-,N,,,,,,,,,,N,4,0,1,2,A,-,05,21650,,N,B,C,A,A,H,-,A,D,0,,Y,,,Y,,L,04,0,0,1,0,0,0,1,0,0,"- ","- ",,,"SAN FRANCISCO","SAN FRANCISCO",-122.40009691,37.787767940000002
7027752,2015,2016-06-15,3801,2015-04-30,1428,001404,COMPA,4,5,7,3801,0,0,0,,0,3D44C,"19TH ST","VALENCIA ST",0.00,,Y,A,-,N,,,,,,,,,,,4,0,1,2,A,-,12,21453,A,N,D,G,A,A,H,-,A,A,0,,Y,,,Y,,L,04,0,0,1,0,0,0,1,0,0,"- ","- ",,,"SAN FRANCISCO","SAN FRANCISCO",-122.42139991000001,37.760109999999997
7029066,2015,2015-09-16,3801,2015-06-09,1415,2310,NORTH,2,5,7,3801,0,0,0,,0,3E41B,"POLK ST","GEARY BL",94.00,S,N,F,-,N,,,,,,,,,,N,4,0,1,2,A,-,17,21209,A,N,B,G,A,A,H,-,A,D,0,,Y,,,Y,,I,11,0,0,1,0,0,0,1,0,0,"- ","- ",,,"SAN FRANCISCO","SAN FRANCISCO",-122.41968582,37.785645369999997
7029115,2015,2015-09-02,3801,2015-06-08,1718,537,PARK,1,5,7,3801,0,0,0,,0,3F13D,"OAK ST","CENTRAL AV",0.00,,Y,A,-,N,,,,,,,,,,N,4,0,1,2,A,-,05,21650,1,N,-,G,A,A,H,-,A,D,0,,Y,,,Y,,L,04,0,0,1,0,0,0,1,0,0,"- ","- ",,,"SAN FRANCISCO","SAN FRANCISCO",-122.44404993000001,37.772289979999996
7029186,2015,2015-09-04,3801,2015-06-20,1127,2225,COA,6,5,7,3801,0,0,0,,0,3A3C,"STOCKTON ST","WASHINGTON ST",7.00,S,N,A,-,N,,,,,,,,,,N,4,0,1,3,A,-,17,22517,,N,H,G,A,A,H,-,A,D,0,,Y,,,Y,,D,22,0,0,1,0,0,0,1,0,0,"- ","- ",,,"SAN FRANCISCO","SAN FRANCISCO",-122.40802638,37.794940990000001
7029189,2015,2015-11-07,3801,2015-06-05,2030,211,,5,5,7,3801,0,0,0,,0,,"10TH ST","HOWARD ST",0.00,,Y,A,-,N,,,,,,,,,,Y,3,0,1,2,A,-,08,22107,,F,D,G,A,A,H,-,B,A,0,,Y,,,Y,,I,11,0,1,0,0,0,0,1,0,0,"- ","- ",,,"SAN FRANCISCO","SAN FRANCISCO",-122.41436998,37.774029919999997
7029226,2015,2015-08-26,3801,2015-06-30,1755,001275,SOUTH,2,5,7,3801,0,0,0,,0,3B12D,"EMBARCADERO SOUTH","HOWARD ST",219.00,N,N,A,-,N,,,,,,,,,,N,3,0,1,2,A,-,00,21760,C,N,B,G,A,A,H,-,A,D,0,,Y,,,Y,,A,01,0,1,0,0,0,0,1,0,0,"- ","- ",,,"SAN FRANCISCO","SAN FRANCISCO",-122.39162922,37.792819469999998
7029241,2015,2015-08-26,3801,2015-06-26,1920,004187,MISSI,5,5,7,3801,0,0,0,,0,901,"VALENCIA ST","VALENCIA ST 746",0.00,,N,A,-,N,,,,,,,,,,N,3,0,1,4,A,-,17,22517,,N,H,G,A,A,H,-,A,D,0,,Y,,,Y,,-,,0,1,0,0,0,0,1,0,0,"- ","- ",,,"SAN FRANCISCO","SAN FRANCISCO",-122.42151081999999,37.76099086
7029249,2015,2015-08-26,3801,2015-06-18,0800,2254,SOUTH,4,5,7,3801,0,0,0,,0,3B60,"10TH ST","HARRISON ST",24.00,S,N,A,-,N,,,,,,,,,,N,3,0,1,2,A,-,08,22107,,F,C,G,A,A,H,-,A,A,0,,Y,,,Y,,A,01,0,1,0,0,0,0,1,0,0,"- ","- ",,,"SAN FRANCISCO","SAN FRANCISCO",-122.41119279,37.771552200000002
7029259,2015,2015-08-27,3801,2015-06-30,1750,2432,PARK,2,5,7,3801,0,0,0,,0,3F14D,"SCOTT ST","OAK ST",15.00,S,N,A,-,N,,,,,,,,,,N,3,0,1,2,A,-,04,21703,,F,C,G,A,A,H,-,A,A,0,,Y,,,Y,,-,99,0,1,0,0,0,0,1,0,0,"- ","- ",,,"SAN FRANCISCO","SAN FRANCISCO",-122.43576151000001,37.773289349999999
7029273,2015,2015-09-08,3801,2015-06-12,1737,004324,COD,5,5,7,3801,0,0,0,,0,901,"22ND ST","SHOTWELL ST",0.00,,Y,A,-,N,,,,,,,,,,N,4,0,1,2,A,-,12,22450,A,N,-,-,A,A,H,-,A,-,0,,Y,,,Y,,-,"- ",0,0,1,0,0,0,1,0,0,"- ","- ",,,"SAN FRANCISCO","SAN FRANCISCO",-122.41548987,37.755629890000002
7029303,2015,2015-08-31,3801,2015-06-17,0918,2381,MISSI,3,5,7,3801,0,0,0,,0,005,"16TH ST","SHOTWELL ST",0.00,,Y,A,-,N,,,,,,,,,,N,3,0,1,2,A,-,09,21801,A,N,D,G,A,A,H,-,A,D,0,,Y,,,Y,,L,04,0,1,0,0,0,0,1,0,0,"- ","- ",,,"SAN FRANCISCO","SAN FRANCISCO",-122.41636994,37.765249949999998
7029314,2015,2015-08-26,3801,2015-06-18,1816,02342,SOUTH,4,5,7,3801,0,0,0,,0,3B13D,"HOWARD ST","5TH ST",0.00,,Y,A,-,N,,,,,,,,,,N,3,0,1,2,A,-,08,22107,,N,B,G,A,A,H,-,A,D,0,,Y,,,Y,,L,04,0,1,0,0,0,0,1,0,0,"- ","- ",,,"SAN FRANCISCO","SAN FRANCISCO",-122.40492992999999,37.781509960000001
7029317,2015,2015-08-26,3801,2015-06-28,1406,1939,MISSI,7,5,7,3801,0,0,0,,0,3D16A,"21ST ST","BRYANT ST",37.00,E,N,A,-,N,,,,,,,,,,N,2,0,1,2,A,-,08,22107,,N,B,G,A,A,H,-,A,D,0,,Y,,,Y,Y,A,07,1,0,0,0,0,0,1,0,0,"- ","- ",,,"SAN FRANCISCO","SAN FRANCISCO",-122.40947238,37.757598059999999
7029330,2015,2015-08-26,3801,2015-06-22,1712,01406,MISSI,1,5,7,3801,0,0,0,,0,1712,"14TH ST","MISSION ST",12.00,W,N,A,-,N,,,,,,,,,,N,3,0,1,2,A,-,08,22107,,N,B,G,A,A,H,-,A,A,0,,Y,,,Y,,A,07,0,1,0,0,0,0,1,0,0,"- ","- ",,,"SAN FRANCISCO","SAN FRANCISCO",-122.42001140000001,37.768287409999999
7029344,2015,2015-09-01,3801,2015-06-08,1645,02280,TENDE,1,5,7,3801,0,0,0,,0,00J,"TURK ST","TAYLOR ST",125.00,W,N,A,-,N,,,,,,,,,,N,3,0,1,2,A,-,17,22517,,N,B,G,A,A,H,-,A,A,0,,Y,,,Y,,A,01,0,1,0,0,0,0,1,0,0,"- ","- ",,,"SAN FRANCISCO","SAN FRANCISCO",-122.41120708,37.783154979999999
7029356,2015,2015-09-01,3801,2015-06-03,1320,4306,MISSI,3,5,7,3801,0,0,0,,0,0D5,"MISSION ST","15TH ST",82.00,N,N,B,-,N,,,,,,,,,,N,4,0,1,2,A,-,03,22350,,N,C,G,A,A,H,-,A,D,0,,Y,,,Y,,L,04,0,0,1,0,0,0,1,0,0,"- ","- ",,,"SAN FRANCISCO","SAN FRANCISCO",-122.41984106,37.766894649999998
7032808,2015,2015-08-20,3801,2015-05-12,2018,001994,SOUTH,2,5,7,3801,0,0,0,,0,4B4B,"6TH ST","FOLSOM ST",0.00,,Y,A,-,N,,,,,,,,,,Y,2,0,3,4,A,-,12,21453,A,N,D,C,A,A,H,-,C,A,0,,Y,,,Y,Y,A,01,1,0,2,0,0,0,1,0,0,"- ","- ",,,"SAN FRANCISCO","SAN FRANCISCO",-122.40559986,37.778500000000001
7032867,2015,2015-08-20,3801,2015-05-10,1730,4086,PARK,7,5,7,3801,0,0,0,,0,3F130,"MASONIC AV","FELL ST",0.00,,Y,A,-,N,,,,,,,,,,N,4,0,1,2,A,-,09,21453,C,N,D,G,A,A,H,-,A,A,0,,Y,,,Y,,A,01,0,0,1,0,0,0,1,0,0,"- ","- ",,,"SAN FRANCISCO","SAN FRANCISCO",-122.44591997000001,37.772979970000002
7032895,2015,2015-08-20,3801,2015-05-11,1626,002388,COJ,1,5,7,3801,0,0,0,,0,3J11D,"HYDE ST","TURK ST",4.00,N,N,A,-,N,,,,,,,,,,N,4,0,1,2,A,-,05,21650,1,N,D,G,A,A,H,-,A,A,0,,Y,,,Y,,L,04,0,0,1,0,0,0,1,0,0,"- ","- ",,,"SAN FRANCISCO","SAN FRANCISCO",-122.41569201,37.782580869999997
7032898,2015,2015-08-27,3801,2015-05-19,1030,518,TARAV,2,5,7,3801,0,0,0,,0,4B5I,"20TH AV","TARAVAL ST",51.00,S,N,B,-,N,,,,,,,,,,N,3,0,1,2,A,-,21,22106,,N,C,G,A,A,H,-,A,D,0,,Y,,,Y,,A,01,0,1,0,0,0,0,1,0,0,"- ","- ",,,"SAN FRANCISCO","SAN FRANCISCO",-122.47676942,37.742850150000002
7032899,2015,2015-08-20,3801,2015-05-11,1353,001682,TARAV,1,5,7,3801,0,0,0,,0,3I15B,"ORTEGA ST","21ST AV",16.00,W,N,A,-,N,,,,,,,,,,N,3,0,1,2,A,-,12,22450,A,N,D,G,A,A,H,-,A,A,0,,Y,,,Y,,L,04,0,1,0,0,0,0,1,0,0,"- ","- ",,,"SAN FRANCISCO","SAN FRANCISCO",-122.47854531999999,37.752248450000003
7032901,2015,2015-08-19,3801,2015-05-22,2011,001031,NORTH,5,5,7,3801,0,0,0,,0,2CAR,"FILLMORE ST","FULTON ST",0.00,,Y,A,-,N,,,,,,,,,,N,4,0,1,2,A,-,12,21453,A,N,D,G,A,A,H,-,A,A,0,,Y,,,Y,,L,04,0,0,1,0,0,0,1,0,0,"- ","- ",,,"SAN FRANCISCO","SAN FRANCISCO",-122.43155991,37.777689979999998
7032920,2015,2015-08-19,3801,2015-05-19,1827,2348,INGLE,2,5,7,3801,0,0,0,,0,3H15D,"MISSION ST","ONONDAGA AV",40.00,S,N,B,-,N,,,,,,,,,,N,4,0,1,2,A,-,08,22107,,N,B,G,A,A,H,-,A,A,0,,Y,,,Y,,L,04,0,0,1,0,0,0,1,0,0,"- ","- ",,,"SAN FRANCISCO","SAN FRANCISCO",-122.43757237,37.721056349999998
7032949,2015,2015-08-19,3801,2015-05-17,2220,70,3400,7,5,7,3801,0,0,0,,0,,"BUSH ST","KEARNY ST",79.00,E,N,A,-,N,,,,,,,,,,N,3,0,1,2,A,-,09,21804,A,M,D,G,A,A,H,-,C,D,0,,Y,,,Y,,L,04,0,1,0,0,0,0,1,0,0,"- ","- ",,,"SAN FRANCISCO","SAN FRANCISCO",-122.40375932000001,37.790800930000003
7033395,2015,2015-10-28,3801,2015-05-23,1010,001755,,6,5,7,3801,0,0,0,,0,,"2ND ST","HARRISON ST",54.00,N,N,A,-,N,,,,,,,,,,,3,0,1,2,A,-,03,22350,,F,B,G,A,A,H,-,A,D,0,,Y,,,Y,,A,01,0,1,0,0,0,0,1,0,0,"- ","- ",,,"SAN FRANCISCO","SAN FRANCISCO",-122.39531373,37.784433640000003
7034570,2015,2015-08-22,3801,2015-01-14,0956,2334,SOUTH,3,5,7,3801,0,0,0,,0,,"HARRISON ST","3RD ST",30.00,E,N,A,-,N,,,,,,,,,,N,2,0,1,2,A,-,06,21755,A,N,H,G,A,A,H,-,A,A,0,,Y,,,Y,,L,04,1,0,0,0,0,0,1,0,0,"- ","- ",,,"SAN FRANCISCO","SAN FRANCISCO",-122.39731755,37.782609039999997
7034579,2015,2015-08-22,3801,2015-01-06,1505,2132,INGLE,2,5,7,3801,0,0,0,,0,3H15C,"SANTA ROSA AV","CAYUGA AV",0.00,,Y,A,-,N,,,,,,,,,,N,3,0,1,2,A,-,12,22450,A,M,D,G,A,A,H,-,A,A,0,,Y,,,Y,,A,,0,1,0,0,0,0,1,0,0,"- ","- ",,,"SAN FRANCISCO","SAN FRANCISCO",-122.43680992,37.727169979999999
7034585,2015,2015-08-22,3801,2015-01-12,2137,002327,,1,5,7,3801,0,0,0,,0,,"BRANNAN ST","8TH ST",0.00,,Y,A,-,N,,,,,,,,,,N,4,0,1,2,A,-,12,21453,A,F,H,G,A,A,H,-,C,A,0,,Y,,,Y,,-,,0,0,1,0,0,0,1,0,0,"- ","- ",,,"SAN FRANCISCO","SAN FRANCISCO",-122.40542986,37.771289930000002
7034590,2015,2015-08-22,3801,2015-01-27,1731,001325,RICHM,2,5,7,3801,0,0,0,,0,3G12D,"GOLDEN GATE AV","TAMALPAIS TER",0.00,,Y,A,-,N,,,,,,,,,,N,4,0,1,2,A,-,03,22350,,N,C,G,A,A,H,-,A,D,0,,Y,,,Y,,L,04,0,0,1,0,0,0,1,0,0,"- ","- ",,,"SAN FRANCISCO","SAN FRANCISCO",-122.44871992,37.777429990000002
7034591,2015,2015-08-22,3801,2015-01-30,0805,1856,PARK,5,5,7,3801,0,0,0,,0,,"7TH AV","JUDAH ST",315.00,S,N,A,-,N,,,,,,,,,,N,3,0,1,2,A,-,08,21717,,N,-,G,A,A,H,-,A,D,0,,Y,,,Y,,A,01,0,1,0,0,0,0,1,0,0,"- ","- ",,,"SAN FRANCISCO","SAN FRANCISCO",-122.46398446000001,37.761425789999997
7034602,2015,2015-08-26,3801,2015-01-21,1902,505,INGLE,3,5,7,3801,0,0,0,,0,04H,"JUDSON AV","EDNA ST",135.00,W,N,A,-,N,,,,,,,,,,N,3,0,1,2,A,-,06,21750,,N,B,G,A,A,H,-,C,D,0,,Y,,,Y,,L,04,0,1,0,0,0,0,1,0,0,"- ","- ",,,"SAN FRANCISCO","SAN FRANCISCO",-122.44703683,37.728261809999999
7034603,2015,2015-08-26,3801,2015-01-13,0850,132,RICHM,2,5,7,3801,0,0,0,,0,4K5G,"ARGUELLO BL","EUCLID AV",0.00,,Y,A,-,N,,,,,,,,,,N,3,0,1,2,A,-,08,22107,,N,D,G,A,A,H,-,A,A,0,,Y,,,Y,,A,01,0,1,0,0,0,0,1,0,0,"- ","- ",,,"SAN FRANCISCO","SAN FRANCISCO",-122.45906988999999,37.783809910000002
7034607,2015,2015-08-26,3801,2015-01-20,2336,001644,,2,5,7,3801,0,0,0,,0,,"MISSION ST","6TH ST",180.00,E,N,A,-,N,,,,,,,,,,N,4,0,1,2,A,-,17,22517,,N,B,G,A,A,-,-,C,D,0,,Y,,,Y,,A,01,0,0,1,0,0,0,1,0,0,"- ","- ",,,"SAN FRANCISCO","SAN FRANCISCO",-122.40825121,37.781331039999998
7034622,2015,2015-08-26,3801,2015-01-23,1512,1798,,5,5,7,3801,0,0,0,,0,2CAR,"VAN NESS AV","HAYES ST",0.00,,Y,A,-,N,,,,,,,,,,N,4,0,1,2,A,-,12,21453,A,N,D,G,A,A,H,-,A,A,0,,Y,,,Y,Y,L,04,0,0,1,0,0,0,1,0,0,"- ","- ",,,"SAN FRANCISCO","SAN FRANCISCO",-122.41967993999999,37.777289969999998
7034646,2015,2015-08-22,3801,2015-02-18,1827,000626,MISSI,3,5,7,3801,0,0,0,,0,3D15D,"18TH ST","VALENCIA ST",36.00,W,N,A,-,N,,,,,,,,,,N,4,0,1,2,A,-,17,22517,,N,C,G,A,A,H,-,C,A,0,,Y,,,Y,,A,01,0,0,1,0,0,0,1,0,0,"- ","- ",,,"SAN FRANCISCO","SAN FRANCISCO",-122.42168422,37.76170261
7034705,2015,2015-08-22,3801,2015-02-11,1045,373,D3,3,5,7,3801,0,0,0,,0,901,"CAPP ST","20TH ST",6.50,N,N,A,-,N,,,,,,,,,,N,3,0,1,2,A,-,05,21650,1,N,E,G,A,A,H,-,A,A,0,,Y,,,Y,,L,04,0,1,0,0,0,0,1,0,0,"- ","- ",,,"SAN FRANCISCO","SAN FRANCISCO",-122.41796174,37.7586978
7034766,2015,2016-05-02,3801,2015-02-18,1555,2328,MISSI,3,5,7,3801,0,0,0,,0,901,"MISSION ST","26TH ST",0.00,,Y,A,-,N,,,,,,,,,,Y,2,0,1,3,D,-,00,,,N,D,D,A,A,H,-,A,A,0,,Y,Y,,Y,,-,"- ",1,0,0,0,0,0,0,0,1,"- ","- ",,,"SAN FRANCISCO","SAN FRANCISCO",-122.41813993,37.749059950000003
7035064,2015,2015-08-22,3801,2015-02-24,1633,001197,INGLE,2,5,7,3801,0,0,0,,0,3H16D,"ALEMANY BL","OCEAN AV",52.00,S,N,A,-,N,,,,,,,,,,N,4,0,1,2,A,-,12,22450,A,N,A,G,A,A,H,-,A,A,0,,Y,,,Y,,A,,0,0,1,0,0,0,1,0,0,"- ","- ",,,"SAN FRANCISCO","SAN FRANCISCO",-122.43759796000001,37.723564770000003
7035092,2014,2015-08-27,3801,2014-12-17,0845,2334,SOUTH,3,5,7,3801,0,0,0,,0,,"1ST ST","MISSION ST",0.00,,Y,C,-,N,,,,,,,,,,N,4,0,1,2,A,-,07,21658,A,F,B,G,A,B,H,-,A,A,0,,Y,,,Y,,A,01,0,0,1,0,0,0,1,0,0,"- ","- ",,,"SAN FRANCISCO","SAN FRANCISCO",-122.39756989999999,37.78977991
7035212,2014,2015-08-24,3801,2014-12-03,1705,1546,RICHM,3,5,7,3801,0,0,0,,0,3G15D,"ANZA ST","42ND AV",0.00,,Y,B,-,N,,,,,,,,,,N,2,0,1,2,A,-,09,21802,A,N,D,G,A,A,H,-,A,A,0,,Y,,,Y,,L,04,1,0,0,0,0,0,1,0,0,"- ","- ",,,"SAN FRANCISCO","SAN FRANCISCO",-122.50275988999999,37.777329950000002
7035221,2014,2015-08-21,3801,2014-12-12,1829,001752,SOUTH,5,5,7,3801,0,0,0,,0,3B51C,"MARKET ST","8TH ST",0.00,,Y,A,-,N,,,,,,,,,,N,4,0,1,2,A,-,08,22101,D,M,A,G,A,B,H,-,C,A,0,,Y,,,Y,,-,99,0,0,1,0,0,0,1,0,0,"- ","- ",,,"SAN FRANCISCO","SAN FRANCISCO",-122.41475996,37.778709880000001
7035280,2014,2015-08-24,3801,2014-12-30,1622,000184,SOUTH,2,5,7,3801,0,0,0,,0,3B54C,"MARKET ST","MASON ST",0.00,,Y,A,-,N,,,,,,,,,,N,4,0,1,2,A,-,17,21209,A,N,B,G,A,A,H,-,B,A,0,,Y,,,Y,,A,01,0,0,1,0,0,0,1,0,0,"- ","- ",,,"SAN FRANCISCO","SAN FRANCISCO",-122.40907996999999,37.783229919999997