CASE_ID,ACCIDENT_YEAR,PROC_DATE,JURIS,COLLISION_DATE,COLLISION_TIME,OFFICER_ID,REPORTING_DISTRICT,DAY_OF_WEEK,CHP_SHIFT,POPULATION,CNTY_CITY_LOC,SPECIAL_COND,BEAT_TYPE,CHP_BEAT_TYPE,CITY_DIVISION_LAPD,CHP_BEAT_CLASS,BEAT_NUMBER,PRIMARY_RD,SECONDARY_RD,DISTANCE,DIRECTION,INTERSECTION,WEATHER_1,WEATHER_2,STATE_HWY_IND,CALTRANS_COUNTY,CALTRANS_DISTRICT,STATE_ROUTE,ROUTE_SUFFIX,POSTMILE_PREFIX,POSTMILE,LOCATION_TYPE,RAMP_INTERSECTION,SIDE_OF_HWY,TOW_AWAY,COLLISION_SEVERITY,NUMBER_KILLED,NUMBER_INJURED,PARTY_COUNT,PRIMARY_COLL_FACTOR,PCF_CODE_OF_VIOL,PCF_VIOL_CATEGORY,PCF_VIOLATION,PCF_VIOL_SUBSECTION,HIT_AND_RUN,TYPE_OF_COLLISION,MVIW,PED_ACTION,ROAD_SURFACE,ROAD_COND_1,ROAD_COND_2,LIGHTING,CONTROL_DEVICE,CHP_ROAD_TYPE,PEDESTRIAN_ACCIDENT,BICYCLE_ACCIDENT,MOTORCYCLE_ACCIDENT,TRUCK_ACCIDENT,NOT_PRIVATE_PROPERTY,ALCOHOL_INVOLVED,STWD_VEHTYPE_AT_FAULT,CHP_VEHTYPE_AT_FAULT,COUNT_SEVERE_INJ,COUNT_VISIBLE_INJ,COUNT_COMPLAINT_PAIN,COUNT_PED_KILLED,COUNT_PED_INJURED,COUNT_BICYCLIST_KILLED,COUNT_BICYCLIST_INJURED,COUNT_MC_KILLED,COUNT_MC_INJURED,PRIMARY_RAMP,SECONDARY_RAMP,LATITUDE,LONGITUDE,COUNTY,CITY,POINT_X,POINT_Y
7035608,2015,2015-08-31,3801,2015-01-21,1833,2060,INGLE,3,5,7,3801,0,0,0,,0,3H5,"OCEAN AV","CAYUGA AV",0.00,,Y,A,-,N,,,,,,,,,,N,4,0,1,2,A,-,09,21802,B,N,D,G,A,A,H,-,C,A,0,,Y,,,Y,,A,01,0,0,1,0,0,0,1,0,0,"- ","- ",,,"SAN FRANCISCO","SAN FRANCISCO",-122.43878993,37.723629950000003
7035857,2014,2015-08-21,3801,2014-11-17,0838,00251,RICHM,1,5,7,3801,0,0,0,,0,3G61,"MARTIN LUTHER KING JR DR","TRANSVERSE DR",0.00,,Y,B,-,N,,,,,,,,,,N,4,0,1,2,A,-,05,21650,1,N,D,G,A,A,H,-,A,D,0,,Y,,,Y,,L,04,0,0,1,0,0,0,1,0,0,"- ","- ",,,"SAN FRANCISCO","SAN FRANCISCO",-122.47829989,37.765899930000003
7035870,2014,2015-08-21,3801,2014-11-19,1825,1917,TARAV,3,5,7,3801,0,0,0,,0,3I13D,"RIVERA ST","37TH AV",0.00,,Y,B,-,N,,,,,,,,,,N,4,0,1,2,A,-,08,22105,,N,D,G,A,B,H,-,C,D,0,,Y,,,Y,,A,07,0,0,1,0,0,0,1,0,0,"- ","- ",,,"SAN FRANCISCO","SAN FRANCISCO",-122.49524984999999,37.745939999999997
7035885,2014,2015-08-24,3801,2014-11-14,1700,02293,SOUTH,5,5,7,3801,0,0,0,,0,3B14C,"11TH ST","MISSION ST",0.00,,Y,A,-,N,,,,,,,,,,N,4,0,1,2,A,-,10,21950,A,N,B,G,A,A,H,-,B,A,0,,Y,,,Y,Y,A,07,0,0,1,0,0,0,1,0,0,"- ","- ",,,"SAN FRANCISCO","SAN FRANCISCO",-122.41709998,37.774329989999998
7035905,2014,2015-08-27,3801,2014-11-20,1705,2299,CENTR,4,5,7,3801,0,0,0,,0,2CAR,"PINE ST","MONTGOMERY ST",18.00,W,N,C,-,N,,,,,,,,,,N,4,0,1,2,A,-,09,21800,A,N,D,G,A,B,H,-,C,A,0,,Y,,,Y,,L,04,0,0,1,0,0,0,1,0,0,"- ","- ",,,"SAN FRANCISCO","SAN FRANCISCO",-122.40261144,37.791911749999997
7035930,2014,2015-08-21,3801,2014-11-01,2235,615,MISSI,6,5,7,3801,0,0,0,,0,3D11E,"13TH ST","HARRISON ST",0.00,,Y,A,-,N,,,,,,,,,,N,3,0,1,2,A,-,09,21800,A,F,B,G,A,A,H,-,C,A,0,,Y,,,Y,,A,01,0,1,0,0,0,0,1,0,0,"- ","- ",,,"SAN FRANCISCO","SAN FRANCISCO",-122.41340989,37.769449960000003
7035973,2014,2015-08-25,3801,2014-11-11,1852,004341,SOUTH,2,5,7,3801,0,0,0,,0,3B15D,"8TH ST","BRANNAN ST",0.00,,Y,A,-,N,,,,,,,,,,N,4,0,1,2,A,-,12,21453,A,N,D,G,A,A,H,-,C,A,0,,Y,,,Y,,L,04,0,0,1,0,0,0,1,0,0,"- ","- ",,,"SAN FRANCISCO","SAN FRANCISCO",-122.40542986,37.771289930000002
7035993,2014,2015-08-25,3801,2014-11-24,1128,2089,BAYVI,1,5,7,3801,0,0,0,,0,3C12A,"CESAR CHAVEZ ST","PENNSYLVANIA AV",150.00,W,N,A,-,N,,,,,,,,,,N,3,0,1,1,A,-,"- ",,,N,F,G,A,A,H,-,A,D,0,,Y,,,Y,,L,04,0,1,0,0,0,0,1,0,0,"- ","- ",,,"SAN FRANCISCO","SAN FRANCISCO",-122.39293068000001,37.749978470000002
7037668,2014,2015-08-26,3801,2014-11-07,1450,001081,TARAV,5,5,7,3801,0,0,0,,0,3I15B,"36TH AV","KIRKHAM ST",0.00,,Y,A,-,N,,,,,,,,,,N,4,0,1,2,D,-,00,,,N,A,G,A,A,H,-,A,D,0,,Y,,,Y,,-,"- ",0,0,1,0,0,0,1,0,0,"- ","- ",,,"SAN FRANCISCO","SAN FRANCISCO",-122.49507987,37.759029949999999
7037768,2014,2015-08-26,3801,2014-11-05,1149,004307,MISSI,3,5,7,3801,0,0,0,,0,3D11A,"19TH ST","CASTRO ST",0.00,,Y,A,-,N,,,,,,,,,,N,4,0,1,2,A,-,17,22517,,N,B,G,A,A,H,-,A,D,0,,Y,,,Y,,A,07,0,0,1,0,0,0,1,0,0,"- ","- ",,,"SAN FRANCISCO","SAN FRANCISCO",-122.43485993,37.759289969999998
7037773,2014,2015-09-21,3801,2014-11-11,1845,001173,SOUTH,2,5,7,3801,0,0,0,,0,3B11D,"EMBARCADERO SOUTH ST","MARKET ST",0.00,,Y,E,-,N,,,,,,,,,,,4,0,1,2,-,-,"- ",,,N,B,G,A,A,H,-,C,A,0,,Y,,,Y,,-,"- ",0,0,1,0,0,0,1,0,0,"- ","- ",,,"SAN FRANCISCO","SAN FRANCISCO",-122.39425242,37.79489238
7037776,2014,2015-08-26,3801,2014-11-12,0900,000193,INGLE,3,5,7,3801,0,0,0,,0,3H1A,"SAN JOSE AV","30TH ST",0.00,,Y,A,-,N,,,,,,,,,,N,3,0,1,2,A,-,15,21201,A,N,D,G,A,A,H,-,A,A,0,,Y,,,Y,,L,04,0,1,0,0,0,0,1,0,0,"- ","- ",,,"SAN FRANCISCO","SAN FRANCISCO",-122.42328998000001,37.7422799
7038585,2015,2015-08-27,3801,2015-07-06,1804,1747,INGLE,1,5,7,3801,0,0,0,,0,3H15D,"GENEVA AV","CARTER ST",0.00,,Y,A,-,N,,,,,,,,,,N,3,0,1,2,A,-,12,21453,A,N,D,G,A,A,H,-,A,A,0,,Y,,,Y,,L,04,0,1,0,0,0,0,1,0,0,"- ","- ",,,"SAN FRANCISCO","SAN FRANCISCO",-122.42337992,37.709269929999998
7038587,2015,2015-08-27,3801,2015-07-18,0204,1362,NORTH,6,5,7,3801,0,0,0,,0,3E13E,"TURK ST","POLK ST",0.00,,Y,A,-,N,,,,,,,,,,N,3,0,1,2,A,-,12,21453,A,N,G,G,A,A,H,-,C,A,0,,Y,,,Y,Y,L,04,0,1,0,0,0,0,1,0,0,"- ","- ",,,"SAN FRANCISCO","SAN FRANCISCO",-122.41899994000001,37.782169969999998
7038592,2015,2016-07-25,3801,2015-07-27,0904,732,A,1,5,7,3801,0,0,0,,0,003,NORTHPOINT,LEAVENWORTH,0.00,,Y,A,-,N,,,,,,,,,,N,3,0,1,2,A,-,03,22350,,N,D,G,A,A,H,-,A,D,0,,Y,,,Y,,L,04,0,1,0,0,0,0,1,0,0,"- ","- ",,,"SAN FRANCISCO","SAN FRANCISCO",-122.418729,37.805931000000001
7038600,2015,2015-08-27,3801,2015-07-26,1409,1436,SOUTH,7,5,7,3801,0,0,0,,0,3B14A,"MISSION ST","SOUTH VAN NESS AV",0.00,,Y,A,-,N,,,,,,,,,,,3,0,1,2,A,-,07,21658,A,N,D,G,A,A,H,-,A,A,0,,Y,,,Y,,L,04,0,1,0,0,0,0,1,0,0,"- ","- ",,,"SAN FRANCISCO","SAN FRANCISCO",-122.41862997,37.773109980000001
7038607,2015,2015-08-27,3801,2015-07-30,1018,1078,SOUTH,4,5,7,3801,0,0,0,,0,,DIVISION,"9TH ST",0.00,,Y,A,-,N,,,,,,,,,,N,4,0,1,2,A,-,08,22107,,F,-,G,A,A,H,-,A,A,0,,Y,,,Y,,-,,0,0,1,0,0,0,1,0,0,"- ","- ",,,"SAN FRANCISCO","SAN FRANCISCO",-122.40619997,37.769449889999997
7038630,2015,2016-07-19,3801,2015-07-02,0945,1172,COB,4,5,7,3801,0,0,0,,0,COB,"3RD ST","STEVENSON ST",0.00,,Y,A,-,N,,,,,,,,,,N,4,0,1,2,A,-,09,21800,A,N,D,G,A,A,H,-,A,A,0,,Y,,,Y,,L,04,0,0,1,0,0,0,1,0,0,"- ","- ",,,"SAN FRANCISCO","SAN FRANCISCO",-122.40297997,37.787039929999999
7038638,2015,2015-08-27,3801,2015-07-01,0705,1043,SOUTH,3,5,7,3801,0,0,0,,0,3B60,"3RD ST","BERRY ST",0.00,,Y,A,-,N,,,,,,,,,,N,4,0,1,2,A,-,12,21453,A,N,D,G,A,A,H,-,A,A,0,,Y,,,Y,,I,11,0,0,1,0,0,0,1,0,0,"- ","- ",,,"SAN FRANCISCO","SAN FRANCISCO",-122.39110986999999,37.777529909999998
7038652,2015,2015-08-27,3801,2015-07-31,0935,004095,MISSI,5,5,7,3801,0,0,0,,0,908,"24TH ST","CAPP ST",40.00,E,N,A,-,N,,,,,,,,,,N,3,0,1,2,A,-,08,22107,,N,B,G,A,A,H,-,A,D,0,,Y,,,Y,,A,07,0,1,0,0,0,0,1,0,0,"- ","- ",,,"SAN FRANCISCO","SAN FRANCISCO",-122.41720220000001,37.752320210000001
7038653,2015,2015-09-01,3801,2015-07-20,1724,537,PARK,1,5,7,3801,0,0,0,,0,3E13D,"BAKER ST","FULTON ST",0.00,,Y,A,-,N,,,,,,,,,,N,4,0,1,3,A,-,04,21703,,N,C,C,A,A,H,-,A,A,0,,Y,,,Y,,A,01,0,0,1,0,0,0,1,0,0,"- ","- ",,,"SAN FRANCISCO","SAN FRANCISCO",-122.44148991,37.776429989999997
7038655,2015,2015-08-27,3801,2015-07-29,1721,1246,NORTH,3,5,7,3801,0,0,0,,0,3E12D,"FRANKLIN ST","OAK ST",30.00,N,N,A,-,N,,,,,,,,,,N,3,0,1,2,A,-,03,22350,,N,C,G,A,A,H,-,A,A,0,,Y,,,Y,,L,04,0,1,0,0,0,0,1,0,0,"- ","- ",,,"SAN FRANCISCO","SAN FRANCISCO",-122.42096694,37.77529131
7038663,2015,2015-08-27,3801,2015-07-29,1800,001614,MISSI,3,5,7,3801,0,0,0,,0,902,"17TH ST","MISSION ST",30.00,E,N,A,-,N,,,,,,,,,,N,2,0,1,2,A,-,17,22517,,N,-,G,A,A,H,-,A,D,0,,Y,,,Y,,A,01,1,0,0,0,0,0,1,0,0,"- ","- ",,,"SAN FRANCISCO","SAN FRANCISCO",-122.4193965,37.7634264
7038711,2015,2015-08-27,3801,2015-07-24,1105,736,TARAV,5,5,7,3801,0,0,0,,0,3112A,"VICENTE ST","PORTOLA DR",3.00,W,N,A,-,N,,,,,,,,,,N,4,0,1,2,A,-,08,22107,,N,B,G,A,A,H,-,-,A,0,,Y,,,Y,,A,01,0,0,1,0,0,0,1,0,0,"- ","- ",,,"SAN FRANCISCO","SAN FRANCISCO",-122.46626721,37.73923593
7038715,2015,2015-08-27,3801,2015-07-08,0929,1043,SOUTH,3,5,7,3801,0,0,0,,0,3B1,"2ND ST","2ND ST  123",0.00,,N,A,-,N,,,,,,,,,,N,4,0,1,3,A,-,17,22517,,N,H,G,A,A,H,-,A,D,0,,Y,,,Y,,A,01,0,0,1,0,0,0,1,0,0,"- ","- ",,,"SAN FRANCISCO","SAN FRANCISCO",-122.39934415,37.787637660000001
7040953,2015,2015-09-02,3801,2015-06-09,0730,000251,RICHM,2,5,7,3801,0,0,0,,0,3G61,"KEZAR DR","MARTIN LUTHER KING DR",1320.00,E,N,A,-,N,,,,,,,,,,N,3,0,1,1,A,-,03,22350,,N,E,I,A,A,H,-,A,D,0,,Y,,,Y,,L,04,0,1,0,0,0,0,1,0,0,"- ","- ",,,"SAN FRANCISCO","SAN FRANCISCO",-122.45485786,37.768831259999999
7041159,2015,2015-09-02,3801,2015-02-17,0813,002174,TENDE,2,5,7,3801,0,0,0,,0,3J11A,"LEAVENWORTH ST","EDDY ST",0.00,,Y,B,-,N,,,,,,,,,,N,3,0,1,2,A,-,12,21453,A,F,D,G,A,B,H,-,A,A,0,,Y,,,Y,,A,07,0,1,0,0,0,0,1,0,0,"- ","- ",,,"SAN FRANCISCO","SAN FRANCISCO",-122.41423994,37.783729889999996
7041163,2015,2015-09-02,3801,2015-02-26,1851,654,PARK,4,5,7,3801,0,0,0,,0,3F14D,"FULTON ST","SCOTT ST",0.00,,Y,A,-,N,,,,,,,,,,N,3,0,1,2,A,-,09,21802,A,N,D,G,A,A,H,-,C,A,0,,Y,,,Y,,A,01,0,1,0,0,0,0,1,0,0,"- ","- ",,,"SAN FRANCISCO","SAN FRANCISCO",-122.43650999,37.777069910000002
7041424,2015,2015-09-03,3801,2015-05-02,1753,1431,INGLE,6,5,7,3801,0,0,0,,0,3H15D,"MORSE ST","POPE ST",0.00,,Y,A,-,N,,,,,,,,,,N,3,0,1,1,A,-,03,22350,,N,G,A,A,A,H,-,A,D,0,,Y,,,Y,,L,04,0,1,0,0,0,0,1,0,0,"- ","- ",,,"SAN FRANCISCO","SAN FRANCISCO",-122.44059996,37.712639930000002
7041428,2015,2015-09-03,3801,2015-05-06,0208,1333,NORTH,3,5,7,3801,0,0,0,,0,3E12E,"MCALLISTER ST","POLK ST",0.00,,Y,A,-,N,,,,,,,,,,N,2,0,1,2,A,-,12,21453,A,N,D,G,A,A,H,-,C,A,0,,Y,,,Y,,L,04,1,0,0,0,0,0,1,0,0,"- ","- ",,,"SAN FRANCISCO","SAN FRANCISCO",-122.41859999,37.780269910000001
7041432,2015,2015-09-03,3801,2015-05-14,1041,1013,INGLE,4,5,7,3801,0,0,0,,0,3H12C,"29TH ST","SAN JOSE AV",0.00,,Y,B,-,N,,,,,,,,,,N,4,0,1,1,A,-,03,22350,,N,H,J,A,A,H,-,A,A,0,,Y,,,Y,,L,04,0,0,1,0,0,0,1,0,0,"- ","- ",,,"SAN FRANCISCO","SAN FRANCISCO",-122.42274999999999,37.743929899999998
7041436,2015,2015-09-03,3801,2015-05-20,0940,1882,RICHM,3,5,7,3801,0,0,0,,0,3G60,"GEARY BL","7TH AV",96.00,E,N,A,-,N,,,,,,,,,,N,3,0,1,1,B,-,22,,,N,E,I,A,A,H,-,A,D,0,,Y,,,Y,,L,04,0,1,0,0,0,0,1,0,0,"- ","- ",,,"SAN FRANCISCO","SAN FRANCISCO",-122.46503841000001,37.781047010000002
7041439,2015,2015-09-03,3801,2015-05-02,1845,2239,CENTR,6,5,7,3801,0,0,0,,0,3A4D,"THE EMBARCADERO","GRANT AV",0.00,,Y,A,-,N,,,,,,,,,,N,4,0,1,1,D,-,00,,,N,H,I,A,A,H,-,A,A,0,,Y,,,Y,,-,"- ",0,0,1,0,0,0,1,0,0,"- ","- ",,,"SAN FRANCISCO","SAN FRANCISCO",-122.40907994,37.808129960000002
7044572,2015,2015-09-10,3801,2015-07-22,2130,1130,BAYVI,3,5,7,3801,0,0,0,,0,002,BAYSHORE,"FLOWER ST",100.00,S,N,A,-,N,,,,,,,,,,N,2,0,1,1,A,-,"- ",,,N,H,-,A,A,H,-,C,D,0,,Y,,,Y,,L,04,1,0,0,0,0,0,1,0,0,"- ","- ",,,"SAN FRANCISCO","SAN FRANCISCO",-122.40583263000001,37.74226668
7045650,2015,2015-09-15,3801,2015-06-09,1642,001922,SOUTH,2,5,7,3801,0,0,0,,0,901,"MARKET ST","POWELL ST",0.00,,Y,A,-,N,,,,,,,,,,N,2,0,1,2,A,-,11,21955,,N,C,B,D,A,H,-,A,A,0,Y,Y,,,Y,,N,60,1,0,0,0,1,0,0,0,0,"- ","- ",,,"SAN FRANCISCO","SAN FRANCISCO",-122.40756154,37.784391599999999
7046933,2015,2015-10-22,3801,2015-05-31,1321,1081,TARAV,7,5,7,3801,0,0,0,,0,3I15B,"GREAT HWY","3500 GREAT HWY",0.00,,Y,A,-,N,,,,,,,,,,N,3,0,1,1,C,-,18,,,N,H,G,A,A,H,-,A,D,0,,Y,,,Y,,-,"- ",0,1,0,0,0,0,1,0,0,"- ","- ",,,"SAN FRANCISCO","SAN FRANCISCO",-122.50583053,37.727093590000003
7052166,2015,2015-09-21,3801,2015-08-27,1306,1530,CENTR,4,5,7,3801,0,0,0,,0,3A12A,"NORTH POINT","JONES ST",100.00,W,N,A,-,N,,,,,,,,,,N,3,0,1,1,A,-,03,22350,,N,H,-,A,A,H,-,A,A,0,,Y,,,Y,,L,04,0,1,0,0,0,0,1,0,0,"- ","- ",,,"SAN FRANCISCO","SAN FRANCISCO",-122.41744142,37.806104300000001
7052179,2015,2015-09-18,3801,2015-08-11,0841,4182,SOUTH,2,5,7,3801,0,0,0,,0,3B60,"MARKET ST","OCTAVIA ST",0.00,,Y,A,-,N,,,,,,,,,,N,3,0,1,2,D,-,00,,,N,D,G,A,A,H,-,A,A,0,,Y,,,Y,,-,"- ",0,1,0,0,0,0,1,0,0,"- ","- ",,,"SAN FRANCISCO","SAN FRANCISCO",-122.42358993000001,37.771779950000003
7052247,2015,2015-09-17,3801,2015-08-05,2206,1326,SOUTH,3,5,7,3801,0,0,0,,0,3B13D,"MISSION ST","8TH ST",114.00,W,N,A,-,N,,,,,,,,,,N,3,0,1,2,A,-,14,21201,D,N,D,G,A,A,H,-,C,D,0,,Y,,,Y,Y,L,04,0,1,0,0,0,0,1,0,0,"- ","- ",,,"SAN FRANCISCO","SAN FRANCISCO",-122.41344305,37.77724182
7052252,2015,2015-09-17,3801,2015-08-05,2030,001538,RICHM,3,5,7,3801,0,0,0,,0,901,"SPRUCE ST","CLAY ST",51.00,S,N,A,-,N,,,,,,,,,,N,4,0,1,2,A,-,08,22107,,N,A,G,A,A,H,-,B,D,0,,Y,,,Y,,A,01,0,0,1,0,0,0,1,0,0,"- ","- ",,,"SAN FRANCISCO","SAN FRANCISCO",-122.45374984999999,37.788071950000003
7052265,2015,2015-09-21,3801,2015-08-14,1603,002076,CENTR,5,5,7,3801,0,0,0,,0,3A5D,"SANSOME ST","COMMERCIAL ST",0.00,,Y,A,-,N,,,,,,,,,,N,3,0,1,2,A,-,07,21658,A,N,B,G,A,A,H,-,A,D,0,,Y,,,Y,,A,08,0,1,0,0,0,0,1,0,0,"- ","- ",,,"SAN FRANCISCO","SAN FRANCISCO",-122.40139996000001,37.79440993
7052268,2015,2015-09-17,3801,2015-08-04,0650,2060,SOUT,2,5,7,3801,0,0,0,,0,3B3A,"7TH ST","MINNA ST",0.00,,Y,A,-,N,,,,,,,,,,N,3,0,1,2,A,-,17,21657,,N,D,G,A,A,H,-,A,D,0,,Y,,,Y,,L,04,0,1,0,0,0,0,1,0,0,"- ","- ",,,"SAN FRANCISCO","SAN FRANCISCO",-122.41037994,37.778789959999997
7052271,2015,2015-09-17,3801,2015-08-07,0900,1648,CENTR,5,5,7,3801,0,0,0,,0,04A,"WASHINGTON ST","WALTER U LUM PL",0.00,,Y,A,-,N,,,,,,,,,,N,4,0,1,2,D,-,00,,,N,H,-,D,A,H,-,A,D,0,Y,Y,,,Y,Y,-,"- ",0,0,1,0,1,0,0,0,0,"- ","- ",,,"SAN FRANCISCO","SAN FRANCISCO",-122.40580997000001,37.79522996
7052273,2015,2015-09-21,3801,2015-08-14,1735,1420,RICHM,5,5,7,3801,0,0,0,,0,4B3A,"GEARY BL","ARGUELLO BL",0.00,,Y,A,-,N,,,,,,,,,,N,4,0,1,2,A,-,03,22350,,N,A,G,A,A,H,-,A,A,0,,Y,,,Y,,L,04,0,0,1,0,0,0,1,0,0,"- ","- ",,,"SAN FRANCISCO","SAN FRANCISCO",-122.45887996,37.781329919999997
7052275,2015,2015-09-17,3801,2015-08-07,0925,2254,SOUTH,5,5,7,3801,0,0,0,,0,3B60,"MARKET ST","GUERRERO ST",0.00,,Y,A,-,N,,,,,,,,,,N,3,0,1,2,A,-,08,22107,,N,D,G,A,A,H,-,A,A,0,,Y,,,Y,,A,01,0,1,0,0,0,0,1,0,0,"- ","- ",,,"SAN FRANCISCO","SAN FRANCISCO",-122.42485991,37.770749879999997
7052285,2015,2015-09-18,3801,2015-08-15,1031,000382,MISSI,6,5,7,3801,0,0,0,,0,3D15A,"18TH ST","SAN CARLOS ST",0.00,,Y,A,-,N,,,,,,,,,,N,4,0,1,2,A,-,00,22157,,N,B,G,A,A,H,-,A,D,0,,Y,,,Y,,A,01,0,0,1,0,0,0,1,0,0,"- ","- ",,,"SAN FRANCISCO","SAN FRANCISCO",-122.42008992,37.761789890000003
7052287,2015,2015-09-17,3801,2015-08-07,1653,4200,TARAV,5,5,7,3801,0,0,0,,0,3116D,"OCEAN AV","DORADO TER",0.00,,Y,A,-,N,,,,,,,,,,N,3,0,1,2,A,-,03,22350,,N,D,G,A,A,H,-,A,A,0,,Y,,,Y,,A,01,0,1,0,0,0,0,1,0,0,"- ","- ",,,"SAN FRANCISCO","SAN FRANCISCO",-122.46122996,37.724949940000002
7052288,2015,2015-09-18,3801,2015-08-01,1750,000222,CENTR,6,5,7,3801,0,0,0,,0,COA,"EMBARCADERO NORTH ST","WASHINGTON ST",108.00,N,N,A,-,N,,,,,,,,,,N,3,0,1,2,A,-,17,22517,,N,D,G,A,A,H,-,A,A,0,,Y,,,Y,,A,07,0,1,0,0,0,0,1,0,0,"- ","- ",,,"SAN FRANCISCO","SAN FRANCISCO",-122.39552021,37.797023160000002
7052311,2015,2015-09-18,3801,2015-08-06,1700,004335,MISSI,4,5,7,3801,0,0,0,,0,901,"CLIPPER ST","DIAMOND ST",83.00,W,N,A,-,N,,,,,,,,,,N,3,0,1,1,B,-,22,,,N,F,A,A,A,H,-,A,D,0,,Y,,,Y,,-,"- ",0,1,0,0,0,0,1,0,0,"- ","- ",,,"SAN FRANCISCO","SAN FRANCISCO",-122.43635647000001,37.748764250000001
7052351,2015,2015-09-18,3801,2015-08-27,1025,004361,MISSI,4,5,7,3801,0,0,0,,0,3D60,"DIVISION ST","9TH ST",84.00,E,N,A,-,N,,,,,,,,,,N,3,0,1,2,A,-,08,22107,,N,B,G,A,A,H,-,A,D,0,,Y,,,Y,,A,07,0,1,0,0,0,0,1,0,0,"- ","- ",,,"SAN FRANCISCO","SAN FRANCISCO",-122.40597628,37.769597320000003
7052400,2015,2015-09-18,3801,2015-08-22,1929,537,PARK,6,5,7,3801,0,0,0,,0,3F12D,"KEZAR DR","JOHN F KENNEDY DR",359.00,S,N,A,-,N,,,,,,,,,,N,2,0,1,1,A,-,03,22350,,N,H,A,A,A,H,-,B,D,0,,Y,,,Y,,L,04,1,0,0,0,0,0,1,0,0,"- ","- ",,,"SAN FRANCISCO","SAN FRANCISCO",-122.4552253,37.769929220000002
7056889,2015,2015-11-30,3801,2015-06-13,1556,1116,BAYVI,6,5,7,3801,0,0,0,,0,3C11D,"3RD ST","23RD ST",0.00,,Y,A,-,N,,,,,,,,,,N,3,0,1,2,A,-,03,22350,,N,C,G,A,A,H,-,A,A,0,,Y,,,Y,,A,01,0,1,0,0,0,0,1,0,0,"- ","- ",,,"SAN FRANCISCO","SAN FRANCISCO",-122.38810995999999,37.755389950000001
7058487,2015,2015-10-10,3801,2015-09-15,1707,01994,CENTR,2,5,7,3801,0,0,0,,0,4B4B,"PINE ST","JONES ST",0.00,,Y,A,-,N,,,,,,,,,,Y,4,0,2,3,A,-,12,21453,A,N,D,G,A,A,H,-,A,A,0,,Y,,,Y,,L,04,0,0,2,0,0,0,1,0,0,"- ","- ",,,"SAN FRANCISCO","SAN FRANCISCO",-122.41389991,37.790459910000003
7059262,2015,2015-10-08,3801,2015-09-30,1213,1547,INGLE,3,5,7,3801,0,0,0,,0,3H16C,"SAN JOSE AV","MOUNT VERNON AV",227.00,N,N,B,C,N,,,,,,,,,,N,3,0,1,1,A,-,08,22107,,N,H,J,A,B,H,-,A,D,0,,Y,,,Y,,L,04,0,1,0,0,0,0,1,0,0,"- ","- ",,,"SAN FRANCISCO","SAN FRANCISCO",-122.44856,37.718440000000001
7060047,2015,2015-10-13,3801,2015-08-27,1030,518,TARAV,4,5,7,3801,0,0,0,,0,4B51,"24TH AV","JUDAH ST",0.00,,Y,A,-,N,,,,,,,,,,N,4,0,1,2,A,-,05,21650,,N,F,G,A,A,H,-,A,D,0,,Y,,,Y,,L,04,0,0,1,0,0,0,1,0,0,"- ","- ",,,"SAN FRANCISCO","SAN FRANCISCO",-122.48236998,37.76146997
7060102,2015,2015-10-13,3801,2015-08-31,1812,001173,SOUTH,1,5,7,3801,0,0,0,,0,3B5D,"TOWNSEND ST","4TH ST",0.00,,Y,A,-,N,,,,,,,,,,N,4,0,1,2,A,-,13,22502,A,N,E,G,A,A,H,-,A,A,0,,Y,,,Y,,A,01,0,0,1,0,0,0,1,0,0,"- ","- ",,,"SAN FRANCISCO","SAN FRANCISCO",-122.39498995,37.777109969999998
7060116,2015,2015-10-10,3801,2015-09-20,2040,1230,SOUTH,7,5,7,3801,0,0,0,,0,3B12D,"6TH ST","CLARA ST",50.00,W,N,A,-,N,,,,,,,,,,Y,3,0,1,3,A,-,01,23153,A,F,D,G,A,A,H,-,C,D,0,,Y,,,Y,Y,A,01,0,1,0,0,0,0,1,0,0,"- ","- ",,,"SAN FRANCISCO","SAN FRANCISCO",-122.40473222999999,37.777807230000001
7060138,2015,2015-10-10,3801,2015-09-01,1130,4036,CENTR,2,5,7,3801,0,0,0,,0,4B5A,"NEW MONTGOMERY ST","MISSION ST",55.00,N,N,A,-,N,,,,,,,,,,N,4,0,1,2,A,-,08,22107,,F,B,G,A,A,H,-,A,D,0,,Y,,,Y,,L,04,0,0,1,0,0,0,1,0,0,"- ","- ",,,"SAN FRANCISCO","SAN FRANCISCO",-122.40062460999999,37.787564230000001
7060913,2015,2015-10-10,3801,2015-09-22,0816,04239,PARK,2,5,7,3801,0,0,0,,0,3F11A,"JOHN F KENNEDY DR","NANCY PELOSI DR",255.00,W,N,B,-,N,,,,,,,,,,N,3,0,2,2,A,-,03,22350,,N,G,G,D,A,H,-,A,D,0,Y,Y,,,Y,,L,04,0,1,1,0,1,0,1,0,0,"- ","- ",,,"SAN FRANCISCO","SAN FRANCISCO",-122.4600327,37.771431360000001