CASE_ID,ACCIDENT_YEAR,PROC_DATE,JURIS,COLLISION_DATE,COLLISION_TIME,OFFICER_ID,REPORTING_DISTRICT,DAY_OF_WEEK,CHP_SHIFT,POPULATION,CNTY_CITY_LOC,SPECIAL_COND,BEAT_TYPE,CHP_BEAT_TYPE,CITY_DIVISION_LAPD,CHP_BEAT_CLASS,BEAT_NUMBER,PRIMARY_RD,SECONDARY_RD,DISTANCE,DIRECTION,INTERSECTION,WEATHER_1,WEATHER_2,STATE_HWY_IND,CALTRANS_COUNTY,CALTRANS_DISTRICT,STATE_ROUTE,ROUTE_SUFFIX,POSTMILE_PREFIX,POSTMILE,LOCATION_TYPE,RAMP_INTERSECTION,SIDE_OF_HWY,TOW_AWAY,COLLISION_SEVERITY,NUMBER_KILLED,NUMBER_INJURED,PARTY_COUNT,PRIMARY_COLL_FACTOR,PCF_CODE_OF_VIOL,PCF_VIOL_CATEGORY,PCF_VIOLATION,PCF_VIOL_SUBSECTION,HIT_AND_RUN,TYPE_OF_COLLISION,MVIW,PED_ACTION,ROAD_SURFACE,ROAD_COND_1,ROAD_COND_2,LIGHTING,CONTROL_DEVICE,CHP_ROAD_TYPE,PEDESTRIAN_ACCIDENT,BICYCLE_ACCIDENT,MOTORCYCLE_ACCIDENT,TRUCK_ACCIDENT,NOT_PRIVATE_PROPERTY,ALCOHOL_INVOLVED,STWD_VEHTYPE_AT_FAULT,CHP_VEHTYPE_AT_FAULT,COUNT_SEVERE_INJ,COUNT_VISIBLE_INJ,COUNT_COMPLAINT_PAIN,COUNT_PED_KILLED,COUNT_PED_INJURED,COUNT_BICYCLIST_KILLED,COUNT_BICYCLIST_INJURED,COUNT_MC_KILLED,COUNT_MC_INJURED,PRIMARY_RAMP,SECONDARY_RAMP,LATITUDE,LONGITUDE,COUNTY,CITY,POINT_X,POINT_Y
7066590,2015,2015-09-26,3801,2015-01-15,1441,38,SOUTH,4,5,7,3801,0,0,0,,0,1CAR,"MARKET ST","NEW MONTGOMERY ST",135.00,W,N,A,-,N,,,,,,,,,,N,3,0,1,2,A,-,06,21755,A,N,E,G,A,A,H,-,A,A,0,,Y,,,Y,,L,04,0,1,0,0,0,0,1,0,0,"- ","- ",,,"SAN FRANCISCO","SAN FRANCISCO",-122.40232964,37.788515269999998
7082464,2015,2015-10-17,3801,2015-09-15,1240,1688,CENTR,2,5,7,3801,0,0,0,,0,005,"MARKET ST","2ND ST",0.00,,Y,A,-,N,,,,,,,,,,N,4,0,1,2,A,-,12,21453,A,M,D,G,A,A,H,-,A,A,0,,Y,,,Y,,E,23,0,0,1,0,0,0,1,0,0,"- ","- ",,,"SAN FRANCISCO","SAN FRANCISCO",-122.40139995,37.789239940000002
7089761,2015,2015-10-10,3801,2015-08-31,2020,448,INGLE,1,5,7,3801,0,0,0,,0,3H13D,"OCEAN AV","ALEMANY BL",0.00,,Y,A,-,N,,,,,,,,,,N,4,0,1,2,A,-,09,21801,A,M,A,G,A,A,H,-,C,A,0,,Y,,,Y,,A,,0,0,1,0,0,0,1,0,0,"- ","- ",,,"SAN FRANCISCO","SAN FRANCISCO",-122.43754,37.723699930000002
7089770,2015,2015-10-10,3801,2015-09-06,1640,706,SOUTH,7,5,7,3801,0,0,0,,0,005,"7TH ST","HOOPER ST",27.00,N,N,A,-,N,,,,,,,,,,N,4,0,1,2,A,-,05,21460,A,N,D,G,A,A,H,-,A,D,0,,Y,,,Y,,A,07,0,0,1,0,0,0,1,0,0,"- ","- ",,,"SAN FRANCISCO","SAN FRANCISCO",-122.39828278,37.769084929999998
7089833,2015,2015-10-10,3801,2015-09-04,0837,4229,CENTR,5,5,7,3801,0,0,0,,0,3A12A,"KEARNY ST","KEARNY ST 550",0.00,,-,A,-,N,,,,,,,,,,N,3,0,1,2,A,-,06,21755,,N,B,G,A,A,H,-,A,D,0,,Y,,,Y,,L,04,0,1,0,0,0,0,1,0,0,"- ","- ",,,"SAN FRANCISCO","SAN FRANCISCO",-122.40453422,37.793295669999999
7100012,2015,2015-10-12,3801,2015-09-09,1906,1597,NOTHE,3,5,7,3801,0,0,0,,0,3E11C,"DIVISADERO ST","FULTON ST",0.00,,Y,A,-,N,,,,,,,,,,N,4,0,1,2,D,-,00,,,N,D,G,A,A,H,-,A,A,0,,Y,,,Y,,-,"- ",0,0,1,0,0,0,1,0,0,"- ","- ",,,"SAN FRANCISCO","SAN FRANCISCO",-122.43815987000001,37.776859930000001
7100032,2015,2015-10-20,3801,2015-09-10,1643,0737,CENTR,4,5,7,3801,0,0,0,,0,3A13D,"JONES ST","JEFFERSON ST",20.00,N,N,A,-,N,,,,,,,,,,N,3,0,1,1,-,-,"- ",,,N,H,A,A,A,G,-,A,D,0,,Y,,,Y,,-,"- ",0,1,0,0,0,0,1,0,0,"- ","- ",,,"SAN FRANCISCO","SAN FRANCISCO",-122.41742000000001,37.808010000000003
7100034,2015,2015-10-12,3801,2015-09-12,1517,2334,SOUTH,6,5,7,3801,0,0,0,,0,,"MARKET ST","OCTAVIA ST",0.00,,Y,B,-,N,,,,,,,,,,N,3,0,1,2,A,-,08,22101,D,N,G,G,A,A,H,-,A,A,0,,Y,,,Y,,A,01,0,1,0,0,0,0,1,0,0,"- ","- ",,,"SAN FRANCISCO","SAN FRANCISCO",-122.42358993000001,37.771779950000003
7100068,2015,2015-10-09,3801,2015-09-09,1610,211,SOUTH,3,5,7,3801,0,0,0,,0,003,"8TH ST","HARRISON ST",0.00,,Y,A,-,N,,,,,,,,,,N,4,0,1,2,A,-,08,22107,,F,B,G,A,A,H,-,A,D,0,,Y,,,Y,,A,01,0,0,1,0,0,0,1,0,0,"- ","- ",,,"SAN FRANCISCO","SAN FRANCISCO",-122.40852993999999,37.77375997
7100262,2015,2015-10-12,3801,2015-09-23,0553,646,SOUTH,3,5,7,3801,0,0,0,,0,002,"3RD ST","HARRISON ST",0.00,,Y,A,-,N,,,,,,,,,,N,3,0,1,2,A,-,12,21453,A,N,D,G,A,A,H,-,C,A,0,,Y,,,Y,,L,04,0,1,0,0,0,0,1,0,0,"- ","- ",,,"SAN FRANCISCO","SAN FRANCISCO",-122.39738991999999,37.78254991
7100296,2015,2015-10-09,3801,2015-09-14,1514,002132,TARAV,1,5,7,3801,0,0,0,,0,3I14D,"IRVING ST","19TH AV",0.00,,Y,-,-,N,,,,,,,,,,N,3,0,1,2,A,-,09,21804,A,N,H,G,A,-,-,-,-,A,0,,Y,,,Y,,A,07,0,1,0,0,0,0,1,0,0,"- ","- ",,,"SAN FRANCISCO","SAN FRANCISCO",-122.47719992,37.763559950000001
7100305,2015,2015-10-08,3801,2015-09-09,1040,665,,3,5,7,3801,0,0,0,,0,4B4E,"MARKET ST","2ND ST",140.00,E,N,A,-,N,,,,,,,,,,N,3,0,1,2,A,-,00,21760,C,N,B,G,A,A,H,-,A,D,0,,Y,,,Y,,A,01,0,1,0,0,0,0,1,0,0,"- ","- ",,,"SAN FRANCISCO","SAN FRANCISCO",-122.4010644,37.789517400000001
7100309,2015,2015-10-08,3801,2015-09-19,2022,001362,RICHM,6,5,7,3801,0,0,0,,0,001,"MARTIN LUTHER KING JR DR","CROSSOVER DR",0.00,,Y,A,-,N,,,,,,,,,,Y,2,0,1,2,A,-,09,21801,A,N,A,G,A,A,H,-,C,A,0,,Y,,,Y,,A,01,1,0,0,0,0,0,1,0,0,"- ","- ",,,"SAN FRANCISCO","SAN FRANCISCO",-122.47737995999999,37.766039999999997
7100767,2014,2015-12-16,3801,2014-02-25,1330,000054,SOUTH,2,5,7,3801,0,0,0,,0,3B00,"SPEAR ST","MISSION ST",0.00,,Y,F,-,N,,,,,,,,,,N,4,0,1,2,A,-,08,22107,,N,B,G,A,A,G,-,A,D,0,,Y,,,Y,,A,01,0,0,1,0,0,0,1,0,0,"- ","- ",,,"SAN FRANCISCO","SAN FRANCISCO",-122.39406989,37.792559900000001
7100796,2014,2015-12-16,3801,2014-03-06,2058,002388,,4,5,7,3801,0,0,0,,0,3J2D63,"HYDE ST","OFARRELL ST",13.00,S,N,A,-,N,,,,,,,,,,N,3,0,1,2,A,-,21,22106,,N,H,G,A,A,H,-,C,A,0,,Y,,,Y,,A,01,0,1,0,0,0,0,1,0,0,"- ","- ",,,"SAN FRANCISCO","SAN FRANCISCO",-122.41625251000001,37.78535479
7100806,2014,2015-12-17,3801,2014-04-25,0810,2127,NORTH,5,5,7,3801,0,0,0,,0,4K1E,"POLK ST","CEDAR ST",0.00,,Y,C,-,N,,,,,,,,,,N,4,0,1,2,A,-,03,22350,,N,C,G,A,B,H,-,A,D,0,,Y,,,Y,,L,04,0,0,1,0,0,0,1,0,0,"- ","- ",,,"SAN FRANCISCO","SAN FRANCISCO",-122.41982993000001,37.786369919999999
7100816,2014,2015-12-16,3801,2014-04-28,2103,001459,MISSI,1,5,7,3801,0,0,0,,0,901,"13TH ST","SOUTH VAN NESS",0.00,,Y,A,-,N,,,,,,,,,,N,4,0,1,2,A,-,12,21453,A,N,D,G,A,A,H,-,C,A,0,,Y,,,Y,,L,04,0,0,1,0,0,0,1,0,0,"- ","- ",,,"SAN FRANCISCO","SAN FRANCISCO",-122.41776996,37.769719979999998
7100824,2014,2015-12-16,3801,2014-04-29,2202,A10077,SOUTH,2,5,7,3801,0,0,0,,0,3B11E,"MARKET ST","FREMONT ST",0.00,,Y,A,-,N,,,,,,,,,,N,2,0,1,2,A,-,08,22102,,N,B,G,A,A,H,-,C,A,0,,Y,,,Y,Y,-,,1,0,0,0,0,0,1,0,0,"- ","- ",,,"SAN FRANCISCO","SAN FRANCISCO",-122.39833993000001,37.791689890000001
7100877,2014,2015-12-16,3801,2014-03-18,0754,001857,MISSI,2,5,7,3801,0,0,0,,0,3D16A,"FOLSOM ST","14TH ST",118.00,N,N,A,-,N,,,,,,,,,,N,4,0,1,2,A,-,17,22517,,N,H,G,A,A,H,-,A,D,0,,Y,,,Y,,A,01,0,0,1,0,0,0,1,0,0,"- ","- ",,,"SAN FRANCISCO","SAN FRANCISCO",-122.41563753,37.768863430000003
7100916,2014,2015-12-17,3801,2014-05-11,1630,001460,,7,5,7,3801,0,0,0,,0,COB,"HARRISON ST","HARRIET ST",0.00,,Y,A,-,N,,,,,,,,,,N,4,0,1,2,A,-,05,21650,1,N,D,G,A,A,H,-,A,D,0,,Y,,,Y,,L,04,0,0,1,0,0,0,1,0,0,"- ","- ",,,"SAN FRANCISCO","SAN FRANCISCO",-122.40463997000001,37.776859960000003
7100923,2014,2015-12-17,3801,2014-05-31,1145,002135,INGLE,6,5,7,3801,0,0,0,,0,002,"BOSWORTH ST","ELK ST",418.00,E,N,A,-,N,,,,,,,,,,N,3,0,1,2,A,-,03,22350,,N,C,G,A,A,H,-,A,A,0,,Y,,,Y,,A,01,0,1,0,0,0,0,1,0,0,"- ","- ",,,"SAN FRANCISCO","SAN FRANCISCO",-122.43862221000001,37.734441150000002
7100963,2014,2015-12-23,3801,2014-06-29,1613,529,MISSI,7,5,7,3801,0,0,0,,0,3D14D,"24TH ST","FOLSOM ST",0.00,,Y,A,-,N,,,,,,,,,,N,3,0,1,2,A,-,00,20001,A,F,B,G,A,A,H,-,A,D,0,,Y,,,Y,,-,,0,1,0,0,0,0,1,0,0,"- ","- ",,,"SAN FRANCISCO","SAN FRANCISCO",-122.41408991,37.7525099
7100975,2014,2015-12-23,3801,2014-12-25,1437,2310,NORTH,4,5,7,3801,0,0,0,,0,3E41B,"GOLDEN GATE AV","FILLMORE ST",117.00,E,N,A,-,N,,,,,,,,,,N,3,0,1,2,A,-,08,22107,,N,D,G,A,A,H,-,A,D,0,,Y,,,Y,Y,D,22,0,1,0,0,0,0,1,0,0,"- ","- ",,,"SAN FRANCISCO","SAN FRANCISCO",-122.43153974000001,37.779608809999999
7101033,2014,2015-12-17,3801,2014-05-18,1600,1486,SF,7,5,7,3801,0,0,0,,0,4K6A,"VAN NESS AV","SUTTER ST",0.00,,Y,A,-,N,,,,,,,,,,N,3,0,1,2,A,-,05,21650,,N,B,G,A,A,H,-,A,D,0,,Y,,,Y,,-,"- ",0,1,0,0,0,0,1,0,0,"- ","- ",,,"SAN FRANCISCO","SAN FRANCISCO",-122.42183987,37.787529919999997
7101035,2014,2015-12-23,3801,2014-06-18,1855,001892,NORTH,3,5,7,3801,0,0,0,,0,04E,"STEINER ST","SUTTER ST",0.00,,Y,A,-,N,,,,,,,,,,Y,3,0,2,3,A,-,12,22450,A,N,D,C,A,A,H,-,A,A,0,,Y,,,Y,,B,01,0,1,1,0,0,0,1,0,0,"- ","- ",,,"SAN FRANCISCO","SAN FRANCISCO",-122.43489993999999,37.785889990000001
7101063,2015,2016-01-14,3801,2015-11-30,1305,2065,NORTH,1,5,7,3801,0,0,0,,0,3E61,"OCTAVIA ST","PAGE ST",0.00,,Y,B,-,N,,,,,,,,,,N,4,0,1,2,A,-,12,22450,A,N,D,G,A,A,H,-,A,A,0,,Y,,,Y,,L,04,0,0,1,0,0,0,1,0,0,"- ","- ",,,"SAN FRANCISCO","SAN FRANCISCO",-122.42410987,37.773879960000002
7101107,2014,2015-12-17,3801,2014-10-21,0829,132,RICHM,2,5,7,3801,0,0,0,,0,4K5G,"SACRAMENTO ST","PRESIDIO AV",233.00,W,N,A,-,N,,,,,,,,,,N,4,0,1,2,A,-,08,22107,,N,B,G,A,A,H,-,A,D,0,,Y,,,Y,,A,01,0,0,1,0,0,0,1,0,0,"- ","- ",,,"SAN FRANCISCO","SAN FRANCISCO",-122.44776696,37.788081560000002
7101139,2015,2016-01-08,3801,2015-11-16,1700,1246,MISSI,1,5,7,3801,0,0,0,,0,3D13D,"DIVISION ST","9TH ST",0.00,,Y,A,-,N,,,,,,,,,,N,3,0,1,2,A,-,08,22107,,F,B,G,A,A,H,-,A,D,0,,Y,,,Y,,A,01,0,1,0,0,0,0,1,0,0,"- ","- ",,,"SAN FRANCISCO","SAN FRANCISCO",-122.40619997,37.769449889999997
7101154,2015,2016-01-08,3801,2015-11-18,0904,1171,,3,5,7,3801,0,0,0,,0,4B1D,"FOLSOM ST","COLUMBIA ST",0.00,,Y,A,-,N,,,,,,,,,,N,4,0,1,2,D,-,00,,,N,H,G,A,A,H,-,A,D,0,,Y,,,Y,,-,"- ",0,0,1,0,0,0,1,0,0,"- ","- ",,,"SAN FRANCISCO","SAN FRANCISCO",-122.40642988,37.777859980000002
7101156,2015,2016-01-08,3801,2015-11-18,1730,1475,,3,5,7,3801,0,0,0,,0,3F4D,"14TH AV","SANCHEZ ST",0.00,,Y,A,-,N,,,,,,,,,,N,4,0,1,2,A,-,12,22450,A,N,D,G,A,A,H,-,C,A,0,,Y,,,Y,,L,04,0,0,1,0,0,0,1,0,0,"- ","- ",,,"SAN FRANCISCO","SAN FRANCISCO",-122.43117995999999,37.7675999
7101158,2015,2016-01-08,3801,2015-11-12,1720,546,,4,5,7,3801,0,0,0,,0,4B7H,"CESAR CHAVEZ ST","BRYANT ST",0.00,,Y,A,-,N,,,,,,,,,,N,2,0,1,2,A,-,12,21453,A,N,D,G,A,A,H,-,A,A,0,,Y,,,Y,,L,04,1,0,0,0,0,0,1,0,0,"- ","- ",,,"SAN FRANCISCO","SAN FRANCISCO",-122.40872,37.748369920000002
7101192,2014,2015-12-18,3801,2014-11-14,1444,000483,,5,5,7,3801,0,0,0,,0,COB,"HALLAM ST","FOLSOM ST",0.00,,Y,A,-,N,,,,,,,,,,N,4,0,1,2,A,-,05,21202,A,N,D,G,A,A,H,-,A,A,0,,Y,,,Y,,L,04,0,0,1,0,0,0,1,0,0,"- ","- ",,,"SAN FRANCISCO","SAN FRANCISCO",-122.40885992,37.775950000000002
7101199,2014,2016-01-07,3801,2014-04-08,1617,001542,,2,5,7,3801,0,0,0,,0,3E12D,"POLK ST","TURK ST",0.00,,Y,A,-,N,,,,,,,,,,N,3,0,1,2,A,-,06,21755,,N,B,G,A,A,H,-,A,A,0,,Y,,,Y,,L,04,0,1,0,0,0,0,1,0,0,"- ","- ",,,"SAN FRANCISCO","SAN FRANCISCO",-122.41899994000001,37.782169969999998
7101219,2015,2016-01-11,3801,2015-11-07,1828,1420,,6,5,7,3801,0,0,0,,0,4B107,"MISSION ST","11TH ST",0.00,,Y,A,-,N,,,,,,,,,,N,4,0,1,2,A,-,08,22101,D,N,D,G,A,A,H,-,C,A,0,,Y,,,Y,,L,04,0,0,1,0,0,0,1,0,0,"- ","- ",,,"SAN FRANCISCO","SAN FRANCISCO",-122.41709998,37.774329989999998
7101226,2015,2016-01-11,3801,2015-10-30,1410,2375,,5,5,7,3801,0,0,0,,0,901,"JOHN F KENNEDY DR","STOW LAKE DR",467.00,E,N,A,-,N,,,,,,,,,,N,3,0,2,3,A,-,09,21801,A,N,D,G,A,A,H,-,A,D,0,,Y,,,Y,,A,01,0,2,0,0,0,0,2,0,0,"- ","- ",,,"SAN FRANCISCO","SAN FRANCISCO",-122.47238649000001,37.770742380000002
7101274,2015,2016-01-08,3801,2015-11-13,0928,1116,CENTR,5,5,7,3801,0,0,0,,0,3A11A,"MARKET ST","3RD ST",0.00,,Y,A,-,N,,,,,,,,,,N,2,0,2,2,A,-,11,21954,A,N,D,-,D,A,H,-,A,A,0,Y,Y,,,Y,,N,60,2,0,0,0,1,0,1,0,0,"- ","- ",,,"SAN FRANCISCO","SAN FRANCISCO",-122.40345987000001,37.78765989
7101307,2015,2016-01-11,3801,2015-11-17,1421,000176,RICHM,2,5,7,3801,0,0,0,,0,1CAR,"JOHN F KENNEDY DR","BERNICE RODGERS WY",0.00,,Y,A,-,N,,,,,,,,,,N,3,0,1,2,A,-,03,22350,,N,C,E,A,A,H,-,A,D,0,,Y,,,Y,,L,04,0,1,0,0,0,0,1,0,0,"- ","- ",,,"SAN FRANCISCO","SAN FRANCISCO",-122.50629994000001,37.766679979999999
7101410,2015,2016-01-11,3801,2015-11-30,0204,001128,PARK,1,5,7,3801,0,0,0,,0,3F14E,"CHURCH ST","DUBOCE ST",0.00,,Y,A,-,N,,,,,,,,,,N,3,0,1,2,A,-,11,21954,A,N,G,B,A,A,H,-,A,D,0,,Y,,,Y,,L,04,0,1,0,0,0,0,1,0,0,"- ","- ",,,"SAN FRANCISCO","SAN FRANCISCO",-122.42911992000001,37.769459959999999
7101612,2015,2016-01-14,3801,2015-12-02,2219,004262,MISSI,3,5,7,3801,0,0,0,,0,3D13E,"VALENCIA ST","19TH ST",86.00,N,N,A,-,N,,,,,,,,,,N,3,0,1,2,A,-,06,21750,,F,B,G,A,A,H,-,C,D,0,,Y,,,Y,,A,01,0,1,0,0,0,0,1,0,0,"- ","- ",,,"SAN FRANCISCO","SAN FRANCISCO",-122.42142355,37.760345520000001
7101621,2015,2016-01-14,3801,2015-12-15,0920,1572,SOUTH,2,5,7,3801,0,0,0,,0,3B2A,"BRYANT ST","5TH ST",0.00,,Y,A,-,N,,,,,,,,,,N,4,0,1,2,A,-,12,21453,A,N,D,G,A,A,H,-,A,A,0,,Y,,,Y,,L,04,0,0,1,0,0,0,1,0,0,"- ","- ",,,"SAN FRANCISCO","SAN FRANCISCO",-122.40028995999999,37.777799989999998
7101677,2015,2016-01-13,3801,2015-12-26,1333,004301,NORTH,6,5,7,3801,0,0,0,,0,3E43B,"POLK ST","ELLIS ST",0.00,,Y,A,-,N,,,,,,,,,,N,4,0,1,2,A,-,08,22107,,F,D,G,A,A,H,-,A,A,0,,Y,,,Y,,A,01,0,0,1,0,0,0,1,0,0,"- ","- ",,,"SAN FRANCISCO","SAN FRANCISCO",-122.41934987,37.784039960000001
7101710,2015,2016-01-14,3801,2015-12-10,1533,004360,,4,5,7,3801,0,0,0,,0,001,"PENNSYLVANIA AV","25TH ST",20.00,N,N,C,-,N,,,,,,,,,,N,4,0,1,2,A,-,06,21750,,N,C,G,A,B,H,-,B,D,0,,Y,,,Y,,A,01,0,0,1,0,0,0,1,0,0,"- ","- ",,,"SAN FRANCISCO","SAN FRANCISCO",-122.39266498000001,37.752594799999997
7101751,2015,2017-01-28,3801,2015-12-03,1319,001766,,4,5,7,3801,0,0,0,,0,4K5G,"GENEVA AV","RT 280",0.00,,Y,C,-,Y,SF,4,280,-,R,1.556,R,4,N,N,3,0,1,2,A,-,03,22350,,N,D,G,A,B,H,-,A,A,0,,Y,,,Y,,L,04,0,1,0,0,0,0,1,0,0,"- ","- ",,,"SAN FRANCISCO","SAN FRANCISCO",-122.44822849000001,37.719930230000003
7101845,2015,2016-01-26,3801,2015-12-15,1930,537,PARK,2,5,7,3801,0,0,0,,0,3F11D,"7TH AV","7TH AV 1200",0.00,,N,A,-,N,,,,,,,,,,N,4,0,1,2,A,-,08,22107,,N,D,G,A,A,H,-,C,D,0,,Y,,,Y,,A,01,0,0,1,0,0,0,1,0,0,"- ","- ",,,"SAN FRANCISCO","SAN FRANCISCO",-122.46429026,37.765932120000002
7101858,2015,2016-01-14,3801,2015-12-17,1813,004263,TENDE,4,5,7,3801,0,0,0,,0,001,"MARKET ST","TAYLOR ST",20.00,W,N,A,-,N,,,,,,,,,,N,4,0,1,2,A,-,06,21750,,N,B,G,A,A,H,-,C,A,0,,Y,,,Y,Y,L,04,0,0,1,0,0,0,1,0,0,"- ","- ",,,"SAN FRANCISCO","SAN FRANCISCO",-122.41034929,37.78220142
7101864,2015,2016-01-14,3801,2015-12-17,1136,244,NORHT,4,5,7,3801,0,0,0,,0,3E13C,"SCOTT ST","TURK ST",142.00,S,N,A,-,N,,,,,,,,,,N,4,0,1,2,A,-,09,21804,A,N,D,G,A,A,H,-,A,D,0,,Y,,,Y,,L,04,0,0,1,0,0,0,1,0,0,"- ","- ",,,"SAN FRANCISCO","SAN FRANCISCO",-122.43699133,37.779473729999999
7110796,2015,2015-11-16,3801,2015-10-18,1643,720,INGLE,7,5,7,3801,0,0,0,,0,3H15D,"SAN JOSE ST","ONEIDA AV",0.00,,Y,B,-,N,,,,,,,,,,N,3,0,1,1,D,-,00,,,N,H,J,A,A,H,-,A,A,0,,Y,,,Y,,-,"- ",0,1,0,0,0,0,1,0,0,"- ","- ",,,"SAN FRANCISCO","SAN FRANCISCO",-122.44498987999999,37.722689940000002
7110801,2015,2015-11-14,3801,2015-10-01,0620,2362,COJ,4,5,7,3801,0,0,0,,0,3J3A,"STOCKTON ST","CLAY ST",0.00,,Y,A,-,N,,,,,,,,,,N,4,0,1,2,A,-,12,21453,A,F,G,B,B,A,H,-,C,A,0,Y,Y,,,Y,,L,04,0,0,1,0,1,0,0,0,0,"- ","- ",,,"SAN FRANCISCO","SAN FRANCISCO",-122.40784995,37.794069999999998
7110812,2015,2015-11-14,3801,2015-10-28,0850,1572,SOUTH,3,5,7,3801,0,0,0,,0,3B1A,"2ND ST","DEBOOM ALLEY",0.00,,Y,B,-,N,,,,,,,,,,N,4,0,1,2,A,-,07,21658,A,F,B,G,A,B,H,-,A,D,0,,Y,,,Y,Y,A,01,0,0,1,0,0,0,1,0,0,"- ","- ",,,"SAN FRANCISCO","SAN FRANCISCO",-122.39257987000001,37.782259969999998
7110814,2015,2016-01-11,3801,2015-10-28,0617,2306,TENDE,3,5,7,3801,0,0,0,,0,003,"5TH ST","MARKET ST",0.00,,Y,A,-,N,,,,,,,,,,N,4,0,1,2,A,-,08,22100,A,N,G,G,A,A,H,-,C,A,0,,Y,,,Y,,-,"- ",0,0,1,0,0,0,1,0,0,"- ","- ",,,"SAN FRANCISCO","SAN FRANCISCO",-122.40805989,37.783999919999999
7110824,2015,2015-11-14,3801,2015-10-27,1927,2311,,2,5,7,3801,0,0,0,,0,3F21,"MASONIC AV","FELL ST",0.00,,Y,A,-,N,,,,,,,,,,N,3,0,1,2,A,-,21,22106,,N,D,G,A,A,H,-,C,A,0,,Y,,,Y,,A,07,0,1,0,0,0,0,1,0,0,"- ","- ",,,"SAN FRANCISCO","SAN FRANCISCO",-122.44591997000001,37.772979970000002
7110836,2015,2015-11-14,3801,2015-10-31,1242,2458,MISSI,6,5,7,3801,0,0,0,,0,3D15A,"24TH ST","SANCHEZ ST",50.00,W,N,A,-,N,,,,,,,,,,N,3,0,1,4,A,-,17,22517,,N,D,G,A,A,H,-,A,D,0,,Y,,,Y,,A,01,0,1,0,0,0,0,1,0,0,"- ","- ",,,"SAN FRANCISCO","SAN FRANCISCO",-122.42980246,37.751559219999997
7110846,2015,2016-08-10,3801,2015-10-16,0905,804,NORTH,5,5,7,3801,0,0,0,,0,3E14A,"POST ST","STEINER ST",25.00,E,N,A,-,N,,,,,,,,,,N,4,0,1,2,A,-,03,22350,,F,B,G,A,A,H,-,A,D,0,,Y,,,Y,,A,01,0,0,1,0,0,0,1,0,0,"- ","- ",,,"SAN FRANCISCO","SAN FRANCISCO",-122.43463487,37.784952310000001
7110853,2015,2015-11-16,3801,2015-10-19,1715,1620,SOUTH,1,5,7,3801,0,0,0,,0,3B13D,"EMBARCADERO SOUTH ST","MISSION ST",0.00,,Y,A,-,N,,,,,,,,,,N,4,0,1,2,A,-,08,22107,,F,D,G,A,A,H,-,A,A,0,,Y,,,Y,,A,01,0,0,1,0,0,0,1,0,0,"- ","- ",,,"SAN FRANCISCO","SAN FRANCISCO",-122.3924768,37.79384958
7110859,2015,2015-11-16,3801,2015-10-07,0001,1268,TENDE,3,5,7,3801,0,0,0,,0,3J11E,"MARKET ST","9TH ST",0.00,,Y,A,-,N,,,,,,,,,,N,3,0,2,2,A,-,12,21453,A,N,D,G,A,A,H,-,C,A,0,,Y,,,Y,,L,04,0,1,1,0,0,0,1,0,0,"- ","- ",,,"SAN FRANCISCO","SAN FRANCISCO",-122.41632995000001,37.777499929999998
7110875,2015,2015-11-16,3801,2015-10-07,1843,1573,MISSI,3,5,7,3801,0,0,0,,0,3D14D,"MARIPOSA ST","POTRERO AV",0.00,,Y,A,-,N,,,,,,,,,,N,4,0,1,2,A,-,08,22107,,N,-,G,A,A,H,-,B,A,0,,Y,,,Y,Y,L,04,0,0,1,0,0,0,1,0,0,"- ","- ",,,"SAN FRANCISCO","SAN FRANCISCO",-122.40733987999999,37.76320991
7110877,2015,2015-11-16,3801,2015-10-16,1940,1430,MISSI,5,5,7,3801,0,0,0,,0,901,"16TH ST","ALBION ST",0.00,,Y,A,-,N,,,,,,,,,,N,4,0,1,2,B,-,22,,,N,B,G,A,A,H,-,C,D,0,,Y,,,Y,,A,01,0,0,1,0,0,0,1,0,0,"- ","- ",,,"SAN FRANCISCO","SAN FRANCISCO",-122.42309996,37.764839889999998
7110885,2015,2015-11-19,3801,2015-10-08,0645,4279,MISSI,4,5,7,3801,0,0,0,,0,,"14TH ST","GUERRERO ST",0.00,,Y,A,-,N,,,,,,,,,,N,3,0,1,2,A,-,08,22107,,N,H,A,A,A,H,-,B,A,0,,Y,,,Y,,A,01,0,1,0,0,0,0,1,0,0,"- ","- ",,,"SAN FRANCISCO","SAN FRANCISCO",-122.42440985,37.768019940000002
7110903,2015,2015-11-18,3801,2015-10-10,1909,195,NORTH,6,5,7,3801,0,0,0,,0,3E14D,"BUSH ST","FILLMORE ST",0.00,,Y,A,-,N,,,,,,,,,,N,4,0,1,2,A,-,12,21453,A,N,D,G,A,A,H,-,C,A,0,,Y,,,Y,,L,04,0,0,1,0,0,0,1,0,0,"- ","- ",,,"SAN FRANCISCO","SAN FRANCISCO",-122.43344994,37.787039919999998
7110906,2015,2015-11-18,3801,2015-10-30,1905,358,COD,5,5,7,3801,0,0,0,,0,3D11D,"17TH ST","SANCHEZ ST",182.00,E,N,A,-,N,,,,,,,,,,N,3,0,1,1,A,-,03,22350,,N,H,A,A,A,H,-,C,D,0,,Y,,,Y,,L,04,0,1,0,0,0,0,1,0,0,"- ","- ",,,"SAN FRANCISCO","SAN FRANCISCO",-122.43009167,37.762794120000002