CASE_ID,ACCIDENT_YEAR,PROC_DATE,JURIS,COLLISION_DATE,COLLISION_TIME,OFFICER_ID,REPORTING_DISTRICT,DAY_OF_WEEK,CHP_SHIFT,POPULATION,CNTY_CITY_LOC,SPECIAL_COND,BEAT_TYPE,CHP_BEAT_TYPE,CITY_DIVISION_LAPD,CHP_BEAT_CLASS,BEAT_NUMBER,PRIMARY_RD,SECONDARY_RD,DISTANCE,DIRECTION,INTERSECTION,WEATHER_1,WEATHER_2,STATE_HWY_IND,CALTRANS_COUNTY,CALTRANS_DISTRICT,STATE_ROUTE,ROUTE_SUFFIX,POSTMILE_PREFIX,POSTMILE,LOCATION_TYPE,RAMP_INTERSECTION,SIDE_OF_HWY,TOW_AWAY,COLLISION_SEVERITY,NUMBER_KILLED,NUMBER_INJURED,PARTY_COUNT,PRIMARY_COLL_FACTOR,PCF_CODE_OF_VIOL,PCF_VIOL_CATEGORY,PCF_VIOLATION,PCF_VIOL_SUBSECTION,HIT_AND_RUN,TYPE_OF_COLLISION,MVIW,PED_ACTION,ROAD_SURFACE,ROAD_COND_1,ROAD_COND_2,LIGHTING,CONTROL_DEVICE,CHP_ROAD_TYPE,PEDESTRIAN_ACCIDENT,BICYCLE_ACCIDENT,MOTORCYCLE_ACCIDENT,TRUCK_ACCIDENT,NOT_PRIVATE_PROPERTY,ALCOHOL_INVOLVED,STWD_VEHTYPE_AT_FAULT,CHP_VEHTYPE_AT_FAULT,COUNT_SEVERE_INJ,COUNT_VISIBLE_INJ,COUNT_COMPLAINT_PAIN,COUNT_PED_KILLED,COUNT_PED_INJURED,COUNT_BICYCLIST_KILLED,COUNT_BICYCLIST_INJURED,COUNT_MC_KILLED,COUNT_MC_INJURED,PRIMARY_RAMP,SECONDARY_RAMP,LATITUDE,LONGITUDE,COUNTY,CITY,POINT_X,POINT_Y
7157809,2015,2016-01-19,3801,2015-11-23,0629,4230,PARK,1,5,7,3801,0,0,0,,0,3F2A,"LAGUNA HONDA BL","WOODSIDE AV",0.00,,Y,B,E,N,,,,,,,,,,N,3,0,1,2,A,-,07,21658,A,N,B,G,A,A,H,-,C,A,0,,Y,,,Y,,D,23,0,1,0,0,0,0,1,0,0,"- ","- ",,,"SAN FRANCISCO","SAN FRANCISCO",-122.45872996999999,37.746819960000003
7157823,2015,2016-01-19,3801,2015-12-02,1220,2375,RICHM,3,5,7,3801,0,0,0,,0,901,"CLEMENT ST","7TH AV",51.00,W,N,A,-,N,,,,,,,,,,N,3,0,1,2,A,-,17,22517,,N,H,G,A,A,H,-,A,D,0,,Y,,,Y,,A,01,0,1,0,0,0,0,1,0,0,"- ","- ",,,"SAN FRANCISCO","SAN FRANCISCO",-122.46564624,37.78288199
7157824,2015,2016-01-20,3801,2015-12-09,1800,155,SOUTH,3,5,7,3801,0,0,0,,0,004,"HOWARD ST","11TH ST",0.00,,Y,A,-,N,,,,,,,,,,Y,4,0,1,2,A,-,08,22107,,N,D,G,A,A,H,-,C,A,0,,Y,,,Y,,A,01,0,0,1,0,0,0,1,0,0,"- ","- ",,,"SAN FRANCISCO","SAN FRANCISCO",-122.41556991,37.773119880000003
7157827,2015,2016-01-19,3801,2015-12-04,1549,001523,NORTH,5,5,7,3801,0,0,0,,0,6CAR,"POLK ST","CALIFORNIA ST",0.00,,Y,A,-,N,,,,,,,,,,N,4,0,1,5,A,-,10,21950,A,N,G,G,B,A,H,-,A,A,0,Y,Y,,,Y,,A,01,0,0,1,0,0,0,1,0,0,"- ","- ",,,"SAN FRANCISCO","SAN FRANCISCO",-122.42067992,37.790569959999999
7157955,2014,2016-01-15,3801,2014-07-14,1551,782,CENTR,1,5,7,3801,0,0,0,,0,3A11C,EMBARCADERO,"GRANT AV",20.00,N,N,A,-,N,,,,,,,,,,N,3,0,1,1,D,-,00,,,N,H,I,A,A,G,-,A,A,0,,Y,,,Y,,-,"- ",0,1,0,0,0,0,1,0,0,"- ","- ",,,"SAN FRANCISCO","SAN FRANCISCO",-122.40916371,37.808143770000001
7157958,2014,2016-01-19,3801,2014-07-07,0900,1192,SOUTH,1,5,7,3801,0,0,0,,0,03B,"TOWNSEND ST","TOWNSEND ST 139",0.00,,N,A,-,N,,,,,,,,,,N,3,0,1,2,A,-,17,22517,,N,H,G,A,A,H,-,A,D,0,,Y,,,Y,,A,01,0,1,0,0,0,0,1,0,0,"- ","- ",,,"SAN FRANCISCO","SAN FRANCISCO",-122.39149332,37.779866370000001
7157970,2014,2016-01-15,3801,2014-07-30,1914,4313,,3,5,7,3801,0,0,0,,0,,"MARKET ST","GOUGH ST",30.00,W,N,A,-,N,,,,,,,,,,N,3,0,2,2,A,-,03,22350,,N,A,B,E,A,D,-,A,A,0,Y,Y,,,Y,,L,04,0,2,0,0,1,0,1,0,0,"- ","- ",,,"SAN FRANCISCO","SAN FRANCISCO",-122.42228403,37.772812219999999
7157992,2014,2016-01-15,3801,2014-07-21,1806,000176,RICHM,1,5,7,3801,0,0,0,,0,,"JOHN F KENNEDY DR","6TH AV",0.00,,Y,A,-,N,,,,,,,,,,N,3,0,1,2,A,-,09,21804,A,N,D,G,A,A,H,-,A,D,0,,Y,,,Y,,L,04,0,1,0,0,0,0,1,0,0,"- ","- ",,,"SAN FRANCISCO","SAN FRANCISCO",,
7157995,2014,2016-01-15,3801,2014-07-27,1355,1939,SOUTH,7,5,7,3801,0,0,0,,0,4K6C,"6TH ST","HARRISON ST",80.00,N,N,A,-,N,,,,,,,,,,N,3,0,1,1,A,-,03,22350,,N,H,J,A,-,-,-,A,D,0,,Y,,,Y,,L,04,0,1,0,0,0,0,1,0,0,"- ","- ",,,"SAN FRANCISCO","SAN FRANCISCO",-122.40428066,37.777461440000003
7157998,2014,2016-01-15,3801,2014-08-04,0650,687,SOUTH,1,5,7,3801,0,0,0,,0,4CAR,"MISSION ST","11TH ST",12.00,E,N,A,-,N,,,,,,,,,,N,4,0,1,3,A,-,12,21453,A,N,C,G,A,A,-,-,A,A,0,,Y,,,Y,,L,04,0,0,1,0,0,0,1,0,0,"- ","- ",,,"SAN FRANCISCO","SAN FRANCISCO",-122.41707071,37.77435337
7161122,2014,2016-01-15,3801,2014-09-16,0730,1572,,2,5,7,3801,0,0,0,,0,,GUERRERO,"MARKET ST",0.00,,Y,A,-,N,,,,,,,,,,N,4,0,1,2,A,-,03,22350,,F,C,G,A,A,H,-,A,D,0,,Y,,,Y,Y,-,99,0,0,1,0,0,0,1,0,0,"- ","- ",,,"SAN FRANCISCO","SAN FRANCISCO",-122.42485991,37.770749879999997
7161173,2014,2016-01-15,3801,2014-09-30,1809,1994,NORTH,2,5,7,3801,0,0,0,,0,4K8E,"JACKSON ST","LARKIN ST",0.00,,Y,A,-,N,,,,,,,,,,N,3,0,1,2,A,-,12,22450,A,N,D,G,A,A,H,-,A,A,0,,Y,,,Y,Y,L,04,0,1,0,0,0,0,1,0,0,"- ","- ",,,"SAN FRANCISCO","SAN FRANCISCO",-122.41975986,37.794349920000002
7161183,2014,2016-01-15,3801,2014-10-10,0801,1882,RICHM,5,5,7,3801,0,0,0,,0,3G60,"DIVISADERO ST","POST ST",0.00,,Y,B,-,N,,,,,,,,,,N,4,0,1,2,A,-,08,22107,,N,D,G,A,A,H,-,A,A,0,,Y,,,Y,,A,01,0,0,1,0,0,0,1,0,0,"- ","- ",,,"SAN FRANCISCO","SAN FRANCISCO",-122.43966997,37.784309980000003
7161185,2014,2016-01-15,3801,2014-10-01,0656,4282,NORTH,3,5,7,3801,0,0,0,,0,3E61,"MARINA BL","WEBSTER ST",0.00,,Y,A,-,N,,,,,,,,,,N,4,0,1,2,A,-,09,21802,B,N,D,G,A,A,H,-,B,A,0,,Y,,,Y,,D,22,0,0,1,0,0,0,1,0,0,"- ","- ",,,"SAN FRANCISCO","SAN FRANCISCO",-122.43562992,37.806169949999997
7161192,2014,2016-01-15,3801,2014-10-18,1534,4193,COE,6,5,7,3801,0,0,0,,0,3E42B,"POLK ST","TURK ST",22.00,S,N,A,-,N,,,,,,,,,,N,4,0,1,2,A,-,17,21209,A,N,B,G,A,A,H,-,A,D,0,,Y,,,Y,,A,01,0,0,1,0,0,0,1,0,0,"- ","- ",,,"SAN FRANCISCO","SAN FRANCISCO",-122.41898856,37.782110250000002
7173407,2015,2016-02-08,3801,2015-12-28,1614,4326,"CO B",1,5,7,3801,0,0,0,,0,004,"MISSION ST","VAN NESS AV",100.00,E,N,A,-,N,,,,,,,,,,N,4,0,1,3,A,-,07,21658,A,N,B,G,A,A,H,-,A,A,0,,Y,,,Y,,A,08,0,0,1,0,0,0,1,0,0,"- ","- ",,,"SAN FRANCISCO","SAN FRANCISCO",-122.41837772,37.773298060000002
7173470,2016,2016-02-10,3801,2016-01-06,1940,0469,MISSI,3,5,7,3801,0,0,0,,0,3D2D,"MISSION ST","26TH ST",140.00,N,N,C,-,N,,,,,,,,,,N,4,0,1,2,A,-,03,22350,,N,B,G,A,B,H,-,C,D,0,,Y,,,Y,,L,04,0,0,1,0,0,0,1,0,0,"- ","- ",,,"SAN FRANCISCO","SAN FRANCISCO",-122.41818120000001,37.749443190000001
7173521,2016,2016-02-12,3801,2016-01-05,1911,1628,PARK,2,5,7,3801,0,0,0,,0,3F12D,"14TH ST","BELCHER ST",9.00,E,N,B,-,N,,,,,,,,,,N,4,0,1,2,A,-,09,21801,A,N,D,G,A,B,H,-,C,A,0,,Y,,,Y,,A,01,0,0,1,0,0,0,1,0,0,"- ","- ",,,"SAN FRANCISCO","SAN FRANCISCO",-122.4300389,37.767661390000001
7173552,2016,2016-02-08,3801,2016-01-12,1929,1530,,2,5,7,3801,0,0,0,,0,3A13D,"PACIFIC AV","TAYLOR ST",112.00,W,N,A,-,N,,,,,,,,,,N,3,0,1,2,A,-,09,21801,A,N,A,G,A,A,H,-,C,D,0,,Y,,,Y,,A,01,0,1,0,0,0,0,1,0,0,"- ","- ",,,"SAN FRANCISCO","SAN FRANCISCO",-122.41374372999999,37.796045890000002
7173581,2016,2016-02-08,3801,2016-01-17,1428,1400,,7,5,7,3801,0,0,0,,0,,"HOWARD ST","DORE ST",0.00,,Y,A,-,N,,,,,,,,,,N,4,0,1,2,A,-,11,21954,A,N,D,B,A,A,H,-,A,D,0,,Y,,,Y,,L,04,0,0,1,0,0,0,1,0,0,"- ","- ",,,"SAN FRANCISCO","SAN FRANCISCO",-122.41377991,37.774519910000002
7173611,2016,2016-02-12,3801,2016-01-07,1428,1400,,4,5,7,3801,0,0,0,,0,,"HOWARD ST","DORE ST",0.00,,Y,A,-,N,,,,,,,,,,N,4,0,1,2,A,-,11,21954,A,N,D,B,A,A,H,-,A,D,0,,Y,,,Y,,L,04,0,0,1,0,0,0,1,0,0,"- ","- ",,,"SAN FRANCISCO","SAN FRANCISCO",-122.41377991,37.774519910000002
7173691,2016,2016-02-10,3801,2016-01-28,1825,1930,TENDE,4,5,7,3801,0,0,0,,0,3J14D,"MARKET ST","2ND ST",0.00,,Y,-,-,N,,,,,,,,,,N,3,0,1,2,A,-,00,21760,B,M,-,-,A,-,-,-,-,-,0,,Y,,,Y,,-,,0,1,0,0,0,0,1,0,0,"- ","- ",,,"SAN FRANCISCO","SAN FRANCISCO",-122.40139995,37.789239940000002
7173743,2016,2016-02-25,3801,2016-01-25,1242,00130,,1,5,7,3801,0,0,0,,0,3D42A,"VALENCIA ST","18TH ST",0.00,,Y,A,-,N,,,,,,,,,,N,4,0,1,2,A,-,08,22102,,N,D,C,A,A,H,-,A,A,0,,Y,,,Y,,L,04,0,0,1,0,0,0,1,0,0,"- ","- ",,,"SAN FRANCISCO","SAN FRANCISCO",-122.42155988,37.761709949999997
7187522,2016,2016-08-24,3801,2016-02-10,1711,892,SOUTH,3,5,7,3801,0,0,0,,0,3B11D,"THE EMBARCADERO","BRYANT ST",0.00,,Y,A,-,N,,,,,,,,,,N,3,0,1,2,A,-,05,21650,1,F,D,G,A,A,H,-,A,A,0,,Y,,,Y,,L,04,0,1,0,0,0,0,1,0,0,"- ","- ",,,"SAN FRANCISCO","SAN FRANCISCO",-122.38800995,37.787089950000002
7189067,2014,2016-02-22,3801,2014-01-28,1630,4082,,2,5,7,3801,0,0,0,,0,3I00,"SUNSET BL",QUINTARA,0.00,,Y,-,-,N,,,,,,,,,,N,4,0,1,2,A,-,03,22350,,N,-,-,A,-,-,-,-,-,0,,Y,,,Y,,-,,0,0,1,0,0,0,1,0,0,"- ","- ",,,"SAN FRANCISCO","SAN FRANCISCO",-122.49491990999999,37.7478099
7189127,2014,2016-02-22,3801,2014-06-03,0903,1184,,2,5,7,3801,0,0,0,,0,,"14TH ST","NATOMA ST",0.00,,Y,A,-,N,,,,,,,,,,N,4,0,1,2,A,-,08,22107,,N,B,G,A,A,H,-,A,A,0,,Y,,,Y,,A,01,0,0,1,0,0,0,1,0,0,"- ","- ",,,"SAN FRANCISCO","SAN FRANCISCO",-122.41854991,37.768369900000003
7189154,2014,2016-02-22,3801,2014-11-09,0033,004239,CENTR,7,5,7,3801,0,0,0,,0,3A11E,"SANSOME ST","SANSOME ST 155",0.00,,N,A,-,N,,,,,,,,,,N,3,0,1,2,A,-,17,22517,,N,H,G,A,A,H,-,C,D,0,,Y,,,Y,,A,01,0,1,0,0,0,0,1,0,0,"- ","- ",,,"SAN FRANCISCO","SAN FRANCISCO",-122.40083992,37.79169186
7193273,2016,2016-04-13,3801,2016-03-25,1315,004286,RICHM,5,5,7,3801,0,0,0,,0,0G2,"CALIFORNIA ST","BRODERICK ST",30.00,W,N,A,-,N,,,,,,,,,,N,3,0,1,2,A,-,17,22517,,N,E,G,A,A,H,-,A,D,0,,Y,,,Y,,A,01,0,1,0,0,0,0,1,0,0,"- ","- ",,,"SAN FRANCISCO","SAN FRANCISCO",-122.44218237,37.787836169999999
7199858,2016,2016-12-08,3801,2016-06-25,1420,256,INGLE,6,5,7,3801,0,0,0,,0,4B8H,"SAN JOSE AV","ROUSSEAU ST",115.00,S,N,A,-,N,,,,,,,,,,N,1,1,0,1,D,-,00,,,N,H,-,A,A,H,-,A,D,0,,Y,,,Y,,-,"- ",0,0,0,0,0,1,0,0,0,"- ","- ",37.734229999999997,-122.43038,"SAN FRANCISCO","SAN FRANCISCO",-122.43079192,37.733738539999997
7200160,2016,2017-06-23,3801,2016-12-11,0854,991,SOUTH,7,5,7,3801,0,0,0,,0,4B2B,"HARRISON ST","8TH ST",0.00,,Y,B,-,N,,,,,,,,,,N,1,1,0,2,A,-,12,21453,A,N,D,G,A,A,H,-,-,A,0,,Y,,,Y,,L,04,0,0,0,0,0,1,0,0,0,"- ","- ",37.773809999999997,-122.40825,"SAN FRANCISCO","SAN FRANCISCO",-122.40852993999999,37.77375997
7202027,2016,2016-03-07,3801,2016-02-17,0518,2105,NORTH,3,5,7,3801,0,0,0,,0,3E11E,"STEINER ST","PAGE ST",34.00,S,N,A,-,N,,,,,,,,,,N,2,0,1,4,A,-,07,21658,A,F,B,G,A,A,H,-,C,D,0,,Y,,,Y,,-,,1,0,0,0,0,0,1,0,0,"- ","- ",,,"SAN FRANCISCO","SAN FRANCISCO",-122.4322604,37.772737900000003
7202036,2016,2016-03-07,3801,2016-02-14,1615,1718,PARK,7,5,7,3801,0,0,0,,0,3F43,"LAGUNA HONDA BL","DEWEY BL",0.00,,Y,A,-,N,,,,,,,,,,N,3,0,1,2,A,-,09,21800,A,N,D,G,A,A,H,-,B,A,0,,Y,,,Y,,A,01,0,1,0,0,0,0,1,0,0,"- ","- ",,,"SAN FRANCISCO","SAN FRANCISCO",-122.45918995,37.747269950000003
7202040,2016,2016-03-07,3801,2016-02-17,1630,1184,NORTH,3,5,7,3801,0,0,0,,0,3E13D,"POLK ST","SUTTER ST",0.00,,Y,C,-,N,,,,,,,,,,N,4,0,1,2,A,-,"- ",,,N,B,G,A,B,H,-,A,A,0,,Y,,,Y,,I,11,0,0,1,0,0,0,1,0,0,"- ","- ",,,"SAN FRANCISCO","SAN FRANCISCO",-122.42009991,37.78775993
7202055,2016,2016-03-07,3801,2016-02-21,1015,193100,NORTH,7,5,7,3801,0,0,0,,0,3E00,"PAGE ST","OCTAVIA ST",0.00,,Y,B,-,N,,,,,,,,,,N,4,0,1,2,A,-,17,22517,,N,B,G,A,B,H,-,A,D,0,,Y,,,Y,,A,01,0,0,1,0,0,0,1,0,0,"- ","- ",,,"SAN FRANCISCO","SAN FRANCISCO",-122.42410987,37.773879960000002
7202083,2016,2016-03-11,3801,2016-02-24,1530,537,PARK,3,5,7,3801,0,0,0,,0,3F12D,"IRVING ST","3RD AV",0.00,,Y,-,-,N,,,,,,,,,,N,3,0,1,2,A,-,09,21801,A,N,-,-,A,-,-,-,-,-,0,,Y,,,Y,,A,01,0,1,0,0,0,0,1,0,0,"- ","- ",,,"SAN FRANCISCO","SAN FRANCISCO",-122.45988997000001,37.764319970000003
7202165,2016,2016-03-08,3801,2016-02-17,0725,915,J,3,5,7,3801,0,0,0,,0,3J12A,"MARKET ST","GRANT AV",0.00,,Y,A,-,N,,,,,,,,,,N,4,0,1,2,A,-,08,22101,D,N,B,G,A,A,H,-,A,A,0,,Y,,,Y,,L,04,0,0,1,0,0,0,1,0,0,"- ","- ",,,"SAN FRANCISCO","SAN FRANCISCO",-122.40457993,37.786769919999998
7202209,2016,2016-03-07,3801,2016-02-11,0840,976,NORTH,4,5,7,3801,0,0,0,,0,3E12A,"FELL ST","SCOTT ST",0.00,,Y,A,-,N,,,,,,,,,,N,3,0,1,2,D,-,00,,,N,-,G,A,A,H,-,A,A,0,,Y,,,Y,,-,"- ",0,1,0,0,0,0,1,0,0,"- ","- ",,,"SAN FRANCISCO","SAN FRANCISCO",-122.43593987,37.774269930000003
7202535,2014,2016-04-25,3801,2014-05-04,1615,125,COB,7,5,7,3801,0,0,0,,0,3B13D,"MISSION ST","6TH ST",0.00,,Y,A,-,N,,,,,,,,,,N,2,0,1,2,A,-,17,22517,,N,H,G,A,A,H,-,A,A,0,,Y,,,Y,Y,-,,1,0,0,0,0,0,1,0,0,"- ","- ",,,"SAN FRANCISCO","SAN FRANCISCO",-122.40868999,37.78097992
7202996,2016,2016-03-11,3801,2016-02-03,1335,2039,SOUTH,3,5,7,3801,0,0,0,,0,004,"HOWARD ST","11TH ST",0.00,,Y,A,-,N,,,,,,,,,,N,4,0,1,1,A,-,03,22350,,N,F,A,A,A,B,-,A,A,0,,Y,,,Y,,L,04,0,0,1,0,0,0,1,0,0,"- ","- ",,,"SAN FRANCISCO","SAN FRANCISCO",-122.41556991,37.773119880000003
7203044,2016,2016-03-07,3801,2016-02-28,2111,2030,TARAV,7,5,7,3801,0,0,0,,0,6CAR,"OCEAN AV","MIRAMAR ST",147.00,E,N,A,-,N,,,,,,,,,,N,3,0,1,2,A,-,03,22350,,F,B,G,A,A,G,-,C,D,0,,Y,,,Y,,-,,0,1,0,0,0,0,1,0,0,"- ","- ",,,"SAN FRANCISCO","SAN FRANCISCO",-122.45771983,37.724212780000002
7203055,2016,2016-03-07,3801,2016-02-22,0724,2108,NORTH,1,5,7,3801,0,0,0,,0,3E14A,"STEINER ST","PINE ST",0.00,,Y,A,-,N,,,,,,,,,,Y,3,0,1,2,A,-,09,21804,A,N,D,G,A,A,H,-,A,D,0,,Y,,,Y,Y,L,04,0,1,0,0,0,0,1,0,0,"- ","- ",,,"SAN FRANCISCO","SAN FRANCISCO",-122.43528987000001,37.787749939999998
7203081,2016,2016-03-07,3801,2016-02-06,1243,00936,MISSI,6,5,7,3801,0,0,0,,0,3D15E,"MISSION ST","22ND ST",16.00,N,N,A,-,N,,,,,,,,,,N,4,0,1,2,A,-,03,22350,,F,B,G,A,A,H,-,A,A,0,,Y,,,Y,,A,01,0,0,1,0,0,0,1,0,0,"- ","- ",,,"SAN FRANCISCO","SAN FRANCISCO",-122.41874469,37.755493799999996
8008827,2017,2017-07-25,3801,2017-06-03,1300,724,MISSI,6,5,7,3801,0,0,0,,0,3D13D,"MISSION ST","21ST ST",50.00,S,N,A,-,N,,,,,,,,,,N,3,0,1,2,A,-,17,22517,,N,D,G,A,A,H,-,A,A,0,,Y,,,Y,,A,01,0,1,0,0,0,0,1,0,0,"- ","- ",,,"SAN FRANCISCO","SAN FRANCISCO",-122.41890375,37.756883250000001
8008840,2017,2017-07-20,3801,2017-06-06,1000,189,3E12A,2,5,7,3801,0,0,0,,0,002,"GOLDEN GATE AV","FILLMORE ST",60.00,W,N,A,-,N,,,,,,,,,,N,4,0,1,3,A,-,08,22107,,F,D,G,A,A,H,-,A,A,0,,Y,,,Y,Y,A,01,0,0,1,0,0,0,1,0,0,"- ","- ",,,"SAN FRANCISCO","SAN FRANCISCO",-122.43214514,37.77953436
8008866,2017,2017-07-19,3801,2017-06-13,1450,1744,TENDE,2,5,7,3801,0,0,0,,0,3J41C,"MARKET ST","POWELL ST",0.00,,Y,A,-,N,,,,,,,,,,N,3,0,1,2,A,-,11,21456,A,N,B,G,A,A,H,-,A,A,0,,Y,,,Y,,L,04,0,1,0,0,0,0,1,0,0,"- ","- ",,,"SAN FRANCISCO","SAN FRANCISCO",-122.40755796000001,37.784380290000001
8008878,2017,2017-07-19,3801,2017-06-12,0820,1430,MISSI,1,5,7,3801,0,0,0,,0,3D16D,"SACRAMENTO ST","MONTGOMERY ST",1.00,E,N,-,-,N,,,,,,,,,,N,4,0,1,2,A,-,00,20001,A,F,D,G,A,A,H,-,A,D,0,,Y,,,Y,,A,07,0,0,1,0,0,0,1,0,0,"- ","- ",,,"SAN FRANCISCO","SAN FRANCISCO",-122.40293659,37.793790450000003
8008879,2017,2018-03-28,3801,2017-06-14,1155,A21305,3801,3,5,7,3801,0,0,0,,0,3A11B,"GEARY ST","LARKIN ST",0.00,,Y,A,-,N,,,,,,,,,,,2,0,1,2,A,-,17,21208,B,N,D,G,A,A,H,-,A,A,0,,Y,,,Y,,L,04,1,0,0,0,0,0,1,0,0,"- ","- ",,,"SAN FRANCISCO","SAN FRANCISCO",-122.4181099,37.786109889999999
8014253,2016,2016-04-20,3801,2016-03-01,1430,002200,SOUTH,2,5,7,3801,0,0,0,,0,005,"VERMONT ST","16TH ST",0.00,,Y,A,-,N,,,,,,,,,,N,4,0,1,2,A,-,17,21663,,N,D,G,A,A,H,-,A,A,0,,Y,,,Y,,L,04,0,0,1,0,0,0,1,0,0,"- ","- ",,,"SAN FRANCISCO","SAN FRANCISCO",-122.40462994000001,37.76595992
8014277,2016,2016-04-21,3801,2016-03-16,2346,2353,BAYVI,3,5,7,3801,0,0,0,,0,3C11E,"HOWARD ST","TEHAMA ST",90.00,N,N,A,-,N,,,,,,,,,,N,3,0,1,2,A,-,08,22107,,N,D,G,A,A,H,-,C,A,0,,Y,,,Y,,J,48,0,1,0,0,0,0,1,0,0,"- ","- ",,,"SAN FRANCISCO","SAN FRANCISCO",-122.39711255,37.787173439999997
8015201,2016,2016-04-15,3801,2016-03-30,1749,00748,SOUTH,3,5,7,3801,0,0,0,,0,0B5,"16TH ST","MISSOURI ST",10.00,E,N,A,-,N,,,,,,,,,,N,4,0,1,2,A,-,08,22107,,N,B,G,A,A,H,-,A,D,0,,Y,,,Y,,A,01,0,0,1,0,0,0,1,0,0,"- ","- ",,,"SAN FRANCISCO","SAN FRANCISCO",-122.39684549,37.766432029999997
8015225,2016,2016-04-14,3801,2016-03-28,1545,2423,CENTR,1,5,7,3801,0,0,0,,0,3A12D,"POST ST","KEARRY ST",71.00,E,N,A,-,N,,,,,,,,,,N,4,0,1,2,A,-,03,22350,,N,C,G,A,A,H,-,A,D,0,,Y,,,Y,,L,04,0,0,1,0,0,0,1,0,0,"- ","- ",,,"SAN FRANCISCO","SAN FRANCISCO",-122.40341762,37.788932320000001
8016138,2016,2016-04-18,3801,2016-03-10,1944,880,SOUTH,4,5,7,3801,0,0,0,,0,0B5,"THE EMBARCADERO","TOWNSEND ST",0.00,,Y,C,-,N,,,,,,,,,,N,3,0,1,2,A,-,03,22350,,N,E,G,A,B,H,-,C,A,0,,Y,,,Y,,L,04,0,1,0,0,0,0,1,0,0,"- ","- ",,,"SAN FRANCISCO","SAN FRANCISCO",-122.38840994,37.781809950000003
8020217,2016,2016-04-13,3801,2016-03-25,0702,646,SOUTH,5,5,7,3801,0,0,0,,0,005,"TOWNSEND ST","4TH ST",95.00,W,N,A,-,N,,,,,,,,,,N,4,0,1,2,A,-,17,22517,,N,B,G,A,A,H,-,A,D,0,,Y,,,Y,,A,01,0,0,1,0,0,0,1,0,0,"- ","- ",,,"SAN FRANCISCO","SAN FRANCISCO",-122.39522158,37.776924739999998
8020219,2016,2016-04-13,3801,2016-03-21,1726,00670,SOUTH,1,5,7,3801,0,0,0,,0,3B13D,"5TH ST","BLUXOME ST",0.00,,Y,C,-,N,,,,,,,,,,N,3,0,1,2,D,-,00,,,N,D,G,A,B,H,-,A,A,0,,Y,,,Y,,-,"- ",0,1,0,0,0,0,1,0,0,"- ","- ",,,"SAN FRANCISCO","SAN FRANCISCO",-122.39799987000001,37.775959950000001
8020225,2016,2016-04-13,3801,2016-03-29,1612,004295,BAYVI,2,5,7,3801,0,0,0,,0,3C15D,"LANE ST","THOMAS AV",0.00,,Y,A,-,N,,,,,,,,,,N,3,0,1,2,A,-,"- ",,,N,D,G,A,A,H,-,A,A,0,,Y,,,Y,,L,04,0,1,0,0,0,0,1,0,0,"- ","- ",,,"SAN FRANCISCO","SAN FRANCISCO",-122.39128995999999,37.730429890000003
8020227,2016,2016-04-13,3801,2016-03-26,2015,2097,BAYVI,6,5,7,3801,0,0,0,,0,3C11D,"WILLIAMS AV","NEPTUNE ST",0.00,,Y,A,-,N,,,,,,,,,,N,3,0,1,1,A,-,01,21200,5,N,H,A,A,A,H,-,C,D,0,,Y,,,Y,Y,L,04,0,1,0,0,0,0,1,0,0,"- ","- ",,,"SAN FRANCISCO","SAN FRANCISCO",-122.39725996999999,37.729939909999999
8020234,2016,2016-04-13,3801,2016-03-27,1830,2417,INGLE,7,5,7,3801,0,0,0,,0,3H13D,"SILVER AV","NAPLES ST",0.00,,Y,A,-,N,,,,,,,,,,N,3,0,1,2,A,-,08,22107,,N,D,E,A,A,H,-,A,D,0,,Y,,,Y,,L,04,0,1,0,0,0,0,1,0,0,"- ","- ",,,"SAN FRANCISCO","SAN FRANCISCO",-122.42531986,37.728669940000003
8020236,2016,2016-04-13,3801,2016-03-24,1920,001375,COI,4,5,7,3801,0,0,0,,0,3I13D,"IRVING ST","24TH AV",0.00,,Y,A,-,N,,,,,,,,,,N,3,0,1,2,A,-,03,22350,,N,C,B,F,A,H,-,C,D,0,Y,Y,,,Y,,L,04,0,1,0,0,1,0,0,0,0,"- ","- ",,,"SAN FRANCISCO","SAN FRANCISCO",-122.48248995,37.763329990000003
8020440,2016,2016-04-13,3801,2016-03-19,1516,00798,NTHRN,6,5,7,3801,0,0,0,,0,3E13C,"GOLDEN GATE AV","LAGUNA ST",0.00,,Y,A,-,N,,,,,,,,,,N,3,0,1,2,A,-,08,22100,B,N,-,G,A,A,H,-,A,A,0,,Y,,,Y,,L,04,0,1,0,0,0,0,1,0,0,"- ","- ",,,"SAN FRANCISCO","SAN FRANCISCO",-122.42701999000001,37.780199879999998
8020472,2016,2016-04-13,3801,2016-03-16,0919,282,CNTRL,3,5,7,3801,0,0,0,,0,3A12A,"MARKET ST","NEW MONTGOMERY ST",200.00,W,N,A,-,N,,,,,,,,,,N,3,0,1,2,A,-,17,22517,,N,H,G,A,A,H,-,A,D,0,,Y,,,Y,,A,07,0,1,0,0,0,0,1,0,0,"- ","- ",,,"SAN FRANCISCO","SAN FRANCISCO",-122.40249317,37.788392620000003