CASE_ID,ACCIDENT_YEAR,PROC_DATE,JURIS,COLLISION_DATE,COLLISION_TIME,OFFICER_ID,REPORTING_DISTRICT,DAY_OF_WEEK,CHP_SHIFT,POPULATION,CNTY_CITY_LOC,SPECIAL_COND,BEAT_TYPE,CHP_BEAT_TYPE,CITY_DIVISION_LAPD,CHP_BEAT_CLASS,BEAT_NUMBER,PRIMARY_RD,SECONDARY_RD,DISTANCE,DIRECTION,INTERSECTION,WEATHER_1,WEATHER_2,STATE_HWY_IND,CALTRANS_COUNTY,CALTRANS_DISTRICT,STATE_ROUTE,ROUTE_SUFFIX,POSTMILE_PREFIX,POSTMILE,LOCATION_TYPE,RAMP_INTERSECTION,SIDE_OF_HWY,TOW_AWAY,COLLISION_SEVERITY,NUMBER_KILLED,NUMBER_INJURED,PARTY_COUNT,PRIMARY_COLL_FACTOR,PCF_CODE_OF_VIOL,PCF_VIOL_CATEGORY,PCF_VIOLATION,PCF_VIOL_SUBSECTION,HIT_AND_RUN,TYPE_OF_COLLISION,MVIW,PED_ACTION,ROAD_SURFACE,ROAD_COND_1,ROAD_COND_2,LIGHTING,CONTROL_DEVICE,CHP_ROAD_TYPE,PEDESTRIAN_ACCIDENT,BICYCLE_ACCIDENT,MOTORCYCLE_ACCIDENT,TRUCK_ACCIDENT,NOT_PRIVATE_PROPERTY,ALCOHOL_INVOLVED,STWD_VEHTYPE_AT_FAULT,CHP_VEHTYPE_AT_FAULT,COUNT_SEVERE_INJ,COUNT_VISIBLE_INJ,COUNT_COMPLAINT_PAIN,COUNT_PED_KILLED,COUNT_PED_INJURED,COUNT_BICYCLIST_KILLED,COUNT_BICYCLIST_INJURED,COUNT_MC_KILLED,COUNT_MC_INJURED,PRIMARY_RAMP,SECONDARY_RAMP,LATITUDE,LONGITUDE,COUNTY,CITY,POINT_X,POINT_Y
8039604,2016,2016-05-17,3801,2016-04-15,0756,2082,BAYVI,5,5,7,3801,0,0,0,,0,003,"PALOU AV","INGALLS ST",0.00,,Y,A,-,N,,,,,,,,,,N,4,0,1,2,A,-,12,22450,A,N,D,G,A,A,H,-,A,A,0,,Y,,,Y,,L,04,0,0,1,0,0,0,1,0,0,"- ","- ",,,"SAN FRANCISCO","SAN FRANCISCO",-122.38343996,37.729749910000002
8039975,2016,2016-05-16,3801,2016-04-17,1130,2452,SOUTH,7,5,7,3801,0,0,0,,0,3B14A,"13TH ST","BRYANT ST",0.00,,Y,A,-,N,,,,,,,,,,Y,4,0,3,3,A,-,03,22350,A,N,A,C,A,A,H,-,A,A,0,,Y,,,Y,,A,01,0,0,3,0,0,0,1,0,0,"- ","- ",,,"SAN FRANCISCO","SAN FRANCISCO",-122.41081953,37.769434830000002
8039986,2016,2016-05-16,3801,2016-04-22,2209,4042,INGLE,5,5,7,3801,0,0,0,,0,0H2,"30TH ST","SAN JOSE AV",0.00,,Y,A,-,N,,,,,,,,,,,3,0,1,2,A,-,05,21650,,N,A,G,A,A,H,-,C,A,0,,Y,,,Y,,L,04,0,1,0,0,0,0,1,0,0,"- ","- ",,,"SAN FRANCISCO","SAN FRANCISCO",-122.42328998000001,37.7422799
8039995,2016,2016-05-16,3801,2016-04-14,0758,1325,TENDE,4,5,7,3801,0,0,0,,0,3J13A,"GOLDEN GATE AV","LARKIN ST",93.00,W,N,A,-,N,,,,,,,,,,N,3,0,1,2,A,-,17,22517,,N,A,G,A,A,H,-,A,B,0,,Y,,,Y,,A,01,0,1,0,0,0,0,1,0,0,"- ","- ",,,"SAN FRANCISCO","SAN FRANCISCO",-122.41746784,37.781399550000003
8042405,2016,2016-05-16,3801,2016-04-15,2208,1631,SOUTH,5,5,7,3801,0,0,0,,0,3B14D,"11TH ST","FOLSOM ST",0.00,,Y,A,-,N,,,,,,,,,,N,4,0,1,2,A,-,09,21801,A,F,D,G,A,A,H,-,C,A,0,,Y,,,Y,,-,,0,0,1,0,0,0,1,0,0,"- ","- ",,,"SAN FRANCISCO","SAN FRANCISCO",-122.4140099,37.771879890000001
8042430,2016,2016-05-16,3801,2016-04-08,1000,004372,RICHM,5,5,7,3801,0,0,0,,0,5CAR,"GREAT HWY","BALBOA ST",0.00,,Y,A,-,N,,,,,,,,,,N,3,0,1,2,A,-,08,22107,,N,B,G,A,A,H,-,A,A,0,,Y,,,Y,,A,01,0,1,0,0,0,0,1,0,0,"- ","- ",,,"SAN FRANCISCO","SAN FRANCISCO",-122.51128997000001,37.775079920000003
8042453,2016,2016-05-16,3801,2016-04-15,1000,4305,MISSI,5,5,7,3801,0,0,0,,0,,"FOLSOM ST","18TH ST",0.00,,Y,A,-,N,,,,,,,,,,N,4,0,1,2,D,-,00,,,N,A,G,A,A,H,-,A,A,0,,Y,,,Y,,-,"- ",0,0,1,0,0,0,1,0,0,"- ","- ",,,"SAN FRANCISCO","SAN FRANCISCO",-122.41498989999999,37.762099890000002
8042478,2016,2016-05-16,3801,2016-04-05,1924,2111,MISSI,2,5,7,3801,0,0,0,,0,3D14D,"VALENCIA ST","19TH ST",30.00,S,N,A,-,N,,,,,,,,,,N,3,0,1,2,A,-,17,22517,,N,E,G,A,A,H,-,A,A,0,,Y,,,Y,,A,01,0,1,0,0,0,0,1,0,0,"- ","- ",,,"SAN FRANCISCO","SAN FRANCISCO",-122.42139324,37.76002776
8042825,2016,2016-05-17,3801,2016-03-19,1230,518,INGLE,6,5,7,3801,0,0,0,,0,4B6H,"SAN JOSE AV",DIAMOND,5.00,E,N,A,-,N,,,,,,,,,,N,2,0,1,1,A,-,03,22350,,N,-,G,A,A,-,-,A,A,0,,Y,,,Y,,L,04,1,0,0,0,0,0,1,0,0,"- ","- ",,,"SAN FRANCISCO","SAN FRANCISCO",-122.43450344,37.732329149999998
8043732,2015,2016-05-23,3801,2015-08-12,0632,000251,,3,5,7,3801,0,0,0,,0,4C3,"CABRILLO AV","20TH AV",0.00,,Y,A,-,N,,,,,,,,,,N,4,0,1,2,D,-,00,,,N,D,G,A,A,H,-,A,D,0,,Y,,,Y,,-,"- ",0,0,1,0,0,0,1,0,0,"- ","- ",,,"SAN FRANCISCO","SAN FRANCISCO",-122.47896998,37.774689889999998
8046648,2016,2016-05-17,3801,2016-04-06,2005,1306,COA,3,5,7,3801,0,0,0,,0,3A15D,EMBARCADERO,"WASHINGTON ST",175.00,S,N,A,-,N,,,,,,,,,,N,4,0,1,2,A,-,08,22107,,N,B,G,A,A,H,-,C,A,0,,Y,,,Y,,A,01,0,0,1,0,0,0,1,0,0,"- ","- ",,,"SAN FRANCISCO","SAN FRANCISCO",-122.39491940000001,37.796395799999999
8046711,2016,2016-05-17,3801,2016-04-02,1900,1306,COA,6,5,7,3801,0,0,0,,0,3A15D,"WASHINGTON ST","EMBARCADERO NORTH ST",22.00,W,N,A,-,N,,,,,,,,,,N,4,0,1,2,A,-,04,21703,,F,C,G,A,A,H,-,A,A,0,,Y,,,Y,Y,A,01,0,0,1,0,0,0,1,0,0,"- ","- ",,,"SAN FRANCISCO","SAN FRANCISCO",-122.39536911,37.796734209999997
8046741,2016,2016-05-25,3801,2016-04-02,1800,2483,NORTH,6,5,7,3801,0,0,0,,0,3E12D,"BROADWAY ST","LAGUNA ST",0.00,,Y,A,-,N,,,,,,,,,,N,2,0,1,2,A,-,17,22517,,N,B,G,A,A,H,-,A,D,0,,Y,,,Y,,A,01,1,0,0,0,0,0,1,0,0,"- ","- ",,,"SAN FRANCISCO","SAN FRANCISCO",-122.42997997000001,37.794889920000003
8046797,2016,2016-05-18,3801,2016-04-21,2204,2413,MISSI,4,5,7,3801,0,0,0,,0,3D15E,"VALENCIA ST","14TH ST",16.00,S,N,A,-,N,,,,,,,,,,N,3,0,1,2,A,-,08,21717,,N,B,G,A,A,H,-,C,A,0,,Y,,,Y,,A,01,0,1,0,0,0,0,1,0,0,"- ","- ",,,"SAN FRANCISCO","SAN FRANCISCO",-122.42217562,37.768106179999997
8049474,2016,2016-06-09,3801,2016-05-10,0848,2441,NORTH,2,5,7,3801,0,0,0,,0,3E16A,"POLK ST","FILBERT ST",155.00,S,N,A,-,N,,,,,,,,,,N,3,0,1,2,A,-,17,22517,,N,H,G,A,A,H,-,A,D,0,,Y,,,Y,,D,22,0,1,0,0,0,0,1,0,0,"- ","- ",,,"SAN FRANCISCO","SAN FRANCISCO",-122.42242939,37.79927902
8049780,2016,2016-06-08,3801,2016-05-05,0905,000289,NORTH,4,5,7,3801,0,0,0,,0,3E3A,"HAYES ST","VAN NESS AV",72.00,W,N,A,-,N,,,,,,,,,,N,3,0,2,2,A,-,11,21955,,N,H,-,D,A,H,-,A,D,0,Y,Y,,,Y,,N,60,0,2,0,0,1,0,1,0,0,"- ","- ",,,"SAN FRANCISCO","SAN FRANCISCO",-122.41992616,37.777259229999999
8052052,2016,2016-06-09,3801,2016-05-06,0700,001967,CENTR,5,5,7,3801,0,0,0,,0,3A3A,"MARKET ST","12TH ST",0.00,,Y,A,-,N,,,,,,,,,,N,4,0,1,2,A,-,17,22517,,N,H,G,A,A,H,-,A,A,0,,Y,,,Y,,D,22,0,0,1,0,0,0,1,0,0,"- ","- ",,,"SAN FRANCISCO","SAN FRANCISCO",-122.42026,37.774399989999999
8052599,2016,2016-06-07,3801,2016-05-11,0740,002355,MISSI,3,5,7,3801,0,0,0,,0,3D13A,"POTRERO AV","19TH ST",140.00,N,N,A,-,N,,,,,,,,,,N,4,0,1,2,A,-,08,21717,,N,H,G,A,A,H,-,A,A,0,,Y,,,Y,,A,01,0,0,1,0,0,0,1,0,0,"- ","- ",,,"SAN FRANCISCO","SAN FRANCISCO",-122.40713119999999,37.76105321
8052639,2016,2016-06-07,3801,2016-05-04,0830,002355,MISSI,3,5,7,3801,0,0,0,,0,3D13A,"VALENCIA ST","22ND ST",120.00,S,N,A,-,N,,,,,,,,,,N,3,0,2,2,A,-,11,21955,,N,H,B,D,A,H,-,A,A,0,Y,Y,,,Y,,N,60,0,1,1,0,1,0,1,0,0,"- ","- ",,,"SAN FRANCISCO","SAN FRANCISCO",-122.4209364,37.75498142
8052660,2016,2016-06-07,3801,2016-05-20,2107,4124,INGLE,5,5,7,3801,0,0,0,,0,3H11D,BOSWORTH,"CHILTON AV",89.00,E,N,A,-,N,,,,,,,,,,N,2,0,2,1,A,-,03,22350,,N,H,A,A,A,H,-,C,A,0,,Y,,,Y,Y,L,04,1,1,0,0,0,0,2,0,0,"- ","- ",,,"SAN FRANCISCO","SAN FRANCISCO",-122.43635870999999,37.733989780000002
8055865,2016,2016-06-06,3801,2016-05-24,2010,2403,INGLE,2,5,7,3801,0,0,0,,0,3H13C,"MALTA DR","OSHAUGHNESSY BL",1.00,W,N,A,-,N,,,,,,,,,,N,3,0,1,2,A,-,08,22107,,N,D,G,A,A,H,-,C,D,0,,Y,,,Y,,A,01,0,1,0,0,0,0,1,0,0,"- ","- ",,,"SAN FRANCISCO","SAN FRANCISCO",-122.44366282999999,37.736501570000001
8055866,2016,2016-06-06,3801,2016-05-26,0851,2001,INGLE,4,5,7,3801,0,0,0,,0,001,"CRESCENT ST","FOLSOM ST",0.00,,Y,A,-,N,,,,,,,,,,N,3,0,1,2,A,-,12,22450,A,N,D,G,A,A,H,-,A,D,0,,Y,,,Y,,L,04,0,1,0,0,0,0,1,0,0,"- ","- ",,,"SAN FRANCISCO","SAN FRANCISCO",-122.41371986999999,37.734749890000003
8067250,2017,2017-07-24,3801,2017-06-09,0857,1572,SOUTH,5,5,7,3801,0,0,0,,0,3B2A,"BRANNAN ST","4TH ST",0.00,,N,-,-,N,,,,,,,,,,N,4,0,1,2,A,-,09,21804,A,N,D,G,A,-,H,-,-,A,0,,Y,,,Y,,-,,0,0,1,0,0,0,1,0,0,"- ","- ",,,"SAN FRANCISCO","SAN FRANCISCO",-122.39653988000001,37.778329929999998
8067255,2017,2017-07-20,3801,2017-06-10,1619,2105,CENTR,6,5,7,3801,0,0,0,,0,3A13B,"CALIFORNIA ST","HYDE ST",50.00,W,N,A,-,N,,,,,,,,,,N,4,0,1,2,C,-,18,,,N,H,-,A,A,H,-,A,D,0,,Y,,,Y,,-,"- ",0,0,1,0,0,0,1,0,0,"- ","- ",,,"SAN FRANCISCO","SAN FRANCISCO",-122.41757108,37.790969140000001
8077207,2017,2017-07-26,3801,2017-06-01,1445,2713,PARK,4,5,7,3801,0,0,0,,0,3F90,"WALLER ST","PIERCE ST",0.00,,Y,A,-,N,,,,,,,,,,N,4,0,1,2,A,-,21,22106,,N,B,G,A,A,H,-,A,D,0,,Y,,,Y,,A,01,0,0,1,0,0,0,1,0,0,"- ","- ",,,"SAN FRANCISCO","SAN FRANCISCO",-122.43352989,37.770769880000003
8077236,2017,2017-08-29,3801,2017-06-22,0950,1990,SOUTE,4,5,7,3801,0,0,0,,0,004,"MARKET ST","VALENCIA ST",0.00,,Y,A,-,N,,,,,,,,,,N,3,0,1,2,A,-,06,21755,A,N,D,G,A,A,H,-,A,A,0,,Y,,,Y,,L,04,0,1,0,0,0,0,1,0,0,"- ","- ",,,"SAN FRANCISCO","SAN FRANCISCO",-122.42261997,37.772549980000001
8079043,2016,2016-07-12,3801,2016-06-10,1655,4019,NORTH,5,5,7,3801,0,0,0,,0,3E3D,"MCALLISTER ST","FRANKLIN CT",0.00,,Y,A,-,N,,,,,,,,,,,3,0,1,2,A,-,03,22350,,N,E,G,A,A,H,-,A,A,0,,Y,,,Y,,L,04,0,1,0,0,0,0,1,0,0,"- ","- ",,,"SAN FRANCISCO","SAN FRANCISCO",-122.42188987999999,37.779879989999998
8079062,2016,2016-07-12,3801,2016-06-03,1316,1994,MISSI,5,5,7,3801,0,0,0,,0,4B3B,"CESAR CHAVEZ ST","HAMPSHIRE ST",125.00,E,N,A,-,N,,,,,,,,,,N,3,0,1,1,C,-,18,,,N,F,I,A,A,G,-,A,D,0,,Y,,,Y,,-,"- ",0,1,0,0,0,0,1,0,0,"- ","- ",37.748620000000003,-122.40676999999999,"SAN FRANCISCO","SAN FRANCISCO",-122.40635817,37.748884369999999
8079157,2016,2016-07-12,3801,2016-06-26,1919,282,TARAV,7,5,7,3801,0,0,0,,0,3I2D,"VICENTE AV","26TH AV",0.00,,Y,A,-,N,,,,,,,,,,N,4,0,1,2,A,-,09,21800,A,N,D,G,A,A,H,-,A,A,0,,Y,,,Y,,A,01,0,0,1,0,0,0,1,0,0,"- ","- ",,,"SAN FRANCISCO","SAN FRANCISCO",-122.48293989,37.738999939999999
8079188,2016,2016-07-12,3801,2016-06-26,1400,1682,TARAV,7,5,7,3801,0,0,0,,0,"6 CAR","OCEAN AV","JULES AV",74.00,E,N,A,-,N,,,,,,,,,,N,3,0,1,2,A,-,09,21801,A,N,D,G,A,A,H,-,A,D,0,,Y,,,Y,,A,01,0,1,0,0,0,0,1,0,0,"- ","- ",,,"SAN FRANCISCO","SAN FRANCISCO",-122.46098121999999,37.72490225
8079201,2016,2016-07-13,3801,2016-06-21,1859,5541,,2,5,7,3801,0,0,0,,0,3D15D,"10TH ST","HARRISON ST",166.00,E,N,A,-,N,,,,,,,,,,N,4,0,1,2,A,-,08,22107,,N,B,G,A,A,H,-,A,A,0,,Y,,,Y,,A,01,0,0,1,0,0,0,1,0,0,"- ","- ",,,"SAN FRANCISCO","SAN FRANCISCO",-122.41085433000001,37.771269369999999
8079310,2016,2016-07-14,3801,2016-06-08,0755,2477,MISSI,3,5,7,3801,0,0,0,,0,901,"18TH ST",GUERRERO,15.00,E,N,A,-,N,,,,,,,,,,N,4,0,1,2,C,-,18,,,N,G,G,A,A,H,-,A,D,0,,Y,,,Y,,-,"- ",0,0,1,0,0,0,1,0,0,"- ","- ",,,"SAN FRANCISCO","SAN FRANCISCO",-122.42374823999999,37.761583119999997
8079350,2016,2016-08-02,3801,2016-06-12,1930,1061,CENTR,7,5,7,3801,0,0,0,,0,3A11D,EMBARCADERO,"TAYLOR ST",181.00,E,N,A,-,N,,,,,,,,,,N,4,0,1,2,A,-,03,22350,,F,C,B,F,A,H,-,A,D,0,Y,Y,,,Y,Y,L,04,0,0,1,0,1,0,0,0,0,"- ","- ",,,"SAN FRANCISCO","SAN FRANCISCO",-122.41520762,37.808946210000002
8079360,2016,2016-07-12,3801,2016-06-01,1526,0905,,3,5,7,3801,0,0,0,,0,3D13C,"25TH ST","CYPRESS ST",35.00,W,N,G,-,N,,,,,,,,,,N,4,0,1,2,A,-,17,22517,,N,B,G,A,A,H,-,A,D,0,,Y,,,Y,,A,01,0,0,1,0,0,0,1,0,0,"- ","- ",,,"SAN FRANCISCO","SAN FRANCISCO",-122.41680076,37.750752900000002
8079362,2016,2016-07-12,3801,2016-06-07,2126,2415,,2,5,7,3801,0,0,0,,0,3D14E,"POTRERO AV","25TH ST",0.00,,Y,B,-,N,,,,,,,,,,N,3,0,1,2,A,-,05,21650,1,N,D,G,A,A,H,-,C,A,0,,Y,,,Y,,L,04,0,1,0,0,0,0,1,0,0,"- ","- ",,,"SAN FRANCISCO","SAN FRANCISCO",-122.40619992000001,37.751739979999996
8079381,2016,2016-07-12,3801,2016-06-01,0938,2375,RICHM,3,5,7,3801,0,0,0,,0,3G60,"CALIFORNIA ST","SPRUCE ST",94.00,W,N,B,-,N,,,,,,,,,,N,3,0,1,2,A,-,17,22517,,N,B,G,A,A,H,-,A,D,0,,Y,,,Y,,A,01,0,1,0,0,0,0,1,0,0,"- ","- ",,,"SAN FRANCISCO","SAN FRANCISCO",-122.45373216999999,37.786363799999997
8090117,2016,2016-08-26,3801,2016-07-06,2319,467,SOUTH,3,5,7,3801,0,0,0,,0,3B13E,"FOLSOM ST","8TH ST",0.00,,Y,B,-,N,,,,,,,,,,N,4,0,1,2,A,-,17,21200,A,N,C,G,A,A,H,-,C,A,0,,Y,,,Y,,L,04,0,0,1,0,0,0,1,0,0,"- ","- ",,,"SAN FRANCISCO","SAN FRANCISCO",-122.41004988,37.774989890000001
8098288,2016,2016-08-17,3801,2016-07-21,1949,2220,CNTRL,4,5,7,3801,0,0,0,,0,3A14D,"THE EMBARCADERO","BROADWAY ST",180.00,N,N,A,-,N,,,,,,,,,,N,3,0,1,3,C,-,18,,,F,H,G,A,A,H,-,A,D,0,,Y,,,Y,,-,"- ",0,1,0,0,0,0,1,0,0,"- ","- ",,,"SAN FRANCISCO","SAN FRANCISCO",-122.39812628999999,37.799580040000002
8101304,2016,2016-08-17,3801,2016-07-29,1630,2241,MISSI,5,5,7,3801,0,0,0,,0,901,"DIVISION ST","VERMONT ST",0.00,,Y,F,-,N,,,,,,,,,,N,4,0,1,2,D,-,00,,,N,C,G,A,A,H,-,A,D,0,,Y,,,Y,,-,"- ",0,0,1,0,0,0,1,0,0,"- ","- ",,,"SAN FRANCISCO","SAN FRANCISCO",-122.40496988,37.76973993
8101315,2016,2016-10-07,3801,2016-07-25,0930,189,NORTH,1,5,7,3801,0,0,0,,0,03E,"LAGUNA ST","MCALLISTER ST",0.00,,Y,A,-,N,,,,,,,,,,N,4,0,1,2,A,-,09,21801,A,N,D,G,A,A,H,-,A,A,0,,Y,,,Y,,A,01,0,0,1,0,0,0,1,0,0,"- ","- ",,,"SAN FRANCISCO","SAN FRANCISCO",-122.42681999,37.779259979999999
8101317,2016,2016-08-16,3801,2016-07-24,1754,2046,NORTH,7,5,7,3801,0,0,0,,0,3E14D,"VAN NESS AV","VALLEJO ST",82.00,N,N,A,-,N,,,,,,,,,,N,3,0,1,1,A,-,03,22350,,N,H,A,A,A,A,-,A,D,0,,Y,,,Y,,L,04,0,1,0,0,0,0,1,0,0,"- ","- ",,,"SAN FRANCISCO","SAN FRANCISCO",-122.42373542999999,37.796902359999997
8101367,2016,2016-08-17,3801,2016-07-08,0910,2198,NORTH,5,5,7,3801,0,0,0,,0,3E15A,"MCALLISTER ST","MCALLISTER ST 679",0.00,,Y,B,-,N,,,,,,,,,,N,3,0,1,2,A,-,06,21750,A,N,D,G,A,A,H,-,A,D,0,,Y,,,Y,,L,04,0,1,0,0,0,0,1,0,0,"- ","- ",,,"SAN FRANCISCO","SAN FRANCISCO",-122.42312729,37.779725040000002
8101379,2016,2016-08-17,3801,2016-07-05,1335,1996,CENTR,2,5,7,3801,0,0,0,,0,3A13A,"LOMBARD ST","COLUMBUS AV",33.00,E,N,A,-,N,,,,,,,,,,N,3,0,1,2,D,-,00,,,N,B,G,A,A,H,-,A,D,0,,Y,,,Y,,-,"- ",0,1,0,0,0,0,1,0,0,"- ","- ",,,"SAN FRANCISCO","SAN FRANCISCO",-122.41355706,37.802753690000003
8101650,2016,2016-09-02,3801,2016-07-15,2300,952,CENTR,5,5,7,3801,0,0,0,,0,901,"CALIFORNIA ST","HYDE ST",30.00,E,N,A,-,N,,,,,,,,,,N,4,0,1,2,A,-,06,21750,A,N,H,G,A,A,H,-,C,A,0,,Y,,,Y,,L,04,0,0,1,0,0,0,1,0,0,"- ","- ",,,"SAN FRANCISCO","SAN FRANCISCO",-122.41729755,37.791003500000002
8102425,2016,2017-03-01,3801,2016-07-13,0800,320,NTHRN,3,5,7,3801,0,0,0,,0,002,"VAN NESS AV","GROVE ST",0.00,,Y,A,-,Y,SF,4,101,-,T,5.076,I,5,S,N,4,0,1,2,D,-,00,,,N,D,G,A,A,H,-,A,A,0,,Y,,,Y,,-,"- ",0,0,1,0,0,0,1,0,0,"- ","- ",37.778129999999997,-122.41974999999999,"SAN FRANCISCO","SAN FRANCISCO",-122.41997107,37.778267550000002
8103924,2016,2016-10-11,3801,2016-09-08,1440,004372,RICHM,4,5,7,3801,0,0,0,,0,4CAR,"CABRILLO ST","18TH AV",300.00,W,N,A,-,N,,,,,,,,,,N,3,0,1,2,A,-,21,22106,,N,B,G,A,A,H,-,A,A,0,,Y,,,Y,,A,01,0,1,0,0,0,0,1,0,0,"- ","- ",,,"SAN FRANCISCO","SAN FRANCISCO",-122.47786643000001,37.774721679999999
8106953,2016,2016-08-19,3801,2016-06-30,1439,899,NORTH,4,5,7,3801,0,0,0,,0,4B3E,"HAIGHT ST",OCTAVIA,41.00,E,N,A,-,N,,,,,,,,,,N,4,0,1,2,A,-,12,21453,A,N,H,G,A,A,H,-,A,A,0,,Y,,,Y,,L,04,0,0,1,0,0,0,1,0,0,"- ","- ",,,"SAN FRANCISCO","SAN FRANCISCO",-122.42378922,37.772974079999997
8119892,2016,2016-09-27,3801,2016-07-21,0513,1160,COB3B,4,5,7,3801,0,0,0,,0,901,"MISSION ST","SPEAR ST",5.00,W,N,A,-,N,,,,,,,,,,N,3,0,1,2,D,-,00,,,N,B,G,A,A,H,-,C,A,0,,Y,,,Y,,-,"- ",0,1,0,0,0,0,1,0,0,"- ","- ",,,"SAN FRANCISCO","SAN FRANCISCO",-122.39408232,37.79255036
8120294,2016,2016-09-20,3801,2016-07-20,1608,4214,CENTR,3,5,7,3801,0,0,0,,0,4B8A,"BATTERY ST","VALLEJO ST",87.00,S,N,A,-,N,,,,,,,,,,N,3,0,1,2,A,-,17,22517,,N,H,G,A,A,H,-,A,D,0,,Y,,,Y,,I,11,0,1,0,0,0,0,1,0,0,"- ","- ",,,"SAN FRANCISCO","SAN FRANCISCO",-122.40117428000001,37.799293769999998
8120342,2016,2016-09-13,3801,2016-08-02,0840,1081,TARAV,2,5,7,3801,0,0,0,,0,3I12A,"UPPER GREAT HWY","VICENTE ST",260.00,N,N,B,-,N,,,,,,,,,,N,4,0,1,1,A,-,03,22350,,N,H,A,A,A,H,-,A,D,0,,Y,,,Y,,L,04,0,0,1,0,0,0,1,0,0,"- ","- ",,,"SAN FRANCISCO","SAN FRANCISCO",-122.50715733,37.738624899999998
8120368,2016,2016-11-17,3801,2016-08-18,0751,1,,4,5,7,3801,0,0,0,,0,002,"FULTON ST","WEBSTER ST",0.00,,Y,A,-,N,,,,,,,,,,N,4,0,1,2,A,-,"- ",,,N,D,G,A,A,H,-,A,-,0,,Y,,,Y,,L,04,0,0,1,0,0,0,1,0,0,"- ","- ",,,"SAN FRANCISCO","SAN FRANCISCO",-122.42990991000001,37.77790993
8120389,2016,2016-11-19,3801,2016-08-04,0854,1273,MISSI,4,5,7,3801,0,0,0,,0,3D73,"15TH ST","SAN BRUNO AV",0.00,,Y,A,-,N,,,,,,,,,,N,4,0,1,1,A,-,03,22350,,N,E,-,A,A,A,-,A,A,0,,Y,,,Y,,L,04,0,0,1,0,0,0,1,0,0,"- ","- ",,,"SAN FRANCISCO","SAN FRANCISCO",-122.40571987,37.767209950000002
8120410,2016,2016-09-15,3801,2016-08-10,2237,001499,INGLE,3,5,7,3801,0,0,0,,0,3H11E,"MISSION ST","EUGENIA ST",0.00,,Y,A,-,N,,,,,,,,,,N,3,0,1,2,D,-,00,,,N,D,C,A,A,H,-,C,A,0,,Y,,,Y,,-,"- ",0,1,0,0,0,0,1,0,0,"- ","- ",,,"SAN FRANCISCO","SAN FRANCISCO",-122.42207993,37.742219919999997
8120733,2016,2016-09-19,3801,2016-08-29,1548,2209,3801,1,5,7,3801,0,0,0,,0,3E13C,"POLK ST","ELLIS ST",25.00,S,N,A,-,N,,,,,,,,,,N,4,0,1,2,A,-,08,22107,,N,E,G,A,A,H,-,A,D,0,,Y,,,Y,,A,01,0,0,1,0,0,0,1,0,0,"- ","- ",,,"SAN FRANCISCO","SAN FRANCISCO",-122.41933726000001,37.783972069999997
8122005,2016,2016-09-14,3801,2016-08-04,1234,1994,RICHM,4,5,7,3801,0,0,0,,0,4B3B,"JOHN F KENNEDY DR","30TH AV",922.00,E,N,A,-,N,,,,,,,,,,N,3,0,1,2,A,-,08,22107,,N,C,E,A,A,H,-,A,D,0,,Y,,,Y,Y,L,04,0,1,0,0,0,0,1,0,0,"- ","- ",37.771039999999999,-122.48985,"SAN FRANCISCO","SAN FRANCISCO",-122.48665628000001,37.770781309999997
8122020,2016,2016-09-14,3801,2016-08-10,1800,004282,NORTH,3,5,7,3801,0,0,0,,0,5CAR,"MARINA BL","WEBSTER ST",0.00,,Y,A,-,N,,,,,,,,,,N,4,0,1,2,A,-,09,21802,B,N,D,G,A,A,H,-,A,A,0,,Y,,,Y,,A,01,0,0,1,0,0,0,1,0,0,"- ","- ",,,"SAN FRANCISCO","SAN FRANCISCO",-122.43562992,37.806169949999997
8122049,2016,2016-09-14,3801,2016-08-17,0727,2451,CENTR,3,5,7,3801,0,0,0,,0,3A13A,"NORTH POINT ST","MASON ST",177.00,E,N,B,-,N,,,,,,,,,,N,4,0,1,2,A,-,08,22107,,N,B,G,A,A,H,-,A,A,0,,Y,,,Y,,A,01,0,0,1,0,0,0,1,0,0,"- ","- ",,,"SAN FRANCISCO","SAN FRANCISCO",-122.41317286,37.806646239999999
8122053,2016,2016-09-14,3801,2016-08-15,1330,1375,COD,1,5,7,3801,0,0,0,,0,3D16A,"MARKET ST","SANCHEZ ST",0.00,,Y,A,-,N,,,,,,,,,,N,4,0,1,2,A,-,00,21456,1,N,B,G,A,A,H,-,A,A,0,,Y,,,Y,,L,04,0,0,1,0,0,0,1,0,0,"- ","- ",,,"SAN FRANCISCO","SAN FRANCISCO",-122.43100990000001,37.765979909999999
8122100,2016,2016-09-14,3801,2016-08-16,1728,1108,SOUTH,2,5,7,3801,0,0,0,,0,3B11D,"TOWNSEND ST","8TH ST",0.00,,Y,A,-,N,,,,,,,,,,N,3,0,1,2,A,-,00,20001,A,F,C,G,A,A,H,-,A,A,0,,Y,,,Y,,A,01,0,1,0,0,0,0,1,0,0,"- ","- ",,,"SAN FRANCISCO","SAN FRANCISCO",-122.40389475000001,37.7700435