CASE_ID,ACCIDENT_YEAR,PROC_DATE,JURIS,COLLISION_DATE,COLLISION_TIME,OFFICER_ID,REPORTING_DISTRICT,DAY_OF_WEEK,CHP_SHIFT,POPULATION,CNTY_CITY_LOC,SPECIAL_COND,BEAT_TYPE,CHP_BEAT_TYPE,CITY_DIVISION_LAPD,CHP_BEAT_CLASS,BEAT_NUMBER,PRIMARY_RD,SECONDARY_RD,DISTANCE,DIRECTION,INTERSECTION,WEATHER_1,WEATHER_2,STATE_HWY_IND,CALTRANS_COUNTY,CALTRANS_DISTRICT,STATE_ROUTE,ROUTE_SUFFIX,POSTMILE_PREFIX,POSTMILE,LOCATION_TYPE,RAMP_INTERSECTION,SIDE_OF_HWY,TOW_AWAY,COLLISION_SEVERITY,NUMBER_KILLED,NUMBER_INJURED,PARTY_COUNT,PRIMARY_COLL_FACTOR,PCF_CODE_OF_VIOL,PCF_VIOL_CATEGORY,PCF_VIOLATION,PCF_VIOL_SUBSECTION,HIT_AND_RUN,TYPE_OF_COLLISION,MVIW,PED_ACTION,ROAD_SURFACE,ROAD_COND_1,ROAD_COND_2,LIGHTING,CONTROL_DEVICE,CHP_ROAD_TYPE,PEDESTRIAN_ACCIDENT,BICYCLE_ACCIDENT,MOTORCYCLE_ACCIDENT,TRUCK_ACCIDENT,NOT_PRIVATE_PROPERTY,ALCOHOL_INVOLVED,STWD_VEHTYPE_AT_FAULT,CHP_VEHTYPE_AT_FAULT,COUNT_SEVERE_INJ,COUNT_VISIBLE_INJ,COUNT_COMPLAINT_PAIN,COUNT_PED_KILLED,COUNT_PED_INJURED,COUNT_BICYCLIST_KILLED,COUNT_BICYCLIST_INJURED,COUNT_MC_KILLED,COUNT_MC_INJURED,PRIMARY_RAMP,SECONDARY_RAMP,LATITUDE,LONGITUDE,COUNTY,CITY,POINT_X,POINT_Y
8440860,2017,2017-09-13,3801,2017-06-23,2330,A21782,TARAV,5,5,7,3801,0,0,0,,0,,"7TH AV","LAWTON ST",0.00,,Y,F,-,N,,,,,,,,,,N,4,0,1,2,A,-,09,21801,A,N,D,G,A,A,G,-,C,A,0,,Y,,,Y,,A,01,0,0,1,0,0,0,1,0,0,"- ","- ",,,"SAN FRANCISCO","SAN FRANCISCO",-122.46382993,37.758539980000002
8441495,2017,2017-09-14,3801,2017-08-08,2017,1782,PARK,2,5,7,3801,0,0,0,,0,3F43C,"HAIGHT ST","BELVEDERE ST",0.00,,Y,A,-,N,,,,,,,,,,N,4,0,1,2,A,-,08,22107,,N,D,G,A,A,H,-,B,D,0,,Y,,,Y,,A,01,0,0,1,0,0,0,1,0,0,"- ","- ",,,"SAN FRANCISCO","SAN FRANCISCO",-122.44966992000001,37.76963997
8441503,2017,2017-09-15,3801,2017-08-11,1216,1944,INGLE,5,5,7,3801,0,0,0,,0,005,"GENEVA AV","MISSION ST",0.00,,Y,A,-,N,,,,,,,,,,N,4,0,1,2,A,-,08,22101,D,N,D,G,A,A,H,-,A,A,0,,Y,,,Y,,A,01,0,0,1,0,0,0,1,0,0,"- ","- ",,,"SAN FRANCISCO","SAN FRANCISCO",-122.44099993,37.716389980000002
8443902,2017,2017-09-15,3801,2017-07-11,1610,358,COE,2,5,7,3801,0,0,0,,0,3E15D,"UNION ST","BUCHANAN ST",70.00,W,N,A,-,N,,,,,,,,,,N,4,0,1,1,C,-,18,,,N,F,A,A,A,H,-,A,D,0,,Y,,,Y,,-,"- ",0,0,1,0,0,0,1,0,0,"- ","- ",,,"SAN FRANCISCO","SAN FRANCISCO",-122.43243925,37.797479369999998
8444047,2017,2017-09-25,3801,2017-08-08,2040,397,SOUTH,2,5,7,3801,0,0,0,,0,3B2,"TOWNSEND ST","CLYDE ST",0.00,,Y,A,-,N,,,,,,,,,,N,4,0,1,2,A,-,21,22106,,N,C,G,A,A,H,-,A,D,0,,Y,,Y,Y,,F,27,0,0,1,0,0,0,1,0,0,"- ","- ",,,"SAN FRANCISCO","SAN FRANCISCO",-122.39355995,37.778229920000001
8444366,2017,2017-09-25,3801,2017-07-26,1530,1994,PARK,3,5,7,3801,0,0,0,,0,4B3E,"JOHN F KENNEDY DR","CONSERVATORY DR",138.00,W,N,A,-,N,,,,,,,,,,N,4,0,1,2,A,-,05,21460,,N,D,G,A,A,H,-,A,D,0,,Y,,,Y,,A,07,0,0,1,0,0,0,1,0,0,"- ","- ",,,"SAN FRANCISCO","SAN FRANCISCO",-122.46250326000001,37.771889440000002
8444442,2017,2017-09-26,3801,2017-08-09,0747,30,NORTH,3,5,7,3801,0,0,0,,0,3E11A,"GOUGH ST","MCALLISTER ST",0.00,,Y,B,-,N,,,,,,,,,,,4,0,1,2,A,-,09,21804,A,N,D,G,A,A,H,-,A,A,0,,Y,,,Y,,-,,0,0,1,0,0,0,1,0,0,"- ","- ",,,"SAN FRANCISCO","SAN FRANCISCO",-122.42353987,37.779669980000001
8444470,2017,2017-09-26,3801,2017-08-07,1340,2376,SOUTH,1,5,7,3801,0,0,0,,0,3B5A,"2ND ST","TABER PL",0.00,,Y,A,-,N,,,,,,,,,,N,3,0,1,2,A,-,06,21750,,N,B,G,A,A,H,-,A,D,0,,Y,,,Y,,A,01,0,1,0,0,0,0,1,0,0,"- ","- ",,,"SAN FRANCISCO","SAN FRANCISCO",-122.39331996,37.78282995
8445844,2017,2017-09-14,3801,2017-08-10,1852,198,MISSI,4,5,7,3801,0,0,0,,0,3D16D,"BRYANT ST","ALAMEDA ST",138.00,S,N,A,-,N,,,,,,,,,,N,4,0,1,2,A,-,08,22107,,N,B,G,A,A,H,-,A,D,0,,Y,,,Y,,L,04,0,0,1,0,0,0,1,0,0,"- ","- ",,,"SAN FRANCISCO","SAN FRANCISCO",-122.41069044,37.76780162
8445847,2017,2017-09-14,3801,2017-08-31,0555,A09850,NORTH,4,5,7,3801,0,0,0,,0,,"FRANKLIN ST","SUTTER ST",0.00,,Y,A,-,N,,,,,,,,,,N,3,0,1,2,A,-,12,21453,A,N,D,G,A,A,H,-,C,A,0,,Y,,,Y,,L,04,0,1,0,0,0,0,1,0,0,"- ","- ",,,"SAN FRANCISCO","SAN FRANCISCO",-122.42339987,37.787349890000002
8445866,2017,2017-09-14,3801,2017-08-27,1042,936,PARK,7,5,7,3801,0,0,0,,0,3F1A,"OAK ST","MASONIC ST",0.00,,Y,A,-,N,,,,,,,,,,N,3,0,1,2,A,-,05,21202,A,N,D,G,A,A,H,-,A,A,0,,Y,,,Y,,L,04,0,1,0,0,0,0,1,0,0,"- ","- ",,,"SAN FRANCISCO","SAN FRANCISCO",-122.44574996,37.772079900000001
8445913,2017,2017-09-13,3801,2017-08-16,1009,203,MISSI,3,5,7,3801,0,0,0,,0,,"17TH ST","SOUTH VAN NESS",96.00,E,N,A,-,N,,,,,,,,,,N,3,0,1,2,A,-,09,21801,A,N,D,G,A,A,H,-,A,A,0,,Y,,,Y,,A,01,0,1,0,0,0,0,1,0,0,"- ","- ",,,"SAN FRANCISCO","SAN FRANCISCO",-122.41700854,37.763577599999998
8445918,2017,2017-09-14,3801,2017-08-31,0726,A21234,MISSI,4,5,7,3801,0,0,0,,0,3D41A,"26TH ST","HARRISON ST",0.00,,Y,A,-,N,,,,,,,,,,N,2,0,1,2,A,-,12,22450,A,F,D,G,A,A,H,-,A,A,0,,Y,,,Y,,A,01,1,0,0,0,0,0,1,0,0,"- ","- ",,,"SAN FRANCISCO","SAN FRANCISCO",-122.41163994,37.74944
8446294,2017,2017-09-27,3801,2017-08-29,1046,2081,CENTR,2,5,7,3801,0,0,0,,0,005,"JEFFERSON ST","TAYLOR ST",75.00,E,N,B,-,N,,,,,,,,,,,4,0,1,2,A,-,03,22350,,N,B,G,A,A,H,-,A,D,0,,Y,,,Y,,L,04,0,0,1,0,0,0,1,0,0,"- ","- ",,,"SAN FRANCISCO","SAN FRANCISCO",-122.41553254999999,37.808257019999999
8447788,2017,2018-05-18,3801,2017-08-24,1441,4315,SOUTH,4,5,7,3801,0,0,0,,0,3B2C,"HARRISON ST","5TH ST",0.00,,Y,A,-,Y,SF,4,80,-,-,5.044,R,4,W,N,3,0,1,2,A,-,17,21200,,N,D,G,A,A,H,-,A,A,0,,Y,,,Y,,L,04,0,1,0,0,0,0,1,0,0,"- ","- ",,,"SAN FRANCISCO","SAN FRANCISCO",-122.39682489,37.782100389999997
8447840,2017,2018-05-04,3801,2017-08-12,0606,A10610,RICHM,6,5,7,3801,0,0,0,,0,3G38,"GREAT HWY",FULTON,0.00,,Y,A,-,N,,,,,,,,,,N,4,0,1,2,A,-,00,21463,A,N,D,G,A,A,H,-,B,A,0,,Y,,,Y,,L,04,0,0,1,0,0,0,1,0,0,"- ","- ",,,"SAN FRANCISCO","SAN FRANCISCO",-122.51103990999999,37.771329940000001
8449814,2017,2017-10-25,3801,2017-06-26,1852,253,MISSI,1,5,7,3801,0,0,0,,0,3D00,"CHURCH ST","17TH ST",0.00,,Y,-,-,N,,,,,,,,,,N,4,0,1,2,A,-,09,21801,A,N,-,-,A,-,-,-,-,-,0,,Y,Y,,Y,,L,04,0,0,1,0,0,0,1,0,0,"- ","- ",,,"SAN FRANCISCO","SAN FRANCISCO",-122.42850995000001,37.762879929999997
8464029,2017,2017-10-12,3801,2017-09-22,0833,979,BAYVI,5,5,7,3801,0,0,0,,0,3C12A,"BAYSHORE BL","BAYSHORE BL 625",0.00,,N,A,-,N,,,,,,,,,,N,2,0,1,2,A,-,03,22350,,N,D,G,A,A,H,-,A,A,0,,Y,,,Y,,L,04,1,0,0,0,0,0,1,0,0,"- ","- ",,,"SAN FRANCISCO","SAN FRANCISCO",-122.40680695,37.736933639999997
8464106,2017,2017-10-27,3801,2017-09-04,2331,155,MISSI,1,5,7,3801,0,0,0,,0,3B14E,"16TH ST","VERMONT ST",38.00,W,N,A,-,N,,,,,,,,,,N,4,0,1,2,A,-,05,21650,1,N,A,G,A,A,H,-,D,D,0,,Y,,,Y,,L,04,0,0,1,0,0,0,1,0,0,"- ","- ",,,"SAN FRANCISCO","SAN FRANCISCO",-122.40476072,37.765948629999997
8464131,2017,2017-11-14,3801,2017-09-09,1217,719,CENTR,6,5,7,3801,0,0,0,,0,3A12E,"THE EMBARCADERO NORTH","SANSOME ST",3.00,S,N,A,-,N,,,,,,,,,,N,4,0,1,2,A,-,02,22400,A,N,C,G,A,A,H,-,A,A,0,,Y,,,Y,,L,04,0,0,1,0,0,0,1,0,0,"- ","- ",,,"SAN FRANCISCO","SAN FRANCISCO",-122.40355221999999,37.805424539999997
8464158,2017,2017-10-27,3801,2017-09-15,0945,A11423,SOUTH,5,5,7,3801,0,0,0,,0,3B12A,"MISSION ST","1ST ST",294.00,W,N,A,-,N,,,,,,,,,,N,3,0,1,2,A,-,08,22107,,N,B,G,A,A,H,-,A,A,0,,Y,,,Y,,L,04,0,1,0,0,0,0,1,0,0,"- ","- ",,,"SAN FRANCISCO","SAN FRANCISCO",-122.39828685000001,37.789206700000001
8464195,2017,2017-10-31,3801,2017-09-19,1600,A22587,INGLE,2,5,7,3801,0,0,0,,0,3H13D,"MISSION ST","30TH ST",0.00,,Y,A,-,N,,,,,,,,,,N,3,0,1,2,A,-,05,21202,A,N,B,G,A,A,H,-,A,A,0,,Y,,,Y,,L,04,0,1,0,0,0,0,1,0,0,"- ","- ",,,"SAN FRANCISCO","SAN FRANCISCO",-122.42195984999999,37.742389920000001
8464210,2017,2017-12-07,3801,2017-09-03,2251,2216,CENTR,7,5,7,3801,0,0,0,,0,3A12E,"KEARNY ST","SACRAMENTO ST",0.00,,Y,A,-,N,,,,,,,,,,N,4,0,1,2,A,-,12,21453,A,F,D,G,A,A,H,-,C,A,0,,Y,,,Y,,A,01,0,0,1,0,0,0,1,0,0,"- ","- ",,,"SAN FRANCISCO","SAN FRANCISCO",-122.40459,37.793599960000002
8464219,2017,2017-10-31,3801,2017-09-04,2113,A22298,NORTH,1,5,7,3801,0,0,0,,0,3E16E,"FRANKLIN ST","UNION ST",0.00,,Y,A,-,N,,,,,,,,,,N,4,0,1,4,A,-,05,21650,1,N,A,G,A,A,H,-,C,A,0,,Y,,,Y,,L,04,0,0,1,0,0,0,1,0,0,"- ","- ",,,"SAN FRANCISCO","SAN FRANCISCO",-122.42561995,37.798339910000003
8464220,2017,2017-10-10,3801,2017-09-23,1659,1636,TARAV,6,5,7,3801,0,0,0,,0,3I16D,"VICENTE ST","14TH AV",0.00,,Y,A,-,N,,,,,,,,,,N,3,0,1,2,A,-,12,22450,,N,D,G,A,A,H,-,A,A,0,,Y,,,Y,,L,04,0,1,0,0,0,0,1,0,0,"- ","- ",,,"SAN FRANCISCO","SAN FRANCISCO",-122.46997991000001,37.739539899999997
8464223,2017,2017-10-31,3801,2017-09-03,1705,4117,MISSI,7,5,7,3801,0,0,0,,0,3D13D,"14TH ST","HARRISON ST",0.00,,Y,A,-,N,,,,,,,,,,N,3,0,1,2,A,-,09,21802,A,N,D,G,A,A,H,-,A,A,0,,Y,,,Y,,A,01,0,1,0,0,0,0,1,0,0,"- ","- ",,,"SAN FRANCISCO","SAN FRANCISCO",-122.41343986,37.768659890000002
8464226,2017,2017-11-01,3801,2017-09-08,1830,1154,RICHM,5,5,7,3801,0,0,0,,0,003,"6TH AV","GEARY BL",354.00,N,N,B,-,N,,,,,,,,,,N,3,0,1,2,A,-,09,21804,,N,D,G,A,A,H,-,A,D,0,,Y,,,Y,,L,04,0,1,0,0,0,0,1,0,0,"- ","- ",,,"SAN FRANCISCO","SAN FRANCISCO",-122.46434828,37.782061390000003
8464240,2017,2017-10-11,3801,2017-09-26,1303,203,MISSI,2,5,7,3801,0,0,0,,0,001,"17TH ST",ALBION,63.00,E,N,A,-,N,,,,,,,,,,N,4,0,1,2,A,-,17,22517,,N,B,G,A,A,H,-,A,D,0,,Y,,,Y,,A,01,0,0,1,0,0,0,1,0,0,"- ","- ",,,"SAN FRANCISCO","SAN FRANCISCO",-122.42249265,37.76325344
8464257,2017,2017-10-31,3801,2017-09-15,1343,2700,SOUTH,5,5,7,3801,0,0,0,,0,3B11C,"MARKET ST","SOUTH VAN NESS AV",0.00,,Y,A,-,N,,,,,,,,,,N,3,0,1,2,A,-,11,21456,B,N,H,-,B,A,H,-,A,A,0,Y,Y,,,Y,,N,60,0,1,0,0,1,0,0,0,0,"- ","- ",,,"SAN FRANCISCO","SAN FRANCISCO",-122.41925990999999,37.775169959999999
8464301,2017,2017-10-31,3801,2017-09-20,1305,A11409,SOUTH,3,5,7,3801,0,0,0,,0,0B3,"6TH ST","HARRISON ST",0.00,,Y,B,-,N,,,,,,,,,,N,3,0,1,2,D,-,00,,,N,D,G,A,A,H,-,A,D,0,,Y,,,Y,,-,"- ",0,1,0,0,0,0,1,0,0,"- ","- ",,,"SAN FRANCISCO","SAN FRANCISCO",-122.4040799,37.77730992
8491018,2017,2018-01-10,3801,2017-10-04,0600,540,TARAV,3,5,7,3801,0,0,0,,0,3I14A,"OCEAN AV","19TH AV",0.00,,Y,A,-,N,,,,,,,,,,N,4,0,1,2,A,-,03,22350,,F,B,G,A,A,H,-,C,A,0,,Y,,,Y,,D,22,0,0,1,0,0,0,1,0,0,"- ","- ",,,"SAN FRANCISCO","SAN FRANCISCO",-122.47496995,37.732439890000002
8491031,2017,2017-11-22,3801,2017-10-07,1316,614,SOUTH,6,5,7,3801,0,0,0,,0,03A,"OTIS ST","12TH ST",9.00,S,N,A,-,N,,,,,,,,,,N,4,0,1,2,A,-,12,21453,A,N,D,G,A,A,H,-,A,-,0,,Y,,,Y,,L,04,0,0,1,0,0,0,1,0,0,"- ","- ",,,"SAN FRANCISCO","SAN FRANCISCO",-122.41870165,37.773058229999997
8491040,2017,2017-12-12,3801,2017-10-27,1910,A22882,INGLE,5,5,7,3801,0,0,0,,0,0H5,"MOSCOW ST","FRANCE AV",0.00,,Y,A,-,N,,,,,,,,,,N,4,0,1,2,A,-,09,21801,A,N,D,G,A,A,H,-,C,D,0,,Y,,,Y,,D,22,0,0,1,0,0,0,1,0,0,"- ","- ",,,"SAN FRANCISCO","SAN FRANCISCO",-122.43116994,37.716579889999998
8491209,2017,2017-12-05,3801,2017-10-22,0219,A10868,SOUTH,7,5,7,3801,0,0,0,,0,0B4,"DUBOCE AV","PEARL ST",0.00,,Y,A,-,N,,,,,,,,,,N,4,0,1,2,A,-,05,21202,A,N,D,G,A,A,H,-,C,D,0,,Y,,,Y,,L,04,0,0,1,0,0,0,1,0,0,"- ","- ",,,"SAN FRANCISCO","SAN FRANCISCO",-122.42381998,37.769789959999997
8491245,2017,2018-02-16,3801,2017-10-03,0910,142,INGLE,2,5,7,3801,0,0,0,,0,3H16A,"SAN JOSE AV","RANDALL ST",60.00,N,N,A,-,N,,,,,,,,,,N,3,0,1,1,C,-,18,,,N,E,G,A,A,H,-,A,A,0,,Y,,,Y,,-,"- ",0,1,0,0,0,0,1,0,0,"- ","- ",,,"SAN FRANCISCO","SAN FRANCISCO",-122.42421407,37.740020739999999
8491274,2017,2018-01-22,3801,2017-10-25,1715,1279,BAYVI,3,5,7,3801,0,0,0,,0,3C12D,"MADDUX AV","TOPEKA ST",277.00,S,N,A,-,N,,,,,,,,,,N,4,0,1,2,A,-,00,21760,B,F,B,G,A,A,H,-,A,D,0,,Y,,,Y,,A,01,0,0,1,0,0,0,1,0,0,"- ","- ",,,"SAN FRANCISCO","SAN FRANCISCO",-122.39922239000001,37.73306144
8491332,2017,2017-12-04,3801,2017-10-01,1735,1666,,7,5,7,3801,0,0,0,,0,4CAR,"HAIGHT ST","DIVISADERO ST",222.00,W,N,A,-,N,,,,,,,,,,N,4,0,1,2,A,-,09,21801,A,N,D,G,A,A,H,-,A,A,0,,Y,,,Y,,A,01,0,0,1,0,0,0,1,0,0,"- ","- ",,,"SAN FRANCISCO","SAN FRANCISCO",-122.43779805,37.771170730000001
8491348,2017,2017-12-04,3801,2017-10-05,0808,351,,4,5,7,3801,0,0,0,,0,3B1A,"THE EMBARCADERO","BRANNAN ST",315.00,N,N,A,-,N,,,,,,,,,,N,3,0,1,2,A,-,08,22107,,N,-,G,A,A,H,-,A,A,0,,Y,,,Y,,A,01,0,1,0,0,0,0,1,0,0,"- ","- ",,,"SAN FRANCISCO","SAN FRANCISCO",-122.38812416,37.785643759999999
8491354,2017,2017-11-28,3801,2017-10-05,0705,4341,PARK,4,5,7,3801,0,0,0,,0,3F4A,"STANYAN ST","OAK ST",0.00,,Y,A,-,N,,,,,,,,,,N,4,0,1,2,A,-,08,22107,,N,-,G,A,A,H,-,A,A,0,,Y,,,Y,,A,01,0,0,1,0,0,0,1,0,0,"- ","- ",,,"SAN FRANCISCO","SAN FRANCISCO",-122.45395999,37.771349890000003
8491376,2017,2017-11-28,3801,2017-10-17,1630,1022,BAYVI,2,5,7,3801,0,0,0,,0,005,"3RD ST","KEY AV",88.00,S,N,A,-,N,,,,,,,,,,N,4,0,1,2,A,-,00,21760,,F,B,E,A,A,H,-,A,D,0,,Y,,,Y,,A,01,0,0,1,0,0,0,1,0,0,"- ","- ",,,"SAN FRANCISCO","SAN FRANCISCO",-122.39717566,37.71929007
8491395,2017,2017-11-27,3801,2017-10-24,0916,614,SOUTH,2,5,7,3801,0,0,0,,0,003,"8TH ST","BRYANT ST",260.00,S,N,A,-,N,,,,,,,,,,N,3,0,1,2,A,-,08,22107,,N,D,G,A,A,H,-,A,-,0,,Y,,,Y,,A,01,0,1,0,0,0,0,1,0,0,"- ","- ",,,"SAN FRANCISCO","SAN FRANCISCO",-122.40662,37.772080000000003
8491416,2017,2018-01-19,3801,2017-10-14,2034,A20846,BAYVI,6,5,7,3801,0,0,0,,0,901,"ILLINOIS ST","HUMBOLDT ST",100.00,S,N,A,-,N,,,,,,,,,,N,2,0,1,1,A,-,03,22350,,N,E,I,A,A,H,-,C,D,0,,Y,,,Y,,L,04,1,0,0,0,0,0,1,0,0,"- ","- ",,,"SAN FRANCISCO","SAN FRANCISCO",-122.38720959,37.756506350000002
8496509,2017,2017-11-18,3801,2017-10-07,2000,219,,6,5,7,3801,0,0,0,,0,3A14D,"THE EMBARCADERO",BROADWAY,0.00,,Y,A,-,N,,,,,,,,,,Y,4,0,3,2,A,-,07,21658,A,F,B,G,A,A,H,-,C,D,0,,Y,,,Y,,A,01,0,0,3,0,0,0,3,0,0,"- ","- ",,,"SAN FRANCISCO","SAN FRANCISCO",-122.39775985999999,37.799179950000003
8496517,2017,2017-11-18,3801,2017-10-01,1300,4047,"CO B",7,5,7,3801,0,0,0,,0,3B15C,"KING ST","2ND ST",0.00,,N,A,-,N,,,,,,,,,,N,4,0,1,3,A,-,17,22517,,N,H,G,A,A,H,-,A,A,0,,Y,,,Y,,A,01,0,0,1,0,0,0,1,0,0,"- ","- ",,,"SAN FRANCISCO","SAN FRANCISCO",-122.3897,37.779959959999999
8496552,2017,2018-02-17,3801,2017-10-08,1153,2356,BAYVI,7,5,7,3801,0,0,0,,0,3C46,"ILLINOIS ST","AMADOR ST",0.00,,-,A,-,N,,,,,,,,,,N,3,0,1,1,A,-,"- ",,,N,-,-,A,A,G,H,A,D,0,,Y,,,Y,,L,04,0,1,0,0,0,0,1,0,0,"- ","- ",,,"SAN FRANCISCO","SAN FRANCISCO",-122.38603987,37.74576991
8496561,2017,2018-02-17,3801,2017-10-19,1828,2424,NORTH,4,5,7,3801,0,0,0,,0,3E12E,"GOLDEN GATE AV","GOLDEN GATE AV 1455",0.00,,-,B,-,N,,,,,,,,,,N,3,0,1,2,A,-,06,21750,A,N,B,G,A,B,H,-,B,A,0,,Y,,,Y,,A,01,0,1,0,0,0,0,1,0,0,"- ","- ",,,"SAN FRANCISCO","SAN FRANCISCO",-122.43451595000001,37.779236040000001
8512679,2017,2018-01-12,3801,2017-11-01,1426,RAYMOND,CENTR,3,5,7,3801,0,0,0,,0,3A15C,"STOCKTON ST","BAY ST",31.00,S,N,A,-,N,,,,,,,,,,N,4,0,1,2,A,-,09,21804,A,M,B,G,A,A,H,-,A,D,0,,Y,,,Y,,A,01,0,0,1,0,0,0,1,0,0,"- ","- ",,,"SAN FRANCISCO","SAN FRANCISCO",-122.41027923999999,37.805956449999996
8515295,2017,2017-12-27,3801,2017-11-14,1820,A06397,,2,5,7,3801,0,0,0,,0,3B15D,"BERRY ST","4TH ST",135.00,W,N,A,-,N,,,,,,,,,,N,4,0,1,2,A,-,09,21801,A,N,D,G,A,A,H,-,C,D,0,,Y,,,Y,,I,11,0,0,1,0,0,0,1,0,0,"- ","- ",,,"SAN FRANCISCO","SAN FRANCISCO",-122.39366739,37.775515400000003
8515501,2017,2017-12-22,3801,2017-11-05,1531,1100,TENDE,7,5,7,3801,0,0,0,,0,3J14D,"MARKET ST","CYRIL MAGNIN ST",20.00,E,N,A,-,N,,,,,,,,,,N,3,0,1,2,A,-,04,21703,,N,C,G,A,A,H,-,A,D,0,,Y,,,Y,,L,04,0,1,0,0,0,0,1,0,0,"- ","- ",,,"SAN FRANCISCO","SAN FRANCISCO",-122.40801034,37.784038279999997
8515513,2017,2017-12-26,3801,2017-11-01,2340,2038,COF,3,5,7,3801,0,0,0,,0,3F14E,"OAK ST","BRODERICK ST",0.00,,Y,A,-,N,,,,,,,,,,N,3,0,1,2,A,-,06,21750,A,N,D,G,A,A,H,-,C,A,0,,Y,,,Y,,L,04,0,1,0,0,0,0,1,0,0,"- ","- ",,,"SAN FRANCISCO","SAN FRANCISCO",-122.4390799,37.772909929999997
8515528,2017,2017-12-22,3801,2017-11-01,2033,1279,BAYVI,3,5,7,3801,0,0,0,,0,3C15D,"3RD ST","SHAFTER AV",30.00,S,N,A,-,N,,,,,,,,,,N,4,0,1,3,A,-,00,21760,B,F,B,G,A,A,H,-,C,D,0,,Y,,,Y,,-,"- ",0,0,1,0,0,0,1,0,0,"- ","- ",,,"SAN FRANCISCO","SAN FRANCISCO",-122.39191812,37.73156067
8515538,2017,2017-12-21,3801,2017-11-22,1230,2297,RICHM,3,5,7,3801,0,0,0,,0,G2A,"CLAY ST","ARGUELLO BL",356.00,E,N,A,-,N,,,,,,,,,,N,4,0,1,2,A,-,08,22107,,N,D,G,A,A,H,-,A,A,0,,Y,,,Y,,A,01,0,0,1,0,0,0,1,0,0,"- ","- ",,,"SAN FRANCISCO","SAN FRANCISCO",-122.45811293,37.787663389999999
8515620,2017,2017-12-20,3801,2017-11-30,1905,A10726,NORTH,4,5,7,3801,0,0,0,,0,3E13D,"POLK ST","CLAY ST",132.00,S,N,A,-,N,,,,,,,,,,N,3,0,1,2,A,-,17,22517,,N,B,G,A,A,H,-,C,D,0,,Y,,,Y,,A,01,0,1,0,0,0,0,1,0,0,"- ","- ",,,"SAN FRANCISCO","SAN FRANCISCO",-122.42097759000001,37.792031960000003
8515636,2017,2017-12-20,3801,2017-11-30,1344,203,MISSI,4,5,7,3801,0,0,0,,0,901,POTRERO,"MARIPOSA ST",125.00,N,N,A,-,N,,,,,,,,,,N,4,0,1,2,A,-,09,21804,A,F,D,G,A,A,H,-,A,D,0,,Y,Y,,Y,,C,02,0,0,1,0,0,0,1,0,0,"- ","- ",,,"SAN FRANCISCO","SAN FRANCISCO",-122.40736855,37.763552650000001
8532561,2017,2018-03-15,3801,2017-12-13,1745,4156,SOUTH,3,5,7,3801,0,0,0,,0,,"TOWNSEND ST","TOWNSEND ST 510",0.00,,-,A,-,N,,,,,,,,,,N,4,0,1,2,A,-,09,21801,A,N,D,G,A,A,H,-,D,D,0,,Y,,,Y,,D,22,0,0,1,0,0,0,1,0,0,"- ","- ",,,"SAN FRANCISCO","SAN FRANCISCO",-122.39985824,37.773270240000002
8532679,2017,2018-02-26,3801,2017-11-30,1330,2153,NORTH,4,5,7,3801,0,0,0,,0,00E,"POLK ST","DR TOM WADDELL PL",45.00,S,N,A,-,N,,,,,,,,,,N,4,0,1,2,A,-,"- ",,,N,H,C,A,A,C,-,A,D,0,,Y,,Y,Y,,L,04,0,0,1,0,0,0,1,0,0,"- ","- ",,,"SAN FRANCISCO","SAN FRANCISCO",-122.4181062,37.77784604
8532776,2017,2018-01-26,3801,2017-11-30,1125,1714,NORTH,4,5,7,3801,0,0,0,,0,1CAR,"MARKET ST","OCTAVIA ST",0.00,,Y,A,-,N,,,,,,,,,,N,3,0,1,2,A,-,08,22101,D,N,H,G,A,A,H,-,A,A,0,,Y,,,Y,,A,01,0,1,0,0,0,0,1,0,0,"- ","- ",37.771819999999998,-122.42343,"SAN FRANCISCO","SAN FRANCISCO",-122.42358993000001,37.771779950000003
8532791,2017,2018-01-29,3801,2017-12-27,2150,2732,SOUTH,3,5,7,3801,0,0,0,,0,3B12E,"5TH ST","BRANNAN ST",0.00,,Y,A,-,N,,,,,,,,,,N,4,0,1,2,A,-,05,21650,1,N,D,G,A,A,H,-,C,A,0,,Y,,,Y,,L,04,0,0,1,0,0,0,1,0,0,"- ","- ",,,"SAN FRANCISCO","SAN FRANCISCO",-122.39875995,37.776569889999998
8536867,2017,2018-01-26,3801,2017-12-20,1340,004373,BAYVI,3,5,7,3801,0,0,0,,0,3C11,"MINNESOTA ST","18TH ST",0.00,,Y,A,-,N,,,,,,,,,,N,4,0,1,2,A,-,09,21801,A,N,E,G,A,A,H,-,A,A,0,,Y,,,Y,,A,01,0,0,1,0,0,0,1,0,0,"- ","- ",,,"SAN FRANCISCO","SAN FRANCISCO",-122.39070993,37.762929939999999
8539829,2017,2018-01-26,3801,2017-12-11,1840,A11409,SOUTH,1,5,7,3801,0,0,0,,0,0B4,"MARKET ST","12TH ST",0.00,,Y,A,-,N,,,,,,,,,,N,3,0,1,2,A,-,10,21950,A,F,G,B,B,A,H,-,C,A,0,Y,Y,,,Y,,L,04,0,1,0,0,1,0,0,0,0,"- ","- ",,,"SAN FRANCISCO","SAN FRANCISCO",-122.42026,37.774399989999999