CASE_ID,ACCIDENT_YEAR,PROC_DATE,JURIS,COLLISION_DATE,COLLISION_TIME,OFFICER_ID,REPORTING_DISTRICT,DAY_OF_WEEK,CHP_SHIFT,POPULATION,CNTY_CITY_LOC,SPECIAL_COND,BEAT_TYPE,CHP_BEAT_TYPE,CITY_DIVISION_LAPD,CHP_BEAT_CLASS,BEAT_NUMBER,PRIMARY_RD,SECONDARY_RD,DISTANCE,DIRECTION,INTERSECTION,WEATHER_1,WEATHER_2,STATE_HWY_IND,CALTRANS_COUNTY,CALTRANS_DISTRICT,STATE_ROUTE,ROUTE_SUFFIX,POSTMILE_PREFIX,POSTMILE,LOCATION_TYPE,RAMP_INTERSECTION,SIDE_OF_HWY,TOW_AWAY,COLLISION_SEVERITY,NUMBER_KILLED,NUMBER_INJURED,PARTY_COUNT,PRIMARY_COLL_FACTOR,PCF_CODE_OF_VIOL,PCF_VIOL_CATEGORY,PCF_VIOLATION,PCF_VIOL_SUBSECTION,HIT_AND_RUN,TYPE_OF_COLLISION,MVIW,PED_ACTION,ROAD_SURFACE,ROAD_COND_1,ROAD_COND_2,LIGHTING,CONTROL_DEVICE,CHP_ROAD_TYPE,PEDESTRIAN_ACCIDENT,BICYCLE_ACCIDENT,MOTORCYCLE_ACCIDENT,TRUCK_ACCIDENT,NOT_PRIVATE_PROPERTY,ALCOHOL_INVOLVED,STWD_VEHTYPE_AT_FAULT,CHP_VEHTYPE_AT_FAULT,COUNT_SEVERE_INJ,COUNT_VISIBLE_INJ,COUNT_COMPLAINT_PAIN,COUNT_PED_KILLED,COUNT_PED_INJURED,COUNT_BICYCLIST_KILLED,COUNT_BICYCLIST_INJURED,COUNT_MC_KILLED,COUNT_MC_INJURED,PRIMARY_RAMP,SECONDARY_RAMP,LATITUDE,LONGITUDE,COUNTY,CITY,POINT_X,POINT_Y
8539880,2017,2018-01-26,3801,2017-12-01,2004,2239,INDLE,5,5,7,3801,0,0,0,,0,3H13D,"MISSION ST","SILVER AV",30.00,N,N,A,-,N,,,,,,,,,,N,3,0,1,1,C,-,18,,,N,H,J,A,A,H,-,C,A,0,,Y,,,Y,,-,"- ",0,1,0,0,0,0,1,0,0,"- ","- ",,,"SAN FRANCISCO","SAN FRANCISCO",-122.43121708,37.728805540000003
8539919,2017,2018-01-26,3801,2017-12-15,0740,2740,BAYVI,5,5,7,3801,0,0,0,,0,3C13A,"BEATRICE LN","LILLIAN ST",0.00,,Y,A,-,N,,,,,,,,,,N,2,0,1,2,A,-,03,22350,,N,D,G,A,A,H,-,A,D,0,,Y,,,Y,,A,01,1,0,0,0,0,0,1,0,0,"- ","- ",,,"SAN FRANCISCO","SAN FRANCISCO",-122.38114992,37.731369960000002
8539940,2017,2018-01-27,3801,2017-12-07,0928,A11062,RICHM,4,5,7,3801,0,0,0,,0,3G58,"MARTIN LUTHER KING JR DR","TRANSVERSE DR",0.00,,Y,A,-,N,,,,,,,,,,N,4,0,1,2,A,-,09,21802,A,N,D,G,A,A,H,-,A,A,0,,Y,,,Y,,A,01,0,0,1,0,0,0,1,0,0,"- ","- ",,,"SAN FRANCISCO","SAN FRANCISCO",-122.47829989,37.765899930000003
8539980,2017,2018-01-27,3801,2017-12-04,1835,A20973,BAYVI,1,5,7,3801,0,0,0,,0,3C43,"3RD ST","LA SALLE AV",0.00,,Y,A,-,N,,,,,,,,,,N,4,0,1,2,A,-,06,21750,,N,B,G,A,A,H,-,C,A,0,,Y,,,Y,,A,01,0,0,1,0,0,0,1,0,0,"- ","- ",,,"SAN FRANCISCO","SAN FRANCISCO",-122.38993995,37.737219969999998
8552831,2018,2018-02-14,3801,2018-01-13,2341,1060,SOUTH,6,5,7,3801,0,0,0,,0,004,"11TH ST","HARRISON ST",115.00,N,N,A,-,N,,,,,,,,,,N,4,0,1,2,A,-,08,22107,,F,D,G,A,A,H,-,C,D,0,,Y,,,Y,,A,01,0,0,1,0,0,0,1,0,0,"- ","- ",,,"SAN FRANCISCO","SAN FRANCISCO",-122.41275024414062,37.770854949951172
8552921,2018,2018-02-14,3801,2018-01-27,2010,209,NORTH,6,5,7,3801,0,0,0,,0,03E,"FILLMORE ST","GOLDEN GATE",84.00,N,N,A,-,N,,,,,,,,,,N,4,0,1,2,A,-,17,22517,,N,H,G,A,A,H,-,C,D,0,,Y,,,Y,Y,A,01,0,0,1,0,0,0,1,0,0,"- ","- ",,,"SAN FRANCISCO","SAN FRANCISCO",-122.43199157714844,37.779788970947266
8553160,2018,2018-02-14,3801,2018-01-11,1701,293,NORTH,4,5,7,3801,0,0,0,,0,3E15D,"OAK ST","BUCHANAN ST",15.00,W,N,A,-,N,,,,,,,,,,N,3,0,1,2,A,-,03,22350,,N,B,G,A,A,H,-,A,A,0,,Y,,,Y,,L,04,0,1,0,0,0,0,1,0,0,"- ","- ",,,"SAN FRANCISCO","SAN FRANCISCO",-122.42758941650391,37.774391174316406
8555235,2018,2018-03-16,3801,2018-01-22,1752,671,MISSI,1,5,7,3801,0,0,0,,0,3D15C,"FOLSOM ST","26TH ST",15.00,W,N,A,-,N,,,,,,,,,,N,4,0,1,2,A,-,00,21650,G,M,D,G,A,A,H,-,C,D,0,,Y,,,Y,,L,04,0,0,1,0,0,0,1,0,0,"- ","- ",,,"SAN FRANCISCO","SAN FRANCISCO",-122.41378784179688,37.749320983886719
8555252,2018,2018-02-14,3801,2018-01-09,1821,676,TENDE,2,5,7,3801,0,0,0,,0,3J52D,"MARKET ST","5TH ST",0.00,,Y,A,-,N,,,,,,,,,,N,4,0,1,2,A,-,12,21453,A,N,H,G,A,A,H,-,C,A,0,,Y,,,Y,,L,04,0,0,1,0,0,0,1,0,0,"- ","- ",,,"SAN FRANCISCO","SAN FRANCISCO",-122.40805816650391,37.784000396728516
8557532,2018,2018-03-15,3801,2018-02-12,1322,A20688,SOUTH,1,5,7,3801,0,0,0,,0,3B2B,"5TH ST","HARRISON ST",20.00,S,N,A,-,N,,,,,,,,,,N,4,0,1,2,A,-,06,21750,,F,B,G,A,A,H,-,A,A,0,,Y,,,Y,,A,01,0,0,1,0,0,0,1,0,0,"- ","- ",,,"SAN FRANCISCO","SAN FRANCISCO",-122.40182495117188,37.779018402099609
8557533,2018,2018-03-15,3801,2018-02-18,2140,4005,MISSI,7,5,7,3801,0,0,0,,0,3D13E,"CEASAR CHAVEZ ST","VALENCIA ST",5.00,E,N,A,-,N,,,,,,,,,,N,3,0,1,2,A,-,12,21453,A,N,D,G,A,A,H,-,C,A,0,,Y,,,Y,,L,04,0,1,0,0,0,0,1,0,0,"- ","- ",,,"SAN FRANCISCO","SAN FRANCISCO",-122.42023468017578,37.748119354248047
8557536,2018,2018-03-15,3801,2018-02-26,1132,1572,SOUTH,1,5,7,3801,0,0,0,,0,3B13A,"FOLSOM ST","7TH ST",0.00,,Y,A,-,N,,,,,,,,,,N,4,0,1,2,A,-,07,21658,A,N,B,G,A,A,H,-,A,A,0,,Y,,,Y,,L,04,0,0,1,0,0,0,1,0,0,"- ","- ",,,"SAN FRANCISCO","SAN FRANCISCO",-122.40785217285156,37.776771545410156
8572812,2018,2018-03-27,3801,2018-02-06,1006,86,TARAV,2,5,7,3801,0,0,0,,0,3I13A,"LAKE MERCED BL","MIDDLEFIELD DR",290.00,S,N,A,-,N,,,,,,,,,,N,3,0,1,2,A,-,06,21760,B,N,B,G,A,A,H,-,A,D,0,,Y,,,Y,,A,07,0,1,0,0,0,0,1,0,0,"- ","- ",,,"SAN FRANCISCO","SAN FRANCISCO",-122.48567199707031,37.729278564453125
8572836,2018,2018-03-14,3801,2018-02-04,1930,4140,TARAV,7,5,7,3801,0,0,0,,0,3I15D,"HOLLOWAY AV","19TH AV",0.00,,Y,A,-,N,,,,,,,,,,N,3,0,1,2,A,-,14,21201,D,N,D,G,A,A,H,-,C,A,0,,Y,,,Y,,L,04,0,1,0,0,0,0,1,0,0,"- ","- ",,,"SAN FRANCISCO","SAN FRANCISCO",-122.47537231445312,37.720951080322266
8572860,2018,2018-03-14,3801,2018-02-02,1343,1213,RICHM,5,5,7,3801,0,0,0,,0,0G5,"POINT LOBOS",BALBOA,0.00,N,-,A,-,N,,,,,,,,,,N,3,0,1,2,A,-,07,21658,A,N,B,G,A,A,H,-,A,D,0,,Y,,,Y,,-,,0,1,0,0,0,0,1,0,0,"- ","- ",,,"SAN FRANCISCO","SAN FRANCISCO",-122.51129913330078,37.77508544921875
8572876,2018,2018-03-14,3801,2018-02-03,1030,59,MISSI,6,5,7,3801,0,0,0,,0,3D15A,"HARRISON ST","16TH ST",0.00,,Y,A,-,N,,,,,,,,,,N,4,0,1,2,A,-,09,21801,A,N,D,G,A,A,H,-,A,A,0,,Y,,,Y,,A,01,0,0,1,0,0,0,1,0,0,"- ","- ",,,"SAN FRANCISCO","SAN FRANCISCO",-122.41314697265625,37.765449523925781
8573761,2018,2018-03-14,3801,2018-02-03,1505,865,MISSI,6,5,7,3801,0,0,0,,0,3D44C,"24TH ST","CAPP ST",66.00,W,N,A,-,N,,,,,,,,,,N,4,0,1,2,A,-,00,20001,A,M,B,G,A,A,H,-,A,D,0,,Y,,,Y,,L,04,0,0,1,0,0,0,1,0,0,"- ","- ",,,"SAN FRANCISCO","SAN FRANCISCO",-122.41756439208984,37.752296447753906
8573777,2018,2018-03-14,3801,2018-02-15,1118,2388,TENDE,4,5,7,3801,0,0,0,,0,3J91A,"EDDY ST","MASON ST",0.00,,Y,A,-,N,,,,,,,,,,N,4,0,1,2,A,-,08,22107,,N,-,G,A,A,H,-,A,A,0,,Y,,,Y,,A,01,0,0,1,0,0,0,1,0,0,"- ","- ",,,"SAN FRANCISCO","SAN FRANCISCO",-122.4093017578125,37.784381866455078
8573800,2018,2018-03-15,3801,2018-02-15,1730,A21296,BAYVI,4,5,7,3801,0,0,0,,0,03C,"3RD ST","CESAR CHAVEZ ST",100.00,N,N,A,-,N,,,,,,,,,,N,4,0,1,2,A,-,07,21658,A,F,B,G,A,A,H,-,A,D,0,,Y,,,Y,,A,07,0,0,1,0,0,0,1,0,0,"- ","- ",,,"SAN FRANCISCO","SAN FRANCISCO",-122.38770294189453,37.750503540039062
8573814,2018,2018-04-04,3801,2018-02-28,2200,455,TENDE,3,5,7,3801,0,0,0,,0,901,"HYDE ST","GOLDEN GATE AV",0.00,,Y,A,C,N,,,,,,,,,,N,4,0,1,2,A,-,08,22107,,N,D,G,A,B,H,-,C,A,0,,Y,,,Y,,A,01,0,0,1,0,0,0,1,0,0,"- ","- ",,,"SAN FRANCISCO","SAN FRANCISCO",-122.41549682617188,37.781650543212891
8573867,2018,2018-03-15,3801,2018-02-10,1850,677,BAYVI,6,5,7,3801,0,0,0,,0,3C60,"MARIPOSA ST","INDIANA ST",5.00,W,N,A,-,N,,,,,,,,,,Y,4,0,1,2,A,-,03,22350,,N,A,G,A,A,-,-,C,A,0,,Y,,,Y,,A,01,0,0,1,0,0,0,1,0,0,"- ","- ",,,"SAN FRANCISCO","SAN FRANCISCO",-122.39175415039062,37.764148712158203
8575089,2018,2018-06-28,3801,2018-02-07,0827,1541,RICHM,3,5,7,3801,0,0,0,,0,3G00,"CLEMENT ST","23RD AV & 24TH AV",0.00,,Y,F,-,N,,,,,,,,,,N,4,0,1,2,A,-,"- ",,,N,E,G,A,-,G,-,A,D,0,,Y,,,Y,,A,01,0,0,1,0,0,0,1,0,0,"- ","- ",,,"SAN FRANCISCO","SAN FRANCISCO",,
8587694,2018,2018-05-24,3801,2018-04-20,1808,A21521,SOUTH,5,5,7,3801,0,0,0,,0,0J1,LEAVENWORTH,"TURK ST",0.00,,Y,A,-,N,,,,,,,,,,N,3,0,1,1,C,-,18,,,N,F,A,A,A,H,-,A,A,0,,Y,,,Y,,-,"- ",0,1,0,0,0,0,1,0,0,"- ","- ",,,"SAN FRANCISCO","SAN FRANCISCO",-122.41403961181641,37.782798767089844
8594289,2018,2018-04-24,3801,2018-03-27,1118,1100,TENDE,2,5,7,3801,0,0,0,,0,3J50,"FULTON ST","HYDE ST",12.00,E,N,A,-,N,,,,,,,,,,N,3,0,2,3,A,-,10,21950,A,N,G,G,B,-,H,-,A,A,0,Y,Y,,,Y,,D,22,0,2,0,0,1,0,1,0,0,"- ","- ",,,"SAN FRANCISCO","SAN FRANCISCO",-122.41509246826172,37.779815673828125
8594592,2018,2018-04-20,3801,2018-03-05,1620,1832,TENDE,1,5,7,3801,0,0,0,,0,3J51D,"MCALLISTER ST","LEAVENWORTH ST",0.00,,Y,A,-,N,,,,,,,,,,N,4,0,1,2,A,-,09,21801,B,N,B,G,A,A,H,-,A,A,0,,Y,,,Y,,L,04,0,0,1,0,0,0,1,0,0,"- ","- ",,,"SAN FRANCISCO","SAN FRANCISCO",-122.41368865966797,37.780929565429688
8594627,2018,2018-04-26,3801,2018-03-04,1325,1896,PARL,7,5,7,3801,0,0,0,,0,4CAR,"CHURCH ST","DUBOCE ST",177.00,S,N,A,-,N,,,,,,,,,,N,3,0,1,1,D,-,00,,,N,H,-,A,A,H,-,A,D,0,,Y,,,Y,,-,"- ",0,1,0,0,0,0,1,0,0,"- ","- ",,,"SAN FRANCISCO","SAN FRANCISCO",-122.4290771484375,37.768974304199219
8594814,2018,2018-04-23,3801,2018-03-22,1818,417,SOTHE,4,5,7,3801,0,0,0,,0,3B14D,"12TH ST","FOLSOM ST",0.00,,Y,A,-,N,,,,,,,,,,N,2,0,1,2,A,-,12,21453,A,F,D,G,A,A,H,-,A,A,0,,Y,,,Y,,L,04,1,0,0,0,0,0,1,0,0,"- ","- ",,,"SAN FRANCISCO","SAN FRANCISCO",-122.41500091552734,37.770900726318359
8597236,2018,2018-04-18,3801,2018-03-14,0810,196,MISSI,3,5,7,3801,0,0,0,,0,3D14A,"17TH ST","DOLORES ST",0.00,,Y,C,-,N,,,,,,,,,,N,2,0,1,1,A,-,03,22350,,N,H,A,A,B,H,-,A,A,0,,Y,,,Y,,L,04,1,0,0,0,0,0,1,0,0,"- ","- ",,,"SAN FRANCISCO","SAN FRANCISCO",-122.42630004882812,37.763008117675781
8597242,2018,2018-04-19,3801,2018-03-28,1815,2709,COF,3,5,7,3801,0,0,0,,0,3F1D,"WARREN DR","7TH AV",0.00,,Y,A,-,N,,,,,,,,,,N,3,0,1,2,A,-,06,21760,C,N,B,G,A,A,H,-,A,A,0,,Y,,,Y,,A,01,0,1,0,0,0,0,1,0,0,"- ","- ",,,"SAN FRANCISCO","SAN FRANCISCO",-122.46382904052734,37.758541107177734
8597247,2018,2018-04-23,3801,2018-03-14,1725,A22572,SOUTH,3,5,7,3801,0,0,0,,0,901,HOWARD,"MAIN ST",0.00,,Y,A,-,N,,,,,,,,,,Y,2,0,1,2,A,-,09,21801,A,N,C,G,A,A,H,-,A,A,0,,Y,,,Y,,L,04,1,0,0,0,0,0,1,0,0,"- ","- ",,,"SAN FRANCISCO","SAN FRANCISCO",-122.39340209960938,37.790618896484375
8597263,2018,2018-04-18,3801,2018-03-12,0753,933,INGLE,1,5,7,3801,0,0,0,,0,3H11A,"ALEMANY BL","SAN BRUNO AV",0.00,,Y,A,-,N,,,,,,,,,,N,4,0,1,2,A,-,09,21804,A,N,A,G,A,A,H,-,A,A,0,,Y,,,Y,,A,01,0,0,1,0,0,0,1,0,0,"- ","- ",,,"SAN FRANCISCO","SAN FRANCISCO",-122.40817260742188,37.735881805419922
8597267,2018,2018-04-18,3801,2018-03-11,1420,265,COMPD,7,5,7,3801,0,0,0,,0,3D44C,"LEXINGTON ST","18TH ST",22.00,S,N,A,-,N,,,,,,,,,,N,4,0,1,2,A,-,17,21657,,N,B,G,A,A,H,-,A,D,0,,Y,,,Y,,A,01,0,0,1,0,0,0,1,0,0,"- ","- ",,,"SAN FRANCISCO","SAN FRANCISCO",-122.4207763671875,37.761688232421875
8597277,2018,2018-04-18,3801,2018-03-28,1115,1572,SOUTH,3,5,7,3801,0,0,0,,0,3B1A,"7TH ST","MISSION BAY DR",155.00,N,N,A,-,N,,,,,,,,,,N,3,0,1,2,A,-,07,21658,A,N,B,G,A,A,H,-,A,A,0,,Y,,,Y,,-,,0,1,0,0,0,0,1,0,0,"- ","- ",,,"SAN FRANCISCO","SAN FRANCISCO",-122.39907836914062,37.769710540771484
8597292,2018,2018-04-19,3801,2018-03-26,1422,A20830,SOUTH,1,5,7,3801,0,0,0,,0,0B3,"MINNA ST","8TH ST",20.00,W,N,A,-,N,,,,,,,,,,N,3,0,1,1,A,-,03,22350,,N,E,-,A,A,H,-,A,D,0,,Y,,,Y,,L,04,0,1,0,0,0,0,1,0,0,"- ","- ",,,"SAN FRANCISCO","SAN FRANCISCO",-122.41265106201172,37.777011871337891
8598060,2018,2018-07-03,3801,2018-03-10,0201,A21795,BAYVI,6,5,7,3801,0,0,0,,0,3C2E,"EVANS AV","RANKIN ST",0.00,,Y,A,-,N,,,,,,,,,,N,3,0,1,2,A,-,03,22350,,F,C,G,A,A,H,-,C,A,0,,Y,,,Y,Y,-,,0,1,0,0,0,0,1,0,0,"- ","- ",,,"SAN FRANCISCO","SAN FRANCISCO",-122.39215850830078,37.745079040527344
8599714,2018,2018-04-25,3801,2018-03-25,1304,A23075,SOUTH,7,5,7,3801,0,0,0,,0,3B11C,"5TH ST","NATOMA ST",50.00,N,N,A,-,N,,,,,,,,,,N,3,0,1,2,A,-,09,21801,A,N,D,G,A,A,H,-,A,A,0,,Y,,,Y,,A,01,0,1,0,0,0,0,1,0,0,"- ","- ",,,"SAN FRANCISCO","SAN FRANCISCO",-122.40558624267578,37.78204345703125
8602964,2018,2018-05-22,3801,2018-04-19,1641,A10726,NORTH,4,5,7,3801,0,0,0,,0,3E13D,"POLK ST","SUTTER ST",0.00,,Y,A,-,N,,,,,,,,,,N,4,0,1,2,A,-,08,22107,,N,D,G,A,A,D,-,A,D,0,,Y,,,Y,,A,01,0,0,1,0,0,0,1,0,0,"- ","- ",,,"SAN FRANCISCO","SAN FRANCISCO",-122.42009735107422,37.787761688232422
8602988,2018,2018-06-12,3801,2018-04-08,0915,1116,MISSI,7,5,7,3801,0,0,0,,0,3D15A,"22ND ST","VALENCIA ST",0.00,,Y,A,-,N,,,,,,,,,,N,4,0,1,2,A,-,09,21801,A,N,D,G,A,A,H,-,A,A,0,,Y,,,Y,,A,01,0,0,1,0,0,0,1,0,0,"- ","- ",,,"SAN FRANCISCO","SAN FRANCISCO",-122.42096710205078,37.75531005859375
8603016,2018,2018-05-22,3801,2018-04-04,2025,1605,NORTH,3,5,7,3801,0,0,0,,0,3E60,"UNION ST","GOUGH ST",100.00,W,N,A,-,N,,,,,,,,,,N,4,0,1,2,A,-,21,22106,,N,B,G,A,A,H,-,C,D,0,,Y,,,Y,,A,01,0,0,1,0,0,0,1,0,0,"- ","- ",,,"SAN FRANCISCO","SAN FRANCISCO",-122.42760467529297,37.798095703125
8603033,2018,2018-05-22,3801,2018-04-21,0720,715,MISSI,6,5,7,3801,0,0,0,,0,3D4A,"SANCHEZ ST","CLIPPER ST",0.00,,Y,A,-,N,,,,,,,,,,N,4,0,1,2,A,-,05,21650,,N,H,G,A,A,H,-,A,A,0,,Y,Y,,Y,,L,04,0,0,1,0,0,0,1,0,0,"- ","- ",,,"SAN FRANCISCO","SAN FRANCISCO",-122.42939758300781,37.749168395996094
8603072,2018,2018-05-22,3801,2018-04-20,1720,668,SOUTH,5,5,7,3801,0,0,0,,0,3B14D,"11TH ST","13TH ST",0.00,,Y,A,-,N,,,,,,,,,,N,4,0,1,2,A,-,05,21460,A,N,B,G,A,A,H,-,A,D,0,,Y,,,Y,,A,01,0,0,1,0,0,0,1,0,0,"- ","- ",,,"SAN FRANCISCO","SAN FRANCISCO",-122.41081699999999,37.769331999999999
8611769,2018,2018-04-25,3801,2018-03-05,1445,1125,NORTH,1,5,7,3801,0,0,0,,0,3E14C,"MARINA BL","SCOTT ST",0.00,,Y,A,-,N,,,,,,,,,,N,4,0,1,2,A,-,09,21801,A,N,-,G,A,A,H,-,A,A,0,,Y,,,Y,,A,01,0,0,1,0,0,0,1,0,0,"- ","- ",,,"SAN FRANCISCO","SAN FRANCISCO",-122.44225311279297,37.805778503417969
8611789,2018,2018-04-25,3801,2018-03-05,1838,317,MISSI,1,5,7,3801,0,0,0,,0,3D11D,"CHURCH ST","17TH ST",15.00,N,N,A,-,N,,,,,,,,,,N,4,0,1,1,C,-,18,,,N,E,A,A,A,C,-,C,A,0,,Y,,,Y,,-,"- ",0,0,1,0,0,0,1,0,0,"- ","- ",,,"SAN FRANCISCO","SAN FRANCISCO",-122.42851257324219,37.762920379638672
8620642,2018,2018-05-21,3801,2018-04-26,1501,2209,3801,4,5,7,3801,0,0,0,,0,3D45C,"CLIPPER ST","DIAMOND ST",0.00,,Y,A,-,N,,,,,,,,,,N,2,0,1,2,A,-,12,22450,A,N,A,G,A,A,H,-,A,A,0,,Y,,,Y,,L,04,1,0,0,0,0,0,1,0,0,"- ","- ",,,"SAN FRANCISCO","SAN FRANCISCO",-122.43607330322266,37.748779296875
8620646,2018,2018-05-21,3801,2018-04-24,1551,A23240,SOUTH,2,5,7,3801,0,0,0,,0,901,"MISSION ST","YERBA BUENA LN",0.00,,-,A,-,N,,,,,,,,,,N,3,0,1,2,A,-,08,22107,,N,D,G,A,A,H,-,A,A,0,,Y,,,Y,,L,04,0,1,0,0,0,0,1,0,0,"- ","- ",,,"SAN FRANCISCO","SAN FRANCISCO",-122.40347290039062,37.785099029541016
8620663,2018,2018-05-22,3801,2018-04-09,1652,1039,MISSI,1,5,7,3801,0,0,0,,0,006,"S VAN NESS AV","13TH ST",39.00,N,N,A,-,N,,,,,,,,,,N,4,0,1,2,A,-,05,21651,,N,B,G,A,A,H,-,A,A,0,,Y,,,Y,,L,04,0,0,1,0,0,0,1,0,0,"- ","- ",,,"SAN FRANCISCO","SAN FRANCISCO",-122.41774749755859,37.769824981689453
8620689,2018,2018-05-18,3801,2018-04-28,1951,A23240,SOUTH,6,5,7,3801,0,0,0,,0,901,"BRYANT ST","BOARDMAN ST",70.00,W,N,A,-,N,,,,,,,,,,N,3,0,1,1,A,-,03,22350,,N,H,-,A,A,H,-,B,D,0,,Y,,,Y,,L,04,0,1,0,0,0,0,1,0,0,"- ","- ",,,"SAN FRANCISCO","SAN FRANCISCO",-122.40379333496094,37.775035858154297
8621081,2018,2018-05-23,3801,2018-04-23,1752,2338,SOUTH,1,5,7,3801,0,0,0,,0,3B2,"HOWARD ST","4TH ST",225.00,E,N,A,-,N,,,,,,,,,,,2,0,1,2,A,-,17,21209,A,N,B,G,A,A,D,-,A,D,0,,Y,,,Y,,A,01,1,0,0,0,0,0,1,0,0,"- ","- ",,,"SAN FRANCISCO","SAN FRANCISCO",-122.40215301513672,37.783706665039062
8624004,2018,2018-05-22,3801,2018-04-24,0903,A21778,BAYVI,2,5,7,3801,0,0,0,,0,,"MARIPOSA ST","ILLINOIS ST",0.00,,Y,A,-,N,,,,,,,,,,N,4,0,1,2,A,-,10,21950,A,N,G,G,A,A,G,-,A,A,0,,Y,,,Y,,-,,0,0,1,0,0,0,1,0,0,"- ","- ",,,"SAN FRANCISCO","SAN FRANCISCO",-122.38791656494141,37.764381408691406
8636814,2018,2018-06-22,3801,2018-05-20,1927,4187,MISSI,7,5,7,3801,0,0,0,,0,3D13D,"MISSION ST","22ND ST",168.00,S,N,A,-,N,,,,,,,,,,,3,0,1,1,D,-,00,,,N,H,J,A,A,H,-,A,D,0,,Y,,,Y,,-,"- ",0,1,0,0,0,0,1,0,0,"- ","- ",,,"SAN FRANCISCO","SAN FRANCISCO",-122.418701171875,37.754989624023438
8636815,2018,2018-06-22,3801,2018-05-18,1132,959,RICHM,5,5,7,3801,0,0,0,,0,3H15A,"POINT LOBOS AV","EL CAMINO DEL MAR",237.00,W,N,A,-,N,,,,,,,,,,N,3,0,1,2,A,-,09,21801,A,N,D,G,A,A,H,-,A,D,0,,Y,,,Y,,A,01,0,1,0,0,0,0,1,0,0,"- ","- ",,,"SAN FRANCISCO","SAN FRANCISCO",-122.51026153564453,37.779815673828125
8636874,2018,2018-06-26,3801,2018-05-17,1840,1148,SOUTH,4,5,7,3801,0,0,0,,0,3B15D,"EMBARCADERO ST","TOWNSEND ST",0.00,,Y,A,-,N,,,,,,,,,,N,3,0,3,2,A,-,09,21453,C,N,B,G,A,A,H,-,A,A,0,,Y,,,Y,,L,04,0,2,1,0,0,0,1,0,0,"- ","- ",,,"SAN FRANCISCO","SAN FRANCISCO",-122.38840999999999,37.78181
8636891,2018,2018-07-12,3801,2018-05-02,1818,472,,3,5,7,3801,0,0,0,,0,,"FRANCISCO ST","OCTAVIA ST",40.00,N,N,A,-,N,,,,,,,,,,N,2,0,1,2,A,-,17,22517,,N,H,G,A,A,H,-,A,D,0,,Y,,,Y,,A,01,1,0,0,0,0,0,1,0,0,"- ","- ",,,"SAN FRANCISCO","SAN FRANCISCO",-122.42971038818359,37.802608489990234
8636897,2018,2018-06-25,3801,2018-05-23,0826,2023,PARK,3,5,7,3801,0,0,0,,0,001,"JOHN F KENNEDY DR","KEZAR DR",198.00,W,N,B,F,N,,,,,,,,,,N,3,0,1,2,A,-,05,21651,A,N,D,G,A,B,H,-,A,D,0,,Y,,,Y,,A,01,0,1,0,0,0,0,1,0,0,"- ","- ",,,"SAN FRANCISCO","SAN FRANCISCO",-122.45601654052734,37.770885467529297
8636904,2018,2018-06-22,3801,2018-05-07,0745,1190,MISSI,1,5,7,3801,0,0,0,,0,3D14E,"MARIPOSA ST","CAROLINA ST",40.00,E,N,A,-,N,,,,,,,,,,N,2,0,1,2,A,-,17,22517,,F,H,G,A,A,-,-,A,A,0,,Y,,,Y,,A,01,1,0,0,0,0,0,1,0,0,"- ","- ",,,"SAN FRANCISCO","SAN FRANCISCO",-122.40037536621094,37.763637542724609
8636913,2018,2018-07-09,3801,2018-05-24,0716,608,MISSI,4,5,7,3801,0,0,0,,0,3D15A,"CESAR CHAVEZ ST","BRYANT ST",60.00,W,N,B,-,N,,,,,,,,,,N,3,0,1,2,A,-,07,21658,A,N,B,G,A,A,H,-,A,D,0,,Y,,,Y,,A,01,0,1,0,0,0,0,1,0,0,"- ","- ",,,"SAN FRANCISCO","SAN FRANCISCO",-122.40892791748047,37.748367309570312
8636964,2018,2018-06-25,3801,2018-05-17,2140,400823,RICHM,4,5,7,3801,0,0,0,,0,3G15E,"CABRILLO ST","25TH AV",0.00,,Y,A,-,N,,,,,,,,,,N,2,0,1,2,A,-,08,22107,,N,A,G,A,A,H,-,C,A,0,,Y,,,Y,,A,01,1,0,0,0,0,0,1,0,0,"- ","- ",,,"SAN FRANCISCO","SAN FRANCISCO",-122.48432159423828,37.774448394775391
8636984,2018,2018-06-25,3801,2018-05-10,1940,1052,RICHM,4,5,7,3801,0,0,0,,0,3G12C,"FULTON ST","ARGUELLO BL",2.00,W,N,A,-,N,,,,,,,,,,N,3,0,1,2,A,-,06,21750,A,N,D,G,A,A,H,-,A,A,0,,Y,,,Y,,L,04,0,1,0,0,0,0,1,0,0,"- ","- ",,,"SAN FRANCISCO","SAN FRANCISCO",-122.45835876464844,37.774288177490234
8637007,2018,2018-06-22,3801,2018-05-30,0740,257,TENDE,3,5,7,3801,0,0,0,,0,3J13A,"JONES ST","TURK ST",61.00,S,N,A,-,N,,,,,,,,,,N,4,0,1,2,A,-,08,22107,,F,D,G,A,A,H,-,A,D,0,,Y,,,Y,,A,01,0,0,1,0,0,0,1,0,0,"- ","- ",,,"SAN FRANCISCO","SAN FRANCISCO",-122.41237640380859,37.782833099365234