CASE_ID,ACCIDENT_YEAR,PROC_DATE,JURIS,COLLISION_DATE,COLLISION_TIME,OFFICER_ID,REPORTING_DISTRICT,DAY_OF_WEEK,CHP_SHIFT,POPULATION,CNTY_CITY_LOC,SPECIAL_COND,BEAT_TYPE,CHP_BEAT_TYPE,CITY_DIVISION_LAPD,CHP_BEAT_CLASS,BEAT_NUMBER,PRIMARY_RD,SECONDARY_RD,DISTANCE,DIRECTION,INTERSECTION,WEATHER_1,WEATHER_2,STATE_HWY_IND,CALTRANS_COUNTY,CALTRANS_DISTRICT,STATE_ROUTE,ROUTE_SUFFIX,POSTMILE_PREFIX,POSTMILE,LOCATION_TYPE,RAMP_INTERSECTION,SIDE_OF_HWY,TOW_AWAY,COLLISION_SEVERITY,NUMBER_KILLED,NUMBER_INJURED,PARTY_COUNT,PRIMARY_COLL_FACTOR,PCF_CODE_OF_VIOL,PCF_VIOL_CATEGORY,PCF_VIOLATION,PCF_VIOL_SUBSECTION,HIT_AND_RUN,TYPE_OF_COLLISION,MVIW,PED_ACTION,ROAD_SURFACE,ROAD_COND_1,ROAD_COND_2,LIGHTING,CONTROL_DEVICE,CHP_ROAD_TYPE,PEDESTRIAN_ACCIDENT,BICYCLE_ACCIDENT,MOTORCYCLE_ACCIDENT,TRUCK_ACCIDENT,NOT_PRIVATE_PROPERTY,ALCOHOL_INVOLVED,STWD_VEHTYPE_AT_FAULT,CHP_VEHTYPE_AT_FAULT,COUNT_SEVERE_INJ,COUNT_VISIBLE_INJ,COUNT_COMPLAINT_PAIN,COUNT_PED_KILLED,COUNT_PED_INJURED,COUNT_BICYCLIST_KILLED,COUNT_BICYCLIST_INJURED,COUNT_MC_KILLED,COUNT_MC_INJURED,PRIMARY_RAMP,SECONDARY_RAMP,LATITUDE,LONGITUDE,COUNTY,CITY,POINT_X,POINT_Y
8637038,2018,2018-06-21,3801,2018-05-30,2159,2172,NORTH,3,5,7,3801,0,0,0,,0,0E3,"VAN NESS AV","MCALLISTER ST",0.00,,Y,A,-,N,,,,,,,,,,N,4,0,1,2,A,-,12,21453,A,F,D,G,A,A,H,-,C,A,0,,Y,,,Y,,-,,0,0,1,0,0,0,1,0,0,"- ","- ",,,"SAN FRANCISCO","SAN FRANCISCO",-122.42032623291016,37.780048370361328
8647534,2018,2018-06-27,3801,2018-05-29,1452,1572,SOUTH,2,5,7,3801,0,0,0,,0,3J3A,"MARKET ST","MARKET ST 1211",0.00,,Y,A,-,N,,,,,,,,,,N,4,0,1,1,A,-,03,22350,A,N,H,A,A,A,G,-,A,A,0,,Y,,,Y,,L,04,0,0,1,0,0,0,1,0,0,"- ","- ",,,"SAN FRANCISCO","SAN FRANCISCO",-122.415166,37.778390999999999
8649544,2018,2018-08-28,3801,2018-06-02,0737,1500,CENTR,6,5,7,3801,0,0,0,,0,3C00,EMBARCADERO,"EMBARCADERO 1",0.00,,Y,-,-,N,,,,,,,,,,N,4,0,1,2,A,-,00,20001,A,F,-,-,A,-,-,-,-,-,0,,Y,,,Y,,-,"- ",0,0,1,0,0,0,1,0,0,"- ","- ",,,"SAN FRANCISCO","SAN FRANCISCO",-122.39407,37.795459999999999
8649623,2018,2018-08-20,3801,2018-06-22,1534,2334,SOUTH,5,5,7,3801,0,0,0,,0,0B4,"MISSION ST","8TH ST",0.00,,Y,A,-,N,,,,,,,,,,N,2,0,1,2,D,-,00,,,N,B,G,A,A,H,-,A,A,0,,Y,,,Y,,-,"- ",1,0,0,0,0,0,1,0,0,"- ","- ",,,"SAN FRANCISCO","SAN FRANCISCO",-122.41316223144531,37.777458190917969
8649716,2018,2018-08-31,3801,2018-06-29,1101,2059,CENTR,5,5,7,3801,0,0,0,,0,3A15A,"MARKET ST","NEW MONTGOMERY ST",0.00,,Y,A,-,N,,,,,,,,,,N,3,0,1,1,C,-,18,,,N,-,A,A,A,H,-,A,D,0,,Y,,,Y,,-,"- ",0,1,0,0,0,0,1,0,0,"- ","- ",,,"SAN FRANCISCO","SAN FRANCISCO",-122.40199279785156,37.788768768310547
8651600,2018,2019-02-14,3801,2018-08-03,0930,524,SOUTH,5,5,7,3801,0,0,0,,0,3B13A,"MARKET ST","OCTAVIA BL",0.00,,Y,A,-,N,,,,,,,,,,,3,0,1,2,A,-,08,22107,,N,D,G,A,A,H,-,A,A,0,,Y,,,Y,,J,48,0,1,0,0,0,0,1,0,0,"- ","- ",,,"SAN FRANCISCO","SAN FRANCISCO",-122.42359161376953,37.771778106689453
8651607,2018,2018-10-01,3801,2018-08-09,1730,1613,MISSI,4,5,7,3801,0,0,0,,0,005,"15TH ST","WIESE ST",0.00,,Y,A,-,N,,,,,,,,,,N,4,0,1,3,A,-,17,22109,,N,B,G,A,A,H,-,A,D,0,,Y,Y,,Y,,-,,0,0,1,0,0,0,1,0,0,"- ","- ",,,"SAN FRANCISCO","SAN FRANCISCO",-122.42063140869141,37.766628265380859
8651929,2018,2018-10-19,3801,2018-07-12,0900,001460,SOUTH,4,5,7,3801,0,0,0,,0,3B5C,"KING ST","2ND ST",50.00,W,N,-,-,N,,,,,,,,,,,3,0,1,2,C,-,18,,,F,-,-,A,-,-,-,-,-,0,,Y,,,Y,,-,"- ",0,1,0,0,0,0,1,0,0,"- ","- ",,,"SAN FRANCISCO","SAN FRANCISCO",-122.38982391357422,37.779865264892578
8652632,2018,2018-08-29,3801,2018-06-16,2333,1301,TENDE,6,5,7,3801,0,0,0,,0,3J13E,"HYDE ST","TURK ST",3.00,N,N,A,-,N,,,,,,,,,,N,2,0,1,2,A,-,12,21453,A,M,B,C,A,A,H,-,C,A,0,,Y,,,Y,,-,"- ",1,0,0,0,0,0,1,0,0,"- ","- ",,,"SAN FRANCISCO","SAN FRANCISCO",-122.41569519042969,37.782577514648438
8656255,2018,2018-08-16,3801,2018-06-27,1054,844,CENTR,3,5,7,3801,0,0,0,,0,3A12A,"MARKET ST","SUTTER ST",0.00,,Y,A,-,N,,,,,,,,,,Y,4,0,1,2,A,-,08,22107,,F,H,G,A,A,H,-,A,D,0,,Y,Y,,Y,,L,04,0,0,1,0,0,0,0,0,1,"- ","- ",,,"SAN FRANCISCO","SAN FRANCISCO",-122.40013885498047,37.790298461914062
8656256,2018,2018-07-30,3801,2018-06-27,1815,283,MISSI,3,5,7,3801,0,0,0,,0,0D3,"VALENCIA ST","22ND ST",80.00,N,N,A,-,N,,,,,,,,,,N,3,0,1,2,A,-,17,22517,,N,B,G,A,A,H,-,A,A,0,,Y,,,Y,,A,01,0,1,0,0,0,0,1,0,0,"- ","- ",,,"SAN FRANCISCO","SAN FRANCISCO",-122.42098236083984,37.755527496337891
8656257,2018,2018-07-27,3801,2018-06-20,1732,2737,PARK,3,5,7,3801,0,0,0,,0,3F14D,"SANCHEZ ST","14TH ST",0.00,,Y,A,-,N,,,,,,,,,,N,4,0,1,2,A,-,17,22517,,N,H,G,A,A,H,-,A,A,0,,Y,Y,,Y,,C,03,0,0,1,0,0,0,1,0,0,"- ","- ",,,"SAN FRANCISCO","SAN FRANCISCO",-122.43118286132812,37.767601013183594
8656258,2018,2018-07-26,3801,2018-06-06,0830,2211,BAYVI,3,5,7,3801,0,0,0,,0,3C1A,"CESAR CHAVEZ ST","ILLINOIS ST",0.00,,Y,A,-,N,,,,,,,,,,N,4,0,1,2,A,-,08,22107,,F,B,G,A,A,G,-,A,A,0,,Y,,,Y,,A,01,0,0,1,0,0,0,1,0,0,"- ","- ",,,"SAN FRANCISCO","SAN FRANCISCO",-122.38652801513672,37.750308990478516
8656273,2018,2019-01-08,3801,2018-06-21,1153,244,2,4,5,7,3801,0,0,0,,0,001,"OCTAVIA ST","HAIGHT ST",0.00,,Y,A,-,N,,,,,,,,,,N,3,0,1,2,A,-,12,21453,A,F,-,G,A,A,H,-,A,A,0,,Y,,,Y,,L,04,0,1,0,0,0,0,1,0,0,"- ","- ",,,"SAN FRANCISCO","SAN FRANCISCO",-122.42392730712891,37.772960662841797
8656290,2018,2018-07-25,3801,2018-06-04,1824,417,SOUTH,1,5,7,3801,0,0,0,,0,3B15D,"KING ST","4TH ST",350.00,E,N,A,G,N,,,,,,,,,,N,3,0,1,3,A,-,17,22517,,N,B,G,A,A,H,-,A,A,0,,Y,,,Y,Y,A,07,0,1,0,0,0,0,1,0,0,"- ","- ",,,"SAN FRANCISCO","SAN FRANCISCO",-122.39330291748047,37.777118682861328
8656295,2018,2018-07-26,3801,2018-06-04,0930,2337,INGLE,1,5,7,3801,0,0,0,,0,3H11A,"MISSION ST","WHITTIER ST",0.00,,Y,A,-,N,,,,,,,,,,N,4,0,1,2,A,-,03,22350,,N,D,J,A,A,H,-,A,D,0,,Y,,,Y,,L,04,0,0,1,0,0,0,1,0,0,"- ","- ",,,"SAN FRANCISCO","SAN FRANCISCO",-122.44837188720703,37.710350036621094
8656370,2018,2018-07-27,3801,2018-06-12,1100,2439,CENTR,2,5,7,3801,0,0,0,,0,3A15A,"CLAY ST","BATTERY ST",150.00,W,N,A,-,N,,,,,,,,,,N,4,0,1,2,A,-,05,21650,1,M,D,G,A,A,H,-,A,D,0,,Y,,,Y,,L,04,0,0,1,0,0,0,1,0,0,"- ","- ",,,"SAN FRANCISCO","SAN FRANCISCO",-122.40086364746094,37.794937133789062
8656390,2018,2018-07-27,3801,2018-06-14,1742,185,SOUTH,4,5,7,3801,0,0,0,,0,3B5D,"MAIN ST","HARRISON ST",0.00,,Y,A,-,N,,,,,,,,,,N,4,0,1,2,A,-,12,21453,A,N,D,G,A,A,H,-,A,A,0,,Y,,,Y,,L,04,0,0,1,0,0,0,1,0,0,"- ","- ",,,"SAN FRANCISCO","SAN FRANCISCO",-122.39031982421875,37.788150787353516
8663912,2018,2018-07-23,3801,2018-05-07,1105,A22887,CENTR,1,5,7,3801,0,0,0,,0,3A12A,"COLUMBIA ST","WASHINGTON ST",0.00,,Y,-,-,N,,,,,,,,,,N,3,0,1,2,A,-,08,22107,,N,-,-,A,-,-,-,-,-,0,,Y,,,Y,,A,01,0,1,0,0,0,0,1,0,0,"- ","- ",,,"SAN FRANCISCO","SAN FRANCISCO",-122.40329742431641,37.795528411865234
8664167,2018,2018-07-24,3801,2018-05-10,0630,2286,TRAFF,4,5,7,3801,0,0,0,,0,4B1E,"LYELL ST","CAYUGA AV",0.00,,Y,A,-,N,,,,,,,,,,N,3,0,1,2,A,-,09,21802,A,N,H,G,A,A,H,-,A,A,0,,Y,,,Y,,-,"- ",0,1,0,0,0,0,1,0,0,"- ","- ",,,"SAN FRANCISCO","SAN FRANCISCO",-122.43141937255859,37.731029510498047
8667433,2018,2018-07-23,3801,2018-06-24,1807,1118,TENDE,7,5,7,3801,0,0,0,,0,3J12D,"MARKET ST","5TH ST",35.00,E,N,A,-,N,,,,,,,,,,N,3,0,1,1,A,-,03,22350,,N,-,J,A,D,G,-,A,D,0,,Y,,,Y,,L,04,0,1,0,0,0,0,1,0,0,"- ","- ",,,"SAN FRANCISCO","SAN FRANCISCO",-122.40797424316406,37.784065246582031
8667448,2018,2018-07-25,3801,2018-06-15,1625,A23075,SOUTH,5,5,7,3801,0,0,0,,0,3B14C,"TOWNSEND ST","KING ST",0.00,,Y,A,-,N,,,,,,,,,,N,3,0,1,2,A,-,05,21202,,N,B,G,A,A,G,-,A,A,0,,Y,,,Y,,L,04,0,1,0,0,0,0,1,0,0,"- ","- ",,,"SAN FRANCISCO","SAN FRANCISCO",-122.38842,37.781804999999999
8667572,2018,2018-07-27,3801,2018-06-29,2151,1347,MISSI,5,5,7,3801,0,0,0,,0,3D13E,"POTRERO AV","24TH ST",0.00,,Y,A,-,N,,,,,,,,,,N,4,0,1,2,B,-,22,,,N,D,G,A,A,H,-,C,D,0,,Y,,,Y,,L,04,0,0,1,0,0,0,1,0,0,"- ","- ",,,"SAN FRANCISCO","SAN FRANCISCO",-122.40631866455078,37.75299072265625
8683348,2018,2018-09-18,3801,2018-07-10,0729,2214,MISSI,2,5,7,3801,0,0,0,,0,3D15A,"19TH ST","HAMPSHIRE ST",0.00,,Y,A,-,N,,,,,,,,,,N,3,0,1,2,A,-,12,22450,A,N,D,J,A,A,H,-,A,D,0,,Y,,,Y,,L,04,0,1,0,0,0,0,1,0,0,"- ","- ",,,"SAN FRANCISCO","SAN FRANCISCO",-122.40805053710938,37.760608673095703
8683700,2018,2018-08-29,3801,2018-07-17,1840,2209,3801,2,5,7,3801,0,0,0,,0,3D15C,"S VAN NESS AV","ADAIR ST",0.00,,Y,A,-,N,,,,,,,,,,Y,4,0,1,2,A,-,17,22517,,N,-,G,A,A,-,-,A,D,0,,Y,,,Y,,A,01,0,0,1,0,0,0,1,0,0,"- ","- ",,,"SAN FRANCISCO","SAN FRANCISCO",-122.41754913330078,37.765750885009766
8683727,2018,2018-08-31,3801,2018-07-21,1545,839,SOUTH,6,5,7,3801,0,0,0,,0,0B1,"3RD ST","BERRY ST",0.00,,Y,A,-,N,,,,,,,,,,N,3,0,1,2,A,-,00,21650,D,N,D,G,A,A,H,-,A,A,0,,Y,,,Y,,L,04,0,1,0,0,0,0,1,0,0,"- ","- ",,,"SAN FRANCISCO","SAN FRANCISCO",-122.39111328125,37.777530670166016
8683814,2018,2018-08-28,3801,2018-07-30,1752,274,RICHM,1,5,7,3801,0,0,0,,0,3G2C,"JOHN F KENNEDY DR","36TH AV",30.00,W,N,A,-,N,,,,,,,,,,N,3,0,1,2,A,-,17,22517,,N,B,G,A,A,H,-,A,D,0,,Y,,,Y,,A,01,0,1,0,0,0,0,1,0,0,"- ","- ",,,"SAN FRANCISCO","SAN FRANCISCO",-122.49535369873047,37.769863128662109
8683822,2018,2018-08-28,3801,2018-07-31,2153,882,TENDE,2,5,7,3801,0,0,0,,0,3J13E,"GOLDEN GATE AV","HYDE ST",12.00,W,N,B,-,N,,,,,,,,,,N,3,0,1,2,A,-,17,21657,,N,A,G,A,A,H,-,C,D,0,,Y,,,Y,,L,04,0,1,0,0,0,0,1,0,0,"- ","- ",,,"SAN FRANCISCO","SAN FRANCISCO",-122.41554260253906,37.781642913818359
8684238,2018,2018-09-05,3801,2018-07-13,2345,615,MISSI,5,5,7,3801,0,0,0,,0,3D11D,"VALENCIA ST","17TH ST",0.00,,Y,A,-,N,,,,,,,,,,N,3,0,1,2,A,-,06,21750,A,F,B,G,A,A,H,-,C,A,0,,Y,,,Y,Y,-,,0,1,0,0,0,0,1,0,0,"- ","- ",,,"SAN FRANCISCO","SAN FRANCISCO",-122.42173767089844,37.763298034667969
8685870,2018,2018-08-29,3801,2018-07-04,1827,1345,SOUTH,3,5,7,3801,0,0,0,,0,0B2,"4TH ST","BRYANT ST",0.00,,Y,A,-,N,,,,,,,,,,N,2,0,1,1,A,-,"- ",,,N,H,A,A,A,H,-,A,A,0,,Y,,,Y,,L,04,1,0,0,0,0,0,1,0,0,"- ","- ",,,"SAN FRANCISCO","SAN FRANCISCO",-122.3980712890625,37.779571533203125
8685892,2018,2018-09-06,3801,2018-07-24,1845,782,NORTH,2,5,7,3801,0,0,0,,0,,BROADWAY,"POLK ST",0.00,,Y,A,-,N,,,,,,,,,,N,4,0,1,2,A,-,08,22107,,M,H,G,A,A,H,-,A,D,0,,Y,,,Y,,A,01,0,0,1,0,0,0,1,0,0,"- ","- ",,,"SAN FRANCISCO","SAN FRANCISCO",-122.42176055908203,37.795940399169922
8685907,2018,2018-08-29,3801,2018-07-14,1126,875,BAYVI,6,5,7,3801,0,0,0,,0,3C44D,"MINNESOTA ST","23RD ST",20.00,S,N,-,-,N,,,,,,,,,,N,3,0,1,1,A,-,03,22350,,N,H,-,A,A,H,-,A,A,0,,Y,,,Y,,L,04,0,1,0,0,0,0,1,0,0,"- ","- ",,,"SAN FRANCISCO","SAN FRANCISCO",-122.38997650146484,37.755245208740234
8685908,2018,2018-09-06,3801,2018-07-15,0131,993,SOUTH,7,5,7,3801,0,0,0,,0,3B15E,"12TH ST","HOWARD ST",0.00,,Y,-,-,N,,,,,,,,,,N,3,0,1,2,A,-,12,21453,A,N,D,G,A,A,H,-,C,A,0,,Y,,,Y,,L,04,0,1,0,0,0,0,1,0,0,"- ","- ",,,"SAN FRANCISCO","SAN FRANCISCO",-122.41692352294922,37.771728515625
8686009,2018,2018-08-29,3801,2018-07-01,1903,2058,MISSI,7,5,7,3801,0,0,0,,0,5CAR,"S VAN NESS AV","13TH ST",80.00,S,N,A,-,N,,,,,,,,,,N,4,0,1,2,A,-,08,22107,,F,B,G,A,A,H,-,A,D,0,,Y,,,Y,,A,01,0,0,1,0,0,0,1,0,0,"- ","- ",,,"SAN FRANCISCO","SAN FRANCISCO",-122.41780853271484,37.769500732421875
8693153,2018,2018-09-27,3801,2018-08-03,1522,2100,RICHM,5,5,7,3801,0,0,0,,0,3G14D,"20TH AV","BALBOA ST",0.00,,Y,A,-,N,,,,,,,,,,N,2,0,1,2,A,-,12,22450,A,N,D,G,A,A,H,-,A,A,0,,Y,,,Y,,L,04,1,0,0,0,0,0,1,0,0,"- ","- ",,,"SAN FRANCISCO","SAN FRANCISCO",-122.47913360595703,37.776538848876953
8693178,2018,2018-09-27,3801,2018-08-05,1152,1858,CENTR,7,5,7,3801,0,0,0,,0,3A11C,"NORTHPOINT ST","POWELL ST",0.00,,Y,A,-,N,,,,,,,,,,N,4,0,1,2,A,-,08,22107,,N,G,G,A,A,H,-,A,A,0,,Y,,,Y,,A,01,0,0,1,0,0,0,1,0,0,"- ","- ",,,"SAN FRANCISCO","SAN FRANCISCO",-122.41213,37.806759999999997
8697860,2018,2018-10-03,3801,2018-08-22,0735,1540,PARK,3,5,7,3801,0,0,0,,0,3F4A,"LINCOLN WY","KEZAR DR",4.00,E,N,B,-,N,,,,,,,,,,N,4,0,1,2,A,-,10,21950,A,N,D,G,A,A,H,-,B,A,0,,Y,,,Y,,A,01,0,0,1,0,0,0,1,0,0,"- ","- ",,,"SAN FRANCISCO","SAN FRANCISCO",-122.46055603027344,37.766178131103516
8697895,2018,2018-10-02,3801,2018-08-29,1810,1799,TENDE,3,5,7,3801,0,0,0,,0,3J11D,"MARKET ST","6TH ST",0.00,W,N,A,-,N,,,,,,,,,,N,4,0,1,2,A,-,12,21453,A,N,B,G,A,A,G,-,A,A,0,,Y,,,Y,,L,04,0,0,1,0,0,0,1,0,0,"- ","- ",,,"SAN FRANCISCO","SAN FRANCISCO",-122.41030120849609,37.782238006591797
8698084,2018,2018-10-05,3801,2018-08-15,1602,302,,3,5,7,3801,0,0,0,,0,3E14D,BROADWAY,"PIERCE ST",0.00,,Y,A,-,N,,,,,,,,,,N,4,0,1,2,D,-,00,,,N,D,G,A,A,H,-,A,D,0,,Y,,,Y,,-,"- ",0,0,1,0,0,0,1,0,0,"- ","- ",,,"SAN FRANCISCO","SAN FRANCISCO",-122.43820190429688,37.793861389160156
8698112,2018,2018-10-05,3801,2018-08-19,1714,1347,MISSI,7,5,7,3801,0,0,0,,0,3D11D,"MARKET ST","DIAMOND ST",91.00,E,N,A,-,N,,,,,,,,,,Y,3,0,1,2,A,-,06,21750,,F,B,G,A,A,H,-,A,A,0,,Y,,,Y,,A,01,0,1,0,0,0,0,1,0,0,"- ","- ",,,"SAN FRANCISCO","SAN FRANCISCO",-122.43698883056641,37.761947631835938
8698121,2018,2018-10-04,3801,2018-08-07,1210,34,CENTR,2,5,7,3801,0,0,0,,0,0A5,"THE EMBARCADERO","DON CHEE WY",0.00,,Y,A,-,N,,,,,,,,,,N,3,0,1,2,A,-,17,22517,,N,B,G,A,A,H,-,A,A,0,,Y,,,Y,,A,01,0,1,0,0,0,0,1,0,0,"- ","- ",,,"SAN FRANCISCO","SAN FRANCISCO",-122.39325714111328,37.794239044189453
8698214,2018,2018-09-27,3801,2018-08-13,1716,1436,COD,1,5,7,3801,0,0,0,,0,3D14D,"VALENCIA ST","25TH ST",185.00,S,N,A,-,N,,,,,,,,,,N,3,0,2,2,A,-,05,21651,B,F,A,G,A,A,H,-,A,A,0,,Y,Y,,Y,,C,02,0,1,1,0,0,0,1,0,1,"- ","- ",,,"SAN FRANCISCO","SAN FRANCISCO",-122.42044830322266,37.750003814697266
8698265,2018,2018-10-02,3801,2018-08-07,1045,4104,PARK,2,5,7,3801,0,0,0,,0,3F14A,"8TH ST","FOLSOM ST",0.00,,Y,A,-,N,,,,,,,,,,N,3,0,1,2,A,-,12,21453,A,N,D,G,A,A,H,-,A,A,0,,Y,,,Y,,L,04,0,1,0,0,0,0,1,0,0,"- ","- ",,,"SAN FRANCISCO","SAN FRANCISCO",-122.41004943847656,37.774990081787109
8698517,2018,2018-10-01,3801,2018-07-21,0912,2305,NORTH,6,5,7,3801,0,0,0,,0,4B1A,"VAN NESS AV","UNION ST",0.00,,Y,A,-,N,,,,,,,,,,N,4,0,1,3,A,-,12,21453,A,N,D,G,A,A,D,-,A,A,0,,Y,,,Y,,A,01,0,0,1,0,0,0,1,0,0,"- ","- ",,,"SAN FRANCISCO","SAN FRANCISCO",-122.42405700683594,37.798538208007812
8699696,2018,2018-10-08,3801,2018-08-28,1547,302,NORTH,2,5,7,3801,0,0,0,,0,9X21E,"FILLMORE ST","EDDY ST",75.00,N,N,A,-,N,,,,,,,,,,N,4,0,1,2,A,-,17,22517,,N,H,G,A,A,H,-,A,D,0,,Y,,,Y,,A,01,0,0,1,0,0,0,1,0,0,"- ","- ",,,"SAN FRANCISCO","SAN FRANCISCO",-122.43236541748047,37.781623840332031
8699708,2018,2018-10-08,3801,2018-08-30,1823,412,SOUTH,4,5,7,3801,0,0,0,,0,3B12D,"EMBARCADERO ST","BRANNAN ST",2000.00,S,N,A,-,N,,,,,,,,,,N,3,0,2,2,-,-,"- ",,,N,A,-,A,A,H,-,A,D,0,,Y,,,Y,,-,"- ",0,1,1,0,0,0,1,0,0,"- ","- ",,,"SAN FRANCISCO","SAN FRANCISCO",-122.3900146484375,37.779712677001953
8699985,2018,2018-11-06,3801,2018-08-16,1725,1362,CENTR,4,5,7,3801,0,0,0,,0,3A14C,"COLUMBUS ST","CHESTNUT ST",0.00,,Y,A,-,N,,,,,,,,,,N,4,0,1,2,A,-,06,21760,,N,B,G,A,A,H,-,A,A,0,,Y,,,Y,,-,,0,0,1,0,0,0,1,0,0,"- ","- ",,,"SAN FRANCISCO","SAN FRANCISCO",-122.41487884521484,37.803550720214844
8700810,2018,2018-10-18,3801,2018-08-29,1450,4277,BAYVI,3,5,7,3801,0,0,0,,0,"5 CAR","JENNINGS ST","YOSEMITE AV",0.00,,Y,A,-,N,,,,,,,,,,N,3,0,1,2,A,-,12,22450,A,F,D,G,A,A,H,-,A,A,0,,Y,,,Y,,-,99,0,1,0,0,0,0,1,0,0,"- ","- ",37.725799560546875,-122.38981628417969,"SAN FRANCISCO","SAN FRANCISCO",-122.38980102539062,37.725799560546875
8707193,2018,2018-11-02,3801,2018-08-10,0804,2376,SOUTH,5,5,7,3801,0,0,0,,0,3B5A,"RHODE ISLAND ST","16TH ST",230.00,N,N,A,-,N,,,,,,,,,,N,3,0,1,2,D,-,00,,,N,D,G,A,A,H,-,A,D,0,,Y,,,Y,,-,"- ",0,1,0,0,0,0,1,0,0,"- ","- ",,,"SAN FRANCISCO","SAN FRANCISCO",-122.40274810791016,37.766731262207031
8708125,2018,2018-10-09,3801,2018-08-10,1022,993,SOUTH,5,5,7,3801,0,0,0,,0,SECTOR,"2ND ST","CLEMENTINA ST",0.00,,N,A,-,N,,,,,,,,,,N,4,0,1,3,A,-,17,22517,,N,H,G,A,A,D,-,A,D,0,,Y,,,Y,,A,01,0,0,1,0,0,0,1,0,0,"- ","- ",,,"SAN FRANCISCO","SAN FRANCISCO",-122.39724731445312,37.785999298095703
8708129,2018,2018-10-09,3801,2018-08-20,1805,1817,CENTR,1,5,7,3801,0,0,0,,0,3A60,"PINE ST","LARKIN ST",0.00,,Y,A,-,N,,,,,,,,,,N,3,0,1,2,A,-,06,21755,A,N,C,G,A,A,H,-,B,A,0,,Y,Y,,Y,,L,04,0,1,0,0,0,0,1,0,0,"- ","- ",,,"SAN FRANCISCO","SAN FRANCISCO",-122.41886138916016,37.789829254150391
8708535,2018,2018-10-23,3801,2018-09-13,1719,993,SOUTH,4,5,7,3801,0,0,0,,0,"SEC 2","FOLSOM ST","FOLSOM ST 727",0.00,,-,A,-,N,,,,,,,,,,N,3,0,1,3,A,-,17,22517,,N,H,G,A,A,H,-,A,D,0,,Y,,,Y,,J,43,0,1,0,0,0,0,1,0,0,"- ","- ",,,"SAN FRANCISCO","SAN FRANCISCO",-122.3994,37.783389999999997
8708676,2018,2018-10-24,3801,2018-09-19,1150,472,SOUTH,3,5,7,3801,0,0,0,,0,3B11A,"2ND ST","MINNA ST",5.00,S,N,A,-,N,,,,,,,,,,N,4,0,1,2,C,-,18,,,N,H,G,A,A,D,-,A,A,0,,Y,,,Y,,-,"- ",0,0,1,0,0,0,1,0,0,"- ","- ",,,"SAN FRANCISCO","SAN FRANCISCO",-122.39926910400391,37.787590026855469
8716442,2018,2018-10-19,3801,2018-09-24,1152,310,TARAV,1,5,7,3801,0,0,0,,0,3I16B,"OCEAN AV","GENEVA AV",0.00,,Y,A,-,N,,,,,,,,,,N,4,0,1,2,A,-,08,22107,,N,B,G,A,A,H,-,A,A,0,,Y,,,Y,,A,01,0,0,1,0,0,0,1,0,0,"- ","- ",,,"SAN FRANCISCO","SAN FRANCISCO",-122.45233154296875,37.723068237304688
8716459,2018,2018-10-22,3801,2018-09-16,1514,1250,CO.D,7,5,7,3801,0,0,0,,0,901,"COLLINGWOOD ST","18TH ST",0.00,,Y,A,-,N,,,,,,,,,,N,3,0,1,2,A,-,17,21657,,N,D,G,A,A,H,-,A,D,0,,Y,,,Y,,L,04,0,1,0,0,0,0,1,0,0,"- ","- ",,,"SAN FRANCISCO","SAN FRANCISCO",-122.43609619140625,37.760818481445312
8716478,2018,2018-10-19,3801,2018-09-17,1228,4125,MISIS,1,5,7,3801,0,0,0,,0,3D16A,"16TH ST","POTRERO AV",100.00,W,N,A,-,N,,,,,,,,,,N,3,0,1,2,A,-,09,21801,A,N,A,G,A,A,-,-,A,D,0,,Y,,,Y,,A,01,0,1,0,0,0,0,1,0,0,"- ","- ",,,"SAN FRANCISCO","SAN FRANCISCO",-122.40790557861328,37.7657470703125
8716484,2018,2018-10-19,3801,2018-09-21,0501,1244,NORTH,5,5,7,3801,0,0,0,,0,002,"TURK ST","WEBSTER ST",0.00,,Y,A,-,N,,,,,,,,,,N,4,0,1,2,A,-,12,21457,A,F,D,G,A,A,H,-,C,A,0,,Y,,,Y,,-,99,0,0,1,0,0,0,1,0,0,"- ","- ",,,"SAN FRANCISCO","SAN FRANCISCO",-122.43048858642578,37.780689239501953
8716502,2018,2018-10-19,3801,2018-09-05,0940,2728,MISSI,3,5,7,3801,0,0,0,,0,3D14A,"CESAR CHAVEZ ST","SOUTH VAN NESS AV",165.00,W,N,A,-,N,,,,,,,,,,N,4,0,1,2,A,-,06,21750,,N,F,G,A,A,H,-,A,D,0,,Y,,,Y,,L,04,0,0,1,0,0,0,1,0,0,"- ","- ",,,"SAN FRANCISCO","SAN FRANCISCO",-122.41648864746094,37.748210906982422
8716506,2018,2018-10-19,3801,2018-09-24,0850,1217,INGLE,1,5,7,3801,0,0,0,,0,3H15C,"POTRERO AV","ALAMEDA ST",0.00,,Y,-,-,N,,,,,,,,,,N,3,0,1,1,A,-,03,22350,,N,-,G,A,-,-,-,A,A,0,,Y,,,Y,,L,04,0,1,0,0,0,0,1,0,0,"- ","- ",,,"SAN FRANCISCO","SAN FRANCISCO",-122.40779113769531,37.768379211425781