CASE_ID,ACCIDENT_YEAR,PROC_DATE,JURIS,COLLISION_DATE,COLLISION_TIME,OFFICER_ID,REPORTING_DISTRICT,DAY_OF_WEEK,CHP_SHIFT,POPULATION,CNTY_CITY_LOC,SPECIAL_COND,BEAT_TYPE,CHP_BEAT_TYPE,CITY_DIVISION_LAPD,CHP_BEAT_CLASS,BEAT_NUMBER,PRIMARY_RD,SECONDARY_RD,DISTANCE,DIRECTION,INTERSECTION,WEATHER_1,WEATHER_2,STATE_HWY_IND,CALTRANS_COUNTY,CALTRANS_DISTRICT,STATE_ROUTE,ROUTE_SUFFIX,POSTMILE_PREFIX,POSTMILE,LOCATION_TYPE,RAMP_INTERSECTION,SIDE_OF_HWY,TOW_AWAY,COLLISION_SEVERITY,NUMBER_KILLED,NUMBER_INJURED,PARTY_COUNT,PRIMARY_COLL_FACTOR,PCF_CODE_OF_VIOL,PCF_VIOL_CATEGORY,PCF_VIOLATION,PCF_VIOL_SUBSECTION,HIT_AND_RUN,TYPE_OF_COLLISION,MVIW,PED_ACTION,ROAD_SURFACE,ROAD_COND_1,ROAD_COND_2,LIGHTING,CONTROL_DEVICE,CHP_ROAD_TYPE,PEDESTRIAN_ACCIDENT,BICYCLE_ACCIDENT,MOTORCYCLE_ACCIDENT,TRUCK_ACCIDENT,NOT_PRIVATE_PROPERTY,ALCOHOL_INVOLVED,STWD_VEHTYPE_AT_FAULT,CHP_VEHTYPE_AT_FAULT,COUNT_SEVERE_INJ,COUNT_VISIBLE_INJ,COUNT_COMPLAINT_PAIN,COUNT_PED_KILLED,COUNT_PED_INJURED,COUNT_BICYCLIST_KILLED,COUNT_BICYCLIST_INJURED,COUNT_MC_KILLED,COUNT_MC_INJURED,PRIMARY_RAMP,SECONDARY_RAMP,LATITUDE,LONGITUDE,COUNTY,CITY,POINT_X,POINT_Y
8716539,2018,2018-10-19,3801,2018-09-18,1408,A22028,SOUTH,2,5,7,3801,0,0,0,,0,3B2C,"MISSION ST","1ST ST",0.00,,N,A,-,N,,,,,,,,,,N,3,0,1,2,A,-,08,22107,,N,B,G,A,A,H,-,A,A,0,,Y,,,Y,,L,04,0,1,0,0,0,0,1,0,0,"- ","- ",,,"SAN FRANCISCO","SAN FRANCISCO",-122.39756774902344,37.789779663085938
8716545,2018,2018-11-02,3801,2018-09-10,1753,198,RICHM,1,5,7,3801,0,0,0,,0,0G3,"FELL ST","SHRADER ST",0.00,,Y,F,-,N,,,,,,,,,,N,4,0,1,2,-,-,"- ",,,N,D,G,A,-,G,-,-,-,0,,Y,,,Y,,-,"- ",0,0,1,0,0,0,1,0,0,"- ","- ",,,"SAN FRANCISCO","SAN FRANCISCO",-122.45240783691406,37.772148132324219
8716601,2018,2018-10-19,3801,2018-09-23,1800,2470,CENTR,7,5,7,3801,0,0,0,,0,3A11D,"GEARY ST","HYDE ST",0.00,,Y,A,-,N,,,,,,,,,,N,4,0,1,2,A,-,10,21950,A,N,G,G,A,A,H,-,A,A,0,,Y,,,Y,,A,01,0,0,1,0,0,0,1,0,0,"- ","- ",,,"SAN FRANCISCO","SAN FRANCISCO",-122.41645050048828,37.786319732666016
8724547,2018,2019-02-14,3801,2018-09-20,0934,4001,TARAV,4,5,7,3801,0,0,0,,0,3I11A,"24TH AV","KIRKHAM ST",0.00,,Y,A,-,N,,,,,,,,,,N,3,0,1,2,A,-,12,22450,A,N,D,G,A,A,H,-,A,A,0,,Y,,,Y,,L,04,0,1,0,0,0,0,1,0,0,"- ","- ",,,"SAN FRANCISCO","SAN FRANCISCO",-122.48223114013672,37.759601593017578
8724556,2018,2018-10-23,3801,2018-09-08,1844,2046,NORTH,6,5,7,3801,0,0,0,,0,3E1D,"MCALLISTER ST","WEBSTER ST",0.00,,Y,A,-,N,,,,,,,,,,N,4,0,1,2,A,-,08,22107,,F,D,G,A,A,H,-,A,A,0,,Y,,,Y,,A,01,0,0,1,0,0,0,1,0,0,"- ","- ",,,"SAN FRANCISCO","SAN FRANCISCO",-122.43010711669922,37.778839111328125
8724560,2018,2018-10-23,3801,2018-09-06,1909,1605,NORTH,4,5,7,3801,0,0,0,,0,3E6D,"WEBSTER ST","GEARY BL",30.00,S,N,A,-,N,,,,,,,,,,N,4,0,1,2,A,-,05,21651,B,N,A,G,A,A,H,-,B,A,0,,Y,,,Y,,L,04,0,0,1,0,0,0,1,0,0,"- ","- ",,,"SAN FRANCISCO","SAN FRANCISCO",-122.43128204345703,37.784648895263672
8744878,2018,2019-01-03,3801,2018-10-18,0855,711,TENDE,4,5,7,3801,0,0,0,,0,,"MARKET ST","OCTAVIA ST",0.00,,Y,A,-,N,,,,,,,,,,N,4,0,1,2,A,-,08,22107,,M,B,G,A,A,H,-,A,A,0,,Y,,,Y,,A,01,0,0,1,0,0,0,1,0,0,"- ","- ",,,"SAN FRANCISCO","SAN FRANCISCO",-122.42359161376953,37.771778106689453
8745130,2018,2018-12-10,3801,2018-10-03,1613,2239,NORTH,3,5,7,3801,0,0,0,,0,3H11C,"GOUGH ST","MCALLISTER ST",0.00,,Y,A,-,N,,,,,,,,,,N,3,0,1,2,A,-,09,21801,A,N,D,G,A,A,H,-,A,A,0,,Y,,,Y,,D,22,0,1,0,0,0,0,1,0,0,"- ","- ",,,"SAN FRANCISCO","SAN FRANCISCO",-122.42353820800781,37.779670715332031
8747134,2018,2019-01-03,3801,2018-10-31,1727,2056,CENTR,3,5,7,3801,0,0,0,,0,005,"KEARNY ST","GEARY ST",25.00,N,N,A,-,N,,,,,,,,,,N,2,0,1,2,A,-,07,21658,A,N,H,G,A,A,H,-,A,D,0,,Y,,,Y,,L,04,1,0,0,0,0,0,1,0,0,"- ","- ",,,"SAN FRANCISCO","SAN FRANCISCO",-122.40351867675781,37.788017272949219
8754684,2018,2019-01-04,3801,2018-10-16,1841,4003,TARAV,2,5,7,3801,0,0,0,,0,3I13D,"38TH AV","ULLOA ST",0.00,,Y,A,-,N,,,,,,,,,,N,4,0,1,2,A,-,12,22450,A,N,D,G,A,A,H,-,B,A,0,,Y,,,Y,,L,04,0,0,1,0,0,0,1,0,0,"- ","- ",,,"SAN FRANCISCO","SAN FRANCISCO",-122.49591827392578,37.740299224853516
8754692,2018,2018-12-07,3801,2018-10-17,0927,2334,SOUTH,3,5,7,3801,0,0,0,,0,0B4,"MARKET ST","OCTAVIA ST",0.00,,Y,A,-,N,,,,,,,,,,N,3,0,1,2,A,-,08,22101,D,N,D,G,A,A,H,-,A,A,0,,Y,,,Y,,A,01,0,1,0,0,0,0,1,0,0,"- ","- ",,,"SAN FRANCISCO","SAN FRANCISCO",-122.42359161376953,37.771778106689453
8754725,2018,2018-12-11,3801,2018-10-28,1449,4352,SOUTH,7,5,7,3801,0,0,0,,0,0B2,"FOLSOM ST","4TH ST",110.00,E,N,A,-,N,,,,,,,,,,N,4,0,1,2,A,-,11,21955,,N,G,-,E,A,C,-,A,D,0,Y,Y,,,Y,,N,60,0,0,1,0,0,0,1,0,0,"- ","- ",,,"SAN FRANCISCO","SAN FRANCISCO",-122.40089416503906,37.782253265380859
8754729,2018,2018-12-24,3801,2018-10-02,1356,2111,MISSI,2,5,7,3801,0,0,0,,0,3D44C,"POTRERO ST","25TH ST",0.00,,Y,A,-,N,,,,,,,,,,N,3,0,1,2,A,-,05,21650,1,N,D,G,A,A,H,-,A,D,0,,Y,,,Y,,L,04,0,1,0,0,0,0,1,0,0,"- ","- ",,,"SAN FRANCISCO","SAN FRANCISCO",-122.40619659423828,37.751739501953125
8754736,2018,2018-12-10,3801,2018-10-07,1755,713,CENTR,7,5,7,3801,0,0,0,,0,3A14D,"EMBARCADERO NORTH",BROADWAY,143.00,S,N,A,-,N,,,,,,,,,,Y,3,0,2,2,A,-,17,21209,,N,C,G,A,A,H,-,A,D,0,,Y,,,Y,,A,01,0,2,0,0,0,0,1,0,0,"- ","- ",,,"SAN FRANCISCO","SAN FRANCISCO",-122.39723968505859,37.798957824707031
8754747,2018,2018-12-11,3801,2018-10-13,1056,1244,NORTH,6,5,7,3801,0,0,0,,0,001,"HAYES ST","BUCHANAN ST",125.00,W,N,A,-,N,,,,,,,,,,N,3,0,1,1,A,-,03,22350,,N,-,I,A,A,H,-,A,A,0,,Y,,,Y,,L,04,0,1,0,0,0,0,1,0,0,"- ","- ",,,"SAN FRANCISCO","SAN FRANCISCO",-122.42832946777344,37.776195526123047
8754771,2018,2018-12-11,3801,2018-10-10,2030,426,NORTH,3,5,7,3801,0,0,0,,0,3E11E,"OAK ST","DIVISADERO ST",0.00,,Y,A,-,N,,,,,,,,,,N,4,0,1,2,A,-,12,21453,A,F,D,G,A,A,H,-,C,A,0,,Y,,,Y,,A,01,0,0,1,0,0,0,1,0,0,"- ","- ",,,"SAN FRANCISCO","SAN FRANCISCO",-122.43743133544922,37.773139953613281
8754773,2018,2018-12-12,3801,2018-10-12,1237,1978,BAYVI,5,5,7,3801,0,0,0,,0,001,"3RD ST","22ND ST",342.00,S,N,A,-,N,,,,,,,,,,N,4,0,1,2,A,-,09,21804,A,N,B,G,A,A,H,-,A,A,0,,Y,,,Y,,L,04,0,0,1,0,0,0,1,0,0,"- ","- ",,,"SAN FRANCISCO","SAN FRANCISCO",-122.3883056640625,37.757015228271484
8754799,2018,2019-03-22,3801,2018-10-06,1333,2365,NORTH,6,5,7,3801,0,0,0,,0,6CAR,"BAY ST","GOUGH ST",64.00,E,N,A,-,N,,,,,,,,,,N,2,0,1,3,C,-,18,,,N,H,G,A,A,H,-,A,D,0,,Y,,,Y,,-,"- ",1,0,0,0,0,0,1,0,0,"- ","- ",,,"SAN FRANCISCO","SAN FRANCISCO",-122.42818450927734,37.803775787353516
8754819,2018,2018-12-10,3801,2018-10-22,1000,326,MISSI,1,5,7,3801,0,0,0,,0,3D16A,"VALENCIA ST","14TH ST",207.00,S,N,A,-,N,,,,,,,,,,N,3,0,1,3,A,-,02,21211,A,N,H,G,A,A,H,-,A,D,0,,Y,,,Y,,A,01,0,1,0,0,0,0,1,0,0,"- ","- ",,,"SAN FRANCISCO","SAN FRANCISCO",-122.42212677001953,37.767581939697266
8754840,2018,2018-12-10,3801,2018-10-29,1730,2256,INGLE,1,5,7,3801,0,0,0,,0,3H16D,"ALEMANY BL","COTTER ST",0.00,,Y,A,-,N,,,,,,,,,,N,3,0,1,2,A,-,08,22107,,N,F,G,A,A,H,-,A,D,0,,Y,,,Y,,A,01,0,1,0,0,0,0,1,0,0,"- ","- ",,,"SAN FRANCISCO","SAN FRANCISCO",-122.43502044677734,37.728199005126953
8755022,2018,2018-12-06,3801,2018-10-30,1636,2122,SOUTH,2,5,7,3801,0,0,0,,0,3B46,"MISSION ST","8TH ST",0.00,,Y,A,-,N,,,,,,,,,,N,4,0,1,2,A,-,"- ",,,N,B,G,A,A,H,-,A,A,0,,Y,,,Y,,L,04,0,0,1,0,0,0,1,0,0,"- ","- ",,,"SAN FRANCISCO","SAN FRANCISCO",-122.41316223144531,37.777458190917969
8756205,2018,2018-12-13,3801,2018-10-26,1619,2099,SOUTH,5,5,7,3801,0,0,0,,0,3E46C,"MARKET ST","PAGE ST",0.00,,Y,A,-,N,,,,,,,,,,N,3,0,1,2,A,-,08,22107,,N,D,-,A,A,H,-,A,A,0,,Y,,,Y,,L,04,0,1,0,0,0,0,1,0,0,"- ","- ",,,"SAN FRANCISCO","SAN FRANCISCO",-122.42025756835938,37.774398803710938
8756604,2018,2018-12-28,3801,2018-10-14,1512,4026,MISSI,7,5,7,3801,0,0,0,,0,3D4C,"MISSION ST","MISSION ST 2337",0.00,,Y,A,-,N,,,,,,,,,,N,4,0,1,2,A,-,08,22107,,N,B,G,A,A,H,-,A,D,0,,Y,,,Y,,A,01,0,0,1,0,0,0,1,0,0,"- ","- ",,,"SAN FRANCISCO","SAN FRANCISCO",-122.419155,37.759697000000003
8756620,2018,2018-12-11,3801,2018-10-17,1540,335,CENTR,3,5,7,3801,0,0,0,,0,3A15C,"LARKIN ST","LARKIN ST 2543",0.00,,Y,A,-,N,,,,,,,,,,N,3,0,1,2,D,-,00,,,N,H,G,A,A,H,-,A,D,0,,Y,,,Y,,-,"- ",0,1,0,0,0,0,1,0,0,"- ","- ",,,"SAN FRANCISCO","SAN FRANCISCO",-122.421184,37.801437
8756631,2018,2018-12-11,3801,2018-10-31,1629,321,RICHM,3,5,7,3801,0,0,0,,0,3G15D,"POINT LOBOS","POINT LOBOS 1090",0.00,,Y,A,-,N,,,,,,,,,,N,4,0,1,2,D,-,00,,,N,D,G,A,A,H,-,A,D,0,,Y,,,Y,,-,"- ",0,0,1,0,0,0,1,0,0,"- ","- ",,,"SAN FRANCISCO","SAN FRANCISCO",-122.51363499999999,37.778604000000001
8758137,2018,2019-01-18,3801,2018-11-08,1835,233,MISSI,4,5,7,3801,0,0,0,,0,0D1,"VALENCIA ST","15TH ST",40.00,N,N,A,-,N,,,,,,,,,,N,3,0,1,2,A,-,17,22517,,N,E,G,A,A,H,-,C,A,0,,Y,,,Y,,A,01,0,1,0,0,0,0,1,0,0,"- ","- ",,,"SAN FRANCISCO","SAN FRANCISCO",-122.42204284667969,37.766639709472656
8758142,2018,2019-01-18,3801,2018-11-05,1044,A20877,TARAV,1,5,7,3801,0,0,0,,0,3I13A,"BROTHERHOOD WY","ST THOMAS MORE WY",0.00,,Y,A,-,N,,,,,,,,,,Y,3,0,1,2,A,-,10,21950,A,N,D,G,A,A,H,-,A,A,0,,Y,,,Y,,A,01,0,1,0,0,0,0,1,0,0,"- ","- ",,,"SAN FRANCISCO","SAN FRANCISCO",-122.472725,37.712975
8758235,2018,2019-01-24,3801,2018-11-16,1445,385,NORTH,5,5,7,3801,0,0,0,,0,3E60,"FILLMORE ST","GOLDEN GATE AV",0.00,,Y,A,-,N,,,,,,,,,,N,3,0,1,2,A,-,08,22107,,N,D,G,A,A,H,-,A,A,0,,Y,,,Y,,L,04,0,1,0,0,0,0,1,0,0,"- ","- ",,,"SAN FRANCISCO","SAN FRANCISCO",-122.43193817138672,37.779560089111328
8758238,2018,2019-01-24,3801,2018-11-01,1014,1116,MISSI,4,5,7,3801,0,0,0,,0,3D13A,"MISSION ST","21ST ST",277.00,N,N,A,-,N,,,,,,,,,,,4,0,1,2,A,-,17,22517,,N,B,G,A,A,H,-,A,D,0,,Y,,,Y,,A,01,0,0,1,0,0,0,1,0,0,"- ","- ",,,"SAN FRANCISCO","SAN FRANCISCO",-122.41897583007812,37.757778167724609
8758277,2018,2019-01-18,3801,2018-11-11,1010,1870,BAYVI,7,5,7,3801,0,0,0,,0,3C13A,"PALOU AV","3RD ST",0.00,,Y,A,-,N,,,,,,,,,,N,2,0,1,1,A,-,03,22350,,N,H,-,A,A,H,-,A,D,0,,Y,,,Y,,L,04,1,0,0,0,0,0,1,0,0,"- ","- ",,,"SAN FRANCISCO","SAN FRANCISCO",-122.39105987548828,37.734039306640625
8758285,2018,2019-01-18,3801,2018-11-09,0815,1263,BAYVI,5,5,7,3801,0,0,0,,0,3C00,"CEASAR CHAVEZ ST","EVANS AV",0.00,,Y,-,-,N,,,,,,,,,,N,4,0,1,2,D,-,00,,,M,B,G,A,-,-,-,-,-,0,,Y,,,Y,,-,"- ",0,0,1,0,0,0,1,0,0,"- ","- ",,,"SAN FRANCISCO","SAN FRANCISCO",-122.39732360839844,37.749691009521484
8758396,2018,2019-01-17,3801,2018-11-13,1816,4214,SOUTH,2,5,7,3801,0,0,0,,0,4B4G,"DIVISION ST","HENRY ADAMS ST",32.00,E,N,F,-,N,,,,,,,,,,N,3,0,1,2,A,-,06,21750,,N,B,G,A,A,G,-,B,A,0,,Y,,,Y,,A,01,0,1,0,0,0,0,1,0,0,"- ","- ",,,"SAN FRANCISCO","SAN FRANCISCO",-122.40380859375,37.769786834716797
8760424,2018,2019-01-17,3801,2018-10-08,1922,1108,SOUTH,1,5,7,3801,0,0,0,,0,"1 CAR","HARRISON ST","THE EMBARCADERO",28.00,W,N,A,-,N,,,,,,,,,,N,4,0,1,2,A,-,00,21650,G,N,D,G,A,A,H,-,C,A,0,,Y,,,Y,,L,04,0,0,1,0,0,0,1,0,0,"- ","- ",,,"SAN FRANCISCO","SAN FRANCISCO",-122.38867950439453,37.789443969726562
8760440,2018,2018-12-27,3801,2018-10-09,1416,524,SOUTH,2,5,7,3801,0,0,0,,0,3B90,"MISSION ST","3RD ST",225.00,W,N,A,-,N,,,,,,,,,,,3,0,1,2,A,-,04,21703,,F,C,G,A,A,H,-,A,D,0,,Y,,,Y,,A,01,0,1,0,0,0,0,1,0,0,"- ","- ",,,"SAN FRANCISCO","SAN FRANCISCO",-122.40254974365234,37.785835266113281
8760509,2018,2018-12-24,3801,2018-11-12,1641,1291,TENDE,1,5,7,3801,0,0,0,,0,3J11D,"MARKET ST","HYDE ST",5.00,E,N,A,-,N,,,,,,,,,,N,4,0,1,2,A,-,17,22517,,N,H,G,A,A,H,-,A,A,0,,Y,,,Y,,A,01,0,0,1,0,0,0,1,0,0,"- ","- ",,,"SAN FRANCISCO","SAN FRANCISCO",-122.41474914550781,37.778720855712891
8764299,2018,2018-12-28,3801,2018-11-15,1848,2749,CENTR,4,5,7,3801,0,0,0,,0,3A11D,"GEARY ST","POWELL ST",270.00,W,N,A,-,N,,,,,,,,,,N,3,0,1,2,D,-,00,,,N,B,G,A,A,H,-,C,D,0,,Y,,,Y,,-,"- ",0,1,0,0,0,0,1,0,0,"- ","- ",,,"SAN FRANCISCO","SAN FRANCISCO",-122.40913391113281,37.787254333496094
8764339,2018,2019-01-03,3801,2018-11-16,1223,169,SOUTH,5,5,7,3801,0,0,0,,0,3B12A,"MISSION ST","MISSION ST 814",0.00,,Y,A,-,N,,,,,,,,,,N,4,0,1,1,A,-,03,22350,,N,H,I,A,A,H,-,A,D,0,,Y,,,Y,,L,04,0,0,1,0,0,0,1,0,0,"- ","- ",,,"SAN FRANCISCO","SAN FRANCISCO",-122.404642,37.784211999999997
8766620,2018,2019-01-07,3801,2018-11-14,1135,723,CENTR,3,5,7,3801,0,0,0,,0,5CAR,"MARKET ST","2ND ST",0.00,,N,A,-,N,,,,,,,,,,,2,0,1,1,A,-,03,22350,,N,H,G,A,A,H,-,A,A,0,,Y,,,Y,,L,04,1,0,0,0,0,0,1,0,0,"- ","- ",,,"SAN FRANCISCO","SAN FRANCISCO",-122.40139770507812,37.789241790771484
8776908,2018,2019-01-30,3801,2018-12-13,0920,317,,4,5,7,3801,0,0,0,,0,3B15A,"4TH ST","BERRY ST",50.00,S,N,A,-,N,,,,,,,,,,N,3,0,1,3,A,-,06,21750,A,N,C,G,A,A,H,-,A,A,0,,Y,,,Y,,A,01,0,1,0,0,0,0,1,0,0,"- ","- ",,,"SAN FRANCISCO","SAN FRANCISCO",-122.39321899414062,37.775684356689453
8777108,2018,2019-01-25,3801,2018-12-01,0755,1477,MISSI,6,5,7,3801,0,0,0,,0,3D13A,"CAPP ST","22ND ST",0.00,,Y,B,-,N,,,,,,,,,,N,4,0,1,2,A,-,12,22450,A,F,D,G,A,B,-,-,A,A,0,,Y,,,Y,,A,01,0,0,1,0,0,0,1,0,0,"- ","- ",,,"SAN FRANCISCO","SAN FRANCISCO",-122.41766357421875,37.755531311035156
8777281,2018,2019-01-30,3801,2018-12-03,1953,1150,SOUTH,1,5,7,3801,0,0,0,,0,3B12D,"HOWARD ST",4TH,120.00,E,N,-,-,N,,,,,,,,,,N,4,0,1,2,A,-,21,22106,,F,B,G,A,A,H,-,D,A,0,,Y,,,Y,,A,01,0,0,1,0,0,0,1,0,0,"- ","- ",,,"SAN FRANCISCO","SAN FRANCISCO",-122.40240478515625,37.783500671386719
8777330,2018,2019-05-03,3801,2018-12-31,1742,717,CENTR,1,5,7,3801,0,0,0,,0,4CAR,"FRONT ST","PACIFIC AV",144.00,N,N,A,G,N,,,,,,,,,,N,3,0,1,2,A,-,01,23153,A,N,D,G,A,A,H,-,C,D,0,,Y,,,Y,Y,A,01,0,1,0,0,0,0,1,0,0,"- ","- ",,,"SAN FRANCISCO","SAN FRANCISCO",-122.39974212646484,37.798210144042969
8777347,2018,2019-01-29,3801,2018-12-28,1608,1427,TENDE,5,5,7,3801,0,0,0,,0,J15D,"ELLIS ST","TAYLOR ST",0.00,,Y,A,-,N,,,,,,,,,,N,3,0,1,2,A,-,05,21650,1,F,G,B,B,A,H,-,A,A,0,Y,Y,,,Y,,L,04,0,1,0,0,1,0,0,0,0,"- ","- ",37.785011291503906,-122.41123962402344,"SAN FRANCISCO","SAN FRANCISCO",-122.4111328125,37.785099029541016
8777352,2018,2019-01-29,3801,2018-12-07,1208,299,CENTR,5,5,7,3801,0,0,0,,0,3A12A,"MARKET ST","MONTGOMERY ST",0.00,,Y,A,-,N,,,,,,,,,,N,3,0,1,2,A,-,10,21950,A,N,G,B,B,A,H,-,A,A,0,Y,Y,,,Y,,L,04,0,1,0,0,1,0,0,0,0,"- ","- ",,,"SAN FRANCISCO","SAN FRANCISCO",-122.40199279785156,37.788768768310547
8777374,2018,2019-01-31,3801,2018-12-19,1242,1951,INGLE,3,5,7,3801,0,0,0,,0,3H13C,"MISSION ST","COLLEGE TER",0.00,,Y,A,-,N,,,,,,,,,,N,3,0,1,2,A,-,09,21801,B,N,D,G,A,A,H,-,A,D,0,,Y,,,Y,,L,04,0,1,0,0,0,0,1,0,0,"- ","- ",,,"SAN FRANCISCO","SAN FRANCISCO",-122.42578887939453,37.734279632568359
8777381,2018,2019-01-30,3801,2018-12-22,1820,2147,BAYVI,6,5,7,3801,0,0,0,,0,3C15D,"REVERE AV","INGALLS ST",0.00,,Y,A,-,N,,,,,,,,,,,3,0,1,3,A,-,05,21650,,F,B,G,A,A,H,-,C,D,0,,Y,,,Y,,A,01,0,1,0,0,0,0,1,0,0,"- ","- ",,,"SAN FRANCISCO","SAN FRANCISCO",-122.38455963134766,37.728488922119141
8777399,2018,2019-01-23,3801,2018-11-30,0952,4258,NORTH,5,5,7,3801,0,0,0,,0,4CAR,"PIERCE ST","BUSH ST",0.00,,Y,A,-,N,,,,,,,,,,N,4,0,1,2,A,-,09,21801,A,N,D,G,A,A,H,-,A,A,0,,Y,,,Y,,A,01,0,0,1,0,0,0,1,0,0,"- ","- ",,,"SAN FRANCISCO","SAN FRANCISCO",-122.43675231933594,37.786609649658203
8777428,2018,2019-01-19,3801,2018-12-18,0736,326,MISSI,2,5,7,3801,0,0,0,,0,3D16A,"14TH ST","SHOTWELL ST",0.00,E,N,A,-,N,,,,,,,,,,N,4,0,1,2,A,-,08,22107,,M,B,G,A,A,H,-,A,D,0,,Y,,,Y,,A,01,0,0,1,0,0,0,1,0,0,"- ","- ",,,"SAN FRANCISCO","SAN FRANCISCO",-122.41670989990234,37.768478393554688
8777470,2018,2019-01-29,3801,2018-12-27,0909,2339,PARK,4,5,7,3801,0,0,0,,0,3F13A,"LAGUNA HONDA","DEWEY BL",0.00,,Y,A,-,N,,,,,,,,,,N,3,0,1,2,A,-,08,22107,,N,D,G,A,A,H,-,A,D,0,,Y,,,Y,,L,04,0,1,0,0,0,0,1,0,0,"- ","- ",,,"SAN FRANCISCO","SAN FRANCISCO",-122.45919036865234,37.747268676757812
8803818,2019,2019-02-27,3801,2019-01-12,2220,4035,MISSI,6,5,7,3801,0,0,0,,0,3D15E,"14TH ST","VALENCIA ST",0.00,,Y,A,-,N,,,,,,,,,,N,4,0,1,2,A,-,12,21453,A,N,A,G,A,A,H,-,C,A,0,,Y,,,Y,,L,04,0,0,1,0,0,0,1,0,0,"- ","- ",,,"SAN FRANCISCO","SAN FRANCISCO",-122.42218017578125,37.768150329589844
8803863,2019,2019-02-27,3801,2019-01-25,2100,182,BAYVI,5,5,7,3801,0,0,0,,0,3C12D,"BAYSHORE BL","MARIN ST",0.00,,Y,A,-,N,,,,,,,,,,N,2,0,1,2,A,-,03,22350,,F,A,G,A,A,H,-,C,A,0,,Y,,,Y,,A,01,1,0,0,0,0,0,1,0,0,"- ","- ",,,"SAN FRANCISCO","SAN FRANCISCO",-122.40351867675781,37.748119354248047
8803867,2019,2019-03-12,3801,2019-01-24,2032,A21521,SOUTH,4,5,7,3801,0,0,0,,0,0B5,"4TH ST",LONGBRIDGE,60.00,N,N,A,-,N,,,,,,,,,,N,3,0,1,2,A,-,09,21804,A,N,B,G,A,A,H,-,C,D,0,,Y,,,Y,,A,01,0,1,0,0,0,0,1,0,0,"- ","- ",,,"SAN FRANCISCO","SAN FRANCISCO",-122.39147186279297,37.7738037109375
8803869,2019,2019-02-28,3801,2019-01-18,1254,2132,MISSI,5,5,7,3801,0,0,0,,0,3D2C,"MARKET ST","15TH ST",0.00,,Y,A,-,N,,,,,,,,,,N,3,0,1,2,A,-,09,21801,A,N,A,G,A,A,H,-,A,A,0,,Y,,,Y,,A,01,0,1,0,0,0,0,1,0,0,"- ","- ",,,"SAN FRANCISCO","SAN FRANCISCO",-122.43100738525391,37.765979766845703
8804181,2018,2019-02-28,3801,2018-12-06,1410,917,TRAFF,4,5,7,3801,0,0,0,,0,4B4E,"HOWARD ST","3RD ST",30.00,E,N,A,-,N,,,,,,,,,,N,4,0,1,2,A,-,03,22350,,N,C,G,A,A,H,-,A,D,0,,Y,,,Y,,A,01,0,0,1,0,0,0,1,0,0,"- ","- ",,,"SAN FRANCISCO","SAN FRANCISCO",-122.40042877197266,37.785068511962891
8808120,2019,2019-05-01,3801,2019-03-08,0819,73,SOUTH,5,5,7,3801,0,0,0,,0,4B1D,"HOWARD ST","6TH ST",79.00,E,N,B,-,N,,,,,,,,,,Y,1,1,0,3,A,-,17,22517,,N,B,G,A,A,H,-,A,D,0,,Y,,Y,Y,,A,01,0,0,0,0,0,1,0,0,0,"- ","- ",,,"SAN FRANCISCO","SAN FRANCISCO",-122.40694427490234,37.779903411865234
8809489,2019,2019-03-27,3801,2019-02-27,0903,2191,NORTH,3,5,7,3801,0,0,0,,0,3E77,"FULTON ST","BUCHANAN ST",0.00,,Y,A,-,N,,,,,,,,,,N,4,0,1,2,A,-,17,22517,,N,D,G,A,A,H,-,A,D,0,,Y,,,Y,,J,48,0,0,1,0,0,0,1,0,0,"- ","- ",,,"SAN FRANCISCO","SAN FRANCISCO",-122.42838287353516,37.778110504150391
8809503,2019,2019-03-27,3801,2019-02-05,1510,1639,TRAFF,2,5,7,3801,0,0,0,,0,SOUTHE,"TERRY A FRANCOIS BL","CHINA BASIN ST",176.00,N,N,A,-,N,,,,,,,,,,N,4,0,1,2,A,-,"- ",,I,N,D,G,A,A,H,-,A,D,0,,Y,,,Y,,L,04,0,0,1,0,0,0,1,0,0,"- ","- ",,,"SAN FRANCISCO","SAN FRANCISCO",-122.38713073730469,37.772647857666016
8813945,2019,2019-03-06,3801,2019-01-03,1757,312,TARAV,4,5,7,3801,0,0,0,,0,003,"GREAT HWY","SLOAT BL",0.00,,Y,A,-,N,,,,,,,,,,N,4,0,1,2,A,-,05,21650,1,N,D,G,A,A,H,-,D,A,0,,Y,,,Y,,L,04,0,0,1,0,0,0,1,0,0,"- ","- ",,,"SAN FRANCISCO","SAN FRANCISCO",-122.50682067871094,37.735549926757812
8817689,2019,2019-03-20,3801,2019-02-02,1939,781,PARK,6,5,7,3801,0,0,0,,0,0F3,"TURK BL","STANYAN ST",0.00,,Y,C,-,N,,,,,,,,,,N,3,0,1,2,A,-,17,22517,,N,B,G,A,B,H,-,C,A,0,,Y,,,Y,,A,01,0,1,0,0,0,0,1,0,0,"- ","- ",,,"SAN FRANCISCO","SAN FRANCISCO",-122.45523071289062,37.777591705322266