CASE_ID,ACCIDENT_YEAR,PROC_DATE,JURIS,COLLISION_DATE,COLLISION_TIME,OFFICER_ID,REPORTING_DISTRICT,DAY_OF_WEEK,CHP_SHIFT,POPULATION,CNTY_CITY_LOC,SPECIAL_COND,BEAT_TYPE,CHP_BEAT_TYPE,CITY_DIVISION_LAPD,CHP_BEAT_CLASS,BEAT_NUMBER,PRIMARY_RD,SECONDARY_RD,DISTANCE,DIRECTION,INTERSECTION,WEATHER_1,WEATHER_2,STATE_HWY_IND,CALTRANS_COUNTY,CALTRANS_DISTRICT,STATE_ROUTE,ROUTE_SUFFIX,POSTMILE_PREFIX,POSTMILE,LOCATION_TYPE,RAMP_INTERSECTION,SIDE_OF_HWY,TOW_AWAY,COLLISION_SEVERITY,NUMBER_KILLED,NUMBER_INJURED,PARTY_COUNT,PRIMARY_COLL_FACTOR,PCF_CODE_OF_VIOL,PCF_VIOL_CATEGORY,PCF_VIOLATION,PCF_VIOL_SUBSECTION,HIT_AND_RUN,TYPE_OF_COLLISION,MVIW,PED_ACTION,ROAD_SURFACE,ROAD_COND_1,ROAD_COND_2,LIGHTING,CONTROL_DEVICE,CHP_ROAD_TYPE,PEDESTRIAN_ACCIDENT,BICYCLE_ACCIDENT,MOTORCYCLE_ACCIDENT,TRUCK_ACCIDENT,NOT_PRIVATE_PROPERTY,ALCOHOL_INVOLVED,STWD_VEHTYPE_AT_FAULT,CHP_VEHTYPE_AT_FAULT,COUNT_SEVERE_INJ,COUNT_VISIBLE_INJ,COUNT_COMPLAINT_PAIN,COUNT_PED_KILLED,COUNT_PED_INJURED,COUNT_BICYCLIST_KILLED,COUNT_BICYCLIST_INJURED,COUNT_MC_KILLED,COUNT_MC_INJURED,PRIMARY_RAMP,SECONDARY_RAMP,LATITUDE,LONGITUDE,COUNTY,CITY,POINT_X,POINT_Y
8817696,2019,2019-03-18,3801,2019-02-19,1949,1601,PARK,2,5,7,3801,0,0,0,,0,3F44B,"NANCY PELOSI DR","BOWLING GREEN DR",39.00,W,N,A,-,N,,,,,,,,,,N,3,0,2,2,A,-,11,21950,B,N,G,-,D,A,H,-,C,D,0,Y,Y,,,Y,,N,60,0,2,0,0,1,0,1,0,0,"- ","- ",,,"SAN FRANCISCO","SAN FRANCISCO",-122.46045684814453,37.770362854003906
8817703,2019,2019-03-20,3801,2019-02-11,2151,1300,SOUTH,1,5,7,3801,0,0,0,,0,3B13E,"MISSION ST","7TH ST",0.00,,Y,-,-,N,,,,,,,,,,N,2,0,1,2,A,-,17,21200,,F,D,-,A,A,H,-,C,A,0,,Y,,,Y,,L,04,1,0,0,0,0,0,1,0,0,"- ","- ",,,"SAN FRANCISCO","SAN FRANCISCO",-122.41089630126953,37.779209136962891
8817756,2019,2019-03-19,3801,2019-02-12,1000,97,3F13A,2,5,7,3801,0,0,0,,0,PARK,"STANYAN BL","TURK BL",0.00,,Y,B,-,N,,,,,,,,,,N,4,0,1,2,A,-,08,22107,,N,D,G,A,A,H,-,A,A,0,,Y,,,Y,,A,01,0,0,1,0,0,0,1,0,0,"- ","- ",,,"SAN FRANCISCO","SAN FRANCISCO",-122.45523071289062,37.777591705322266
8817772,2019,2019-03-20,3801,2019-02-01,1422,365,CENTR,5,5,7,3801,0,0,0,,0,"2 CAR","SUTTER ST","HARRISON ST",0.00,,Y,C,-,N,,,,,,,,,,N,4,0,1,2,A,-,06,21755,A,N,B,G,A,B,H,-,A,A,0,,Y,,,Y,Y,L,04,0,0,1,0,0,0,1,0,0,"- ","- ",,,"SAN FRANCISCO","SAN FRANCISCO",,
8817829,2019,2019-03-20,3801,2019-02-14,2219,1357,SOUTH,4,5,7,3801,0,0,0,,0,0B3,"8TH ST","FOLSOM ST",0.00,,Y,C,-,N,,,,,,,,,,N,4,0,1,2,A,-,05,21650,1,N,D,G,A,B,H,-,C,A,0,,Y,,,Y,,L,04,0,0,1,0,0,0,1,0,0,"- ","- ",,,"SAN FRANCISCO","SAN FRANCISCO",-122.41004943847656,37.774990081787109
8817866,2019,2019-03-18,3801,2019-02-19,1738,2228,CENTR,2,5,7,3801,0,0,0,,0,3A11D,"GRANT AV","SUTTER ST",55.00,S,N,A,-,N,,,,,,,,,,N,4,0,1,2,A,-,17,22517,,N,B,G,A,A,H,-,C,A,0,,Y,,,Y,,A,01,0,0,1,0,0,0,0,0,0,"- ","- ",,,"SAN FRANCISCO","SAN FRANCISCO",-122.40535736083984,37.78948974609375
8820315,2019,2019-03-22,3801,2019-01-09,1746,260,SOUTH,3,5,7,3801,0,0,0,,0,3B14D,"VALENCIA ST","DUBOCE AV",115.00,N,N,B,-,N,,,,,,,,,,N,4,0,1,2,A,-,08,22102,,N,B,G,A,A,H,-,C,D,0,,Y,,,Y,,A,01,0,0,1,0,0,0,1,0,0,"- ","- ",,,"SAN FRANCISCO","SAN FRANCISCO",-122.42238616943359,37.770183563232422
8845460,2019,2019-04-30,3801,2019-03-22,1930,2008,MISSI,5,5,7,3801,0,0,0,,0,3D11D,"16TH ST","CHURCH ST",71.00,W,N,C,-,N,,,,,,,,,,N,4,0,1,2,A,-,05,21460,,N,A,G,A,B,H,-,-,D,0,,Y,,,Y,,L,04,0,0,1,0,0,0,1,0,0,"- ","- ",,,"SAN FRANCISCO","SAN FRANCISCO",-122.42889404296875,37.764484405517578
8845466,2019,2019-04-30,3801,2019-03-07,0836,1371,SOUTH,4,5,7,3801,0,0,0,,0,3B12B,"MARKET ST","OCTAVIA ST",0.00,,Y,A,-,N,,,,,,,,,,N,4,0,1,2,A,-,08,22101,C,N,D,G,A,A,H,-,A,A,0,,Y,,,Y,,A,01,0,0,1,0,0,0,1,0,0,"- ","- ",,,"SAN FRANCISCO","SAN FRANCISCO",-122.42359161376953,37.771778106689453
8845474,2019,2019-04-29,3801,2019-03-23,1050,1796,RICHM,6,5,7,3801,0,0,0,,0,3G4A,ARGUELLO,"FULTON ST",0.00,,Y,A,-,N,,,,,,,,,,N,4,0,1,2,A,-,09,21801,A,N,A,G,A,A,H,-,A,A,0,,Y,,,Y,,-,,0,0,1,0,0,0,1,0,0,"- ","- ",,,"SAN FRANCISCO","SAN FRANCISCO",-122.45835113525391,37.774288177490234
8845482,2019,2019-04-30,3801,2019-03-26,0958,1300,SOUTH,2,5,7,3801,0,0,0,,0,3B13B,"FOLSOM ST","LANGTON ST",47.00,E,N,A,-,N,,,,,,,,,,N,4,0,1,2,A,-,08,22107,,N,D,G,A,A,H,-,A,D,0,,Y,,,Y,,A,01,0,0,1,0,0,0,1,0,0,"- ","- ",,,"SAN FRANCISCO","SAN FRANCISCO",-122.40828704833984,37.776412963867188
8845506,2019,2019-04-30,3801,2019-03-23,2221,628,RICHM,6,5,7,3801,0,0,0,,0,0G4,"FULTON ST","22ND AV",0.00,,Y,A,-,N,,,,,,,,,,N,4,0,1,2,A,-,05,21202,A,N,A,G,A,A,H,-,C,A,0,,Y,,,Y,,L,04,0,0,1,0,0,0,1,0,0,"- ","- ",,,"SAN FRANCISCO","SAN FRANCISCO",-122.48098754882812,37.772708892822266
8845685,2019,2019-05-02,3801,2019-03-19,1833,2008,MISSI,2,5,7,3801,0,0,0,,0,3D12D,"16TH ST","S VAN NESS AV",0.00,,Y,A,-,N,,,,,,,,,,N,3,0,1,2,A,-,06,21750,A,F,B,G,A,A,H,-,A,A,0,,Y,,,Y,,A,01,0,1,0,0,0,0,1,0,0,"- ","- ",,,"SAN FRANCISCO","SAN FRANCISCO",-122.41748809814453,37.765178680419922
8845733,2019,2019-05-11,3801,2019-03-05,1621,1436,COD,2,5,7,3801,0,0,0,,0,3D6D,"VALENCIA ST","18TH ST",269.00,S,N,B,C,N,,,,,,,,,,N,4,0,1,3,A,-,17,22517,,N,A,G,E,B,H,-,A,D,0,Y,Y,,,Y,,N,60,0,0,1,0,0,0,1,0,0,"- ","- ",,,"SAN FRANCISCO","SAN FRANCISCO",-122.42148590087891,37.760974884033203
8845749,2019,2019-05-01,3801,2019-03-19,1059,1520,TENDE,2,5,7,3801,0,0,0,,0,003,"LARKIN ST","MCALLISTER ST",0.00,,Y,A,-,N,,,,,,,,,,Y,3,0,1,2,A,-,00,21954,,F,H,G,A,A,H,-,A,A,0,,Y,,,Y,Y,A,01,0,1,0,0,0,0,1,0,0,"- ","- ",,,"SAN FRANCISCO","SAN FRANCISCO",-122.41693878173828,37.780498504638672
8845767,2019,2019-05-02,3801,2019-03-15,1803,459,RICHM,5,5,7,3801,0,0,0,,0,3G12D,"BALBOA ST","2ND AV",0.00,,Y,A,-,N,,,,,,,,,,N,3,0,1,2,A,-,09,21801,A,N,D,G,A,A,H,-,B,D,0,,Y,,,Y,,A,01,0,1,0,0,0,0,1,0,0,"- ","- ",,,"SAN FRANCISCO","SAN FRANCISCO",-122.45973968505859,37.777431488037109
8845797,2019,2019-05-01,3801,2019-03-01,1838,4020,MISSI,5,5,7,3801,0,0,0,,0,3D16C,"SANCHEZ ST","16TH ST",0.00,,Y,A,-,N,,,,,,,,,,N,4,0,1,2,A,-,12,21453,A,N,D,G,A,A,H,-,C,A,0,,Y,,,Y,,L,04,0,0,1,0,0,0,1,0,0,"- ","- ",,,"SAN FRANCISCO","SAN FRANCISCO",-122.43087768554688,37.764358520507812
8845801,2019,2019-05-01,3801,2019-03-04,2053,1150,SOUTH,1,5,7,3801,0,0,0,,0,3B11D,"MISSION ST","3RD ST",0.00,,Y,A,-,N,,,,,,,,,,N,3,0,1,2,A,-,06,21750,,N,D,G,A,A,H,-,C,A,0,,Y,,,Y,,L,04,0,1,0,0,0,0,1,0,0,"- ","- ",,,"SAN FRANCISCO","SAN FRANCISCO",-122.40200042724609,37.786270141601562
8845812,2019,2019-04-30,3801,2019-03-30,1155,400,INGLE,6,5,7,3801,0,0,0,,0,COH,"MISSION ST","CORTLAND AV",0.00,,Y,A,-,N,,,,,,,,,,N,3,0,1,2,A,-,03,22350,,N,B,E,A,A,H,-,A,A,0,,Y,,,Y,,L,04,0,1,0,0,0,0,1,0,0,"- ","- ",,,"SAN FRANCISCO","SAN FRANCISCO",-122.42283630371094,37.741008758544922
8845813,2019,2019-05-01,3801,2019-03-05,1630,1249,MISSI,2,5,7,3801,0,0,0,,0,3D11D,"BRYANT ST","20TH ST",205.00,N,N,C,-,N,,,,,,,,,,N,3,0,1,2,A,-,08,22107,,F,B,G,A,B,H,-,A,D,0,,Y,,,Y,,-,99,0,1,0,0,0,0,1,0,0,"- ","- ",,,"SAN FRANCISCO","SAN FRANCISCO",-122.40994262695312,37.759754180908203
8845823,2019,2019-05-02,3801,2019-03-08,1200,1066,MISSI,5,5,7,3801,0,0,0,,0,D11A,"VALENCIA ST","BROSNAN ST",0.00,,Y,A,-,N,,,,,,,,,,N,2,0,1,2,A,-,09,21803,A,N,H,-,A,A,H,-,A,D,0,,Y,,,Y,,A,07,1,0,0,0,0,0,1,0,0,"- ","- ",,,"SAN FRANCISCO","SAN FRANCISCO",-122.42224884033203,37.768768310546875
8846920,2019,2019-08-26,3801,2019-04-04,1008,1371,SOUTH,4,5,7,3801,0,0,0,,0,3B14A,"MARKET ST","OCTAVIA ST",0.00,,Y,A,-,Y,SF,4,101,-,M,5.450,I,5,S,N,4,0,1,2,A,-,08,22101,D,N,D,G,A,A,H,-,A,A,0,,Y,,,Y,,A,01,0,0,1,0,0,0,1,0,0,"- ","- ",,,"SAN FRANCISCO","SAN FRANCISCO",-122.4234619140625,37.771865844726562
8852993,2019,2019-05-31,3801,2019-03-12,0739,4333,NORTH,2,5,7,3801,0,0,0,,0,3E12A,"PAGE ST","BUCHANAN ST",0.00,,Y,A,-,N,,,,,,,,,,N,4,0,1,2,A,-,12,22450,A,N,D,G,A,A,H,-,A,A,0,,Y,,,Y,,-,"- ",0,0,1,0,0,0,1,0,0,"- ","- ",,,"SAN FRANCISCO","SAN FRANCISCO",-122.42735290527344,37.773448944091797
8853045,2019,2019-05-02,3801,2019-03-10,1156,1912,TENDE,7,5,7,3801,0,0,0,,0,3J12E,"4TH ST","STEVENSON ST",0.00,,Y,B,-,N,,,,,,,,,,N,2,0,1,2,A,-,03,22350,,N,F,-,A,A,H,-,A,D,0,,Y,,,Y,,L,04,1,0,0,0,0,0,1,0,0,"- ","- ",,,"SAN FRANCISCO","SAN FRANCISCO",-122.40518951416016,37.785289764404297
8857780,2019,2019-05-20,3801,2019-04-23,1010,1572,SOUTH,2,5,7,3801,0,0,0,,0,3B1A,"THE EMBARCADERO","HARRISON ST",0.00,,Y,A,-,N,,,,,,,,,,N,4,0,1,2,A,-,08,22107,,N,B,G,A,A,H,-,A,A,0,,Y,,,Y,,-,,0,0,1,0,0,0,1,0,0,"- ","- ",,,"SAN FRANCISCO","SAN FRANCISCO",-122.38861083984375,37.789501190185547
8857795,2019,2019-06-05,3801,2019-04-26,1939,1352,,5,5,7,3801,0,0,0,,0,1CAR,"MARKET ST","GOLDEN GATE AV",0.00,,Y,A,-,N,,,,,,,,,,,4,0,1,2,A,-,11,21955,,N,H,-,D,A,H,-,A,D,0,Y,Y,,,Y,,N,60,0,0,1,0,1,0,0,0,0,"- ","- ",,,"SAN FRANCISCO","SAN FRANCISCO",-122.41030120849609,37.782238006591797
8857811,2019,2019-05-22,3801,2019-04-24,1206,317,SOUTH,3,5,7,3801,0,0,0,,0,3B13A,"8TH ST","NATOMA ST",0.00,,Y,A,-,N,,,,,,,,,,,4,0,1,2,A,-,12,21453,A,N,D,G,A,A,H,-,A,A,0,,Y,,,Y,,L,04,0,0,1,0,0,0,1,0,0,"- ","- ",,,"SAN FRANCISCO","SAN FRANCISCO",-122.41213226318359,37.776660919189453
8857815,2019,2019-05-22,3801,2019-04-24,1114,998,NORTH,3,5,7,3801,0,0,0,,0,003,"POLK ST","WILLOW ST",0.00,,Y,A,-,N,,,,,,,,,,N,4,0,2,2,A,-,03,22350,,N,D,G,A,A,H,-,A,A,0,,Y,Y,,Y,,C,02,0,0,2,0,0,0,1,0,1,"- ","- ",,,"SAN FRANCISCO","SAN FRANCISCO",-122.41925811767578,37.783561706542969
8857820,2019,2019-05-21,3801,2019-04-19,1820,4020,MISSI,5,5,7,3801,0,0,0,,0,3D61,"14TH ST","JULIAN ST",0.00,,Y,A,-,N,,,,,,,,,,N,3,0,1,2,A,-,08,22107,,N,D,G,A,A,H,-,A,D,0,,Y,,,Y,,A,01,0,1,0,0,0,0,1,0,0,"- ","- ",,,"SAN FRANCISCO","SAN FRANCISCO",-122.42121124267578,37.768211364746094
8857824,2019,2019-05-21,3801,2019-04-19,1801,1453,CENTR,5,5,7,3801,0,0,0,,0,,"THE EMBARCADERO",BROADWAY,0.00,,Y,A,G,N,,,,,,,,,,N,4,0,1,2,A,-,08,22107,,N,D,G,A,A,H,-,A,A,0,,Y,,,Y,,A,01,0,0,1,0,0,0,1,0,0,"- ","- ",,,"SAN FRANCISCO","SAN FRANCISCO",-122.39775848388672,37.799179077148438
8857835,2019,2019-05-22,3801,2019-04-18,1819,386,MISSI,4,5,7,3801,0,0,0,,0,,"VALENCIA ST","15TH ST",21.00,S,N,A,-,N,,,,,,,,,,N,3,0,1,2,A,-,08,22107,,N,B,G,A,A,H,-,A,A,0,,Y,,,Y,,A,01,0,1,0,0,0,0,1,0,0,"- ","- ",,,"SAN FRANCISCO","SAN FRANCISCO",-122.42202758789062,37.766471862792969
8857891,2019,2019-05-22,3801,2019-04-02,1845,1414,INGLE,2,5,7,3801,0,0,0,,0,3H11D,"CESAR CHAVEZ ST","VALENCIA ST",50.00,E,N,B,-,N,,,,,,,,,,N,4,0,1,2,A,-,17,22517,,N,B,G,A,A,H,-,A,A,0,,Y,,,Y,,A,01,0,0,1,0,0,0,1,0,0,"- ","- ",,,"SAN FRANCISCO","SAN FRANCISCO",-122.42007446289062,37.748123168945312
8857895,2019,2019-05-23,3801,2019-04-02,1826,738,NORTH,2,5,7,3801,0,0,0,,0,3E15D,"POLK ST","CHESTNUT ST",44.00,N,N,A,-,N,,,,,,,,,,N,4,0,1,2,A,-,17,22517,,N,H,G,A,A,H,-,A,A,0,,Y,,,Y,,A,01,0,0,1,0,0,0,1,0,0,"- ","- ",,,"SAN FRANCISCO","SAN FRANCISCO",-122.42310333251953,37.802608489990234
8857915,2019,2019-05-23,3801,2019-04-02,0705,416,BAYVI,2,5,7,3801,0,0,0,,0,0C2,"JEROLD AV","MILTON I ROSS LN",21.00,W,N,C,-,N,,,,,,,,,,N,4,0,1,2,A,-,05,21651,A,N,B,G,A,B,H,-,A,A,0,,Y,,,Y,,L,04,0,0,1,0,0,0,1,0,0,"- ","- ",,,"SAN FRANCISCO","SAN FRANCISCO",-122.39846801757812,37.743816375732422
8857978,2019,2019-05-21,3801,2019-04-22,1911,564,TARAV,1,5,7,3801,0,0,0,,0,3I13D,"35TH AV","IRVING ST",0.00,,Y,A,-,N,,,,,,,,,,N,3,0,1,2,A,-,09,21804,A,N,D,G,A,A,H,-,A,A,0,,Y,,,Y,,L,04,0,1,0,0,0,0,1,0,0,"- ","- ",,,"SAN FRANCISCO","SAN FRANCISCO",-122.49427032470703,37.762798309326172
8857984,2019,2019-05-21,3801,2019-04-13,1030,190,SOUTH,6,5,7,3801,0,0,0,,0,3B40,"HARRIET ST","HARRISON ST",0.00,,Y,A,-,N,,,,,,,,,,N,4,0,1,2,A,-,12,22450,A,F,D,G,A,A,H,-,A,A,0,,Y,,,Y,,A,01,0,0,1,0,0,0,1,0,0,"- ","- ",,,"SAN FRANCISCO","SAN FRANCISCO",-122.40464019775391,37.776859283447266
8858000,2019,2019-06-11,3801,2019-04-22,1810,1177,TENDE,1,5,7,3801,0,0,0,,0,3J13D,"MARKET ST","9TH ST",20.00,W,N,A,-,N,,,,,,,,,,N,4,0,1,2,A,-,21,22106,,F,C,G,A,A,H,-,A,-,0,,Y,,,Y,,A,01,0,0,1,0,0,0,1,0,0,"- ","- ",,,"SAN FRANCISCO","SAN FRANCISCO",-122.4163818359375,37.777462005615234
8858013,2019,2019-05-21,3801,2019-04-16,0823,76,TRAFF,2,5,7,3801,0,0,0,,0,,"7TH ST","BERRY ST",7.00,S,N,A,-,N,,,,,,,,,,N,2,0,1,2,A,-,05,21460,A,N,A,G,A,A,-,-,A,-,0,,Y,,,Y,,L,04,1,0,0,0,0,0,1,0,0,"- ","- ",,,"SAN FRANCISCO","SAN FRANCISCO",-122.4000244140625,37.770465850830078
8858022,2019,2019-06-06,3801,2019-04-10,1030,2455,CENTR,3,5,7,3801,0,0,0,,0,3A4A,"VALENCIA ST","17TH ST",0.00,,Y,A,-,N,,,,,,,,,,N,4,0,1,2,C,-,18,,,N,E,G,A,-,-,-,A,-,0,,Y,,,Y,,-,"- ",0,0,1,0,0,0,1,0,0,"- ","- ",,,"SAN FRANCISCO","SAN FRANCISCO",-122.42173767089844,37.763298034667969
8858025,2019,2019-06-13,3801,2019-04-26,0900,1147,SOUTH,5,5,7,3801,0,0,0,,0,3B2A,"10TH ST","MISSION ST",15.00,N,N,A,-,N,,,,,,,,,,N,3,0,1,2,C,-,18,,,N,H,G,A,A,H,-,A,A,0,,Y,,,Y,,-,"- ",0,1,0,0,0,0,1,0,0,"- ","- ",,,"SAN FRANCISCO","SAN FRANCISCO",-122.41594696044922,37.775310516357422
8858026,2019,2019-05-21,3801,2019-04-10,0829,1300,SOUTH,3,5,7,3801,0,0,0,,0,3B14B,"MARKET ST","OCTAVIA ST",0.00,,Y,A,-,N,,,,,,,,,,N,3,0,1,2,A,-,08,22101,D,N,D,G,A,A,H,-,A,A,0,,Y,,,Y,,A,01,0,1,0,0,0,0,1,0,0,"- ","- ",,,"SAN FRANCISCO","SAN FRANCISCO",-122.42359161376953,37.771778106689453
8858074,2019,2019-05-21,3801,2019-04-08,1722,32,NORTH,1,5,7,3801,0,0,0,,0,004,BROADWAY,"BUCHANAN ST",187.00,E,N,C,-,N,,,,,,,,,,N,4,0,1,2,A,-,03,22350,,F,C,G,A,B,H,-,A,D,0,,Y,,,Y,,A,01,0,0,1,0,0,0,1,0,0,"- ","- ",,,"SAN FRANCISCO","SAN FRANCISCO",-122.43096923828125,37.794761657714844
8858130,2019,2019-05-24,3801,2019-04-07,1723,4187,MISSI,7,5,7,3801,0,0,0,,0,3D15D,"VALENCIA ST","14TH ST",9.00,N,N,A,-,N,,,,,,,,,,N,4,0,1,2,A,-,12,21453,A,N,G,B,B,A,H,-,A,A,0,Y,Y,,,Y,,L,04,0,0,1,0,1,0,0,0,0,"- ","- ",,,"SAN FRANCISCO","SAN FRANCISCO",-122.42218017578125,37.768173217773438
8858146,2019,2019-05-24,3801,2019-04-05,1935,1909,NORTH,5,5,7,3801,0,0,0,,0,,"OAK ST","SCOTT ST",75.00,W,N,A,-,N,,,,,,,,,,N,2,0,1,2,A,-,07,21658,A,N,D,G,A,A,H,-,B,D,0,,Y,,,Y,,A,01,1,0,0,0,0,0,1,0,0,"- ","- ",,,"SAN FRANCISCO","SAN FRANCISCO",-122.43602752685547,37.773300170898438
8862439,2019,2019-05-28,3801,2019-04-15,1653,2078,MISSI,1,5,7,3801,0,0,0,,0,3D5D,"MISSION ST","14TH ST",0.00,,Y,B,C,N,,,,,,,,,,N,4,0,1,2,A,-,05,21202,A,N,B,G,A,B,H,-,A,A,0,,Y,,,Y,,L,04,0,0,1,0,0,0,1,0,0,"- ","- ",,,"SAN FRANCISCO","SAN FRANCISCO",-122.41996765136719,37.768291473388672
8863789,2019,2019-05-22,3801,2019-04-04,1052,217,CENTR,4,5,7,3801,0,0,0,,0,3A1,"POST ST","MASON ST",0.00,,Y,A,-,N,,,,,,,,,,N,4,0,1,1,A,-,03,22350,,N,H,-,A,A,A,-,A,A,0,,Y,,,Y,,L,04,0,0,1,0,0,0,1,0,0,"- ","- ",,,"SAN FRANCISCO","SAN FRANCISCO",-122.41002655029297,37.788051605224609
8875595,2019,2019-06-25,3801,2019-05-03,0655,2376,SOUTH,5,5,7,3801,0,0,0,,0,3B2A,"2ND ST","TOWNSEND ST",0.00,,Y,A,-,N,,,,,,,,,,,4,0,1,2,A,-,04,21703,,N,C,G,A,A,H,-,B,A,0,,Y,,,Y,,-,"- ",0,0,1,0,0,0,1,0,0,"- ","- ",,,"SAN FRANCISCO","SAN FRANCISCO",-122.39051818847656,37.780620574951172
8878194,2019,2019-06-24,3801,2019-05-03,1500,1447,TENDE,5,5,7,3801,0,0,0,,0,3J11D,"MARKET ST","10TH ST",0.00,,Y,A,-,N,,,,,,,,,,N,3,0,1,2,A,-,08,22107,,N,H,G,A,A,H,-,A,A,0,,Y,,,Y,,L,04,0,1,0,0,0,0,1,0,0,"- ","- ",,,"SAN FRANCISCO","SAN FRANCISCO",-122.41752624511719,37.776531219482422
8878223,2019,2019-06-24,3801,2019-05-22,1614,629,SOUTH,3,5,7,3801,0,0,0,,0,3B44,"3RD ST","BERRY ST",0.00,,Y,A,-,N,,,,,,,,,,N,4,0,1,2,A,-,05,21650,1,N,D,G,A,A,H,-,A,A,0,,Y,,,Y,,L,04,0,0,1,0,0,0,1,0,0,"- ","- ",,,"SAN FRANCISCO","SAN FRANCISCO",-122.39111328125,37.777530670166016
8878481,2019,2019-06-19,3801,2019-05-01,0613,893,INGLE,3,5,7,3801,0,0,0,,0,3H11A,"GENEVA AV","MISSION ST",55.00,W,N,A,-,N,,,,,,,,,,N,4,0,1,2,A,-,06,21755,A,N,B,G,A,A,H,-,A,D,0,,Y,,,Y,,L,04,0,0,1,0,0,0,1,0,0,"- ","- ",,,"SAN FRANCISCO","SAN FRANCISCO",-122.44107055664062,37.716529846191406
8878510,2019,2019-06-19,3801,2019-05-04,1639,2050,NORTH,6,5,7,3801,0,0,0,,0,901,"GOUGH ST","MCALLISTER ST",0.00,,Y,A,-,N,,,,,,,,,,N,4,0,1,2,D,-,00,,,N,-,G,A,A,H,-,A,A,0,,Y,,,Y,,-,"- ",0,0,1,0,0,0,1,0,0,"- ","- ",,,"SAN FRANCISCO","SAN FRANCISCO",-122.42353820800781,37.779670715332031
8878611,2019,2019-06-25,3801,2019-05-09,0816,859,TENDE,4,5,7,3801,0,0,0,,0,3J12A,"MARKET ST","11TH ST",0.00,,Y,B,-,N,,,,,,,,,,N,3,0,1,1,A,-,"- ",,,N,-,J,A,A,H,-,A,D,0,,Y,,,Y,,L,04,0,1,0,0,0,0,1,0,0,"- ","- ",,,"SAN FRANCISCO","SAN FRANCISCO",-122.418701171875,37.775600433349609
8878619,2019,2019-06-20,3801,2019-05-07,1820,2132,MISSI,2,5,7,3801,0,0,0,,0,3D60,"GOUGH ST","IVY ST",0.00,,Y,A,-,N,,,,,,,,,,N,4,0,1,2,A,-,17,22517,,N,H,G,A,A,H,-,A,A,0,,Y,,,Y,,A,01,0,0,1,0,0,0,1,0,0,"- ","- ",,,"SAN FRANCISCO","SAN FRANCISCO",-122.42305755615234,37.777339935302734
8878656,2019,2019-06-19,3801,2019-05-16,1653,564,TARAV,4,5,7,3801,0,0,0,,0,3I13D,"37TH AV","ORTEGA ST",0.00,,Y,A,C,N,,,,,,,,,,N,3,0,1,2,A,-,12,22450,,N,D,G,A,B,H,-,A,A,0,,Y,,,Y,,L,04,0,1,0,0,0,0,1,0,0,"- ","- ",,,"SAN FRANCISCO","SAN FRANCISCO",-122.49562835693359,37.751510620117188
8878666,2019,2019-06-19,3801,2019-05-12,1334,318,MISSI,7,5,7,3801,0,0,0,,0,004,"VALENCIA ST","24TH ST",70.00,N,N,B,-,N,,,,,,,,,,N,3,0,1,2,A,-,03,22350,,N,C,G,A,A,H,-,A,A,0,,Y,,,Y,Y,L,04,0,1,0,0,0,0,1,0,0,"- ","- ",,,"SAN FRANCISCO","SAN FRANCISCO",-122.42066955566406,37.752300262451172
8878667,2019,2019-06-19,3801,2019-05-31,1017,2395,MISSI,5,5,7,3801,0,0,0,,0,004,"24TH ST",HARRISON,80.00,E,N,A,-,N,,,,,,,,,,N,4,0,1,2,D,-,00,,,M,B,G,A,A,H,-,A,D,0,,Y,,,Y,,-,"- ",0,0,1,0,0,0,0,0,0,"- ","- ",,,"SAN FRANCISCO","SAN FRANCISCO",-122.41161346435547,37.752666473388672
8878678,2019,2019-06-19,3801,2019-05-12,0241,627,MISSI,7,5,7,3801,0,0,0,,0,3D13E,"19TH ST","CAPP ST",0.00,,Y,A,-,N,,,,,,,,,,N,2,0,1,2,A,-,12,22450,A,N,D,G,A,A,H,-,C,D,0,,Y,,,Y,,-,,1,0,0,0,0,0,1,0,0,"- ","- ",,,"SAN FRANCISCO","SAN FRANCISCO",-122.41810607910156,37.760288238525391
8878680,2019,2019-06-19,3801,2019-05-06,1911,564,TARAV,1,5,7,3801,0,0,0,,0,,"TARAVAL ST","43RD AV",75.00,W,N,A,-,N,,,,,,,,,,N,3,0,1,1,C,-,18,,,N,H,I,A,A,A,-,A,D,0,,Y,,,Y,,-,"- ",0,1,0,0,0,0,1,0,0,"- ","- ",,,"SAN FRANCISCO","SAN FRANCISCO",-122.50167083740234,37.741901397705078
8878686,2019,2019-06-19,3801,2019-05-11,1600,A22028,SOUTH,6,5,7,3801,0,0,0,,0,3B14D,"1ST ST","NATOMA ST",2.00,S,N,A,-,N,,,,,,,,,,N,3,0,1,2,A,-,09,21804,A,N,D,G,A,A,H,-,A,B,0,,Y,,,Y,,L,04,0,1,0,0,0,0,1,0,0,"- ","- ",,,"SAN FRANCISCO","SAN FRANCISCO",-122.39655303955078,37.788974761962891