CASE_ID,ACCIDENT_YEAR,PROC_DATE,JURIS,COLLISION_DATE,COLLISION_TIME,OFFICER_ID,REPORTING_DISTRICT,DAY_OF_WEEK,CHP_SHIFT,POPULATION,CNTY_CITY_LOC,SPECIAL_COND,BEAT_TYPE,CHP_BEAT_TYPE,CITY_DIVISION_LAPD,CHP_BEAT_CLASS,BEAT_NUMBER,PRIMARY_RD,SECONDARY_RD,DISTANCE,DIRECTION,INTERSECTION,WEATHER_1,WEATHER_2,STATE_HWY_IND,CALTRANS_COUNTY,CALTRANS_DISTRICT,STATE_ROUTE,ROUTE_SUFFIX,POSTMILE_PREFIX,POSTMILE,LOCATION_TYPE,RAMP_INTERSECTION,SIDE_OF_HWY,TOW_AWAY,COLLISION_SEVERITY,NUMBER_KILLED,NUMBER_INJURED,PARTY_COUNT,PRIMARY_COLL_FACTOR,PCF_CODE_OF_VIOL,PCF_VIOL_CATEGORY,PCF_VIOLATION,PCF_VIOL_SUBSECTION,HIT_AND_RUN,TYPE_OF_COLLISION,MVIW,PED_ACTION,ROAD_SURFACE,ROAD_COND_1,ROAD_COND_2,LIGHTING,CONTROL_DEVICE,CHP_ROAD_TYPE,PEDESTRIAN_ACCIDENT,BICYCLE_ACCIDENT,MOTORCYCLE_ACCIDENT,TRUCK_ACCIDENT,NOT_PRIVATE_PROPERTY,ALCOHOL_INVOLVED,STWD_VEHTYPE_AT_FAULT,CHP_VEHTYPE_AT_FAULT,COUNT_SEVERE_INJ,COUNT_VISIBLE_INJ,COUNT_COMPLAINT_PAIN,COUNT_PED_KILLED,COUNT_PED_INJURED,COUNT_BICYCLIST_KILLED,COUNT_BICYCLIST_INJURED,COUNT_MC_KILLED,COUNT_MC_INJURED,PRIMARY_RAMP,SECONDARY_RAMP,LATITUDE,LONGITUDE,COUNTY,CITY,POINT_X,POINT_Y
8878687,2019,2019-06-19,3801,2019-05-30,1041,2105,CENTR,4,5,7,3801,0,0,0,,0,3A40B,"NORTH POINT ST","POWELL ST",30.00,W,N,A,-,N,,,,,,,,,,N,4,0,1,2,A,-,08,22107,A,N,B,G,A,A,H,-,A,D,0,,Y,,,Y,,A,01,0,0,1,0,0,0,1,0,0,"- ","- ",,,"SAN FRANCISCO","SAN FRANCISCO",-122.4122314453125,37.806747436523438
8879291,2019,2019-06-21,3801,2019-05-28,1712,1851,NORTH,2,5,7,3801,0,0,0,,0,3E6D,"POLK ST","POLK ST 1958",0.00,,-,A,-,N,,,,,,,,,,N,4,0,1,2,A,-,05,21460,A,F,D,G,A,A,H,-,A,D,0,,Y,,,Y,,-,,0,0,1,0,0,0,1,0,0,"- ","- ",,,"SAN FRANCISCO","SAN FRANCISCO",-122.42152299999999,37.794792000000001
8879299,2019,2019-06-21,3801,2019-05-28,1605,2352,NORTH,2,5,7,3801,0,0,0,,0,NORTHE,"BUSH ST","POLK ST",0.00,,Y,A,-,N,,,,,,,,,,N,4,0,1,2,A,-,08,22107,,N,B,G,A,A,H,-,A,A,0,,Y,,,Y,,L,04,0,0,1,0,0,0,1,0,0,"- ","- ",,,"SAN FRANCISCO","SAN FRANCISCO",-122.42030334472656,37.788688659667969
8891906,2019,2019-10-25,3801,2019-09-25,1702,892,SOUTH,3,5,7,3801,0,0,0,,0,3B14D,"MCCOPPIN ST","VALENCIA ST",122.00,E,N,A,-,N,,,,,,,,,,N,3,0,1,2,D,-,00,,,N,B,G,A,A,H,-,A,A,0,,Y,,,Y,,-,"- ",0,1,0,0,0,0,1,0,0,"- ","- ",,,"SAN FRANCISCO","SAN FRANCISCO",-122.42211151123047,37.771617889404297
8891921,2019,2019-10-25,3801,2019-09-20,2125,209,NORTH,5,5,7,3801,0,0,0,,0,03E,"VAN NESS AV","FELL ST",0.00,,Y,A,-,N,,,,,,,,,,N,3,0,1,2,A,-,12,21453,A,N,D,G,A,A,H,-,C,A,0,,Y,,,Y,,L,04,0,1,0,0,0,0,1,0,0,"- ","- ",,,"SAN FRANCISCO","SAN FRANCISCO",-122.41950225830078,37.776378631591797
8891986,2019,2019-10-24,3801,2019-09-21,0835,126,RICHM,6,5,7,3801,0,0,0,,0,3G12A,"ARGUELLO BL","GEARY BL",0.00,,Y,A,-,N,,,,,,,,,,N,3,0,1,2,A,-,09,21801,A,N,-,A,A,A,H,-,A,A,0,,Y,,,Y,,A,01,0,1,0,0,0,0,1,0,0,"- ","- ",,,"SAN FRANCISCO","SAN FRANCISCO",-122.45887756347656,37.781330108642578
8891991,2019,2019-10-25,3801,2019-09-24,2011,1389,MISSI,2,5,7,3801,0,0,0,,0,3D11D,"VALENCIA ST","VALENCIA ST 630",0.00,,Y,A,-,N,,,,,,,,,,N,4,0,1,3,A,-,17,22517,,N,B,G,A,A,H,-,C,A,0,,Y,,,Y,,A,01,0,0,1,0,0,0,1,0,0,"- ","- ",,,"SAN FRANCISCO","SAN FRANCISCO",,
8892039,2019,2019-11-06,3801,2019-09-15,1440,279,BAYVI,7,5,7,3801,0,0,0,,0,,"PALOU AV","PALOU AV 1190",0.00,,-,A,-,N,,,,,,,,,,N,3,0,1,2,A,-,12,22450,A,N,D,G,A,A,H,-,A,A,0,,Y,,,Y,,L,04,0,1,0,0,0,0,1,0,0,"- ","- ",,,"SAN FRANCISCO","SAN FRANCISCO",,
8892048,2019,2019-11-04,3801,2019-09-17,2140,4314,RICHM,2,5,7,3801,0,0,0,,0,0G3,"4TH AV","BALBOA ST",0.00,,Y,A,-,N,,,,,,,,,,N,2,0,1,2,A,-,12,22450,A,N,D,G,A,A,H,-,C,A,0,,Y,,,Y,,-,"- ",1,0,0,0,0,0,1,0,0,"- ","- ",,,"SAN FRANCISCO","SAN FRANCISCO",-122.46189117431641,37.777320861816406
8892054,2019,2019-11-01,3801,2019-09-04,1747,244,NORTH,3,5,7,3801,0,0,0,,0,3E46C,"POLK ST","CALIFORNIA ST",90.00,S,N,A,-,N,,,,,,,,,,N,3,0,1,3,A,-,06,21755,A,N,B,G,A,A,H,-,A,D,0,,Y,,,Y,,L,04,0,1,0,0,0,0,1,0,0,"- ","- ",,,"SAN FRANCISCO","SAN FRANCISCO",-122.42063140869141,37.790325164794922
8892068,2019,2019-10-31,3801,2019-09-17,1630,2342,NORTH,2,5,7,3801,0,0,0,,0,3E12D,"STEINER ST","GEARY BL",0.00,,Y,A,-,N,,,,,,,,,,N,3,0,1,2,A,-,08,22107,,N,D,G,A,A,H,-,A,D,0,,Y,,,Y,,A,01,0,1,0,0,0,0,1,0,0,"- ","- ",,,"SAN FRANCISCO","SAN FRANCISCO",-122.43457794189453,37.784320831298828
8892072,2019,2019-10-31,3801,2019-09-17,1649,152,PARK,2,5,7,3801,0,0,0,,0,3F13D,"STANYAN ST","FELL ST",0.00,,Y,A,-,N,,,,,,,,,,,3,0,1,2,A,-,12,21453,A,N,D,G,A,A,H,-,A,A,0,,Y,,,Y,,L,04,0,1,0,0,0,0,1,0,0,"- ","- ",,,"SAN FRANCISCO","SAN FRANCISCO",-122.45407104492188,37.771968841552734
8892106,2019,2019-08-16,3801,2019-06-14,1710,1166,SOUTE,5,5,7,3801,0,0,0,,0,3B13D,"2ND ST","BRYANT ST",0.00,,Y,A,-,N,,,,,,,,,,N,3,0,1,2,A,-,"- ",,,N,D,J,A,A,H,-,A,A,0,,Y,,,Y,,-,"- ",0,1,0,0,0,0,1,0,0,"- ","- ",,,"SAN FRANCISCO","SAN FRANCISCO",-122.39363098144531,37.7830810546875
8896138,2019,2019-10-31,3801,2019-09-11,2333,2463,NORTH,3,5,7,3801,0,0,0,,0,3E16E,"CHESTNUT ST","FRANKLIN ST",0.00,,Y,A,-,N,,,,,,,,,,N,2,0,1,2,A,-,17,21451,A,N,A,G,A,A,H,-,C,A,0,,Y,,,Y,,A,01,1,0,0,0,0,0,1,0,0,"- ","- ",,,"SAN FRANCISCO","SAN FRANCISCO",-122.42637634277344,37.802070617675781
8899105,2019,2019-07-24,3801,2019-05-27,1419,1357,SOUTH,1,5,7,3801,0,0,0,,0,3B12B,"MISSION ST","5TH ST",0.00,,Y,A,-,N,,,,,,,,,,N,4,0,1,2,A,-,12,21453,A,N,C,G,A,A,H,-,A,A,0,,Y,,,Y,,L,04,0,0,1,0,0,0,1,0,0,"- ","- ",,,"SAN FRANCISCO","SAN FRANCISCO",-122.40648651123047,37.782741546630859
8899125,2019,2019-07-30,3801,2019-06-12,1526,937,CENTR,3,5,7,3801,0,0,0,,0,3A15D,"THE EMBARCADERO","DON CHEE WY",0.00,,Y,A,-,N,,,,,,,,,,N,4,0,1,2,A,-,11,21456,,N,D,G,A,A,H,-,A,A,0,,Y,,,Y,,L,04,0,0,1,0,0,0,1,0,0,"- ","- ",,,"SAN FRANCISCO","SAN FRANCISCO",-122.39325714111328,37.794239044189453
8899161,2019,2019-07-26,3801,2019-06-18,0938,211,SOUTH,2,5,7,3801,0,0,0,,0,3B41,"TOWNSEND ST","3RD ST",70.00,W,N,A,-,N,,,,,,,,,,N,4,0,1,2,A,-,17,21209,A,F,B,G,A,A,H,-,A,D,0,,Y,,,Y,,I,11,0,0,1,0,0,0,1,0,0,"- ","- ",,,"SAN FRANCISCO","SAN FRANCISCO",-122.39292144775391,37.778724670410156
8899323,2019,2019-08-19,3801,2019-06-09,0056,1026,BAYVU,7,5,7,3801,0,0,0,,0,3C13E,"JENNINGS ST","QUESADA AV",0.00,,-,A,-,N,,,,,,,,,,N,4,0,1,1,D,-,00,,,N,H,G,A,A,H,-,C,A,0,,Y,,,Y,,-,"- ",0,0,1,0,0,0,1,0,0,"- ","- ",,,"SAN FRANCISCO","SAN FRANCISCO",-122.38585662841797,37.730171203613281
8899330,2019,2019-07-25,3801,2019-06-17,2020,4314,RICHM,1,5,7,3801,0,0,0,,0,0G3,"MASONIC AV","GEARY BL",133.00,N,N,B,-,N,,,,,,,,,,N,3,0,1,2,A,-,03,22350,,N,D,G,A,A,H,-,B,D,0,,Y,,,Y,,L,04,0,1,0,0,0,0,1,0,0,"- ","- ",,,"SAN FRANCISCO","SAN FRANCISCO",-122.44786834716797,37.782279968261719
8899332,2019,2019-07-25,3801,2019-06-05,0010,311,PARK,3,5,7,3801,0,0,0,,0,3F13E,"JOHN F KENNEDY DR","CONSERVATORY DR",60.00,W,N,A,-,N,,,,,,,,,,N,2,0,1,2,A,-,03,22350,,N,C,G,A,A,H,-,C,D,0,,Y,,,Y,,-,"- ",1,0,0,0,0,0,1,0,0,"- ","- ",,,"SAN FRANCISCO","SAN FRANCISCO",-122.46224975585938,37.771823883056641
8899333,2019,2019-07-26,3801,2019-06-21,2320,2485,CENTR,5,5,7,3801,0,0,0,,0,3CAR,"VAN NESS AV","NORTH POINT ST",130.00,S,N,A,-,N,,,,,,,,,,N,4,0,1,2,A,-,11,21954,A,N,A,-,D,A,H,-,C,D,0,Y,Y,,,Y,,N,60,0,0,1,0,1,0,0,0,0,"- ","- ",,,"SAN FRANCISCO","SAN FRANCISCO",-122.42527770996094,37.804706573486328
8900591,2019,2019-07-26,3801,2019-06-29,0112,2457,SOTHE,6,5,7,3801,0,0,0,,0,3B13E,"8TH ST","MISSION ST",0.00,,Y,A,-,N,,,,,,,,,,Y,4,0,1,2,A,-,10,21950,A,F,G,G,A,A,H,-,C,A,0,,Y,,,Y,,A,01,0,0,1,0,0,0,1,0,0,"- ","- ",,,"SAN FRANCISCO","SAN FRANCISCO",-122.41316223144531,37.777458190917969
8900639,2019,2019-08-14,3801,2019-06-30,2115,235,"BAY V",7,5,7,3801,0,0,0,,0,3C14E,"BAY SHORE BL","OAKDALE AV",203.00,N,N,A,-,N,,,,,,,,,,N,4,0,1,2,A,-,05,21650,1,N,B,G,A,A,H,-,C,A,0,,Y,,,Y,,L,04,0,0,1,0,0,0,1,0,0,"- ","- ",,,"SAN FRANCISCO","SAN FRANCISCO",-122.40486145019531,37.743518829345703
8900648,2019,2019-07-26,3801,2019-06-19,1712,817,NORTH,3,5,7,3801,0,0,0,,0,3E12D,"MCALLISTER ST","BUCHANAN ST",0.00,,Y,A,-,N,,,,,,,,,,N,3,0,1,2,A,-,17,22517,,F,H,G,A,A,H,-,A,D,0,,Y,,,Y,,-,,0,1,0,0,0,0,1,0,0,"- ","- ",,,"SAN FRANCISCO","SAN FRANCISCO",-122.42855834960938,37.779041290283203
8904294,2019,2019-08-08,3801,2019-06-28,1810,1666,PARK,5,5,7,3801,0,0,0,,0,4CAR,"OAK ST","DIVISADERO ST",0.00,,Y,A,-,N,,,,,,,,,,N,4,0,1,2,A,-,03,22350,,N,C,G,A,A,H,-,A,A,0,,Y,,,Y,,L,04,0,0,1,0,0,0,1,0,0,"- ","- ",,,"SAN FRANCISCO","SAN FRANCISCO",-122.43743133544922,37.773139953613281
8904298,2019,2019-08-08,3801,2019-06-29,1920,4040,CENTR,6,5,7,3801,0,0,0,,0,3A14D,"THE EMBARCADERO","POWELL ST",237.00,E,N,A,-,N,,,,,,,,,,N,4,0,3,2,A,-,09,21804,A,N,B,G,A,A,H,-,A,D,0,,Y,,,Y,,L,04,0,0,3,0,0,0,3,0,0,"- ","- ",,,"SAN FRANCISCO","SAN FRANCISCO",-122.41169738769531,37.808444976806641
8904302,2019,2019-08-08,3801,2019-06-29,2007,54,NORTH,6,5,7,3801,0,0,0,,0,3E16D,"POLK ST","POLK ST 1544",0.00,,Y,A,-,N,,,,,,,,,,N,3,0,1,2,C,-,18,,,N,E,G,A,A,H,-,A,D,0,,Y,,,Y,,-,"- ",0,1,0,0,0,0,1,0,0,"- ","- ",,,"SAN FRANCISCO","SAN FRANCISCO",-122.420805,37.791172000000003
8919620,2019,2019-08-22,3801,2019-07-18,0835,184,TENDE,4,5,7,3801,0,0,0,,0,3J51A,"MARKET ST","6TH ST",0.00,,Y,A,-,N,,,,,,,,,,N,4,0,1,1,A,-,03,22350,,N,F,-,A,A,H,-,A,A,0,,Y,,,Y,,L,04,0,0,1,0,0,0,1,0,0,"- ","- ",,,"SAN FRANCISCO","SAN FRANCISCO",-122.41030120849609,37.782238006591797
8919630,2019,2019-08-22,3801,2019-07-01,0845,2271,INGLE,1,5,7,3801,0,0,0,,0,3H15D,"RUSSIA AV","LISBON ST",0.00,,Y,A,-,N,,,,,,,,,,N,3,0,1,2,A,-,12,22450,A,N,D,G,A,A,H,-,A,A,0,,Y,,,Y,,A,08,0,1,0,0,0,0,1,0,0,"- ","- ",,,"SAN FRANCISCO","SAN FRANCISCO",-122.43479156494141,37.720458984375
8919648,2019,2019-08-22,3801,2019-07-17,0903,306,BAYVI,3,5,7,3801,0,0,0,,0,,"PHELPS ST","GALVEZ AV",0.00,,Y,A,-,N,,,,,,,,,,,4,0,1,2,A,-,09,21804,A,F,D,G,A,A,H,-,A,D,0,,Y,,,Y,,A,01,0,0,1,0,0,0,1,0,0,"- ","- ",,,"SAN FRANCISCO","SAN FRANCISCO",-122.38954925537109,37.741729736328125
8919652,2019,2019-09-11,3801,2019-07-17,0753,1706,NORTH,3,5,7,3801,0,0,0,,0,3E11A,"SCOTT ST","HAIGHT ST",0.00,,Y,A,-,N,,,,,,,,,,N,4,0,1,2,D,-,00,,,N,H,G,A,A,H,-,A,A,0,,Y,,,Y,,-,"- ",0,0,1,0,0,0,1,0,0,"- ","- ",,,"SAN FRANCISCO","SAN FRANCISCO",-122.43538665771484,37.771480560302734
8919657,2019,2019-09-11,3801,2019-07-14,0910,2065,NORTH,7,5,7,3801,0,0,0,,0,3E13A,"HAIGHT ST","HAIGHT ST 783",0.00,,Y,A,-,N,,,,,,,,,,N,4,0,1,1,A,-,05,21202,A,N,H,A,A,A,H,-,A,A,0,,Y,,,Y,,L,04,0,0,1,0,0,0,1,0,0,"- ","- ",,,"SAN FRANCISCO","SAN FRANCISCO",-122.435136,37.771515999999998
8919686,2019,2019-08-22,3801,2019-07-22,1255,2086,CENTR,1,5,7,3801,0,0,0,,0,3D12C,"POST ST","POWELL ST",60.00,E,N,B,-,N,,,,,,,,,,N,3,0,1,2,A,-,03,22350,,N,D,G,A,A,H,-,A,D,0,,Y,,,Y,,L,04,0,1,0,0,0,0,1,0,0,"- ","- ",,,"SAN FRANCISCO","SAN FRANCISCO",-122.40819549560547,37.788314819335938
8919695,2019,2019-08-22,3801,2019-07-14,1021,1878,CENTR,7,5,7,3801,0,0,0,,0,3A12A,"NORTH POINT ST","MASON ST",0.00,,Y,A,-,N,,,,,,,,,,N,4,0,1,2,A,-,03,22350,,N,B,G,A,A,H,-,A,A,0,,Y,,,Y,,L,04,0,0,1,0,0,0,1,0,0,"- ","- ",,,"SAN FRANCISCO","SAN FRANCISCO",-122.41378021240234,37.80657958984375
8919711,2019,2019-08-22,3801,2019-07-13,1845,359,MISSI,6,5,7,3801,0,0,0,,0,3D14D,"DUBOCE AV","VALENCIA ST",50.00,E,N,A,-,N,,,,,,,,,,N,3,0,1,2,A,-,17,22517,,N,B,G,A,A,H,-,A,A,0,,Y,,,Y,,A,01,0,1,0,0,0,0,1,0,0,"- ","- ",,,"SAN FRANCISCO","SAN FRANCISCO",-122.42218780517578,37.769874572753906
8919723,2019,2019-08-22,3801,2019-07-12,1400,1414,NORTH,5,5,7,3801,0,0,0,,0,3E16A,"POLK ST","CLAY ST",336.00,N,N,A,-,N,,,,,,,,,,N,4,0,1,2,A,-,03,22350,,M,B,G,A,A,H,-,A,A,0,,Y,,,Y,Y,A,01,0,0,1,0,0,0,1,0,0,"- ","- ",,,"SAN FRANCISCO","SAN FRANCISCO",-122.42122650146484,37.793300628662109
8919726,2019,2019-08-22,3801,2019-07-19,1350,1931,SOUTH,5,5,7,3801,0,0,0,,0,3B46,"PERRY ST","4TH ST",0.00,,Y,A,-,N,,,,,,,,,,N,4,0,1,2,D,-,00,,,N,D,G,A,A,H,-,A,A,0,,Y,,,Y,,-,"- ",0,0,1,0,0,0,1,0,0,"- ","- ",,,"SAN FRANCISCO","SAN FRANCISCO",-122.39914703369141,37.780429840087891
8919743,2019,2019-08-22,3801,2019-07-13,1550,2017,MISSI,6,5,7,3801,0,0,0,,0,3D41D,"14TH ST","JULIAN ST",0.00,,Y,A,-,N,,,,,,,,,,,4,0,1,2,A,-,09,21804,A,N,D,G,A,A,H,-,A,D,0,,Y,,,Y,,L,04,0,0,1,0,0,0,1,0,0,"- ","- ",,,"SAN FRANCISCO","SAN FRANCISCO",-122.42121124267578,37.768211364746094
8926720,2019,2019-08-23,3801,2019-04-04,0830,2016,TARAV,4,5,7,3801,0,0,0,,0,2CAR,"20TH AV","20TH AV 2100",0.00,,Y,-,-,N,,,,,,,,,,N,3,0,1,2,A,-,03,22350,,N,-,-,A,-,-,-,-,-,0,,Y,,,Y,,L,04,0,1,0,0,0,0,1,0,0,"- ","- ",,,"SAN FRANCISCO","SAN FRANCISCO",-122.477144,37.748432000000001
8936840,2019,2019-09-19,3801,2019-08-22,1625,2300,TENDE,4,5,7,3801,0,0,0,,0,,"LARKIN ST","FULTON ST",58.00,S,N,A,-,N,,,,,,,,,,N,3,0,1,2,A,-,03,22350,,N,B,G,A,A,H,-,A,D,0,,Y,,,Y,,L,04,0,1,0,0,0,0,1,0,0,"- ","- ",,,"SAN FRANCISCO","SAN FRANCISCO",-122.41673278808594,37.779434204101562
8936890,2019,2019-09-18,3801,2019-08-11,1618,1878,CENTR,7,5,7,3801,0,0,0,,0,,"GEARY ST","POWELL ST",228.00,E,N,A,-,N,,,,,,,,,,N,4,0,1,2,A,-,"- ",,,N,D,G,A,A,H,-,A,D,0,,Y,,,Y,,L,04,0,0,1,0,0,0,1,0,0,"- ","- ",,,"SAN FRANCISCO","SAN FRANCISCO",-122.40743255615234,37.787452697753906
8936893,2019,2019-09-27,3801,2019-08-17,2252,1240,MISSI,6,5,7,3801,0,0,0,,0,3D11E,"18TH ST","DOLORES ST",0.00,,Y,A,-,N,,,,,,,,,,N,4,0,1,2,A,-,09,21801,A,N,H,G,A,A,H,-,C,A,0,,Y,,,Y,,A,01,0,0,1,0,0,0,1,0,0,"- ","- ",,,"SAN FRANCISCO","SAN FRANCISCO",-122.42616271972656,37.761440277099609
8936896,2019,2019-09-30,3801,2019-08-15,1245,2161,MISSI,4,5,7,3801,0,0,0,,0,3D11C,"17TH ST","SANCHEZ ST",175.00,E,N,A,-,N,,,,,,,,,,N,3,0,1,1,A,-,03,22350,A,N,H,A,A,A,G,-,A,D,0,,Y,,,Y,,L,04,0,1,0,0,0,0,1,0,0,"- ","- ",,,"SAN FRANCISCO","SAN FRANCISCO",-122.43011474609375,37.762794494628906
8936897,2019,2019-10-08,3801,2019-08-17,2059,524,SOUTH,6,5,7,3801,0,0,0,,0,3B30,"MARKET ST","VAN NESS AV",0.00,,Y,A,-,N,,,,,,,,,,N,3,0,1,2,A,-,08,22101,D,N,D,G,A,A,H,-,C,A,0,,Y,,,Y,,L,04,0,1,0,0,0,0,1,0,0,"- ","- ",,,"SAN FRANCISCO","SAN FRANCISCO",-122.41925811767578,37.775169372558594
8936902,2019,2019-09-18,3801,2019-08-20,1750,898,SOUTH,2,5,7,3801,0,0,0,,0,3B15D,"4TH ST","CHANNEL ST",0.00,,Y,A,-,N,,,,,,,,,,N,3,0,1,2,A,-,06,21760,C,N,C,G,A,A,H,-,A,A,0,,Y,,,Y,,-,"- ",0,1,0,0,0,0,1,0,0,"- ","- ",,,"SAN FRANCISCO","SAN FRANCISCO",-122.39166259765625,37.774368286132812
8936911,2019,2019-09-18,3801,2019-08-12,1325,4026,BAYVI,1,5,7,3801,0,0,0,,0,3C27,"SAN BRUNO AV","PAUL AV",0.00,,Y,A,-,N,,,,,,,,,,N,3,0,1,2,A,-,09,21801,A,F,D,G,A,A,H,-,A,A,0,,Y,,,Y,,A,01,0,1,0,0,0,0,1,0,0,"- ","- ",,,"SAN FRANCISCO","SAN FRANCISCO",-122.40204620361328,37.723918914794922
8936925,2019,2019-10-08,3801,2019-08-14,1528,2116,NORTH,3,5,7,3801,0,0,0,,0,004,"OCTAVIA ST","CALIFORNIA ST",5.00,N,N,A,-,N,,,,,,,,,,N,4,0,1,2,A,-,09,21801,A,N,D,G,A,A,H,-,A,A,0,,Y,,,Y,,A,01,0,0,1,0,0,0,1,0,0,"- ","- ",,,"SAN FRANCISCO","SAN FRANCISCO",-122.42726135253906,37.789745330810547
8936959,2019,2019-09-18,3801,2019-08-11,2334,2144,MISSI,7,5,7,3801,0,0,0,,0,3D15E,"16TH ST","GUERRERO ST",186.00,E,N,A,-,N,,,,,,,,,,N,3,0,1,2,A,-,21,22106,,N,B,G,A,A,H,-,C,D,0,,Y,,,Y,,A,01,0,1,0,0,0,0,1,0,0,"- ","- ",,,"SAN FRANCISCO","SAN FRANCISCO",-122.4234619140625,37.764820098876953
8936964,2019,2019-09-20,3801,2019-08-27,1608,1853,CENTR,2,5,7,3801,0,0,0,,0,3A14D,"NORTH POINT ST","STOCKTON ST",0.00,,Y,A,-,N,,,,,,,,,,N,4,0,1,2,A,-,09,21801,A,N,B,G,A,A,H,-,A,A,0,,Y,,,Y,,A,01,0,0,1,0,0,0,1,0,0,"- ","- ",,,"SAN FRANCISCO","SAN FRANCISCO",-122.41049957275391,37.806968688964844
8936968,2019,2019-09-20,3801,2019-08-27,1755,524,SOUTH,2,5,7,3801,0,0,0,,0,3B14D,"11TH ST","HARRISON ST",0.00,,Y,A,-,N,,,,,,,,,,N,2,0,1,2,A,-,08,22107,,F,D,G,A,A,H,-,A,A,0,,Y,,,Y,Y,A,01,1,0,0,0,0,0,1,0,0,"- ","- ",,,"SAN FRANCISCO","SAN FRANCISCO",-122.41246795654297,37.7706298828125
8936975,2019,2019-10-03,3801,2019-08-16,1822,4067,MISSI,5,5,7,3801,0,0,0,,0,3D6D,"HARRISON ST","18TH ST",0.00,,Y,A,-,N,,,,,,,,,,N,4,0,1,2,A,-,17,22517,,N,H,G,A,A,H,-,A,D,0,,Y,,,Y,,A,01,0,0,1,0,0,0,1,0,0,"- ","- ",,,"SAN FRANCISCO","SAN FRANCISCO",-122.41284942626953,37.762248992919922
8936979,2019,2019-09-20,3801,2019-08-16,1917,937,CENTR,5,5,7,3801,0,0,0,,0,3A3D,"COLUMBUS AV","COLUMBUS AV 930",0.00,,N,A,-,N,,,,,,,,,,N,3,0,1,1,C,-,18,,,N,H,J,A,A,G,-,A,D,0,,Y,,,Y,,-,"- ",0,1,0,0,0,0,1,0,0,"- ","- ",,,"SAN FRANCISCO","SAN FRANCISCO",-122.414002,37.802954
8936986,2019,2019-09-20,3801,2019-08-29,1245,2065,NORTH,4,5,7,3801,0,0,0,,0,3E13A,"POLK ST","POST ST",0.00,,Y,A,-,N,,,,,,,,,,N,3,0,1,2,A,-,06,21750,,F,B,G,A,A,H,-,A,A,0,,Y,,,Y,,-,"- ",0,1,0,0,0,0,1,0,0,"- ","- ",,,"SAN FRANCISCO","SAN FRANCISCO",-122.41989898681641,37.786830902099609
8937038,2019,2019-10-15,3801,2019-08-16,0919,1833,SOUTH,5,5,7,3801,0,0,0,,0,0B2,"TOWNSEND ST","4TH ST",165.00,W,N,A,-,N,,,,,,,,,,N,4,0,1,2,A,-,09,21804,,N,D,G,A,A,H,-,A,D,0,,Y,,,Y,,L,04,0,0,1,0,0,0,1,0,0,"- ","- ",,,"SAN FRANCISCO","SAN FRANCISCO",-122.39539337158203,37.776786804199219
8937055,2019,2019-09-25,3801,2019-08-26,1111,991,TRAFF,1,5,7,3801,0,0,0,,0,4B5H,"MCALLISTER ST","CHARLES J BRENHAM PL",0.00,,Y,A,-,N,,,,,,,,,,N,3,0,1,2,A,-,08,22101,D,N,B,G,A,A,H,-,A,A,0,,Y,,,Y,,A,01,0,1,0,0,0,0,1,0,0,"- ","- ",,,"SAN FRANCISCO","SAN FRANCISCO",-122.41309356689453,37.780998229980469
8937061,2019,2019-09-19,3801,2019-08-29,0900,1325,TENDE,4,5,7,3801,0,0,0,,0,3J11A,"MARKET ST","11TH ST",0.00,,Y,A,-,N,,,,,,,,,,N,3,0,1,1,-,-,"- ",,,N,E,-,A,A,-,-,A,D,0,,Y,,,Y,,-,"- ",0,1,0,0,0,0,1,0,0,"- ","- ",,,"SAN FRANCISCO","SAN FRANCISCO",-122.418701171875,37.775600433349609
8940027,2019,2019-10-28,3801,2019-09-18,0750,1917,TARAV,3,5,7,3801,0,0,0,,0,3I16A,"LAKE MERCED BL","SUNSET BL",519.00,S,N,C,-,N,,,,,,,,,,N,3,0,1,2,A,-,17,22517,,N,F,G,A,B,C,-,A,D,0,,Y,,Y,Y,,F,21,0,1,0,0,0,0,1,0,0,"- ","- ",,,"SAN FRANCISCO","SAN FRANCISCO",-122.49525451660156,37.729160308837891
8940035,2019,2019-10-31,3801,2019-09-16,1140,906,BAYVI,1,5,7,3801,0,0,0,,0,3C11D,EMBARCADERO,"HARRISON ST",30.00,N,N,D,-,N,,,,,,,,,,N,3,0,1,2,A,-,08,22107,,M,E,J,A,A,H,-,A,D,0,,Y,,Y,Y,,F,26,0,1,0,0,0,0,1,0,0,"- ","- ",,,"SAN FRANCISCO","SAN FRANCISCO",-122.38846588134766,37.789726257324219
8943354,2019,2019-09-20,3801,2019-08-23,1324,217,CENTR,5,5,7,3801,0,0,0,,0,3A5B,"MARKET ST","2ND ST",0.00,,Y,A,-,N,,,,,,,,,,N,4,0,1,1,A,-,03,22350,,N,H,A,A,A,G,-,A,A,0,,Y,,,Y,,L,04,0,0,1,0,0,0,1,0,0,"- ","- ",,,"SAN FRANCISCO","SAN FRANCISCO",-122.40139770507812,37.789241790771484