CASE_ID,ACCIDENT_YEAR,PROC_DATE,JURIS,COLLISION_DATE,COLLISION_TIME,OFFICER_ID,REPORTING_DISTRICT,DAY_OF_WEEK,CHP_SHIFT,POPULATION,CNTY_CITY_LOC,SPECIAL_COND,BEAT_TYPE,CHP_BEAT_TYPE,CITY_DIVISION_LAPD,CHP_BEAT_CLASS,BEAT_NUMBER,PRIMARY_RD,SECONDARY_RD,DISTANCE,DIRECTION,INTERSECTION,WEATHER_1,WEATHER_2,STATE_HWY_IND,CALTRANS_COUNTY,CALTRANS_DISTRICT,STATE_ROUTE,ROUTE_SUFFIX,POSTMILE_PREFIX,POSTMILE,LOCATION_TYPE,RAMP_INTERSECTION,SIDE_OF_HWY,TOW_AWAY,COLLISION_SEVERITY,NUMBER_KILLED,NUMBER_INJURED,PARTY_COUNT,PRIMARY_COLL_FACTOR,PCF_CODE_OF_VIOL,PCF_VIOL_CATEGORY,PCF_VIOLATION,PCF_VIOL_SUBSECTION,HIT_AND_RUN,TYPE_OF_COLLISION,MVIW,PED_ACTION,ROAD_SURFACE,ROAD_COND_1,ROAD_COND_2,LIGHTING,CONTROL_DEVICE,CHP_ROAD_TYPE,PEDESTRIAN_ACCIDENT,BICYCLE_ACCIDENT,MOTORCYCLE_ACCIDENT,TRUCK_ACCIDENT,NOT_PRIVATE_PROPERTY,ALCOHOL_INVOLVED,STWD_VEHTYPE_AT_FAULT,CHP_VEHTYPE_AT_FAULT,COUNT_SEVERE_INJ,COUNT_VISIBLE_INJ,COUNT_COMPLAINT_PAIN,COUNT_PED_KILLED,COUNT_PED_INJURED,COUNT_BICYCLIST_KILLED,COUNT_BICYCLIST_INJURED,COUNT_MC_KILLED,COUNT_MC_INJURED,PRIMARY_RAMP,SECONDARY_RAMP,LATITUDE,LONGITUDE,COUNTY,CITY,POINT_X,POINT_Y
8943357,2019,2019-09-23,3801,2019-08-15,1215,1053,TARAV,4,5,7,3801,0,0,0,,0,3I13A,"45TH AV","WAWONA ST",12.00,N,N,A,-,N,,,,,,,,,,N,4,0,1,1,A,-,03,22350,,N,H,A,A,A,H,-,A,D,0,,Y,,,Y,,L,04,0,0,1,0,0,0,1,0,0,"- ","- ",,,"SAN FRANCISCO","SAN FRANCISCO",-122.50314331054688,37.736263275146484
8969943,2019,2019-12-19,3801,2019-10-08,1720,1931,SOUTH,2,5,7,3801,0,0,0,,0,3B46,"HOWARD ST","4TH ST",0.00,,Y,A,-,N,,,,,,,,,,N,3,0,1,2,A,-,07,21658,A,N,D,G,A,A,H,-,A,A,0,,Y,,,Y,,L,04,0,1,0,0,0,0,1,0,0,"- ","- ",,,"SAN FRANCISCO","SAN FRANCISCO",-122.40270233154297,37.783271789550781
8969975,2019,2019-11-21,3801,2019-10-08,0819,4095,MISSI,2,5,7,3801,0,0,0,,0,SOUTHE,"BRANNAN ST","DIVISION ST",119.00,N,N,A,-,N,,,,,,,,,,N,4,0,1,2,A,-,08,22107,,N,D,G,A,A,H,-,A,D,0,,Y,,,Y,,A,01,0,0,1,0,0,0,1,0,0,"- ","- ",,,"SAN FRANCISCO","SAN FRANCISCO",-122.40769958496094,37.769504547119141
8981364,2019,2020-01-13,3801,2019-11-20,2143,2341,NORTH,3,5,7,3801,0,0,0,,0,3E12E,"POLK ST","BROADWAY ST",0.00,,Y,A,-,N,,,,,,,,,,N,4,0,1,2,A,-,00,22101,B,N,D,G,A,A,H,-,C,A,0,,Y,,,Y,,A,01,0,0,1,0,0,0,1,0,0,"- ","- ",,,"SAN FRANCISCO","SAN FRANCISCO",-122.42176055908203,37.795940399169922
8981378,2019,2020-01-09,3801,2019-11-06,1729,1194,SOUTH,3,5,7,3801,0,0,0,,0,,"7TH ST","NATOMA ST",0.00,,Y,A,-,N,,,,,,,,,,N,2,0,1,2,A,-,08,22100,A,N,D,G,A,A,H,-,C,D,0,,Y,,,Y,,A,01,1,0,0,0,0,0,1,0,0,"- ","- ",,,"SAN FRANCISCO","SAN FRANCISCO",-122.40989685058594,37.778400421142578
8981443,2019,2020-01-14,3801,2019-11-06,0941,1422,SOUTH,3,5,7,3801,0,0,0,,0,,FOLSOM,"3RD ST",0.00,,Y,A,-,N,,,,,,,,,,,3,0,2,2,A,-,11,21456,C,N,H,-,B,A,-,-,A,A,0,Y,Y,,,Y,,N,60,0,1,1,0,1,0,1,0,0,"- ","- ",,,"SAN FRANCISCO","SAN FRANCISCO",-122.39895629882812,37.783779144287109
8981445,2019,2020-01-13,3801,2019-11-01,2100,2495,MISIS,5,5,7,3801,0,0,0,,0,3D11E,"16TH ST","MISSION ST",0.00,,Y,A,-,N,,,,,,,,,,N,4,0,1,2,A,-,03,22350,A,N,D,G,A,A,H,-,C,A,0,,Y,,,Y,Y,A,01,0,0,1,0,0,0,1,0,0,"- ","- ",,,"SAN FRANCISCO","SAN FRANCISCO",-122.41967010498047,37.765048980712891
8981480,2019,2020-01-10,3801,2019-11-10,1350,1308,MISSI,7,5,7,3801,0,0,0,,0,3D14A,"VALENCIA ST","26TH ST",248.00,,N,A,-,N,,,,,,,,,,N,4,0,1,2,A,-,08,22107,A,F,D,G,A,A,H,-,A,A,0,,Y,,,Y,,A,01,0,0,1,0,0,0,1,0,0,"- ","- ",,,"SAN FRANCISCO","SAN FRANCISCO",-122.42034912109375,37.748908996582031
8981520,2019,2020-01-10,3801,2019-11-07,0820,1860,TARAV,4,5,7,3801,0,0,0,,0,3I15A,"OCEAN AV","KEYSTONE WY",0.00,,Y,A,-,N,,,,,,,,,,N,3,0,1,3,A,-,08,22107,,N,B,G,A,A,H,-,A,D,0,,Y,,,Y,,A,01,0,1,0,0,0,0,1,0,0,"- ","- ",,,"SAN FRANCISCO","SAN FRANCISCO",-122.46285247802734,37.725490570068359
8981534,2019,2020-01-09,3801,2019-11-24,0218,1102,MISSI,7,5,7,3801,0,0,0,,0,0DJ,"MARKET ST","CASTRO ST",0.00,,Y,A,-,N,,,,,,,,,,N,3,0,1,2,A,-,12,21453,A,N,D,C,A,A,H,-,C,A,0,,Y,,,Y,,L,04,0,1,0,0,0,0,1,0,0,"- ","- ",,,"SAN FRANCISCO","SAN FRANCISCO",-122.43515777587891,37.762638092041016
8981578,2019,2020-01-09,3801,2019-11-22,1200,719,CENTR,5,5,7,3801,0,0,0,,0,3A61,"POINT ST","LARKIN ST",40.00,W,N,A,-,N,,,,,,,,,,N,3,0,1,2,A,-,17,22517,,N,H,G,A,A,H,-,A,D,0,,Y,,,Y,,-,,0,1,0,0,0,0,1,0,0,"- ","- ",,,"SAN FRANCISCO","SAN FRANCISCO",-122.42213439941406,37.805492401123047
8981612,2019,2020-01-14,3801,2019-11-15,1826,2196,TENDE,5,5,7,3801,0,0,0,,0,3J13D,"MARKET ST","ELLIS ST",0.00,,Y,A,-,N,,,,,,,,,,,2,0,1,2,A,-,12,21453,A,F,G,B,B,-,-,-,C,A,0,Y,Y,,,Y,,L,04,1,0,0,0,1,0,0,0,0,"- ","- ",,,"SAN FRANCISCO","SAN FRANCISCO",-122.40589141845703,37.785701751708984
8981619,2019,2020-01-09,3801,2019-11-08,1823,2200,NORTH,5,5,7,3801,0,0,0,,0,002,"FULTON ST","WEBSTER ST",0.00,,Y,A,-,N,,,,,,,,,,Y,2,0,1,2,A,-,09,21801,A,N,A,G,A,A,H,-,C,A,0,,Y,,,Y,,A,01,1,0,0,0,0,0,1,0,0,"- ","- ",,,"SAN FRANCISCO","SAN FRANCISCO",-122.42990875244141,37.777908325195312
8981626,2019,2020-01-10,3801,2019-11-21,1904,1878,SOUTH,4,5,7,3801,0,0,0,,0,0B5,"BERRY ST","4TH ST",120.00,E,N,A,-,N,,,,,,,,,,N,4,0,1,1,B,-,22,,,N,F,-,A,A,H,-,A,D,0,,Y,,,Y,,L,04,0,0,1,0,0,0,1,0,0,"- ","- ",,,"SAN FRANCISCO","SAN FRANCISCO",-122.39304351806641,37.776012420654297
8981697,2019,2019-12-19,3801,2019-10-12,2357,377,SOUTH,6,5,7,3801,0,0,0,,0,3B12E,"4TH ST","HARRISON ST",0.00,,Y,A,-,N,,,,,,,,,,N,4,0,1,2,A,-,17,21461,A,N,B,G,A,A,H,-,C,A,0,,Y,,,Y,,-,"- ",0,0,1,0,0,0,1,0,0,"- ","- ",,,"SAN FRANCISCO","SAN FRANCISCO",-122.39962768554688,37.780780792236328
8981754,2019,2019-11-22,3801,2019-10-03,1854,112,CENTR,4,5,7,3801,0,0,0,,0,4CAR,"POWELL ST","CLAY ST",0.00,,Y,A,-,N,,,,,,,,,,N,3,0,1,2,A,-,12,21453,A,F,D,G,A,A,H,-,A,A,0,,Y,,,Y,,A,01,0,1,0,0,0,0,1,0,0,"- ","- ",,,"SAN FRANCISCO","SAN FRANCISCO",-122.40953063964844,37.793880462646484
8981794,2019,2019-11-21,3801,2019-10-16,1819,2144,MISSI,3,5,7,3801,0,0,0,,0,03D,"16TH ST","SAN BRUNO AV",85.00,W,N,A,-,N,,,,,,,,,,N,3,0,1,2,A,-,03,22350,,N,B,G,A,A,H,-,A,D,0,,Y,,,Y,,L,04,0,1,0,0,0,0,1,0,0,"- ","- ",,,"SAN FRANCISCO","SAN FRANCISCO",-122.40586090087891,37.765876770019531
8981807,2019,2019-11-21,3801,2019-10-10,1840,643,TARAV,4,5,7,3801,0,0,0,,0,3I1D,"CLAREMONT BL","ALLSTON WY",100.00,S,N,A,-,N,,,,,,,,,,N,3,0,1,2,A,-,08,22107,,N,D,G,A,A,H,-,B,D,0,,Y,,,Y,,A,01,0,1,0,0,0,0,1,0,0,"- ","- ",,,"SAN FRANCISCO","SAN FRANCISCO",-122.46408843994141,37.74200439453125
8981813,2019,2019-11-21,3801,2019-10-26,1410,152,PARK,6,5,7,3801,0,0,0,,0,3F13D,"PAGE ST","PIERCE ST",100.00,W,N,A,-,N,,,,,,,,,,N,3,0,1,2,A,-,17,22517,,N,H,G,A,A,H,-,A,D,0,,Y,,,Y,,A,01,0,1,0,0,0,0,1,0,0,"- ","- ",,,"SAN FRANCISCO","SAN FRANCISCO",-122.43426513671875,37.772586822509766
8981817,2019,2019-11-21,3801,2019-10-27,1422,2453,TEND,7,5,7,3801,0,0,0,,0,3J52C,"5TH ST","MARKET ST",35.00,S,N,A,-,N,,,,,,,,,,N,4,0,1,2,A,-,17,21200,A,N,G,-,B,A,H,-,A,A,0,Y,Y,,,Y,,L,04,0,0,1,0,1,0,0,0,0,"- ","- ",,,"SAN FRANCISCO","SAN FRANCISCO",-122.40797424316406,37.783931732177734
8981831,2019,2019-11-21,3801,2019-10-10,1340,4180,PARK,4,5,7,3801,0,0,0,,0,03F,"PAGE ST","CLAYTON ST",42.00,E,N,A,-,N,,,,,,,,,,N,3,0,1,1,A,-,03,22350,,N,H,A,A,A,H,-,A,D,0,,Y,,,Y,,L,04,0,1,0,0,0,0,1,0,0,"- ","- ",,,"SAN FRANCISCO","SAN FRANCISCO",-122.4486083984375,37.770736694335938
8981845,2019,2019-11-22,3801,2019-10-31,2106,1613,MISSI,4,5,7,3801,0,0,0,,0,,"DUBOCE AV","MISSION ST",0.00,,Y,A,-,N,,,,,,,,,,N,4,0,1,2,A,-,12,21453,A,N,H,G,A,A,H,-,C,A,0,,Y,,,Y,,L,04,0,0,1,0,0,0,1,0,0,"- ","- ",,,"SAN FRANCISCO","SAN FRANCISCO",-122.42018127441406,37.769989013671875
8981931,2019,2019-11-25,3801,2019-10-17,1250,1853,CENTR,4,5,7,3801,0,0,0,,0,3A140,"THE EMBARCADERO","LOMBARD ST",18.00,N,N,A,-,N,,,,,,,,,,N,3,0,1,2,A,-,00,21568,A,N,B,G,A,A,H,-,A,A,0,,Y,,,Y,,A,01,0,1,0,0,0,0,1,0,0,"- ","- ",,,"SAN FRANCISCO","SAN FRANCISCO",-122.40225219726562,37.804203033447266
8981935,2019,2019-11-25,3801,2019-10-17,0810,1978,BAYVI,4,5,7,3801,0,0,0,,0,002,"BAYSHORE BL","WATERLOO ST",415.00,N,N,A,-,N,,,,,,,,,,N,4,0,1,2,A,-,08,22107,,N,D,G,A,A,H,-,A,A,0,,Y,,,Y,,A,01,0,0,1,0,0,0,1,0,0,"- ","- ",,,"SAN FRANCISCO","SAN FRANCISCO",-122.40689086914062,37.7403564453125
8981953,2019,2020-01-03,3801,2019-10-29,2137,2493,INGLE,2,5,7,3801,0,0,0,,0,3H14D,"MISSION ST","ALLISON ST",170.00,S,N,A,-,N,,,,,,,,,,N,4,0,1,2,A,-,06,21755,,N,B,-,A,A,H,-,C,D,0,,Y,,,Y,,L,04,0,0,1,0,0,0,1,0,0,"- ","- ",,,"SAN FRANCISCO","SAN FRANCISCO",-122.44303131103516,37.714256286621094
8981977,2019,2019-11-25,3801,2019-10-21,1342,1920,SOUTH,1,5,7,3801,0,0,0,,0,3B14C,"OTIS ST","MISSION ST",150.00,S,N,A,-,N,,,,,,,,,,N,3,0,1,2,A,-,05,21650,1,F,A,B,D,A,H,-,A,D,0,Y,Y,,,Y,,L,04,0,1,0,0,1,0,0,0,0,"- ","- ",,,"SAN FRANCISCO","SAN FRANCISCO",-122.41900634765625,37.7728271484375
8981988,2019,2020-01-14,3801,2019-10-02,0836,748,CENTR,3,5,7,3801,0,0,0,,0,0A5,"MARKET ST","3RD ST",0.00,,Y,A,-,N,,,,,,,,,,N,4,0,1,1,D,-,00,,,N,H,-,A,A,C,-,A,D,0,,Y,,,Y,,-,"- ",0,0,1,0,0,0,1,0,0,"- ","- ",,,"SAN FRANCISCO","SAN FRANCISCO",-122.40345764160156,37.78765869140625
8981991,2019,2019-11-21,3801,2019-10-28,0908,198,BAYVI,1,5,7,3801,0,0,0,,0,03C,"CESAR CHAVEZ ST","FLORIDA ST",0.00,,Y,A,-,N,,,,,,,,,,N,4,0,1,2,A,-,08,22107,,F,A,G,A,A,H,-,A,D,0,,Y,,,Y,,A,01,0,0,1,0,0,0,1,0,0,"- ","- ",,,"SAN FRANCISCO","SAN FRANCISCO",-122.40965270996094,37.748348236083984
8981996,2019,2019-11-20,3801,2019-10-01,2135,4375,TRAFF,2,5,7,3801,0,0,0,,0,4B4D,"MCALLISTER ST","DIVISADERO ST",175.00,W,N,A,-,N,,,,,,,,,,N,3,0,1,3,A,-,03,22350,,N,B,-,A,A,H,-,C,D,0,,Y,,,Y,Y,L,04,0,1,0,0,0,0,1,0,0,"- ","- ",,,"SAN FRANCISCO","SAN FRANCISCO",-122.43895721435547,37.7777099609375
8995662,2019,2020-02-12,3801,2019-10-25,0919,1792,NORTH,5,5,7,3801,0,0,0,,0,3E1A,"PAGE ST","BUCHANAN ST",18.00,W,N,A,-,N,,,,,,,,,,N,4,0,1,2,A,-,08,22107,,N,B,G,A,A,H,-,A,A,0,,Y,,,Y,,A,01,0,0,1,0,0,0,1,0,0,"- ","- ",,,"SAN FRANCISCO","SAN FRANCISCO",-122.42741394042969,37.773441314697266
90063307,2015,2015-12-01,9350,2015-11-24,1400,014864,,2,2,7,3801,0,1,2,,1,120,"GOLDEN GATE BRIDGE E/SIDEWALK S/TOWER","TOLL PLAZA",0.00,,N,A,-,Y,,,,,,,,,,N,4,0,1,2,D,-,00,,,N,H,B,E,A,H,-,A,D,0,Y,Y,,,Y,,-,"- ",0,0,1,0,0,0,1,0,0,"- ","- ",37.810920000000003,-122.47739,"SAN FRANCISCO","SAN FRANCISCO",,
9016199,2019,2020-01-31,3801,2019-11-08,1755,323,,5,5,7,3801,0,0,0,,0,3A5D,"CHESTNUT ST","MALLORCA WY",0.00,,Y,A,-,N,,,,,,,,,,N,4,0,1,2,D,-,00,,,N,B,G,A,A,H,-,C,D,0,,Y,,,Y,,-,"- ",0,0,1,0,0,0,1,0,0,"- ","- ",,,"SAN FRANCISCO","SAN FRANCISCO",-122.43730163574219,37.800689697265625
90178106,2016,2016-05-12,9335,2016-05-02,0820,017728,,1,1,7,3801,1,3,5,,2,001,"PALOU AVE","QUINT ST",150.00,S,N,A,-,N,,,,,,,,,,N,3,0,1,2,A,-,03,22350,,N,B,G,A,A,H,-,A,D,0,,Y,,,Y,,L,04,0,1,0,0,0,0,1,0,0,"- ","- ",37.735759999999999,-122.39052,"SAN FRANCISCO","SAN FRANCISCO",-122.39610453,37.736952870000003
90206300,2016,2016-06-21,9350,2016-06-15,1652,014448,,3,2,7,3801,0,1,2,,1,120,"W. WALKWAY GGB, MIDSPAN","LT. POLE # 76",10.00,N,N,A,G,N,,,,,,,,,,N,4,0,1,1,C,-,18,,,N,E,G,A,A,C,-,A,D,0,,Y,,,Y,,-,"- ",0,0,1,0,0,0,1,0,0,"- ","- ",,,"SAN FRANCISCO","SAN FRANCISCO",,
90266979,2016,2016-09-13,9350,2016-09-10,1140,017702,,6,1,7,3801,0,1,2,,2,020,"US 101 N/B","GGB TOLL PLAZA",2000.00,N,N,B,-,Y,,,,,,,,,,N,4,0,1,1,A,-,00,21461,,N,F,A,A,A,H,-,A,D,0,,Y,,,Y,,L,04,0,0,1,0,0,0,1,0,0,"- ","- ",,,"SAN FRANCISCO","SAN FRANCISCO",,
9033021,2019,2020-02-04,3801,2019-12-13,0846,552,SOUTH,5,5,7,3801,0,0,0,,0,,"MARKET ST","SOUTH VAN NESS AV",0.00,,Y,A,-,N,,,,,,,,,,N,3,0,1,2,A,-,06,21750,A,N,D,G,A,A,H,-,A,A,0,,Y,,,Y,,L,04,0,1,0,0,0,0,1,0,0,"- ","- ",,,"SAN FRANCISCO","SAN FRANCISCO",-122.41925811767578,37.775169372558594
9035571,2019,2020-02-05,3801,2019-12-15,1845,262,TRAFF,7,5,7,3801,0,0,0,,0,4B4E,"BRYANT ST","16TH ST",35.00,N,N,A,-,N,,,,,,,,,,N,4,0,1,2,A,-,05,21650,,N,A,G,A,A,H,-,C,D,0,,Y,,,Y,,L,04,0,0,1,0,0,0,1,0,0,"- ","- ",,,"SAN FRANCISCO","SAN FRANCISCO",-122.41053009033203,37.76568603515625
9035618,2019,2020-02-05,3801,2019-12-04,1606,1102,MISSI,3,5,7,3801,0,0,0,,0,0D5,"OTIS ST","DUBOCE AV",0.00,,Y,A,-,N,,,,,,,,,,N,3,0,1,2,A,-,12,21453,A,N,D,G,A,A,H,-,A,A,0,,Y,,,Y,,L,04,0,1,0,0,0,0,1,0,0,"- ","- ",,,"SAN FRANCISCO","SAN FRANCISCO",-122.42018890380859,37.770130157470703
9035666,2019,2020-02-05,3801,2019-12-16,1630,1930,TENDE,1,5,7,3801,0,0,0,,0,,"6TH ST","MARKET ST",0.00,,Y,A,-,N,,,,,,,,,,N,4,0,1,2,A,-,00,22517,A,N,-,G,A,A,H,-,A,D,0,,Y,,,Y,,A,01,0,0,1,0,0,0,1,0,0,"- ","- ",,,"SAN FRANCISCO","SAN FRANCISCO",-122.41030120849609,37.782238006591797
9035801,2019,2020-01-29,3801,2019-12-26,0948,1605,NORTH,4,5,7,3801,0,0,0,,0,3E15A,"GREENWICH ST","FRANKLIN ST",120.00,E,N,A,-,N,,,,,,,,,,N,3,0,1,1,A,-,03,22350,,N,-,A,A,A,H,-,A,D,0,,Y,,,Y,,L,04,0,1,0,0,0,0,1,0,0,"- ","- ",,,"SAN FRANCISCO","SAN FRANCISCO",-122.42558288574219,37.800262451171875
9035833,2019,2020-01-29,3801,2019-12-16,1805,624,NORTH,1,5,7,3801,0,0,0,,0,002,"MCALLISTER ST","LAGUNA ST",0.00,,Y,A,-,N,,,,,,,,,,N,3,0,1,2,A,-,09,21801,A,F,D,G,A,A,H,-,B,A,0,,Y,,,Y,,A,01,0,1,0,0,0,0,1,0,0,"- ","- ",,,"SAN FRANCISCO","SAN FRANCISCO",-122.42681884765625,37.779258728027344
90371224,2017,2017-01-18,9350,2017-01-14,1505,019927,,6,2,7,3801,0,1,2,,1,120,"GOLDEN GATE BRIDGE WEST SIDEWALK","MERCHANT ROAD",1782.00,N,N,A,-,N,,,,,,,,,,N,4,0,1,2,B,-,22,,,N,H,B,E,A,G,-,A,D,0,Y,Y,,,Y,,N,60,0,0,1,0,0,0,1,0,0,"- ","- ",,,"SAN FRANCISCO","SAN FRANCISCO",,
90380501,2017,2017-01-27,9350,2017-01-26,1240,021437,,4,1,7,3801,0,1,2,,1,120,"US-101 N/B (GGB EAST SIDEWALK)","SOUTH TOWER",2112.00,N,N,A,-,N,,,101,,,,,,N,N,3,0,1,1,B,-,22,,,N,F,A,A,A,H,-,A,D,0,,Y,,,Y,,L,04,0,1,0,0,0,0,1,0,0,"- ","- ",37.817120000000003,-122.47817000000001,"SAN FRANCISCO","SAN FRANCISCO",-122.47834598999999,37.817098199999997
9041332,2019,2020-02-24,3801,2019-10-17,0825,2376,SOUTH,4,5,7,3801,0,0,0,,0,3B5A,"TOWNSEND ST","6TH ST",220.00,W,N,A,-,N,,,,,,,,,,N,4,0,1,1,A,-,03,22350,A,N,H,A,A,A,H,-,A,D,0,,Y,,,Y,,L,04,0,0,1,0,0,0,1,0,0,"- ","- ",,,"SAN FRANCISCO","SAN FRANCISCO",-122.39994049072266,37.773841857910156
9047120,2020,2020-03-05,3801,2020-01-09,0947,728,MISSI,4,5,7,3801,0,0,0,,0,3D28,"13TH ST","FOLSOM ST",0.00,,Y,C,-,N,,,,,,,,,,N,3,0,1,2,D,-,00,,,F,D,G,A,B,G,-,A,A,0,,Y,,Y,Y,,-,"- ",0,1,0,0,0,0,1,0,0,"- ","- ",,,"SAN FRANCISCO","SAN FRANCISCO",-122.41558837890625,37.769519805908203
9047325,2020,2020-03-05,3801,2020-01-17,1449,4361,MISSI,5,5,7,3801,0,0,0,,0,3D11A,"FOLSOM ST","19TH ST",0.00,,Y,A,-,N,,,,,,,,,,N,3,0,1,2,A,-,08,22107,,N,D,G,A,A,H,-,A,A,0,,Y,,Y,Y,,G,27,0,1,0,0,0,0,1,0,0,"- ","- ",,,"SAN FRANCISCO","SAN FRANCISCO",-122.41481781005859,37.760490417480469
9047462,2020,2020-03-05,3801,2020-01-13,0758,1129,TARAV,1,5,7,3801,0,0,0,,0,006,"SAGAMORE ST","ORIZABA AV",0.00,,Y,A,-,N,,,,,,,,,,N,4,0,1,2,A,-,09,21802,A,N,D,G,A,A,H,-,A,A,0,,Y,,,Y,,A,01,0,0,1,0,0,0,1,0,0,"- ","- ",,,"SAN FRANCISCO","SAN FRANCISCO",-122.46259307861328,37.711399078369141
9047525,2020,2020-03-09,3801,2020-01-12,1155,400,CENTR,7,5,7,3801,0,0,0,,0,3A13A,"NORTH POINT ST","LEAVENWORTH ST",102.00,W,N,A,-,N,,,,,,,,,,N,3,0,1,2,A,-,08,22107,,N,B,G,A,A,H,-,A,A,0,,Y,,,Y,,A,01,0,1,0,0,0,0,1,0,0,"- ","- ",,,"SAN FRANCISCO","SAN FRANCISCO",-122.41908264160156,37.805885314941406
9047535,2020,2020-03-06,3801,2020-01-25,2027,2241,MISSI,6,5,7,3801,0,0,0,,0,3D16D,"VALENCIA ST","LIBERTY ST",75.00,N,N,A,-,N,,,,,,,,,,N,3,0,1,2,A,-,06,21750,,M,B,G,A,A,H,-,C,A,0,,Y,,,Y,Y,L,04,0,1,0,0,0,0,1,0,0,"- ","- ",,,"SAN FRANCISCO","SAN FRANCISCO",-122.42119598388672,37.757896423339844
9047566,2020,2020-03-06,3801,2020-01-16,0655,830,MISSI,4,5,7,3801,0,0,0,,0,3D60,"26TH ST","HARRISON ST",0.00,,Y,C,-,N,,,,,,,,,,N,4,0,1,2,A,-,12,22450,A,F,D,G,A,B,H,-,C,D,0,,Y,,,Y,Y,A,01,0,0,1,0,0,0,1,0,0,"- ","- ",,,"SAN FRANCISCO","SAN FRANCISCO",-122.41163635253906,37.749439239501953
9047592,2020,2020-03-06,3801,2020-01-15,1902,209,NORTH,3,5,7,3801,0,0,0,,0,NORTHE,LAGUNA,"OAK ST",30.00,S,N,A,-,N,,,,,,,,,,N,2,0,1,1,A,-,03,22350,,N,H,-,A,A,H,-,C,D,0,,Y,,,Y,,L,04,1,0,0,0,0,0,1,0,0,"- ","- ",,,"SAN FRANCISCO","SAN FRANCISCO",-122.42586517333984,37.774517059326172
9047618,2020,2020-03-06,3801,2020-01-10,1507,1994,TRAFF,5,5,7,3801,0,0,0,,0,4B3G,"8TH ST","RINGOLD ST",21.00,N,N,A,-,N,,,,,,,,,,N,4,0,1,3,A,-,03,22350,,N,H,B,E,A,H,-,A,D,0,Y,Y,,,Y,,L,04,0,0,1,0,1,0,0,0,0,"- ","- ",,,"SAN FRANCISCO","SAN FRANCISCO",-122.40953063964844,37.774589538574219
9047641,2020,2020-03-06,3801,2020-01-27,1719,1113,PARK,1,5,7,3801,0,0,0,,0,,"TURK BL","NIDO AV",78.00,W,N,A,-,N,,,,,,,,,,N,4,0,1,2,A,-,09,21804,A,N,D,G,A,A,H,-,B,D,0,,Y,,,Y,,L,04,0,0,1,0,0,0,1,0,0,"- ","- ",,,"SAN FRANCISCO","SAN FRANCISCO",-122.44635009765625,37.778717041015625
9047650,2020,2020-03-05,3801,2020-01-04,2037,2175,MISSI,6,5,7,3801,0,0,0,,0,3D13D,"MISSION ST","17TH ST",175.00,N,N,A,-,N,,,,,,,,,,N,2,0,2,2,A,-,11,21955,,N,G,-,D,A,H,-,C,D,0,Y,Y,,,Y,Y,N,60,1,1,0,0,1,0,1,0,0,"- ","- ",,,"SAN FRANCISCO","SAN FRANCISCO",-122.41954803466797,37.763900756835938
9047651,2020,2020-03-06,3801,2020-01-09,0913,1396,SOUTH,4,5,7,3801,0,0,0,,0,3B5A,"4TH ST","BERRY ST",165.00,S,N,A,-,N,,,,,,,,,,N,3,0,1,1,C,-,18,,,N,E,A,A,B,H,-,A,D,0,,Y,,,Y,,-,"- ",0,1,0,0,0,0,1,0,0,"- ","- ",,,"SAN FRANCISCO","SAN FRANCISCO",-122.39292907714844,37.775463104248047
9047658,2020,2020-03-05,3801,2020-01-04,1745,182,BAYVI,6,5,7,3801,0,0,0,,0,901,"SILVER AV","YALE ST",0.00,,Y,A,-,N,,,,,,,,,,N,4,0,1,2,A,-,09,21801,A,F,D,G,A,A,H,-,C,D,0,,Y,,,Y,,A,01,0,0,1,0,0,0,1,0,0,"- ","- ",,,"SAN FRANCISCO","SAN FRANCISCO",-122.41838073730469,37.729038238525391
9047665,2020,2020-03-06,3801,2020-01-11,1831,2183,MISSI,6,5,7,3801,0,0,0,,0,003,"23RD ST","BRYANT ST",0.00,,Y,A,-,N,,,,,,,,,,N,3,0,1,2,A,-,12,22450,A,N,D,G,A,A,H,-,B,A,0,,Y,,,Y,,L,04,0,1,0,0,0,0,1,0,0,"- ","- ",,,"SAN FRANCISCO","SAN FRANCISCO",-122.40927886962891,37.754398345947266
9047675,2020,2020-03-06,3801,2020-01-08,0443,4039,CENTR,3,5,7,3801,0,0,0,,0,0A4,BATTERY,"FILBERT ST",29.00,N,N,B,-,N,,,,,,,,,,N,3,0,1,2,A,-,11,21956,,N,G,B,D,B,H,-,C,A,0,Y,Y,,,Y,,N,60,0,1,0,0,1,0,0,0,0,"- ","- ",,,"SAN FRANCISCO","SAN FRANCISCO",-122.40180206298828,37.802410125732422
9068160,2020,2020-07-09,3801,2020-03-27,2031,4005,PARK,5,5,7,3801,0,0,0,,0,3F2D,"LOCKSLEY AV","WARREN DR",0.00,,Y,A,-,N,,,,,,,,,,N,3,0,1,2,A,-,09,21802,A,N,B,G,A,A,H,-,C,D,0,,Y,,,Y,,L,04,0,1,0,0,0,0,1,0,0,"- ","- ",,,"SAN FRANCISCO","SAN FRANCISCO",-122.46321105957031,37.758598327636719