CASE_ID,ACCIDENT_YEAR,PROC_DATE,JURIS,COLLISION_DATE,COLLISION_TIME,OFFICER_ID,REPORTING_DISTRICT,DAY_OF_WEEK,CHP_SHIFT,POPULATION,CNTY_CITY_LOC,SPECIAL_COND,BEAT_TYPE,CHP_BEAT_TYPE,CITY_DIVISION_LAPD,CHP_BEAT_CLASS,BEAT_NUMBER,PRIMARY_RD,SECONDARY_RD,DISTANCE,DIRECTION,INTERSECTION,WEATHER_1,WEATHER_2,STATE_HWY_IND,CALTRANS_COUNTY,CALTRANS_DISTRICT,STATE_ROUTE,ROUTE_SUFFIX,POSTMILE_PREFIX,POSTMILE,LOCATION_TYPE,RAMP_INTERSECTION,SIDE_OF_HWY,TOW_AWAY,COLLISION_SEVERITY,NUMBER_KILLED,NUMBER_INJURED,PARTY_COUNT,PRIMARY_COLL_FACTOR,PCF_CODE_OF_VIOL,PCF_VIOL_CATEGORY,PCF_VIOLATION,PCF_VIOL_SUBSECTION,HIT_AND_RUN,TYPE_OF_COLLISION,MVIW,PED_ACTION,ROAD_SURFACE,ROAD_COND_1,ROAD_COND_2,LIGHTING,CONTROL_DEVICE,CHP_ROAD_TYPE,PEDESTRIAN_ACCIDENT,BICYCLE_ACCIDENT,MOTORCYCLE_ACCIDENT,TRUCK_ACCIDENT,NOT_PRIVATE_PROPERTY,ALCOHOL_INVOLVED,STWD_VEHTYPE_AT_FAULT,CHP_VEHTYPE_AT_FAULT,COUNT_SEVERE_INJ,COUNT_VISIBLE_INJ,COUNT_COMPLAINT_PAIN,COUNT_PED_KILLED,COUNT_PED_INJURED,COUNT_BICYCLIST_KILLED,COUNT_BICYCLIST_INJURED,COUNT_MC_KILLED,COUNT_MC_INJURED,PRIMARY_RAMP,SECONDARY_RAMP,LATITUDE,LONGITUDE,COUNTY,CITY,POINT_X,POINT_Y
9074935,2020,2020-05-18,3801,2020-02-12,1756,1184,TENDE,3,5,7,3801,0,0,0,,0,3J56C,"10TH ST","HOWARD ST",24.00,N,N,A,-,N,,,,,,,,,,N,3,0,1,2,A,-,17,22517,,N,B,G,A,A,H,-,C,D,0,,Y,,,Y,,A,01,0,1,0,0,0,0,1,0,0,"- ","- ",,,"SAN FRANCISCO","SAN FRANCISCO",-122.4144287109375,37.774074554443359
9074939,2020,2020-05-18,3801,2020-02-12,1504,21157,TENDE,3,5,7,3801,0,0,0,,0,3J54C,"TAYLOR ST","TURK ST",15.00,S,N,A,-,N,,,,,,,,,,N,4,0,1,2,A,-,08,22107,,N,B,G,A,A,H,-,A,A,0,,Y,,,Y,,L,04,0,0,1,0,0,0,1,0,0,"- ","- ",,,"SAN FRANCISCO","SAN FRANCISCO",-122.41077423095703,37.783168792724609
9075009,2020,2020-03-25,3801,2020-02-24,1436,1052,RICHM,1,5,7,3801,0,0,0,,0,3G2C,"JOHN F KENNEDY DR","CONSERVATORY DR W",418.00,W,N,A,-,N,,,,,,,,,,N,3,0,1,2,A,-,17,21209,A,N,B,G,A,A,H,-,A,D,0,,Y,,,Y,,A,07,0,1,0,0,0,0,1,0,0,"- ","- ",,,"SAN FRANCISCO","SAN FRANCISCO",-122.46342468261719,37.772125244140625
9075018,2020,2020-05-15,3801,2020-02-07,0038,276,NORTH,5,5,7,3801,0,0,0,,0,3E1E,"FELL ST","DIVISADERO ST",50.00,E,N,A,-,N,,,,,,,,,,N,4,0,1,2,A,-,08,22107,,F,B,G,A,A,H,-,-,A,0,,Y,,,Y,,L,04,0,0,1,0,0,0,1,0,0,"- ","- ",,,"SAN FRANCISCO","SAN FRANCISCO",-122.43743133544922,37.774082183837891
9075045,2020,2020-05-16,3801,2020-02-15,2127,1252,SOUTH,6,5,7,3801,0,0,0,,0,3B13E,"8TH ST","HARRISON ST",0.00,S,N,A,-,N,,,,,,,,,,N,4,0,1,2,A,-,"- ",,,N,B,B,A,A,H,-,C,A,0,,Y,,,Y,,A,01,0,0,1,0,0,0,1,0,0,"- ","- ",,,"SAN FRANCISCO","SAN FRANCISCO",-122.40853118896484,37.773761749267578
9075063,2020,2020-05-16,3801,2020-02-14,0739,1325,TENDE,5,5,7,3801,0,0,0,,0,3J1A,"MARKET ST","5TH ST",0.00,,Y,A,-,N,,,,,,,,,,N,4,0,1,2,A,-,05,21650,,N,D,G,A,A,H,-,A,A,0,,Y,,,Y,,L,04,0,0,1,0,0,0,1,0,0,"- ","- ",,,"SAN FRANCISCO","SAN FRANCISCO",-122.40805816650391,37.784000396728516
9075069,2020,2020-05-16,3801,2020-02-27,1440,21,,4,5,7,3801,0,0,0,,0,3A44B,"KEARRY ST","COMMERCIAL ST",0.00,,Y,A,-,N,,,,,,,,,,,4,0,1,2,A,-,08,22107,,N,B,G,A,A,H,-,A,D,0,,Y,,,Y,,A,01,0,0,1,0,0,0,1,0,0,"- ","- ",,,"SAN FRANCISCO","SAN FRANCISCO",-122.40470123291016,37.794021606445312
9075082,2020,2020-05-16,3801,2020-02-20,1830,2008,MISSI,4,5,7,3801,0,0,0,,0,3D16D,"HARRISON ST","13TH ST",33.00,S,N,A,-,N,,,,,,,,,,N,3,0,1,2,A,-,09,21800,A,N,B,G,A,A,H,-,C,A,0,,Y,,,Y,,A,01,0,1,0,0,0,0,1,0,0,"- ","- ",,,"SAN FRANCISCO","SAN FRANCISCO",-122.41343688964844,37.769359588623047
9075129,2020,2020-05-16,3801,2020-02-19,2018,2132,MISSI,3,5,7,3801,0,0,0,,0,3D62,"VALENCIA ST","18TH ST",0.00,,Y,A,-,N,,,,,,,,,,N,3,0,1,2,A,-,03,22350,,N,C,G,A,A,H,-,C,A,0,,Y,,,Y,,L,04,0,1,0,0,0,0,1,0,0,"- ","- ",,,"SAN FRANCISCO","SAN FRANCISCO",-122.42156219482422,37.761711120605469
9075133,2020,2020-05-16,3801,2020-02-19,1849,1184,TENDE,3,5,7,3801,0,0,0,,0,3J54C,"MCALLISTER ST","LARKIN ST",0.00,,Y,A,-,N,,,,,,,,,,N,3,0,1,2,A,-,09,21801,A,F,D,G,A,A,H,-,C,A,0,,Y,,,Y,,A,01,0,1,0,0,0,0,1,0,0,"- ","- ",,,"SAN FRANCISCO","SAN FRANCISCO",-122.41693878173828,37.780498504638672
9087249,2020,2020-06-17,3801,2020-03-06,1509,1062,MISSI,5,5,7,3801,0,0,0,,0,3D11C,"CHURCH ST","17TH ST",0.00,,Y,B,-,N,,,,,,,,,,N,4,0,1,1,D,-,00,,,N,H,A,A,A,H,-,A,D,0,,Y,,,Y,,-,"- ",0,0,1,0,0,0,1,0,0,"- ","- ",,,"SAN FRANCISCO","SAN FRANCISCO",-122.42851257324219,37.76287841796875
9087296,2020,2020-07-08,3801,2020-03-09,1650,302,NORTH,1,5,7,3801,0,0,0,,0,3E14D,CLAY,"DIVISADERO ST",0.00,,Y,A,-,N,,,,,,,,,,N,4,0,1,2,A,-,09,21800,A,N,D,G,A,A,H,-,A,D,0,,Y,,,Y,,A,01,0,0,1,0,0,0,1,0,0,"- ","- ",,,"SAN FRANCISCO","SAN FRANCISCO",-122.44081115722656,37.789871215820312
9087297,2020,2020-07-08,3801,2020-03-10,1723,2200,NORTH,2,5,7,3801,0,0,0,,0,001,"POLK ST","MARKET ST",110.00,N,N,A,-,N,,,,,,,,,,N,4,0,1,2,A,-,11,21955,,N,G,B,D,A,H,-,A,D,0,Y,Y,,,Y,,N,60,0,0,1,0,1,0,0,0,0,"- ","- ",,,"SAN FRANCISCO","SAN FRANCISCO",-122.41782379150391,37.776725769042969
9092363,2020,2020-07-20,3801,2020-03-29,1821,1116,MISSI,7,5,7,3801,0,0,0,,0,3D30,"VALENCIA ST","20TH ST",269.00,N,N,A,-,N,,,,,,,,,,N,2,0,1,2,A,-,17,21208,B,N,C,G,A,A,H,-,A,D,0,,Y,,,Y,,L,04,1,0,0,0,0,0,1,0,0,"- ","- ",,,"SAN FRANCISCO","SAN FRANCISCO",-122.42132568359375,37.759246826171875
91011619,2019,2019-06-17,9350,2019-06-08,1715,021893,,6,2,7,3801,0,1,2,,1,120,"US-101 NB (GGB EAST WALK WAY)","GOLDEN GATE TOLL PLAZA",400.00,N,N,A,-,N,,,101,,,,,,N,N,3,0,1,1,C,-,18,,,N,F,A,A,A,H,-,A,D,0,,Y,,,Y,,-,"- ",0,1,0,0,0,0,1,0,0,"- ","- ",37.808158874511719,-122.47638702392578,"SAN FRANCISCO","SAN FRANCISCO",-122.47645568847656,37.808094024658203
9101231,2020,2020-11-05,3801,2020-05-01,1742,564,TARAV,5,5,7,3801,0,0,0,,0,3I15D,"LAKE MERCED BL","HIGUERA AV",543.00,N,N,A,-,N,,,,,,,,,,N,4,0,1,2,D,-,00,,,F,B,G,A,A,H,-,A,D,0,,Y,,,Y,,-,"- ",0,0,1,0,0,0,1,0,0,"- ","- ",,,"SAN FRANCISCO","SAN FRANCISCO",-122.48512268066406,37.720043182373047
91015104,2019,2019-06-21,9350,2019-06-08,1400,021893,,6,2,7,3801,0,1,2,,2,020,"US-101 S/B","ALEXANDER AVE",3696.00,S,N,A,-,Y,,,101,,,,,,S,N,3,0,1,1,A,-,03,22350,,N,E,I,A,A,H,-,A,D,0,,Y,,,Y,,L,04,0,1,0,0,0,0,1,0,0,"- ","- ",37.825691223144531,-122.47933959960938,"SAN FRANCISCO","SAN FRANCISCO",-122.47955322265625,37.825656890869141
9101844,2020,2020-08-11,3801,2020-04-14,1832,1750,,2,5,7,3801,0,0,0,,0,901,"JERROLD AVE","BARNEVELD ST",49.00,W,N,A,-,N,,,,,,,,,,N,4,0,1,2,A,-,17,21209,A,N,C,G,A,A,H,-,A,D,0,,Y,,,Y,,A,01,0,0,1,0,0,0,1,0,0,"- ","- ",,,"SAN FRANCISCO","SAN FRANCISCO",-122.40276336669922,37.746467590332031
9101856,2020,2020-08-03,3801,2020-04-19,1536,1113,PARK,7,5,7,3801,0,0,0,,0,3F2D,"FREDERICK ST","COLE ST",0.00,,Y,A,-,N,,,,,,,,,,N,4,0,1,2,A,-,21,22106,,N,D,G,A,A,H,-,A,A,0,,Y,,,Y,,A,01,0,0,1,0,0,0,1,0,0,"- ","- ",,,"SAN FRANCISCO","SAN FRANCISCO",-122.45015716552734,37.766738891601562
9103486,2020,2020-08-14,3801,2020-04-25,1441,1062,MISSI,6,5,7,3801,0,0,0,,0,3D3C,"24TH ST","MISSION ST",0.00,,Y,A,-,N,,,,,,,,,,N,4,0,1,2,A,-,00,22101,C,F,D,G,A,A,H,-,A,A,0,,Y,,,Y,,A,01,0,0,1,0,0,0,1,0,0,"- ","- ",,,"SAN FRANCISCO","SAN FRANCISCO",-122.41848754882812,37.75225830078125
9103619,2020,2020-08-03,3801,2020-04-30,1537,472,TARAV,4,5,7,3801,0,0,0,,0,3I13D,"VICENTE ST","36TH AV",0.00,,Y,A,-,N,,,,,,,,,,N,2,0,1,2,A,-,12,22450,A,N,D,G,A,A,H,-,A,A,0,,Y,,,Y,,L,04,1,0,0,0,0,0,1,0,0,"- ","- ",,,"SAN FRANCISCO","SAN FRANCISCO",-122.49365997314453,37.738529205322266
9106463,2020,2020-10-29,3801,2020-05-24,1631,1166,TRARA,7,5,7,3801,0,0,0,,0,3I11D,"LINCOLN WY","15TH AV",0.00,,Y,A,-,N,,,,,,,,,,N,4,0,1,2,A,-,05,21650,1,N,D,G,A,A,H,-,A,D,0,,Y,,,Y,,L,04,0,0,1,0,0,0,1,0,0,"- ","- ",,,"SAN FRANCISCO","SAN FRANCISCO",-122.47292327880859,37.765640258789062
9108279,2020,2020-08-03,3801,2020-04-08,1100,1118,SOUTH,3,5,7,3801,0,0,0,,0,3B3C,"8TH ST","NATOMA ST",0.00,,Y,-,-,N,,,,,,,,,,N,3,0,1,2,A,-,10,21950,A,F,H,-,B,-,-,-,-,-,0,Y,Y,,,Y,,L,04,0,1,0,0,1,0,0,0,0,"- ","- ",,,"SAN FRANCISCO","SAN FRANCISCO",-122.41213226318359,37.776660919189453
9108888,2020,2020-08-20,3801,2020-04-30,0700,4333,NORTH,4,5,7,3801,0,0,0,,0,3E13A,"POLK ST","EDDY ST",0.00,,Y,A,-,N,,,,,,,,,,,4,0,1,2,A,-,12,21453,A,N,D,G,A,A,H,-,A,A,0,,Y,,,Y,,-,"- ",0,0,1,0,0,0,1,0,0,"- ","- ",,,"SAN FRANCISCO","SAN FRANCISCO",-122.41918182373047,37.7830810546875
9111069,2020,2020-11-02,3801,2020-05-04,1714,2161,TARAV,1,5,7,3801,0,0,0,,0,3I11D,"32ND AV","RIVERA ST",0.00,,Y,A,-,N,,,,,,,,,,N,3,0,1,2,A,-,12,22450,A,N,H,G,A,A,H,-,A,-,0,,Y,,,Y,,-,"- ",0,1,0,0,0,0,1,0,0,"- ","- ",,,"SAN FRANCISCO","SAN FRANCISCO",-122.4898681640625,37.746158599853516
9111075,2020,2020-11-02,3801,2020-05-30,1440,748,CENTR,6,5,7,3801,0,0,0,,0,0A3,"7TH AV","KIRKHAM ST",0.00,,Y,-,-,N,,,,,,,,,,N,4,0,1,2,A,-,08,22107,,N,H,G,A,-,-,-,A,-,0,,Y,,,Y,,A,01,0,0,1,0,0,0,1,0,0,"- ","- ",,,"SAN FRANCISCO","SAN FRANCISCO",-122.46392059326172,37.760391235351562
9111076,2020,2020-11-02,3801,2020-05-31,1632,887,SOUTH,7,5,7,3801,0,0,0,,0,3B14D,"MARKET ST","OCTAVIA ST",0.00,,Y,A,-,N,,,,,,,,,,N,3,0,1,2,A,-,08,22101,D,N,D,G,A,A,H,-,A,A,0,,Y,,,Y,,A,01,0,1,0,0,0,0,1,0,0,"- ","- ",,,"SAN FRANCISCO","SAN FRANCISCO",-122.42359161376953,37.771778106689453
9111101,2020,2020-11-02,3801,2020-05-22,1600,2150,INGLE,5,5,7,3801,0,0,0,,0,3H15D,"PORTOLA DR","FOWLER AV",0.00,,Y,A,-,N,,,,,,,,,,N,3,0,1,2,A,-,08,22107,,N,B,G,A,A,H,-,A,A,0,,Y,,,Y,,-,"- ",0,1,0,0,0,0,1,0,0,"- ","- ",,,"SAN FRANCISCO","SAN FRANCISCO",-122.453369140625,37.744518280029297
9111114,2020,2020-11-02,3801,2020-05-16,0920,1342,NORTH,6,5,7,3801,0,0,0,,0,3E11A,"HAIGHT ST","PIERCE ST",0.00,,Y,-,-,N,,,,,,,,,,N,4,0,1,2,A,-,09,21804,A,F,C,G,A,A,-,-,A,-,0,,Y,,,Y,,-,99,0,0,1,0,0,0,1,0,0,"- ","- ",,,"SAN FRANCISCO","SAN FRANCISCO",-122.43373107910156,37.771690368652344
9111115,2020,2020-11-02,3801,2020-05-21,1835,11,CENTR,4,5,7,3801,0,0,0,,0,,"THE EMBARCADERO",BROADWAY,0.00,,Y,A,-,N,,,,,,,,,,N,4,0,1,2,A,-,08,22107,,N,B,G,A,A,H,-,A,D,0,,Y,,,Y,,I,19,0,0,1,0,0,0,1,0,0,"- ","- ",,,"SAN FRANCISCO","SAN FRANCISCO",-122.39775848388672,37.799179077148438
9111191,2020,2020-07-31,3801,2020-04-19,1854,2419,RICHM,7,5,7,3801,0,0,0,,0,0G3,"5TH AV","CABRILLO ST",151.00,N,N,A,-,N,,,,,,,,,,N,4,0,1,2,B,-,22,,,N,D,G,A,A,H,-,A,D,0,,Y,,,Y,,L,04,0,0,1,0,0,0,1,0,0,"- ","- ",,,"SAN FRANCISCO","SAN FRANCISCO",-122.46284484863281,37.775833129882812
91113392,2019,2019-11-05,9350,2019-10-24,0630,019875,,4,1,7,3801,0,1,2,,1,120,"US-101 NB GGB EAST SIDEWALK","LINCOLN BLVD",1267.00,N,N,A,-,Y,,,101,,,,,,N,N,2,0,1,2,D,-,00,,,N,B,C,A,A,H,-,D,D,0,,Y,,,Y,,-,"- ",1,0,0,0,0,0,1,0,0,"- ","- ",37.809711456298828,-122.47725677490234,"SAN FRANCISCO","SAN FRANCISCO",-122.4774169921875,37.809684753417969
9120772,2020,2020-08-26,3801,2020-06-19,1440,1226,SOUTH,5,5,7,3801,0,0,0,,0,,"FOLSOM ST","LANGTON ST",51.00,E,N,A,-,N,,,,,,,,,,N,4,0,1,2,A,-,03,22350,,N,D,G,A,A,H,-,A,D,0,,Y,,,Y,,L,04,0,0,1,0,0,0,1,0,0,"- ","- ",,,"SAN FRANCISCO","SAN FRANCISCO",-122.40827941894531,37.776420593261719
9120777,2020,2020-08-26,3801,2020-06-14,1850,936,CENTR,7,5,7,3801,0,0,0,,0,3A14D,"BAY  ST","KEARNEY ST",300.00,W,N,A,-,N,,,,,,,,,,N,4,0,1,2,A,-,08,22107,,N,C,G,A,A,H,-,A,D,0,,Y,,,Y,,A,01,0,0,1,0,0,0,1,0,0,"- ","- ",,,"SAN FRANCISCO","SAN FRANCISCO",-122.40819549560547,37.806308746337891
9120786,2020,2020-08-26,3801,2020-06-11,2103,2017,MISSS,4,5,7,3801,0,0,0,,0,3D41D,"18TH ST","HARTFORD ST",0.00,,Y,A,-,N,,,,,,,,,,N,4,0,1,2,A,-,12,22450,A,N,-,G,A,A,H,-,C,A,0,,Y,Y,,Y,,L,04,0,0,1,0,0,0,0,0,1,"- ","- ",,,"SAN FRANCISCO","SAN FRANCISCO",-122.43388366699219,37.760948181152344
9120788,2020,2020-08-26,3801,2020-06-01,1300,863,PARK,1,5,7,3801,0,0,0,,0,3F30,"LAGUNA HONDA BL","CLARENDON AV",0.00,,Y,A,-,N,,,,,,,,,,N,3,0,1,2,A,-,08,22107,,N,H,G,A,A,H,-,A,A,0,,Y,,,Y,,A,01,0,1,0,0,0,0,1,0,0,"- ","- ",,,"SAN FRANCISCO","SAN FRANCISCO",-122.46161651611328,37.751449584960938
9120882,2020,2020-08-27,3801,2020-06-17,1653,172,RICHM,3,5,7,3801,0,0,0,,0,004,"LAKE ST","25TH AV",0.00,,Y,A,-,N,,,,,,,,,,N,3,0,1,1,A,-,03,22350,,N,H,A,A,A,H,-,A,A,0,,Y,,,Y,,L,04,0,1,0,0,0,0,1,0,0,"- ","- ",,,"SAN FRANCISCO","SAN FRANCISCO",-122.48513793945312,37.785751342773438
9120888,2020,2020-09-14,3801,2020-06-12,1618,4118,INGLE,5,5,7,3801,0,0,0,,0,3H13D,"30TH ST","SANCHEZ ST",0.00,,Y,A,-,N,,,,,,,,,,N,4,0,1,2,A,-,03,22350,,N,D,C,A,A,H,-,A,A,0,,Y,,,Y,,L,04,0,0,1,0,0,0,1,0,0,"- ","- ",,,"SAN FRANCISCO","SAN FRANCISCO",-122.42888641357422,37.741939544677734
9120894,2020,2020-08-27,3801,2020-06-06,1717,1845,SOUTH,6,5,7,3801,0,0,0,,0,004,"MARKET ST","OCTAVIA BL",0.00,,Y,A,-,N,,,,,,,,,,N,3,0,2,2,A,-,03,22350,,N,C,G,A,A,H,-,A,A,0,,Y,,,Y,,L,04,0,1,1,0,0,0,2,0,0,"- ","- ",,,"SAN FRANCISCO","SAN FRANCISCO",-122.42359161376953,37.771778106689453
9120907,2020,2020-08-28,3801,2020-06-08,1740,2239,INGLE,1,5,7,3801,0,0,0,,0,3H11D,"PERALTA AV","YORK ST",111.00,W,N,A,-,N,,,,,,,,,,N,3,0,1,1,D,-,00,,,N,H,A,A,A,H,-,A,A,0,,Y,,,Y,,-,"- ",0,1,0,0,0,0,1,0,0,"- ","- ",,,"SAN FRANCISCO","SAN FRANCISCO",-122.40761566162109,37.747283935546875
91252721,2020,2020-06-16,9350,2020-06-13,1915,022432,,6,2,7,3801,0,1,2,,1,120,"US-101 S/B (GGB SIDEWALK)","GGB SIDEWALK",2112.00,S,N,A,-,Y,,,,,,,,,,N,4,0,1,2,A,-,03,22350,,M,C,G,A,A,H,-,A,D,0,,Y,,,Y,,L,04,0,0,1,0,0,0,1,0,0,"- ","- ",37.890838623046875,-122.47692108154297,"SAN FRANCISCO","SAN FRANCISCO",,
9137455,2020,2020-09-23,3801,2020-07-12,1202,834,MISSI,7,5,7,3801,0,0,0,,0,3D44C,"POTRERO AV","25TH ST",0.00,,Y,A,-,N,,,,,,,,,,N,4,0,1,2,A,-,05,21650,1,N,D,G,A,A,H,-,A,A,0,,Y,,,Y,,L,04,0,0,1,0,0,0,1,0,0,"- ","- ",,,"SAN FRANCISCO","SAN FRANCISCO",-122.40619659423828,37.751739501953125
9137531,2020,2020-09-25,3801,2020-07-14,1048,1250,SOUTH,2,5,7,3801,0,0,0,,0,3B15A,"TOWNSEND ST","TOWNSEND ST 350",0.00,,Y,A,-,N,,,,,,,,,,N,2,0,1,2,A,-,09,21804,A,N,B,-,A,-,H,-,A,D,0,,Y,,,Y,,L,04,1,0,0,0,0,0,1,0,0,"- ","- ",,,"SAN FRANCISCO","SAN FRANCISCO",,
9137537,2020,2020-09-25,3801,2020-07-06,1752,2093,NORTH,1,5,7,3801,0,0,0,,0,,"CHESTNUT ST","BAKER ST",0.00,,Y,A,-,N,,,,,,,,,,N,3,0,1,1,-,-,"- ",,,N,H,A,A,A,H,-,A,D,0,,Y,,,Y,,-,"- ",0,1,0,0,0,0,1,0,0,"- ","- ",,,"SAN FRANCISCO","SAN FRANCISCO",-122.44597625732422,37.799579620361328
9138698,2020,2020-09-24,3801,2020-07-13,1313,386,MISSI,1,5,7,3801,0,0,0,,0,3D14C,"MARKET ST","HATTIE ST",0.00,,Y,A,-,N,,,,,,,,,,N,2,0,1,2,A,-,03,22350,,N,D,G,A,A,H,-,A,D,0,,Y,,,Y,,L,04,1,0,0,0,0,0,1,0,0,"- ","- ",,,"SAN FRANCISCO","SAN FRANCISCO",-122.44098663330078,37.761081695556641
9138708,2020,2020-09-24,3801,2020-07-10,2211,1357,RICHM,5,5,7,3801,0,0,0,,0,3G12E,"MARTIN LUTHER KING JR DR","CROSSOVER DR",0.00,,Y,A,-,N,,,,,,,,,,N,3,0,1,2,A,-,09,21801,A,N,D,G,A,A,H,-,C,A,0,,Y,,,Y,,-,,0,1,0,0,0,0,1,0,0,"- ","- ",,,"SAN FRANCISCO","SAN FRANCISCO",-122.47737884521484,37.766040802001953
9138712,2020,2020-09-24,3801,2020-07-11,1820,899,MISSI,6,5,7,3801,0,0,0,,0,3D11D,"CHULA LN","DOLORES ST",0.00,,Y,A,-,N,,,,,,,,,,N,3,0,1,2,A,-,08,22107,,F,A,G,A,A,H,-,A,D,0,,Y,,,Y,,A,01,0,1,0,0,0,0,1,0,0,"- ","- ",,,"SAN FRANCISCO","SAN FRANCISCO",-122.42637634277344,37.763938903808594
9138823,2020,2020-09-24,3801,2020-07-02,1126,4102,SOUTH,4,5,7,3801,0,0,0,,0,0B3,"HOWARD ST","RAUSCH ST",17.00,E,N,A,-,N,,,,,,,,,,N,4,0,1,2,A,-,05,21650,1,N,D,G,A,A,H,-,A,A,0,,Y,,,Y,,L,04,0,0,1,0,0,0,1,0,0,"- ","- ",,,"SAN FRANCISCO","SAN FRANCISCO",-122.41043090820312,37.777133941650391
9138938,2020,2020-10-09,3801,2020-07-18,1134,1755,SOUTH,6,5,7,3801,0,0,0,,0,3B7A,"TREASURE ISLAND RD","MACALLA RD",400.00,S,N,A,-,N,,,,,,,,,,N,4,0,2,2,A,-,03,22350,,N,E,I,A,A,G,-,A,D,0,,Y,,,Y,Y,L,04,0,0,2,0,0,0,2,0,0,"- ","- ",,,"SAN FRANCISCO","SAN FRANCISCO",-122.37132263183594,37.812156677246094
9138940,2020,2020-10-09,3801,2020-07-18,0759,1478,NORTH,6,5,7,3801,0,0,0,,0,0E2,"FULTON ST","LAGUNA ST",0.00,,Y,A,-,N,,,,,,,,,,N,3,0,1,1,A,-,03,22350,A,N,F,I,A,A,H,-,A,A,0,,Y,,,Y,,L,04,0,1,0,0,0,0,1,0,0,"- ","- ",,,"SAN FRANCISCO","SAN FRANCISCO",-122.42664337158203,37.778331756591797
9138942,2020,2020-09-24,3801,2020-07-17,2251,1833,TARAV,5,5,7,3801,0,0,0,,0,3I11E,"KIRKHAM ST","34TH AV",0.00,,Y,A,-,N,,,,,,,,,,N,3,0,1,2,A,-,03,22350,,N,C,E,A,A,H,-,C,-,0,,Y,,,Y,,L,04,0,1,0,0,0,0,1,0,0,"- ","- ",,,"SAN FRANCISCO","SAN FRANCISCO",-122.49292755126953,37.759128570556641
9145133,2020,2020-10-12,3801,2020-08-19,1306,912,CENTR,3,5,7,3801,0,0,0,,0,3A13C,"SACRAMENTO ST","MONTGOMERY ST",170.00,W,N,A,-,N,,,,,,,,,,N,3,0,1,2,A,-,03,22350,,N,D,G,A,A,H,-,A,D,0,,Y,,,Y,,L,04,0,1,0,0,0,0,1,0,0,"- ","- ",,,"SAN FRANCISCO","SAN FRANCISCO",-122.40352630615234,37.793724060058594
9145184,2020,2020-10-13,3801,2020-08-14,1135,1956,TARAV,5,5,7,3801,0,0,0,,0,"2 CAR","ULLOA ST","20TH AV",0.00,,Y,A,-,N,,,,,,,,,,N,3,0,1,2,A,-,12,22450,A,N,D,G,A,A,H,-,A,A,0,,Y,,,Y,,A,08,0,1,0,0,0,0,1,0,0,"- ","- ",,,"SAN FRANCISCO","SAN FRANCISCO",-122.47663879394531,37.741138458251953
9145191,2020,2020-10-13,3801,2020-08-12,2024,4084,TRAFF,3,5,7,3801,0,0,0,,0,4B4B,"37TH AV","ORTEGA ST",0.00,,Y,B,-,N,,,,,,,,,,N,2,0,2,2,A,-,03,22350,,F,D,G,A,A,H,-,C,A,0,,Y,,,Y,,-,99,1,1,0,0,0,0,2,0,0,"- ","- ",,,"SAN FRANCISCO","SAN FRANCISCO",-122.49562835693359,37.751510620117188
9145216,2020,2020-10-12,3801,2020-08-30,1725,203,MISSI,7,5,7,3801,0,0,0,,0,,"25TH ST",FOUNTAIN,107.00,E,N,B,-,N,,,,,,,,,,N,2,0,1,2,A,-,08,22103,,N,D,G,A,A,H,-,A,D,0,,Y,,,Y,,A,01,1,0,0,0,0,0,1,0,0,"- ","- ",,,"SAN FRANCISCO","SAN FRANCISCO",-122.44116973876953,37.749240875244141
9148569,2020,2020-10-27,3801,2020-08-25,1042,4286,RICHM,2,5,7,3801,0,0,0,,0,0G4,"GEARY BL","17TH AV",50.00,E,N,A,-,N,,,,,,,,,,N,3,0,1,2,A,-,04,21703,,N,C,E,A,A,H,-,A,D,0,,Y,,,Y,,L,04,0,1,0,0,0,0,1,0,0,"- ","- ",,,"SAN FRANCISCO","SAN FRANCISCO",-122.47599792480469,37.780536651611328
9148579,2020,2020-10-27,3801,2020-08-06,2024,1336,NORTH,4,5,7,3801,0,0,0,,0,3E13D,"POLK ST","TURK ST",0.00,,Y,A,-,N,,,,,,,,,,N,2,0,1,2,A,-,09,21453,C,N,D,G,A,A,H,-,C,A,0,,Y,,,Y,,A,01,1,0,0,0,0,0,1,0,0,"- ","- ",,,"SAN FRANCISCO","SAN FRANCISCO",-122.41899871826172,37.782169342041016
9148597,2020,2020-10-26,3801,2020-08-27,1350,751,RICHM,4,5,7,3801,0,0,0,,0,3G2A,"ARGUELLO BL","CALIFORNIA ST",0.00,,Y,A,-,N,,,,,,,,,,N,3,0,1,2,A,-,12,21453,A,N,D,G,A,A,H,-,A,A,0,,Y,,,Y,,L,04,0,1,0,0,0,0,1,0,0,"- ","- ",,,"SAN FRANCISCO","SAN FRANCISCO",-122.45921325683594,37.785671234130859