CASE_ID,ACCIDENT_YEAR,PROC_DATE,JURIS,COLLISION_DATE,COLLISION_TIME,OFFICER_ID,REPORTING_DISTRICT,DAY_OF_WEEK,CHP_SHIFT,POPULATION,CNTY_CITY_LOC,SPECIAL_COND,BEAT_TYPE,CHP_BEAT_TYPE,CITY_DIVISION_LAPD,CHP_BEAT_CLASS,BEAT_NUMBER,PRIMARY_RD,SECONDARY_RD,DISTANCE,DIRECTION,INTERSECTION,WEATHER_1,WEATHER_2,STATE_HWY_IND,CALTRANS_COUNTY,CALTRANS_DISTRICT,STATE_ROUTE,ROUTE_SUFFIX,POSTMILE_PREFIX,POSTMILE,LOCATION_TYPE,RAMP_INTERSECTION,SIDE_OF_HWY,TOW_AWAY,COLLISION_SEVERITY,NUMBER_KILLED,NUMBER_INJURED,PARTY_COUNT,PRIMARY_COLL_FACTOR,PCF_CODE_OF_VIOL,PCF_VIOL_CATEGORY,PCF_VIOLATION,PCF_VIOL_SUBSECTION,HIT_AND_RUN,TYPE_OF_COLLISION,MVIW,PED_ACTION,ROAD_SURFACE,ROAD_COND_1,ROAD_COND_2,LIGHTING,CONTROL_DEVICE,CHP_ROAD_TYPE,PEDESTRIAN_ACCIDENT,BICYCLE_ACCIDENT,MOTORCYCLE_ACCIDENT,TRUCK_ACCIDENT,NOT_PRIVATE_PROPERTY,ALCOHOL_INVOLVED,STWD_VEHTYPE_AT_FAULT,CHP_VEHTYPE_AT_FAULT,COUNT_SEVERE_INJ,COUNT_VISIBLE_INJ,COUNT_COMPLAINT_PAIN,COUNT_PED_KILLED,COUNT_PED_INJURED,COUNT_BICYCLIST_KILLED,COUNT_BICYCLIST_INJURED,COUNT_MC_KILLED,COUNT_MC_INJURED,PRIMARY_RAMP,SECONDARY_RAMP,LATITUDE,LONGITUDE,COUNTY,CITY,POINT_X,POINT_Y
9148857,2020,2020-09-18,3801,2020-07-28,2222,2085,NORTH,2,5,7,3801,0,0,0,,0,3E12E,"VAN NESS AV","UNION ST",0.00,,Y,A,-,N,,,,,,,,,,N,3,0,1,2,A,-,09,21801,A,N,A,G,A,A,H,-,C,A,0,,Y,,,Y,,A,01,0,1,0,0,0,0,1,0,0,"- ","- ",,,"SAN FRANCISCO","SAN FRANCISCO",-122.42405700683594,37.798538208007812
9151423,2020,2020-10-14,3801,2020-08-08,0900,2266,INGLE,6,5,7,3801,0,0,0,,0,3H13A,"MISSION ST","ADMIRAL AV",13.00,N,N,B,-,N,,,,,,,,,,N,4,0,1,1,A,-,03,22350,,N,E,A,A,A,B,-,A,D,0,,Y,,,Y,,L,04,0,0,1,0,0,0,1,0,0,"- ","- ",,,"SAN FRANCISCO","SAN FRANCISCO",-122.43012237548828,37.729888916015625
9151431,2020,2020-10-14,3801,2020-08-07,1248,4281,NORTH,5,5,7,3801,0,0,0,,0,3E47C,"CHESTNUT ST","LAGUNA ST",0.00,,Y,A,-,N,,,,,,,,,,N,4,0,1,2,A,-,12,22450,A,N,D,G,A,A,H,-,A,A,0,,Y,,,Y,,A,01,0,0,1,0,0,0,1,0,0,"- ","- ",,,"SAN FRANCISCO","SAN FRANCISCO",-122.43129730224609,37.801441192626953
9151440,2020,2020-10-14,3801,2020-08-21,0950,2310,NORTH,5,5,7,3801,0,0,0,,0,3E13A,"POLK ST","GEARY ST",0.00,,Y,A,-,N,,,,,,,,,,N,3,0,1,2,A,-,11,21950,B,N,G,A,B,A,H,-,A,A,0,Y,Y,,,Y,,N,60,0,1,0,0,1,0,0,0,0,"- ","- ",,,"SAN FRANCISCO","SAN FRANCISCO",-122.41973876953125,37.785900115966797
9151442,2020,2020-10-13,3801,2020-08-23,2128,1276,SOUTH,7,5,7,3801,0,0,0,,0,0B2,"MISSION ST","5TH ST",0.00,,Y,A,-,N,,,,,,,,,,N,3,0,1,2,A,-,12,21453,A,N,D,G,A,A,H,-,C,A,0,,Y,,,Y,,L,04,0,1,0,0,0,0,1,0,0,"- ","- ",,,"SAN FRANCISCO","SAN FRANCISCO",-122.40648651123047,37.782741546630859
9153040,2020,2020-10-29,3801,2020-08-21,1030,2495,PARK,5,5,7,3801,0,0,0,,0,3F14C,"KEZAR DR","MARTIN LUTHER KING DR",0.00,,Y,A,-,N,,,,,,,,,,N,4,0,1,2,A,-,09,21800,A,N,D,G,A,A,H,-,A,A,0,,Y,,,Y,,L,04,0,0,1,0,0,0,1,0,0,"- ","- ",,,"SAN FRANCISCO","SAN FRANCISCO",-122.45867919921875,37.767189025878906
91559388,2021,2021-08-31,9350,2021-08-25,0934,022634,,3,1,7,3801,0,1,2,,1,120,"US-101 N/B, GGB EAST SIDEWALK","NORTH TOWER OF GOLDEN GATE BRIDGE",1018.00,S,N,A,-,N,,,101,,,,,,N,N,3,0,1,1,B,-,22,,,N,F,A,A,A,H,-,A,D,0,,Y,,,Y,,L,04,0,1,0,0,0,0,1,0,0,"- ","- ",37.822990417480469,-122.47878265380859,"SAN FRANCISCO","SAN FRANCISCO",-122.47906494140625,37.822948455810547
9156605,2020,2021-01-21,3801,2020-09-29,1415,2374,INGLE,2,5,7,3801,0,0,0,,0,0D6,"26TH ST","YORK ST",103.00,E,N,B,-,N,,,,,,,,,,N,4,0,1,2,A,-,09,21804,A,N,B,G,A,-,H,-,A,D,0,,Y,,,Y,,A,01,0,0,1,0,0,0,1,0,0,"- ","- ",,,"SAN FRANCISCO","SAN FRANCISCO",-122.40755462646484,37.749691009521484
9156606,2020,2021-01-21,3801,2020-09-29,1428,2196,NORTH,2,5,7,3801,0,0,0,,0,3E16A,"POLK ST","CALIFORNIA ST",0.00,,Y,A,-,N,,,,,,,,,,N,4,0,1,2,A,-,09,21801,A,N,D,G,A,A,H,-,A,A,0,,Y,,,Y,,A,01,0,0,1,0,0,0,1,0,0,"- ","- ",,,"SAN FRANCISCO","SAN FRANCISCO",-122.42067718505859,37.790569305419922
91573712,2021,2021-09-20,9350,2021-09-10,0900,022633,,5,1,7,3801,0,1,2,,2,020,"EAST PARKING LOT OF GOLDEN GATE BRIGDE","LINCOLN BOULEVARD",240.00,N,N,B,-,N,,,,,,,,,,N,4,0,1,2,A,-,12,22450,A,N,D,G,A,D,H,-,A,D,0,,Y,,,Y,,L,04,0,0,1,0,0,0,1,0,0,"- ","- ",37.80718994140625,-122.47403717041016,"SAN FRANCISCO","SAN FRANCISCO",,
9159978,2020,2020-11-02,3801,2020-09-09,1512,2743,SOUTH,3,5,7,3801,0,0,0,,0,3B5,"2ND ST","TOWNSEND ST",0.00,,Y,B,-,N,,,,,,,,,,N,3,0,1,2,A,-,09,21801,A,N,D,G,A,A,H,-,A,A,0,,Y,,,Y,,L,04,0,1,0,0,0,0,1,0,0,"- ","- ",,,"SAN FRANCISCO","SAN FRANCISCO",-122.39051818847656,37.780620574951172
9159981,2020,2020-11-19,3801,2020-09-08,0806,640,MISSI,2,5,7,3801,0,0,0,,0,,"MARKET ST","CASTRO ST",0.00,,Y,A,-,N,,,,,,,,,,N,4,0,1,2,A,-,09,21804,A,N,H,G,A,A,H,-,A,A,0,,Y,,,Y,,A,07,0,0,1,0,0,0,1,0,0,"- ","- ",,,"SAN FRANCISCO","SAN FRANCISCO",-122.43515777587891,37.762638092041016
9166810,2020,2020-11-25,3801,2020-09-22,1149,1424,NORTH,2,5,7,3801,0,0,0,,0,3E41C,"FELL ST","DIVISADERO ST",0.00,,Y,A,-,N,,,,,,,,,,N,3,0,1,2,A,-,00,20001,,F,B,G,A,A,H,-,A,D,0,,Y,,,Y,,-,99,0,1,0,0,0,0,1,0,0,"- ","- ",,,"SAN FRANCISCO","SAN FRANCISCO",-122.43759918212891,37.774059295654297
9166811,2020,2020-11-25,3801,2020-09-18,0949,1725,RICHM,5,5,7,3801,0,0,0,,0,3G1A,"JOHN F KENNEDY DR","GREAT HWY",10.00,E,N,A,-,N,,,,,,,,,,N,3,0,1,1,B,-,22,,,N,H,A,A,B,H,-,A,D,0,,Y,,,Y,,L,04,0,1,0,0,0,0,1,0,0,"- ","- ",,,"SAN FRANCISCO","SAN FRANCISCO",-122.51091766357422,37.770465850830078
9168752,2020,2020-10-19,3801,2020-09-15,1401,2719,RICHM,2,5,7,3801,0,0,0,,0,001,"JOHN F KENNEDY DR","NEAR MARX MEADOW",0.00,,N,A,-,N,,,,,,,,,,N,4,0,1,2,A,-,04,21703,,N,C,G,A,A,H,-,A,-,0,,Y,,,Y,,L,04,0,0,1,0,0,0,1,0,0,"- ","- ",,,"SAN FRANCISCO","SAN FRANCISCO",,
9169182,2020,2020-11-19,3801,2020-09-06,2055,2733,SOUTH,7,5,7,3801,0,0,0,,0,0B4,"OCTAVIA ST","MARKET ST",0.00,,Y,A,-,N,,,,,,,,,,N,4,0,1,2,A,-,08,22101,D,N,D,J,A,A,H,-,C,A,0,,Y,,,Y,,A,01,0,0,1,0,0,0,1,0,0,"- ","- ",,,"SAN FRANCISCO","SAN FRANCISCO",-122.42359161376953,37.771778106689453
9178365,2020,2020-12-21,3801,2020-10-16,2346,1352,MISSI,5,5,7,3801,0,0,0,,0,3D11E,"EUREKA ST","22ND ST",100.00,S,N,A,-,N,,,,,,,,,,N,3,0,1,2,A,-,03,22350,,F,A,G,A,A,H,-,C,D,0,,Y,,,Y,,A,01,0,1,0,0,0,0,1,0,0,"- ","- ",,,"SAN FRANCISCO","SAN FRANCISCO",-122.43760681152344,37.754035949707031
9178379,2020,2020-12-21,3801,2020-10-30,1617,1184,MISSI,5,5,7,3801,0,0,0,,0,3D14D,"OSAGE ALY","24TH ST",0.00,,Y,A,-,N,,,,,,,,,,N,4,0,1,2,A,-,10,21950,A,N,G,B,B,A,H,-,A,D,0,Y,Y,,,Y,,L,04,0,0,1,0,1,0,0,0,0,"- ","- ",,,"SAN FRANCISCO","SAN FRANCISCO",-122.41902923583984,37.752220153808594
9178384,2020,2021-01-06,3801,2020-10-27,1642,2378,TARAV,2,5,7,3801,0,0,0,,0,005,"JUNIPERO SERRA BL","SLOAT BL",0.00,,N,A,-,N,,,,,,,,,,N,3,0,1,2,A,-,03,22350,,F,C,G,A,A,H,-,A,A,0,,Y,,,Y,Y,-,99,0,1,0,0,0,0,1,0,0,"- ","- ",,,"SAN FRANCISCO","SAN FRANCISCO",-122.47152709960938,37.734760284423828
9178394,2020,2021-01-06,3801,2020-10-14,2234,1375,MISSI,3,5,7,3801,0,0,0,,0,3D16E,"POTRERO AV","25TH ST",0.00,,Y,A,-,N,,,,,,,,,,N,3,0,1,2,A,-,08,22107,,N,D,G,A,A,H,-,C,A,0,,Y,,,Y,,L,04,0,1,0,0,0,0,1,0,0,"- ","- ",,,"SAN FRANCISCO","SAN FRANCISCO",-122.40619659423828,37.751739501953125
9178508,2020,2020-12-05,3801,2020-10-22,1308,1825,SOUTH,4,5,7,3801,0,0,0,,0,3B15C,"ESSEX ST","HARRISON ST",0.00,,Y,A,-,N,,,,,,,,,,N,2,0,1,2,A,-,08,22107,,N,D,C,A,A,H,-,A,A,0,,Y,,,Y,,L,04,1,0,0,0,0,0,1,0,0,"- ","- ",,,"SAN FRANCISCO","SAN FRANCISCO",-122.39405822753906,37.785209655761719
9178517,2020,2020-12-05,3801,2020-10-07,1908,1613,MISSI,3,5,7,3801,0,0,0,,0,,"16TH ST","DOLORES ST",0.00,,Y,A,-,N,,,,,,,,,,N,4,0,1,2,A,-,00,21002,,N,D,G,A,-,H,-,C,A,0,,Y,,,Y,,L,04,0,0,1,0,0,0,1,0,0,"- ","- ",,,"SAN FRANCISCO","SAN FRANCISCO",-122.42643737792969,37.764640808105469
9181640,2020,2021-01-05,3801,2020-10-29,1409,4020,MISIO,4,5,7,3801,0,0,0,,0,3D45C,"14TH ST","MISSION ST",160.00,W,N,A,-,N,,,,,,,,,,N,3,0,2,3,A,-,05,21650,1,N,A,-,A,A,H,-,A,D,0,,Y,,Y,Y,,L,04,0,2,0,0,0,0,2,0,0,"- ","- ",,,"SAN FRANCISCO","SAN FRANCISCO",-122.42052459716797,37.768257141113281
9182419,2020,2021-01-06,3801,2020-10-16,1933,323,CENTR,5,5,7,3801,0,0,0,,0,3A5D,"THE EMBARCADERO","FERRY PLZ",0.00,,Y,A,-,N,,,,,,,,,,N,3,0,1,2,A,-,17,21208,A,N,D,G,A,A,H,-,C,A,0,,Y,,,Y,,L,04,0,1,0,0,0,0,1,0,0,"- ","- ",,,"SAN FRANCISCO","SAN FRANCISCO",-122.39302825927734,37.794399261474609
9182420,2020,2020-12-26,3801,2020-10-16,1847,499,PARK,5,5,7,3801,0,0,0,,0,3F13D,"MASONIC AV","FULTON ST",0.00,,Y,A,-,N,,,,,,,,,,N,3,0,1,2,A,-,03,22350,,N,H,G,A,A,H,-,B,A,0,,Y,,,Y,Y,L,04,0,1,0,0,0,0,1,0,0,"- ","- ",,,"SAN FRANCISCO","SAN FRANCISCO",-122.44647216796875,37.775791168212891
9182426,2020,2020-12-05,3801,2020-10-14,1100,2150,INGLE,3,5,7,3801,0,0,0,,0,3H41,"ALABAMA ST","PRECITA AV",0.00,,Y,A,-,N,,,,,,,,,,N,4,0,1,2,A,-,06,21750,A,N,B,G,A,A,H,-,A,D,0,,Y,,,Y,,L,04,0,0,1,0,0,0,1,0,0,"- ","- ",,,"SAN FRANCISCO","SAN FRANCISCO",-122.41058349609375,37.746959686279297
9184085,2020,2020-12-04,3801,2020-10-02,1308,242,NORTH,5,5,7,3801,0,0,0,,0,3E13A,"STEINER ST","OFARRELL ST",133.00,S,N,A,-,N,,,,,,,,,,N,3,0,2,2,A,-,17,22517,,N,B,G,A,A,H,-,A,D,0,,Y,,,Y,,A,01,0,1,1,0,0,0,1,0,0,"- ","- ",,,"SAN FRANCISCO","SAN FRANCISCO",-122.43426513671875,37.782707214355469
9184092,2020,2020-12-03,3801,2020-10-03,1606,956,NORTH,6,5,7,3801,0,0,0,,0,005,"GREENWICH ST","PIERCE ST",0.00,,Y,A,-,N,,,,,,,,,,N,3,0,1,2,A,-,12,22450,A,N,D,G,A,A,H,-,A,A,0,,Y,,,Y,,L,04,0,1,0,0,0,0,1,0,0,"- ","- ",,,"SAN FRANCISCO","SAN FRANCISCO",-122.43916320800781,37.798538208007812
9190674,2020,2020-12-01,3801,2020-10-17,1539,987,TENDE,6,5,7,3801,0,0,0,,0,,"LARKIN ST","GOLDEN GATE AV",75.00,S,N,A,-,N,,,,,,,,,,N,4,0,1,2,A,-,08,22107,,N,B,G,A,A,H,-,A,D,0,,Y,,,Y,,A,01,0,0,1,0,0,0,0,0,0,"- ","- ",,,"SAN FRANCISCO","SAN FRANCISCO",-122.41710662841797,37.781238555908203
9194206,2020,2021-01-19,3801,2020-11-24,1625,470,RICHM,2,5,7,3801,0,0,0,,0,3G4D,"CLEMENT ST","18TH AV",40.00,E,N,A,-,N,,,,,,,,,,N,4,0,1,2,A,-,06,21750,A,N,D,G,A,A,H,-,A,D,0,,Y,,,Y,,L,04,0,0,1,0,0,0,1,0,0,"- ","- ",,,"SAN FRANCISCO","SAN FRANCISCO",-122.47724151611328,37.782356262207031
9194217,2020,2021-01-19,3801,2020-11-07,1020,2412,SOUTH,6,5,7,3801,0,0,0,,0,004,"BRANNAN ST","9TH ST",195.00,E,N,A,-,N,,,,,,,,,,N,3,0,1,2,A,-,03,22350,,F,C,G,A,-,H,-,A,D,0,,Y,,,Y,,A,07,0,1,0,0,0,0,1,0,0,"- ","- ",,,"SAN FRANCISCO","SAN FRANCISCO",-122.40650177001953,37.770431518554688
9194219,2020,2021-01-25,3801,2020-11-07,0915,1310,TARAV,6,5,7,3801,0,0,0,,0,3I15A,"SLOAT BL","19TH AV",0.00,,Y,A,-,N,,,,,,,,,,N,4,0,1,2,A,-,09,21801,A,N,A,G,A,A,H,-,A,A,0,,Y,,,Y,,A,01,0,0,1,0,0,0,0,0,0,"- ","- ",,,"SAN FRANCISCO","SAN FRANCISCO",-122.47512817382812,37.734718322753906
9194255,2020,2021-01-20,3801,2020-11-19,1515,1052,RICHM,4,5,7,3801,0,0,0,,0,3G14C,"JOHN F KENNEDY DR","CHAIN OF LAKES DR",900.00,E,N,A,-,N,,,,,,,,,,N,3,0,1,2,A,-,08,22107,,N,A,E,A,A,H,-,A,D,0,,Y,,,Y,,L,04,0,1,0,0,0,0,1,0,0,"- ","- ",,,"SAN FRANCISCO","SAN FRANCISCO",-122.49759674072266,37.769004821777344
9194261,2020,2021-01-22,3801,2020-11-18,1807,2122,NORTH,3,5,7,3801,0,0,0,,0,3E14D,"FRANKLIN ST","HAYES ST",76.00,N,N,B,-,N,,,,,,,,,,N,4,0,1,2,A,-,"- ",,,N,A,I,F,A,H,-,C,D,0,Y,Y,,,Y,,L,04,0,0,1,0,0,0,1,0,0,"- ","- ",,,"SAN FRANCISCO","SAN FRANCISCO",-122.42137145996094,37.777286529541016
9194282,2020,2021-01-20,3801,2020-11-14,0917,2100,MISSI,6,5,7,3801,0,0,0,,0,3D15A,"YORK ST","20TH ST",0.00,,Y,A,-,N,,,,,,,,,,N,3,0,1,2,D,-,00,,,N,E,-,A,A,H,-,A,D,0,,Y,,,Y,,-,"- ",0,1,0,0,0,0,1,0,0,"- ","- ",,,"SAN FRANCISCO","SAN FRANCISCO",-122.40883636474609,37.759258270263672
9194317,2020,2021-01-20,3801,2020-11-23,2351,2397,NORTH,1,5,7,3801,0,0,0,,0,3E12E,"GOUGH ST","OAK ST",0.00,,Y,A,-,N,,,,,,,,,,N,2,0,1,2,A,-,12,21453,A,N,D,G,A,A,H,-,C,A,0,,Y,,,Y,,L,04,1,0,0,0,0,0,1,0,0,"- ","- ",,,"SAN FRANCISCO","SAN FRANCISCO",-122.42259216308594,37.775020599365234
9194836,2020,2021-01-25,3801,2020-11-08,1505,1118,SOUTH,7,5,7,3801,0,0,0,,0,3B13C,"5TH ST","MISSION ST",0.00,,Y,C,-,N,,,,,,,,,,N,4,0,1,2,A,-,09,21801,A,N,D,G,A,B,H,-,A,A,0,,Y,,,Y,,A,01,0,0,1,0,0,0,1,0,0,"- ","- ",,,"SAN FRANCISCO","SAN FRANCISCO",-122.40648651123047,37.782741546630859
9209083,2020,2021-02-22,3801,2020-12-05,0850,2202,INGLE,6,5,7,3801,0,0,0,,0,3H15A,"BAYSHORE BL","TUNNEL AV",54.00,S,N,A,-,N,,,,,,,,,,N,4,0,1,2,A,-,05,21650,1,N,B,G,A,A,H,-,A,D,0,,Y,,,Y,,L,04,0,0,1,0,0,0,1,0,0,"- ","- ",,,"SAN FRANCISCO","SAN FRANCISCO",-122.40087127685547,37.713001251220703
9209134,2020,2021-02-22,3801,2020-12-08,0745,1474,BAYVI,2,5,7,3801,0,0,0,,0,901,"WILLIAMS AV","LUCY ST",0.00,,Y,A,-,N,,,,,,,,,,N,3,0,1,2,A,-,09,21804,A,F,B,G,A,A,H,-,A,A,0,,Y,,,Y,,L,04,0,1,0,0,0,0,1,0,0,"- ","- ",,,"SAN FRANCISCO","SAN FRANCISCO",-122.39357757568359,37.729400634765625
92097750,2023,2023-06-20,9350,2023-06-15,1325,022133,,4,1,7,3801,0,1,2,,2,020,"US-101 N/B (GGB MULTI-USE PATH)","LINCOLN BLVD UNDERCROSSING",1728.00,N,N,B,-,Y,,,,,,,,,,N,3,0,1,2,A,-,08,22107,,N,B,G,A,D,H,-,A,D,0,,Y,,,Y,,L,04,0,1,0,0,0,0,1,0,0,"- ","- ",37.81072998046875,-122.47734069824219,"SAN FRANCISCO","SAN FRANCISCO",-122.4775390625,37.810707092285156
92138708,2023,2023-08-08,9350,2023-07-19,1200,013918,,3,1,7,3801,0,1,2,,2,020,"US 101 N/B (GGB EAST SIDEWALK)","NORTH TOWER OF GOLDEN GATE BRIDGE",2640.00,S,N,B,-,Y,,,,,,,,,,N,4,0,1,2,A,-,03,22350,,F,B,G,A,A,H,-,A,D,0,,Y,,,Y,,M,91,0,0,1,0,0,0,1,0,0,"- ","- ",37.819839477539062,-122.47841644287109,"SAN FRANCISCO","SAN FRANCISCO",-122.46370697021484,37.801658630371094
9215566,2020,2021-02-24,3801,2020-12-03,1333,1825,SOUTH,4,5,7,3801,0,0,0,,0,3B1C,"2ND ST","TOWNSEND ST",0.00,,Y,A,-,N,,,,,,,,,,N,4,0,1,2,A,-,05,21650,1,N,B,G,A,A,H,-,A,A,0,,Y,,,Y,,L,04,0,0,1,0,0,0,1,0,0,"- ","- ",,,"SAN FRANCISCO","SAN FRANCISCO",-122.39051818847656,37.780620574951172
9215591,2020,2021-02-27,3801,2020-12-15,0800,1190,INGLE,2,5,7,3801,0,0,0,,0,3H16C,"BAYSHORE BL","LELAND AV",0.00,,Y,A,-,N,,,,,,,,,,N,2,0,1,2,A,-,08,22107,,N,D,G,A,A,H,-,A,A,0,,Y,,,Y,,A,01,1,0,0,0,0,0,1,0,0,"- ","- ",,,"SAN FRANCISCO","SAN FRANCISCO",-122.40377044677734,37.711208343505859
9218486,2020,2021-02-08,3801,2020-12-10,2007,82,MISSI,4,5,7,3801,0,0,0,,0,3D14D,"17TH ST","HOFF ST",12.00,S,N,A,-,N,,,,,,,,,,N,3,0,1,2,A,-,08,22107,,N,D,G,A,A,H,-,C,D,0,,Y,,,Y,Y,A,01,0,1,0,0,0,0,1,0,0,"- ","- ",,,"SAN FRANCISCO","SAN FRANCISCO",-122.42041778564453,37.763370513916016
9218500,2020,2021-02-08,3801,2020-12-26,1712,4314,RICHM,6,5,7,3801,0,0,0,,0,0G2,"JACKSON ST","SPRUCE ST",176.00,W,N,A,-,N,,,,,,,,,,N,3,0,1,2,A,-,03,22350,,N,F,A,A,A,G,-,C,D,0,,Y,,,Y,,L,04,0,1,0,0,0,0,1,0,0,"- ","- ",,,"SAN FRANCISCO","SAN FRANCISCO",-122.45471954345703,37.789909362792969
9218605,2020,2021-02-09,3801,2020-12-17,1658,1184,MISSI,4,5,7,3801,0,0,0,,0,3D12D,"GUERRERO ST","18TH ST",0.00,,Y,A,-,N,,,,,,,,,,N,3,0,1,1,A,-,03,22350,,N,-,A,A,A,H,-,A,D,0,,Y,,,Y,,L,04,0,1,0,0,0,0,1,0,0,"- ","- ",,,"SAN FRANCISCO","SAN FRANCISCO",-122.42379760742188,37.761581420898438
9218629,2020,2021-02-08,3801,2020-12-09,1142,8,NORTH,3,5,7,3801,0,0,0,,0,3E1A,"FELL ST","SCOTT ST",92.00,W,N,A,-,N,,,,,,,,,,Y,4,0,4,4,A,-,03,22350,,N,C,C,A,A,H,-,A,D,0,,Y,,,Y,,A,01,0,0,4,0,0,0,1,0,0,"- ","- ",,,"SAN FRANCISCO","SAN FRANCISCO",-122.43625640869141,37.77423095703125
92208095,2023,2023-10-25,9350,2023-10-21,1750,022468,,6,2,7,3801,0,1,2,,2,020,"US-101 S/B","CONZELMAN ROAD",1742.00,S,N,A,-,Y,,,,,,,,,,N,3,0,1,1,A,-,03,22350,,N,E,I,A,A,H,-,A,D,0,,Y,,,Y,,L,04,0,1,0,0,0,0,1,0,0,"- ","- ",37.8255615234375,-122.47931671142578,"SAN FRANCISCO","SAN FRANCISCO",-122.47953033447266,37.825527191162109
9222498,2020,2021-02-09,3801,2020-12-17,1345,1633,TENDE,4,5,7,3801,0,0,0,,0,3J12A,"MARKET ST","5TH ST",0.00,,Y,A,-,N,,,,,,,,,,N,4,0,1,2,A,-,12,21453,A,N,D,G,A,A,H,-,A,A,0,,Y,,,Y,,L,04,0,0,1,0,0,0,1,0,0,"- ","- ",,,"SAN FRANCISCO","SAN FRANCISCO",-122.40805816650391,37.784000396728516
9223704,2021,2021-03-23,3801,2021-01-06,0926,4286,RICHM,3,5,7,3801,0,0,0,,0,0G4,"LAKE ST","21ST ST",0.00,,Y,B,-,N,,,,,,,,,,N,3,0,1,2,A,-,21,22106,,N,C,G,A,A,H,-,A,D,0,,Y,,,Y,,D,22,0,1,0,0,0,0,1,0,0,"- ","- ",,,"SAN FRANCISCO","SAN FRANCISCO",-122.48085784912109,37.785934448242188
9223735,2021,2021-03-23,3801,2021-02-01,1029,2375,RICHM,1,5,7,3801,0,0,0,,0,3G60,"GEARY BL","5TH AV",14.00,E,N,A,-,N,,,,,,,,,,N,2,0,1,2,A,-,05,21202,A,N,A,G,A,A,H,-,A,A,0,,Y,,Y,Y,,L,04,1,0,0,0,0,0,1,0,0,"- ","- ",,,"SAN FRANCISCO","SAN FRANCISCO",-122.46318054199219,37.781143188476562
9223817,2021,2021-03-23,3801,2021-01-04,2105,540,SOUTH,1,5,7,3801,0,0,0,,0,3B12,"HOWARD ST","MARY ST",55.00,E,N,A,-,N,,,,,,,,,,N,4,0,1,2,A,-,05,21651,B,N,F,A,A,A,H,-,C,D,0,,Y,Y,,Y,,L,04,0,0,1,0,0,0,0,0,1,"- ","- ",,,"SAN FRANCISCO","SAN FRANCISCO",-122.40557098388672,37.781005859375
9223840,2021,2021-03-29,3801,2021-01-17,1452,1888,RICHM,7,5,7,3801,0,0,0,,0,,"GREAT HWY","LINCOLN WY",900.00,N,N,A,-,N,,,,,,,,,,N,3,0,1,2,A,-,09,21800,,N,A,G,A,A,H,-,A,D,0,,Y,,,Y,,A,01,0,1,0,0,0,0,1,0,0,"- ","- ",,,"SAN FRANCISCO","SAN FRANCISCO",-122.5103759765625,37.766510009765625
9223884,2021,2021-06-02,3801,2021-01-06,0258,798,NORTH,3,5,7,3801,0,0,0,,0,3E13E,"POLK ST","ELLIS ST",0.00,,Y,A,-,N,,,,,,,,,,N,4,0,1,2,A,-,05,21650,1,F,D,G,A,B,H,-,C,A,0,,Y,,,Y,,L,04,0,0,1,0,0,0,1,0,0,"- ","- ",,,"SAN FRANCISCO","SAN FRANCISCO",-122.41934967041016,37.784042358398438
9223902,2021,2021-03-22,3801,2021-01-10,1145,1015,PARK,7,5,7,3801,0,0,0,,0,3F2C,"PAGE ST","BAKER ST",0.00,,Y,B,-,N,,,,,,,,,,N,3,0,1,2,A,-,09,21802,A,N,D,G,A,A,-,-,A,D,0,,Y,,,Y,,L,04,0,1,0,0,0,0,1,0,0,"- ","- ",,,"SAN FRANCISCO","SAN FRANCISCO",-122.44057464599609,37.771774291992188
9223941,2021,2021-03-18,3801,2021-01-30,1625,2400,SOUTH,6,5,7,3801,0,0,0,,0,3CAR,"MISSION ST","ANGELOS ALLEY",9.00,S,N,A,-,N,,,,,,,,,,N,3,0,1,2,A,-,08,22107,,N,D,G,A,A,H,-,A,D,0,,Y,,,Y,,A,01,0,1,0,0,0,0,1,0,0,"- ","- ",,,"SAN FRANCISCO","SAN FRANCISCO",-122.41229248046875,37.778141021728516
9227527,2021,2021-04-12,3801,2021-02-09,1832,2124,TENDE,2,5,7,3801,0,0,0,,0,3J12D,"MARKET ST","5TH ST",0.00,,Y,A,-,N,,,,,,,,,,N,3,0,1,2,A,-,17,21200,A,N,H,G,A,B,H,-,C,A,0,,Y,,,Y,,L,04,0,1,0,0,0,0,1,0,0,"- ","- ",,,"SAN FRANCISCO","SAN FRANCISCO",-122.40805816650391,37.78399658203125
9227550,2021,2021-04-13,3801,2021-02-24,0750,1593,PARK,3,5,7,3801,0,0,0,,0,PARK,"HERMANN ST","LAGUNA ST",82.00,W,N,A,-,N,,,,,,,,,,N,4,0,1,2,A,-,09,21801,A,N,D,G,A,A,H,-,A,D,0,,Y,,,Y,,-,,0,0,1,0,0,0,1,0,0,"- ","- ",,,"SAN FRANCISCO","SAN FRANCISCO",-122.42540740966797,37.770843505859375