CASE_ID,ACCIDENT_YEAR,PROC_DATE,JURIS,COLLISION_DATE,COLLISION_TIME,OFFICER_ID,REPORTING_DISTRICT,DAY_OF_WEEK,CHP_SHIFT,POPULATION,CNTY_CITY_LOC,SPECIAL_COND,BEAT_TYPE,CHP_BEAT_TYPE,CITY_DIVISION_LAPD,CHP_BEAT_CLASS,BEAT_NUMBER,PRIMARY_RD,SECONDARY_RD,DISTANCE,DIRECTION,INTERSECTION,WEATHER_1,WEATHER_2,STATE_HWY_IND,CALTRANS_COUNTY,CALTRANS_DISTRICT,STATE_ROUTE,ROUTE_SUFFIX,POSTMILE_PREFIX,POSTMILE,LOCATION_TYPE,RAMP_INTERSECTION,SIDE_OF_HWY,TOW_AWAY,COLLISION_SEVERITY,NUMBER_KILLED,NUMBER_INJURED,PARTY_COUNT,PRIMARY_COLL_FACTOR,PCF_CODE_OF_VIOL,PCF_VIOL_CATEGORY,PCF_VIOLATION,PCF_VIOL_SUBSECTION,HIT_AND_RUN,TYPE_OF_COLLISION,MVIW,PED_ACTION,ROAD_SURFACE,ROAD_COND_1,ROAD_COND_2,LIGHTING,CONTROL_DEVICE,CHP_ROAD_TYPE,PEDESTRIAN_ACCIDENT,BICYCLE_ACCIDENT,MOTORCYCLE_ACCIDENT,TRUCK_ACCIDENT,NOT_PRIVATE_PROPERTY,ALCOHOL_INVOLVED,STWD_VEHTYPE_AT_FAULT,CHP_VEHTYPE_AT_FAULT,COUNT_SEVERE_INJ,COUNT_VISIBLE_INJ,COUNT_COMPLAINT_PAIN,COUNT_PED_KILLED,COUNT_PED_INJURED,COUNT_BICYCLIST_KILLED,COUNT_BICYCLIST_INJURED,COUNT_MC_KILLED,COUNT_MC_INJURED,PRIMARY_RAMP,SECONDARY_RAMP,LATITUDE,LONGITUDE,COUNTY,CITY,POINT_X,POINT_Y
9227582,2021,2021-03-27,3801,2021-02-27,1432,1876,NORTH,6,5,7,3801,0,0,0,,0,3E12A,"MCALLISTER ST","SCOTT ST",0.00,,Y,A,-,N,,,,,,,,,,N,4,0,1,2,A,-,03,22350,,N,-,-,A,A,H,-,B,-,0,,Y,,,Y,,A,08,0,0,1,0,0,0,1,0,0,"- ","- ",,,"SAN FRANCISCO","SAN FRANCISCO",-122.43669891357422,37.778011322021484
9227594,2021,2021-03-27,3801,2021-02-13,1842,1184,MISSI,6,5,7,3801,0,0,0,,0,3D14D,"VALENCIA ST","15TH ST",0.00,,Y,A,-,N,,,,,,,,,,N,4,0,1,2,A,-,08,22103,,N,D,G,A,A,H,-,C,D,0,,Y,,,Y,,A,01,0,0,1,0,0,0,1,0,0,"- ","- ",,,"SAN FRANCISCO","SAN FRANCISCO",-122.42203521728516,37.766529083251953
9227598,2021,2021-03-27,3801,2021-02-13,1230,2164,MISSI,6,5,7,3801,0,0,0,,0,3D13A,"FOLSOM ST","21ST ST",0.00,,Y,A,-,N,,,,,,,,,,N,4,0,1,2,A,-,09,21801,A,F,-,G,A,A,H,-,C,A,0,,Y,,,Y,,-,,0,0,1,0,0,0,1,0,0,"- ","- ",,,"SAN FRANCISCO","SAN FRANCISCO",-122.41452026367188,37.757305145263672
9228165,2021,2021-03-26,3801,2021-02-28,1552,1239,MISSI,7,5,7,3801,0,0,0,,0,5CAR,"MISSION ST","14TH ST",0.00,,Y,A,-,N,,,,,,,,,,N,4,0,1,2,A,-,12,21453,A,N,H,G,A,A,H,-,A,A,0,,Y,,,Y,,L,04,0,0,1,0,0,0,1,0,0,"- ","- ",,,"SAN FRANCISCO","SAN FRANCISCO",-122.41996765136719,37.768291473388672
9228167,2021,2021-03-26,3801,2021-02-25,0600,1482,TENDE,4,5,7,3801,0,0,0,,0,3J13A,"EDDY ST","HYDE ST",204.00,E,N,A,-,N,,,,,,,,,,N,3,0,1,2,A,-,09,21804,A,N,D,G,A,A,H,-,B,A,0,,Y,,,Y,,L,04,0,1,0,0,0,0,1,0,0,"- ","- ",,,"SAN FRANCISCO","SAN FRANCISCO",-122.41519165039062,37.783603668212891
9228199,2021,2021-03-23,3801,2021-02-21,1510,2378,TARAV,7,5,7,3801,0,0,0,,0,004,"JUNIPERO SERRA BL","OCEAN AV",0.00,,Y,A,-,N,,,,,,,,,,N,4,0,1,2,A,-,12,21453,,N,D,G,A,A,H,-,A,A,0,,Y,,,Y,,L,04,0,0,1,0,0,0,1,0,0,"- ","- ",,,"SAN FRANCISCO","SAN FRANCISCO",-122.47213745117188,37.731204986572266
9228208,2021,2021-03-23,3801,2021-02-22,1925,2733,SOUTH,1,5,7,3801,0,0,0,,0,0B1,"FREMONT ST","FOLSOM ST",0.00,,Y,A,-,N,,,,,,,,,,N,3,0,1,2,A,-,03,22350,,F,D,G,A,A,H,-,C,A,0,,Y,,,Y,,-,,0,1,0,0,0,0,1,0,0,"- ","- ",,,"SAN FRANCISCO","SAN FRANCISCO",-122.39360046386719,37.788002014160156
9239166,2021,2021-04-19,3801,2021-03-02,1535,4102,SOUTH,2,5,7,3801,0,0,0,,0,3B15C,"MARKET ST","OCTAVIA ST",0.00,,Y,A,-,N,,,,,,,,,,N,3,0,1,2,A,-,12,21453,A,N,D,G,A,A,H,-,A,A,0,,Y,,,Y,,L,04,0,1,0,0,0,0,1,0,0,"- ","- ",,,"SAN FRANCISCO","SAN FRANCISCO",-122.42359161376953,37.771774291992188
9242272,2020,2021-03-25,3801,2020-08-22,1800,987,MISSI,6,5,7,3801,0,0,0,,0,,"MISSION ST","21ST ST",75.00,S,N,A,-,N,,,,,,,,,,N,4,0,1,2,A,-,17,22517,,N,B,G,A,A,H,-,A,D,0,,Y,,,Y,,A,01,0,0,1,0,0,0,1,0,0,"- ","- ",,,"SAN FRANCISCO","SAN FRANCISCO",-122.41889190673828,37.756813049316406
9252812,2021,2021-04-28,3801,2021-03-05,1737,1160,SOUTH,5,5,7,3801,0,0,0,,0,0B5,"MISSISSIPPI ST","16TH ST",108.00,S,N,A,-,N,,,,,,,,,,N,4,0,1,3,A,-,17,22517,,N,B,G,A,A,H,-,B,D,0,,Y,,,Y,,-,,0,0,1,0,0,0,1,0,0,"- ","- ",,,"SAN FRANCISCO","SAN FRANCISCO",-122.39493560791016,37.766269683837891
9253085,2021,2021-04-21,3801,2021-03-17,1455,4124,INGLE,3,5,7,3801,0,0,0,,0,3H45,"MISSION ST","GENEVA AV",0.00,,Y,A,-,N,,,,,,,,,,N,3,0,2,2,A,-,03,22350,,N,D,-,A,A,H,-,A,D,0,,Y,,,Y,,-,"- ",0,1,1,0,0,0,1,0,0,"- ","- ",,,"SAN FRANCISCO","SAN FRANCISCO",-122.44100189208984,37.716388702392578
9253098,2021,2021-04-21,3801,2021-03-25,0720,2357,NORTH,4,5,7,3801,0,0,0,,0,3E13A,"FRANKLIN ST","AUSTIN ST",0.00,,Y,A,-,N,,,,,,,,,,N,3,0,1,2,A,-,08,22107,,N,B,C,A,A,H,-,A,D,0,,Y,,,Y,,L,04,0,1,0,0,0,0,1,0,0,"- ","- ",,,"SAN FRANCISCO","SAN FRANCISCO",-122.42367553710938,37.788730621337891
9253290,2021,2021-04-21,3801,2021-03-08,1821,1435,TRAFF,1,5,7,3801,0,0,0,,0,4B41,"KEZAR DR","JOHN F KENNEDY DR",0.00,,Y,A,-,N,,,,,,,,,,N,2,0,1,2,A,-,12,22450,A,N,A,G,A,A,H,-,C,A,0,,Y,,,Y,,L,04,1,0,0,0,0,0,1,0,0,"- ","- ",,,"SAN FRANCISCO","SAN FRANCISCO",-122.45532989501953,37.770858764648438
9253296,2021,2021-04-21,3801,2021-03-23,1814,1512,BAYVI,2,5,7,3801,0,0,0,,0,0C5,"VAN DYKE AV","INGALLS ST",0.00,,Y,A,-,N,,,,,,,,,,N,3,0,1,2,A,-,21,22106,,N,D,G,A,A,H,-,A,D,0,,Y,,,Y,,-,,0,1,0,0,0,0,1,0,0,"- ","- ",,,"SAN FRANCISCO","SAN FRANCISCO",-122.38680267333984,37.725994110107422
9256813,2021,2021-05-13,3801,2021-04-07,1120,2743,SOUTH,3,5,7,3801,0,0,0,,0,3B5,"4TH ST","CHINA BASIN ST",0.00,,Y,A,-,N,,,,,,,,,,N,4,0,1,2,A,-,09,21801,A,N,D,G,A,A,H,-,A,A,0,,Y,,,Y,,L,04,0,0,1,0,0,0,1,0,0,"- ","- ",,,"SAN FRANCISCO","SAN FRANCISCO",-122.39132690429688,37.771900177001953
9262711,2021,2021-05-11,3801,2021-04-27,1803,1666,PARK,2,5,7,3801,0,0,0,,0,4CAR,"CASTRO ST","STATES ST",0.00,,Y,A,-,N,,,,,,,,,,N,4,0,1,2,A,-,09,21801,A,N,D,G,A,A,H,-,A,A,0,,Y,,,Y,,A,01,0,0,1,0,0,0,1,0,0,"- ","- ",,,"SAN FRANCISCO","SAN FRANCISCO",-122.43527984619141,37.763458251953125
9262754,2021,2021-05-11,3801,2021-04-12,1000,4286,RICHM,1,5,7,3801,0,0,0,,0,0G3,"ARGUELLO BL","TURK ST",15.00,S,N,A,-,N,,,,,,,,,,N,3,0,1,2,A,-,08,22107,,N,B,G,A,A,H,-,A,D,0,,Y,,,Y,,A,01,0,1,0,0,0,0,1,0,0,"- ","- ",,,"SAN FRANCISCO","SAN FRANCISCO",-122.45858764648438,37.777210235595703
9262781,2021,2021-05-11,3801,2021-04-17,1204,621,CENTR,6,5,7,3801,0,0,0,,0,3A12C,"THE EMBARCADERO NORTH","WASHINGTON ST",0.00,,Y,A,-,N,,,,,,,,,,N,4,0,1,2,A,-,05,21650,,N,D,G,A,A,H,-,A,D,0,,Y,,,Y,,L,04,0,0,1,0,0,0,1,0,0,"- ","- ",,,"SAN FRANCISCO","SAN FRANCISCO",-122.39556121826172,37.796642303466797
9262916,2021,2021-05-17,3801,2021-04-01,2018,1244,TARAV,4,5,7,3801,0,0,0,,0,002,"LINCOLN WY","30TH AV",0.00,,Y,A,-,N,,,,,,,,,,N,3,0,1,2,A,-,12,21453,A,F,D,G,A,A,H,-,C,A,0,,Y,,,Y,Y,-,,0,1,0,0,0,0,1,0,0,"- ","- ",,,"SAN FRANCISCO","SAN FRANCISCO",-122.48904418945312,37.764934539794922
9275062,2021,2021-07-01,3801,2021-05-03,1430,987,TENDE,1,5,7,3801,0,0,0,,0,3J54C,"LEAVENWORTH ST","EDDY ST",0.00,,Y,A,-,N,,,,,,,,,,N,4,0,1,2,A,-,08,22107,,N,H,A,A,A,H,-,A,A,0,,Y,,,Y,,-,"- ",0,0,1,0,0,0,1,0,0,"- ","- ",,,"SAN FRANCISCO","SAN FRANCISCO",-122.41423797607422,37.783729553222656
9275171,2021,2021-07-08,3801,2021-05-24,1452,2179,CENTR,1,5,7,3801,0,0,0,,0,3A60,BROADWAY,"POWELL ST",0.00,,Y,A,-,N,,,,,,,,,,N,4,0,1,2,A,-,04,21703,,N,A,C,A,A,H,-,A,-,0,,Y,,,Y,,-,,0,0,1,0,0,0,1,0,0,"- ","- ",,,"SAN FRANCISCO","SAN FRANCISCO",-122.41024017333984,37.797409057617188
9280815,2021,2021-07-08,3801,2021-05-14,0747,311,PARK,5,5,7,3801,0,0,0,,0,3F12A,"FREDERICK ST","WILLARD ST",0.00,,Y,C,-,N,,,,,,,,,,N,3,0,1,1,A,-,03,22350,,N,F,-,A,B,H,-,A,D,0,,Y,,,Y,,L,04,0,1,0,0,0,0,1,0,0,"- ","- ",,,"SAN FRANCISCO","SAN FRANCISCO",-122.45458221435547,37.766159057617188
9281898,2021,2021-07-01,3801,2021-05-19,1744,540,SOUTH,3,5,7,3801,0,0,0,,0,0B1,"1ST ST","FOLSOM ST",140.00,N,N,A,-,N,,,,,,,,,,N,4,0,1,2,A,-,08,22107,,N,B,G,A,A,H,-,A,A,0,,Y,,,Y,,L,04,0,0,1,0,0,0,1,0,0,"- ","- ",,,"SAN FRANCISCO","SAN FRANCISCO",-122.39481353759766,37.787593841552734
9282480,2021,2021-07-07,3801,2021-04-30,1021,807,INGLE,5,5,7,3801,0,0,0,,0,4CAR,"OCEAN AV","LIGHT POLE",6.00,N,N,B,-,N,,,,,,,,,,N,3,0,1,1,A,-,03,22350,,N,F,J,A,A,G,-,A,D,0,,Y,,,Y,,L,04,0,1,0,0,0,0,1,0,0,"- ","- ",,,"SAN FRANCISCO","SAN FRANCISCO",,
9285468,2021,2021-07-13,3801,2021-05-03,1656,2157,SOUTH,1,5,7,3801,0,0,0,,0,004,"MARKET ST","ROSE ST",0.00,,Y,A,-,N,,,,,,,,,,N,3,0,1,2,C,-,18,,,N,G,G,A,A,H,-,A,D,0,,Y,,,Y,,-,"- ",0,1,0,0,0,0,1,0,0,"- ","- ",,,"SAN FRANCISCO","SAN FRANCISCO",-122.421142578125,37.773693084716797
9285647,2021,2021-06-30,3801,2021-05-05,1650,540,SOUTH,3,5,7,3801,0,0,0,,0,0B5,"RHODE ISLAND ST","16TH ST",0.00,,Y,A,-,N,,,,,,,,,,N,4,0,1,2,A,-,08,22107,,N,D,G,A,A,H,-,A,A,0,,Y,,,Y,,L,04,0,0,1,0,0,0,1,0,0,"- ","- ",,,"SAN FRANCISCO","SAN FRANCISCO",-122.40267944335938,37.766098022460938
9285686,2021,2021-06-30,3801,2021-05-23,0130,1240,TENDE,7,5,7,3801,0,0,0,,0,3J13E,"MARKET ST","5TH ST",0.00,,Y,A,-,N,,,,,,,,,,N,3,0,1,1,D,-,00,,,N,H,G,A,A,H,-,C,A,0,,Y,,,Y,,-,"- ",0,1,0,0,0,0,1,0,0,"- ","- ",,,"SAN FRANCISCO","SAN FRANCISCO",-122.40805816650391,37.78399658203125
9285715,2021,2021-07-01,3801,2021-05-20,1015,574,MISSI,4,5,7,3801,0,0,0,,0,D11A,"CHURCH ST","CUMBERLAND ST",0.00,,Y,A,-,N,,,,,,,,,,N,3,0,1,2,A,-,08,22107,,N,C,G,A,A,H,-,A,D,0,,Y,,,Y,,A,01,0,1,0,0,0,0,1,0,0,"- ","- ",,,"SAN FRANCISCO","SAN FRANCISCO",-122.42816162109375,37.758895874023438
9293098,2021,2021-08-04,3801,2021-06-24,1657,2431,RICHM,4,5,7,3801,0,0,0,,0,3G4D,"CLEMENT ST","26TH AV",0.00,,Y,A,-,N,,,,,,,,,,N,4,0,1,2,A,-,12,22450,A,N,D,G,A,A,H,-,A,A,0,,Y,,,Y,,L,04,0,0,1,0,0,0,1,0,0,"- ","- ",,,"SAN FRANCISCO","SAN FRANCISCO",-122.48593902587891,37.781974792480469
9293299,2021,2021-07-30,3801,2021-06-16,1049,104,TRAFF,3,5,7,3801,0,0,0,,0,104,"PAGE ST","OCTAVIA ST",23.00,E,N,A,-,N,,,,,,,,,,N,2,0,1,2,A,-,12,22450,,N,C,G,A,A,H,-,A,A,0,,Y,,,Y,,L,04,1,0,0,0,0,0,1,0,0,"- ","- ",,,"SAN FRANCISCO","SAN FRANCISCO",-122.42403411865234,37.773887634277344
9294286,2021,2021-08-02,3801,2021-06-18,1230,4132,MISSI,5,5,7,3801,0,0,0,,0,1CAR,"DOLORES ST","18TH ST",25.00,S,N,A,-,N,,,,,,,,,,N,3,0,1,2,A,-,03,22350,,N,C,G,A,A,H,-,A,D,0,,Y,,,Y,,L,04,0,1,0,0,0,0,1,0,0,"- ","- ",,,"SAN FRANCISCO","SAN FRANCISCO",-122.42615509033203,37.761371612548828
9294567,2021,2021-08-03,3801,2021-06-18,2139,2463,SOUTH,5,5,7,3801,0,0,0,,0,3B5E,"GOUGH ST","HAIGHT ST",0.00,,Y,A,-,N,,,,,,,,,,N,3,0,1,2,D,-,00,,,N,B,G,A,A,H,-,C,A,0,,Y,,,Y,,-,"- ",0,1,0,0,0,0,1,0,0,"- ","- ",,,"SAN FRANCISCO","SAN FRANCISCO",-122.42219543457031,37.773162841796875
9295596,2021,2021-07-30,3801,2021-06-25,2159,2391,SOUTH,5,5,7,3801,0,0,0,,0,3B12E,"THE EMBARCADERO SOUTH","BRANNAN ST",120.00,S,N,A,-,N,,,,,,,,,,N,3,0,1,2,D,-,00,,,N,B,-,A,A,H,-,C,D,0,,Y,,,Y,,-,"- ",0,1,0,0,0,0,1,0,0,"- ","- ",,,"SAN FRANCISCO","SAN FRANCISCO",-122.38821411132812,37.784450531005859
9295682,2021,2021-07-30,3801,2021-06-13,0846,2375,RICHM,7,5,7,3801,0,0,0,,0,3G1A,"34TH AV","CLEMENT ST",0.00,,-,B,-,N,,,,,,,,,,N,4,0,1,2,A,-,09,21801,A,N,D,G,A,B,H,-,A,D,0,,Y,,,Y,,A,07,0,0,1,0,0,0,1,0,0,"- ","- ",,,"SAN FRANCISCO","SAN FRANCISCO",-122.49449920654297,37.781566619873047
9295690,2021,2021-07-30,3801,2021-06-16,0721,1250,SOUTH,3,5,7,3801,0,0,0,,0,3B14A,"17TH ST","WISCONSIN ST",0.00,,Y,A,-,N,,,,,,,,,,N,3,0,1,2,A,-,09,21801,A,N,A,G,A,A,H,-,A,D,0,,Y,,,Y,,A,01,0,1,0,0,0,0,1,0,0,"- ","- ",,,"SAN FRANCISCO","SAN FRANCISCO",-122.39967346191406,37.764972686767578
9307716,2021,2021-09-01,3801,2021-07-16,1514,2172,NORTH,5,5,7,3801,0,0,0,,0,3E1C,"VAN NESS AV","HAYES ST",0.00,,Y,A,-,N,,,,,,,,,,N,4,0,1,2,A,-,03,22350,,N,D,G,A,A,D,-,A,A,0,,Y,,,Y,,L,04,0,0,1,0,0,0,1,0,0,"- ","- ",,,"SAN FRANCISCO","SAN FRANCISCO",-122.419677734375,37.777294158935547
9308183,2021,2021-08-26,3801,2021-07-20,1254,834,MISSI,2,5,7,3801,0,0,0,,0,,"18TH ST","OAKWOOD ST",69.00,E,N,A,-,N,,,,,,,,,,N,3,0,1,2,A,-,06,21755,A,N,B,G,A,A,H,-,A,D,0,,Y,,,Y,,L,04,0,1,0,0,0,0,1,0,0,"- ","- ",,,"SAN FRANCISCO","SAN FRANCISCO",-122.42477416992188,37.761508941650391
9308442,2021,2021-08-26,3801,2021-07-16,2129,1961,SOUTH,5,5,7,3801,0,0,0,,0,3B14E,"9TH ST","MISSION ST",0.00,,Y,A,-,N,,,,,,,,,,N,4,0,1,1,D,-,00,,,N,H,G,A,A,H,-,C,A,0,,Y,,,Y,,-,"- ",0,0,1,0,0,0,1,0,0,"- ","- ",,,"SAN FRANCISCO","SAN FRANCISCO",-122.41471862792969,37.776241302490234
9308982,2021,2021-10-18,3801,2021-07-08,1120,4115,SOUTH,4,5,7,3801,0,0,0,,0,3B5,"4TH ST","CHINA BASEN",0.00,,Y,A,-,N,,,,,,,,,,N,4,0,1,2,A,-,"- ",,,N,D,G,A,A,-,-,A,A,0,,Y,Y,,Y,,L,04,0,0,1,0,0,0,1,0,0,"- ","- ",,,"SAN FRANCISCO","SAN FRANCISCO",-122.39132690429688,37.771900177001953
9313264,2021,2021-09-03,3801,2021-07-13,2016,2081,CENTR,2,5,7,3801,0,0,0,,0,004,"KEARNY ST","JACKSON ST",26.00,N,N,A,-,N,,,,,,,,,,N,3,0,1,2,A,-,05,21651,B,N,A,G,A,A,H,-,C,D,0,,Y,,,Y,,L,04,0,1,0,0,0,0,1,0,0,"- ","- ",,,"SAN FRANCISCO","SAN FRANCISCO",-122.4051513671875,37.796291351318359
9313265,2021,2021-09-03,3801,2021-07-13,2001,1194,SOUTH,2,5,7,3801,0,0,0,,0,0B2,"3RD ST","HOWARD ST",0.00,,Y,A,-,N,,,,,,,,,,N,4,0,1,2,A,-,09,21453,C,N,D,G,A,A,H,-,B,A,0,,Y,,,Y,Y,A,07,0,0,1,0,0,0,1,0,0,"- ","- ",,,"SAN FRANCISCO","SAN FRANCISCO",-122.40049743652344,37.785007476806641
9314632,2021,2021-08-28,3801,2021-07-22,1806,499,PARK,4,5,7,3801,0,0,0,,0,3F14D,"STEINER ST","HERMANN ST",0.00,,Y,A,-,N,,,,,,,,,,N,3,0,1,2,A,-,03,22350,,N,B,G,A,A,H,-,A,D,0,,Y,,,Y,,L,04,0,1,0,0,0,0,1,0,0,"- ","- ",,,"SAN FRANCISCO","SAN FRANCISCO",-122.43173980712891,37.770030975341797
9314685,2021,2021-09-13,3801,2021-07-31,1212,4313,RICHM,6,5,7,3801,0,0,0,,0,0G2,"ARGUELLO BL","MCALLISTER ST",54.00,N,N,A,-,N,,,,,,,,,,N,4,0,1,2,A,-,01,23152,A,F,C,G,A,A,H,-,A,B,0,,Y,,,Y,Y,A,07,0,0,1,0,0,0,1,0,0,"- ","- ",,,"SAN FRANCISCO","SAN FRANCISCO",-122.45845031738281,37.775386810302734
9314687,2021,2021-09-20,3801,2021-07-31,0815,20065,NORTH,6,5,7,3801,0,0,0,,0,3E14A,"OCTAVIA BL","OAK ST",0.00,,Y,A,-,N,,,,,,,,,,N,4,0,1,2,A,-,12,21457,A,N,D,J,A,A,H,-,A,A,0,,Y,,,Y,,L,04,0,0,1,0,0,0,1,0,0,"- ","- ",,,"SAN FRANCISCO","SAN FRANCISCO",-122.42430114746094,37.774799346923828
9314694,2021,2021-09-13,3801,2021-07-27,1727,233,MISSI,2,5,7,3801,0,0,0,,0,03D,"S VAN NESS AV","22ND ST",0.00,,Y,A,-,N,,,,,,,,,,N,4,0,1,2,A,-,12,21453,,N,D,G,A,A,H,-,A,A,0,,Y,,,Y,,L,04,0,0,1,0,0,0,1,0,0,"- ","- ",,,"SAN FRANCISCO","SAN FRANCISCO",-122.41658782958984,37.755565643310547
9316655,2021,2021-10-12,3801,2021-07-11,1722,1740,CENTR,7,5,7,3801,0,0,0,,0,3A3D,"LEAVENWORTH ST","LEAVENWORTH ST 2138",0.00,,N,A,-,N,,,,,,,,,,N,3,0,1,2,A,-,09,21800,A,N,D,G,A,-,H,-,A,D,0,,Y,,,Y,,L,04,0,1,0,0,0,0,1,0,0,"- ","- ",,,"SAN FRANCISCO","SAN FRANCISCO",,
9341097,2021,2021-10-08,3801,2021-08-11,1648,1160,SOURT,3,5,7,3801,0,0,0,,0,0B5,"TOWNSEND ST","5TH ST",160.00,E,N,A,-,N,,,,,,,,,,N,3,0,1,1,A,-,03,22350,,N,H,J,A,A,H,-,A,D,0,,Y,,,Y,,L,04,0,1,0,0,0,0,1,0,0,"- ","- ",,,"SAN FRANCISCO","SAN FRANCISCO",-122.39684295654297,37.775661468505859
9341117,2021,2021-10-08,3801,2021-08-26,1515,4798,NORTH,4,5,7,3801,0,0,0,,0,3E00D,"MARINA BL","MARINA GREEN DR",0.00,,Y,A,-,N,,,,,,,,,,N,4,0,1,2,-,-,"- ",,,N,-,G,A,A,H,-,A,A,0,,Y,,,Y,,-,"- ",0,0,1,0,0,0,1,0,0,"- ","- ",,,"SAN FRANCISCO","SAN FRANCISCO",-122.43605804443359,37.806427001953125
9341998,2021,2021-10-22,3801,2021-09-21,1712,844,CENTR,2,5,7,3801,0,0,0,,0,3A78,"STOCKTON ST","SUTTER ST",167.00,N,N,A,-,N,,,,,,,,,,N,3,0,2,2,A,-,11,21955,,N,H,-,D,A,H,-,A,D,0,Y,Y,,,Y,,N,60,0,2,0,0,1,0,1,0,0,"- ","- ",,,"SAN FRANCISCO","SAN FRANCISCO",-122.40703582763672,37.789871215820312
9343122,2021,2021-10-08,3801,2021-08-02,1802,2195,NORTH,1,5,7,3801,0,0,0,,0,001,"DIVISADERO ST","FELL ST",0.00,,Y,A,-,N,,,,,,,,,,N,3,0,2,2,D,-,00,,,N,B,G,A,A,H,-,A,A,0,,Y,,,Y,,-,"- ",0,2,0,0,0,0,1,0,0,"- ","- ",,,"SAN FRANCISCO","SAN FRANCISCO",-122.43759918212891,37.774063110351562
9343170,2021,2021-10-13,3801,2021-08-12,1412,2262,TARAV,4,5,7,3801,0,0,0,,0,3I1A,"8TH AV","LAWTON ST",0.00,,Y,A,-,N,,,,,,,,,,N,3,0,1,2,A,-,09,21802,A,N,D,G,A,A,-,-,A,A,0,,Y,,,Y,,A,01,0,1,0,0,0,0,1,0,0,"- ","- ",,,"SAN FRANCISCO","SAN FRANCISCO",-122.46487426757812,37.75848388671875
9343313,2021,2021-10-13,3801,2021-08-18,0528,2426,CENTR,3,5,7,3801,0,0,0,,0,"4 CAR","CALIFORNIA ST","BATTERY ST",0.00,,Y,A,-,N,,,,,,,,,,N,4,0,1,1,D,-,00,,,N,H,-,A,A,H,-,C,A,0,,Y,,,Y,,-,"- ",0,0,1,0,0,0,1,0,0,"- ","- ",,,"SAN FRANCISCO","SAN FRANCISCO",-122.39997863769531,37.793231964111328
9343327,2021,2021-10-09,3801,2021-08-03,2347,1466,SOUTH,2,5,7,3801,0,0,0,,0,04B,"MARKET ST","OCTAVIA ST",0.00,,Y,A,-,N,,,,,,,,,,N,4,0,1,2,A,-,11,21453,D,N,D,G,A,A,H,-,C,A,0,,Y,,,Y,,L,04,0,0,1,0,0,0,1,0,0,"- ","- ",,,"SAN FRANCISCO","SAN FRANCISCO",-122.42359161376953,37.771774291992188
9343968,2021,2021-10-12,3801,2021-08-28,1810,1126,CENTR,6,5,7,3801,0,0,0,,0,3A4D,EMBARCADERO,"CLAY ST",100.00,S,N,A,-,N,,,,,,,,,,N,4,0,1,2,A,-,08,22107,,N,D,G,A,A,H,-,A,D,0,,Y,,,Y,,L,04,0,0,1,0,0,0,1,0,0,"- ","- ",,,"SAN FRANCISCO","SAN FRANCISCO",-122.39689636230469,37.795223236083984
9343992,2021,2021-10-13,3801,2021-08-26,2342,1371,NORTH,4,5,7,3801,0,0,0,,0,003,"POLK ST","SUTTER ST",0.00,,Y,A,-,N,,,,,,,,,,N,3,0,1,2,A,-,09,21801,A,N,D,G,A,A,H,-,C,A,0,,Y,,,Y,,A,01,0,1,0,0,0,0,1,0,0,"- ","- ",,,"SAN FRANCISCO","SAN FRANCISCO",-122.42010498046875,37.787761688232422
9345603,2021,2021-10-30,3801,2021-09-26,1531,KAJASA,MISSI,7,5,7,3801,0,0,0,,0,,"MISSION ST","18TH ST",63.00,S,N,A,-,N,,,,,,,,,,N,4,0,1,2,A,-,17,21208,A,N,B,G,A,A,H,-,A,D,0,,Y,,,Y,,L,04,0,0,1,0,0,0,0,0,0,"- ","- ",,,"SAN FRANCISCO","SAN FRANCISCO",-122.41935729980469,37.761669158935547
9345636,2021,2021-10-29,3801,2021-09-27,0910,563,TARAV,1,5,7,3801,0,0,0,,0,001,"16TH AV","TARAVAL ST",60.00,N,N,B,-,N,,,,,,,,,,N,4,0,1,1,A,-,03,22350,,N,H,A,A,B,H,-,A,D,0,,Y,,,Y,,L,04,0,0,1,0,0,0,1,0,0,"- ","- ",,,"SAN FRANCISCO","SAN FRANCISCO",-122.47248840332031,37.743354797363281
9348900,2022,2022-06-16,3801,2022-05-01,2301,1982,MISSI,7,5,7,3801,0,0,0,,0,3D16E,"23RD ST","NELLIE ST",0.00,,Y,A,-,N,,,,,,,,,,N,4,0,1,2,A,-,03,22350,,N,B,E,A,A,H,-,C,D,0,,Y,,,Y,Y,L,04,0,0,1,0,0,0,1,0,0,"- ","- ",,,"SAN FRANCISCO","SAN FRANCISCO",-122.42813873291016,37.753261566162109
9348911,2022,2022-06-21,3801,2022-05-03,1812,1420,INGLE,2,5,7,3801,0,0,0,,0,3H13D,"MISSION ST","PRECITA AV",0.00,,Y,A,-,N,,,,,,,,,,N,3,0,1,2,A,-,05,21460,,N,A,G,A,A,H,-,A,D,0,,Y,,,Y,,L,04,0,1,0,0,0,0,1,0,0,"- ","- ",,,"SAN FRANCISCO","SAN FRANCISCO",-122.41912078857422,37.746757507324219