CASE_ID,ACCIDENT_YEAR,PROC_DATE,JURIS,COLLISION_DATE,COLLISION_TIME,OFFICER_ID,REPORTING_DISTRICT,DAY_OF_WEEK,CHP_SHIFT,POPULATION,CNTY_CITY_LOC,SPECIAL_COND,BEAT_TYPE,CHP_BEAT_TYPE,CITY_DIVISION_LAPD,CHP_BEAT_CLASS,BEAT_NUMBER,PRIMARY_RD,SECONDARY_RD,DISTANCE,DIRECTION,INTERSECTION,WEATHER_1,WEATHER_2,STATE_HWY_IND,CALTRANS_COUNTY,CALTRANS_DISTRICT,STATE_ROUTE,ROUTE_SUFFIX,POSTMILE_PREFIX,POSTMILE,LOCATION_TYPE,RAMP_INTERSECTION,SIDE_OF_HWY,TOW_AWAY,COLLISION_SEVERITY,NUMBER_KILLED,NUMBER_INJURED,PARTY_COUNT,PRIMARY_COLL_FACTOR,PCF_CODE_OF_VIOL,PCF_VIOL_CATEGORY,PCF_VIOLATION,PCF_VIOL_SUBSECTION,HIT_AND_RUN,TYPE_OF_COLLISION,MVIW,PED_ACTION,ROAD_SURFACE,ROAD_COND_1,ROAD_COND_2,LIGHTING,CONTROL_DEVICE,CHP_ROAD_TYPE,PEDESTRIAN_ACCIDENT,BICYCLE_ACCIDENT,MOTORCYCLE_ACCIDENT,TRUCK_ACCIDENT,NOT_PRIVATE_PROPERTY,ALCOHOL_INVOLVED,STWD_VEHTYPE_AT_FAULT,CHP_VEHTYPE_AT_FAULT,COUNT_SEVERE_INJ,COUNT_VISIBLE_INJ,COUNT_COMPLAINT_PAIN,COUNT_PED_KILLED,COUNT_PED_INJURED,COUNT_BICYCLIST_KILLED,COUNT_BICYCLIST_INJURED,COUNT_MC_KILLED,COUNT_MC_INJURED,PRIMARY_RAMP,SECONDARY_RAMP,LATITUDE,LONGITUDE,COUNTY,CITY,POINT_X,POINT_Y
9348914,2022,2022-06-15,3801,2022-05-04,0720,4262,MISSI,3,5,7,3801,0,0,0,,0,3D51,"14TH ST","SOUTH VAN NESS",0.00,,Y,A,-,N,,,,,,,,,,N,3,0,1,2,A,-,12,21453,A,M,D,G,A,A,H,-,A,A,0,,Y,,,Y,,A,01,0,1,0,0,0,0,1,0,0,"- ","- ",,,"SAN FRANCISCO","SAN FRANCISCO",-122.41780090332031,37.768417358398438
9348922,2022,2022-06-16,3801,2022-05-18,1442,310,SOUTH,3,5,7,3801,0,0,0,,0,3B13A,"TERRY A FRANCOIS BL","PIERPOINT LN",12.00,S,N,A,-,N,,,,,,,,,,N,2,0,1,1,C,-,18,,,N,H,-,A,A,H,-,A,D,0,,Y,,,Y,,-,"- ",1,0,0,0,0,0,1,0,0,"- ","- ",,,"SAN FRANCISCO","SAN FRANCISCO",-122.38639831542969,37.769935607910156
9348923,2022,2022-06-16,3801,2022-05-18,1225,2743,SOUTH,3,5,7,3801,0,0,0,,0,3B5,"16TH ST","OWENS ST",30.00,W,N,A,-,N,,,,,,,,,,N,4,0,1,1,A,-,03,22350,,N,H,A,A,A,H,-,A,A,0,,Y,,,Y,,L,04,0,0,1,0,0,0,1,0,0,"- ","- ",,,"SAN FRANCISCO","SAN FRANCISCO",-122.39280700683594,37.766704559326172
9348937,2022,2022-06-16,3801,2022-05-15,1407,670,INGLE,7,5,7,3801,0,0,0,,0,3H11A,"SAN JOSE AV","ROUSSEAU ST",0.00,,Y,A,G,N,,,,,,,,,,N,3,0,1,1,A,-,17,21208,,N,-,J,A,A,-,-,A,D,0,,Y,,,Y,,L,04,0,1,0,0,0,0,1,0,0,"- ","- ",,,"SAN FRANCISCO","SAN FRANCISCO",-122.43045043945312,37.733905792236328
9349609,2021,2021-10-29,3801,2021-09-09,0930,2407,MISSI,4,5,7,3801,0,0,0,,0,3D13D,"FOLSOM ST","17TH ST",15.00,N,N,A,-,N,,,,,,,,,,,4,0,1,2,A,-,07,21658,A,F,C,G,A,A,H,-,A,A,0,,Y,,,Y,,A,07,0,0,1,0,0,0,1,0,0,"- ","- ",,,"SAN FRANCISCO","SAN FRANCISCO",-122.41515350341797,37.76373291015625
9350356,2021,2021-10-25,3801,2021-09-20,2151,1489,BAYVI,1,5,7,3801,0,0,0,,0,3C11E,"CESAR CHAVEZ ST","PENNSYLVANIA AV",0.00,,Y,A,-,N,,,,,,,,,,N,4,0,1,2,A,-,09,21803,A,M,G,G,A,A,H,-,C,A,0,,Y,,,Y,,A,01,0,0,1,0,0,0,1,0,0,"- ","- ",,,"SAN FRANCISCO","SAN FRANCISCO",-122.39242553710938,37.750049591064453
9361165,2021,2021-12-03,3801,2021-10-13,1545,2102,BAYVI,3,5,7,3801,0,0,0,,0,3C12D,"BAYSHORE BL","BAYSHORE BL 491",0.00,,-,A,-,N,,,,,,,,,,N,4,0,1,2,A,-,08,22107,,N,C,G,A,A,H,-,A,D,0,,Y,,,Y,,D,22,0,0,1,0,0,0,1,0,0,"- ","- ",,,"SAN FRANCISCO","SAN FRANCISCO",-122.40431213378906,37.745937347412109
9362549,2021,2021-11-30,3801,2021-10-12,2300,1207,MISSI,2,5,7,3801,0,0,0,,0,3D15E,"17TH ST","CHURCH ST",63.00,W,N,A,-,N,,,,,,,,,,N,4,0,1,1,B,-,22,,,N,H,A,A,A,A,-,C,A,0,,Y,,,Y,Y,L,04,0,0,1,0,0,0,1,0,0,"- ","- ",,,"SAN FRANCISCO","SAN FRANCISCO",-122.42872619628906,37.762866973876953
9362551,2021,2021-11-30,3801,2021-10-12,1819,1194,SOUTH,2,5,7,3801,0,0,0,,0,005,"17TH ST","RHODE ISLAND ST",0.00,,Y,A,-,N,,,,,,,,,,N,4,0,1,2,A,-,12,22450,A,N,D,G,A,A,H,-,A,A,0,,Y,,,Y,,L,04,0,0,1,0,0,0,1,0,0,"- ","- ",,,"SAN FRANCISCO","SAN FRANCISCO",-122.40253448486328,37.764781951904297
9362552,2021,2021-11-30,3801,2021-10-12,1620,397,BATVI,2,5,7,3801,0,0,0,,0,3C2,"OAKDALE AV","PHELPS ST",0.00,,Y,A,-,N,,,,,,,,,,N,4,0,1,2,A,-,12,22450,A,F,D,G,A,-,H,-,-,D,0,,Y,,,Y,,A,01,0,0,1,0,0,0,1,0,0,"- ","- ",,,"SAN FRANCISCO","SAN FRANCISCO",-122.39408874511719,37.736721038818359
9362557,2021,2021-11-30,3801,2021-10-12,1335,230,TENDE,2,5,7,3801,0,0,0,,0,3J98C,"MARKET ST","5TH ST",335.00,E,N,A,-,N,,,,,,,,,,N,3,0,1,1,A,-,08,22107,,N,H,A,A,A,G,-,A,D,0,,Y,,,Y,,L,04,0,1,0,0,0,0,1,0,0,"- ","- ",,,"SAN FRANCISCO","SAN FRANCISCO",-122.40723419189453,37.784641265869141
9362815,2021,2021-11-30,3801,2021-10-21,1822,2105,CENTR,4,5,7,3801,0,0,0,,0,3A42C,POWELL,BROADWAY,15.00,N,N,A,-,N,,,,,,,,,,N,3,0,1,2,A,-,17,21200,,N,C,G,A,A,H,-,A,A,0,,Y,,,Y,,L,04,0,1,0,0,0,0,1,0,0,"- ","- ",,,"SAN FRANCISCO","SAN FRANCISCO",-122.41024780273438,37.797451019287109
9362832,2021,2021-12-01,3801,2021-10-02,1000,2477,PARK,6,5,7,3801,0,0,0,,0,3F4C,"PAGE ST","BRODERICK ST",162.00,E,N,A,-,N,,,,,,,,,,N,3,0,1,2,A,-,09,21801,A,N,B,G,A,A,H,-,A,D,0,,Y,,,Y,,-,,0,1,0,0,0,0,1,0,0,"- ","- ",,,"SAN FRANCISCO","SAN FRANCISCO",-122.43834686279297,37.772064208984375
9362875,2021,2021-12-09,3801,2021-10-09,0123,1402,SOUTH,6,5,7,3801,0,0,0,,0,3B13E,"MISSION ST","8TH ST",0.00,,Y,A,-,N,,,,,,,,,,N,2,0,1,2,A,-,12,21453,,N,D,G,A,A,H,-,C,A,0,,Y,,,Y,,L,04,1,0,0,0,0,0,1,0,0,"- ","- ",,,"SAN FRANCISCO","SAN FRANCISCO",-122.41315460205078,37.7774658203125
9363615,2021,2021-12-01,3801,2021-10-15,2011,2102,BAYVI,5,5,7,3801,0,0,0,,0,3C14D,"BAYSHORE BL","CORTLAND AV",0.00,,Y,A,-,N,,,,,,,,,,N,3,0,1,2,D,-,00,,,N,B,G,A,A,H,-,C,A,0,,Y,,,Y,,-,"- ",0,1,0,0,0,0,1,0,0,"- ","- ",,,"SAN FRANCISCO","SAN FRANCISCO",-122.40699005126953,37.739582061767578
9365417,2021,2021-12-01,3801,2021-10-04,1800,952,CENTR,1,5,7,3801,0,0,0,,0,901,"THE EMBARCADERO","DON CHEE WY",416.00,N,N,A,-,N,,,,,,,,,,N,3,0,1,2,A,-,17,22517,,N,G,G,A,A,H,-,A,D,0,,Y,,,Y,,A,01,0,1,0,0,0,0,1,0,0,"- ","- ",,,"SAN FRANCISCO","SAN FRANCISCO",-122.39431762695312,37.795001983642578
9365916,2021,2021-12-06,3801,2021-10-05,2115,2479,NORTH,2,5,7,3801,0,0,0,,0,3E14D,"SUTTER ST","FILLMORE ST",0.00,,Y,A,-,N,,,,,,,,,,N,4,0,1,2,A,-,08,22100,A,N,D,C,A,-,H,-,C,A,0,,Y,,,Y,,L,04,0,0,1,0,0,0,1,0,0,"- ","- ",,,"SAN FRANCISCO","SAN FRANCISCO",-122.43326568603516,37.786087036132812
9371308,2021,2022-03-22,3801,2021-11-09,0840,4331,SOUTH,2,5,7,3801,0,0,0,,0,3B1A,"EMBARCADERO SOUTH","BRYANT ST",0.00,,Y,B,F,N,,,,,,,,,,N,4,0,1,2,A,-,03,22350,,N,D,G,A,B,H,-,A,-,0,,Y,,,Y,,L,04,0,0,1,0,0,0,1,0,0,"- ","- ",,,"SAN FRANCISCO","SAN FRANCISCO",-122.38801574707031,37.787094116210938
9372368,2021,2021-12-07,3801,2021-11-09,1756,2704,SOUTH,2,5,7,3801,0,0,0,,0,0B5,"17TH ST","MISSISSIPPI ST",0.00,,Y,A,-,N,,,,,,,,,,N,4,0,1,2,A,-,12,22450,A,N,D,G,A,A,H,-,A,A,0,,Y,,,Y,Y,L,04,0,0,1,0,0,0,1,0,0,"- ","- ",,,"SAN FRANCISCO","SAN FRANCISCO",-122.39485168457031,37.765243530273438
9375691,2021,2022-01-20,3801,2021-11-20,0812,1396,SOUTH,6,5,7,3801,0,0,0,,0,3B13A,"DIVISION ST","SAN BRUNO AV",0.00,,Y,A,-,N,,,,,,,,,,N,3,0,1,2,A,-,12,22450,A,F,D,G,A,A,H,-,A,A,0,,Y,,,Y,Y,A,01,0,1,0,0,0,0,1,0,0,"- ","- ",,,"SAN FRANCISCO","SAN FRANCISCO",-122.40620422363281,37.769454956054688
9375714,2021,2021-12-30,3801,2021-11-14,1810,1909,NORTH,7,5,7,3801,0,0,0,,0,3E15D,"BUCHANAN ST","MAGNOLIA ST",0.00,,Y,A,-,N,,,,,,,,,,N,3,0,1,2,A,-,09,21800,A,N,D,G,A,A,H,-,C,D,0,,Y,,,Y,,L,04,0,1,0,0,0,0,1,0,0,"- ","- ",,,"SAN FRANCISCO","SAN FRANCISCO",-122.432861328125,37.800754547119141
9375721,2021,2021-12-31,3801,2021-11-13,1700,628,RICHM,6,5,7,3801,0,0,0,,0,0G4,"CLEMENT ST","18TH AV",0.00,,Y,A,-,N,,,,,,,,,,N,3,0,1,1,A,-,"- ",,,N,F,A,A,A,H,-,C,D,0,,Y,,,Y,,L,04,0,1,0,0,0,0,1,0,0,"- ","- ",,,"SAN FRANCISCO","SAN FRANCISCO",-122.47737884521484,37.782352447509766
9375735,2021,2021-12-31,3801,2021-11-01,0012,1414,MISSI,1,5,7,3801,0,0,0,,0,3D11E,"SOUTH VAN NESS AV","ERIE ST",0.00,,Y,B,-,N,,,,,,,,,,N,3,0,1,2,-,-,"- ",,,N,H,-,A,A,H,-,C,D,0,,Y,,,Y,Y,-,"- ",0,1,0,0,0,0,1,0,0,"- ","- ",,,"SAN FRANCISCO","SAN FRANCISCO",-122.41783142089844,37.769203186035156
9375752,2021,2022-01-03,3801,2021-11-03,1542,801,SOUTH,3,5,7,3801,0,0,0,,0,0B1,"HOWARD ST","HAWTHORNE ST",0.00,,Y,A,-,N,,,,,,,,,,N,4,0,1,2,D,-,00,,,N,D,J,A,A,H,-,A,A,0,,Y,,,Y,,-,"- ",0,0,1,0,0,0,1,0,0,"- ","- ",,,"SAN FRANCISCO","SAN FRANCISCO",-122.39937591552734,37.785888671875
9376231,2021,2021-12-30,3801,2021-11-07,1847,1669,TENDE,7,5,7,3801,0,0,0,,0,3J14D,"OFARRELL ST","POLK ST",200.00,E,N,A,-,N,,,,,,,,,,N,4,0,1,2,A,-,17,22517,,M,B,E,A,A,H,-,A,-,0,,Y,,,Y,Y,-,,0,0,1,0,0,0,1,0,0,"- ","- ",,,"SAN FRANCISCO","SAN FRANCISCO",-122.41886901855469,37.785053253173828
9376247,2021,2021-12-30,3801,2021-11-28,1043,326,INGLE,7,5,7,3801,0,0,0,,0,3H14A,"SAN JOSE AV","GENEVA AV",0.00,,Y,A,-,N,,,,,,,,,,N,4,0,1,2,A,-,17,21200,A,N,D,G,A,A,D,-,A,A,0,,Y,Y,,Y,,L,04,0,0,1,0,0,0,1,0,0,"- ","- ",,,"SAN FRANCISCO","SAN FRANCISCO",-122.44663238525391,37.720729827880859
9379479,2021,2022-01-26,3801,2021-12-24,1639,302,NORTH,5,5,7,3801,0,0,0,,0,3E11A,"VAN NESS AV","FELL ST",28.00,N,N,A,-,Y,SF,4,101,-,T,4.970,H,-,S,N,4,0,1,2,D,-,00,,,N,B,G,A,A,H,-,B,D,0,,Y,,,Y,,-,"- ",0,0,1,0,0,0,1,0,0,"- ","- ",,,"SAN FRANCISCO","SAN FRANCISCO",-122.41966247558594,37.776706695556641
9380636,2021,2022-01-25,3801,2021-12-20,2145,2459,MISSI,1,5,7,3801,0,0,0,,0,3D14E,"POTRERO AV","25TH ST",25.00,S,N,A,-,N,,,,,,,,,,N,4,0,1,2,A,-,08,22107,,N,B,G,A,A,H,-,C,D,0,,Y,,,Y,,A,01,0,0,1,0,0,0,1,0,0,"- ","- ",,,"SAN FRANCISCO","SAN FRANCISCO",-122.40618896484375,37.751670837402344
9380653,2021,2022-01-26,3801,2021-12-03,1823,2489,SOUTH,5,5,7,3801,0,0,0,,0,3B14D,"3RD ST","TOWNSEND ST",0.00,,Y,A,-,N,,,,,,,,,,N,3,0,1,2,A,-,08,22107,,N,B,G,A,A,H,-,C,A,0,,Y,,,Y,Y,L,04,0,1,0,0,0,0,1,0,0,"- ","- ",,,"SAN FRANCISCO","SAN FRANCISCO",-122.39275360107422,37.778858184814453
9382259,2021,2021-12-27,3801,2021-11-08,1620,1810,MISSI,1,5,7,3801,0,0,0,,0,3D13D,"HARRISON ST","21ST ST",0.00,,Y,B,-,N,,,,,,,,,,N,4,0,1,2,A,-,04,21703,,N,C,G,A,A,H,-,A,A,0,,Y,,,Y,,L,04,0,0,1,0,0,0,1,0,0,"- ","- ",,,"SAN FRANCISCO","SAN FRANCISCO",-122.41237640380859,37.7574462890625
9382392,2021,2021-12-30,3801,2021-11-10,0945,1609,RICHM,3,5,7,3801,0,0,0,,0,3G2A,"25TH AV","CALIFORNIA ST",250.00,S,N,A,-,N,,,,,,,,,,N,4,0,1,2,A,-,05,21650,1,N,D,G,A,A,H,-,A,A,0,,Y,,,Y,,L,04,0,0,1,0,0,0,1,0,0,"- ","- ",,,"SAN FRANCISCO","SAN FRANCISCO",-122.48496246337891,37.783195495605469
9390874,2021,2022-01-26,3801,2021-12-16,1931,2419,RICHM,4,5,7,3801,0,0,0,,0,0G2,"CLAY ST","BAKER ST",175.00,E,N,A,-,N,,,,,,,,,,N,4,0,1,3,A,-,09,21804,A,N,D,G,A,A,H,-,C,D,0,,Y,,,Y,,A,01,0,0,1,0,0,0,1,0,0,"- ","- ",,,"SAN FRANCISCO","SAN FRANCISCO",-122.44351959228516,37.789527893066406
9390968,2021,2022-02-02,3801,2021-12-09,0830,1359,INGLE,4,5,7,3801,0,0,0,,0,0H1,"EUGENIA AV",ELSIE,70.00,E,N,A,-,N,,,,,,,,,,N,3,0,1,2,A,-,03,22350,,F,B,G,A,A,H,-,A,D,0,,Y,,,Y,,-,,0,1,0,0,0,0,1,0,0,"- ","- ",,,"SAN FRANCISCO","SAN FRANCISCO",-122.41865539550781,37.740924835205078
9391953,2021,2022-01-20,3801,2021-12-15,0525,2467,BAYVI,3,5,7,3801,0,0,0,,0,3C13E,"3RD ST","OAKDALE AV",0.00,,Y,C,-,N,,,,,,,,,,N,4,0,1,2,A,-,12,22450,A,N,D,G,A,B,H,-,C,A,0,,Y,,,Y,,L,04,0,0,1,0,0,0,1,0,0,"- ","- ",,,"SAN FRANCISCO","SAN FRANCISCO",-122.39076995849609,37.734832763671875
9391954,2021,2022-01-20,3801,2021-12-14,2207,1066,NORTH,2,5,7,3801,0,0,0,,0,"4 CAR","LAGUNA ST","SUTTER ST",0.00,,Y,A,-,N,,,,,,,,,,N,3,0,1,2,A,-,08,22107,,N,A,G,A,A,H,-,C,A,0,,Y,,,Y,,A,01,0,1,0,0,0,0,1,0,0,"- ","- ",,,"SAN FRANCISCO","SAN FRANCISCO",-122.42832946777344,37.786716461181641
9391997,2021,2022-01-20,3801,2021-12-01,1236,720,TENDE,3,5,7,3801,0,0,0,,0,3A93E,"GEARY ST","STOCKTON ST",0.00,,Y,-,-,N,,,,,,,,,,N,3,0,1,1,A,-,03,22350,A,N,-,-,A,A,H,-,A,A,0,,Y,,,Y,,L,04,0,1,0,0,0,0,1,0,0,"- ","- ",,,"SAN FRANCISCO","SAN FRANCISCO",-122.40657806396484,37.787563323974609
9396436,2022,2022-06-15,3801,2022-05-11,1145,1870,RICHM,3,5,7,3801,0,0,0,,0,03G,"8TH AV",FULTON,0.00,,Y,A,-,N,,,,,,,,,,N,3,0,1,2,A,-,09,21801,A,N,D,G,A,A,H,-,A,D,0,,Y,,,Y,,A,01,0,1,0,0,0,0,1,0,0,"- ","- ",,,"SAN FRANCISCO","SAN FRANCISCO",-122.46588134765625,37.77337646484375
9396444,2022,2022-06-16,3801,2022-05-19,0958,1118,SOUTH,4,5,7,3801,0,0,0,,0,3B14A,"MARKET ST","OCTAVIA ST",0.00,,Y,A,-,N,,,,,,,,,,N,3,0,1,2,A,-,08,22101,D,F,D,G,A,A,H,-,A,A,0,,Y,,,Y,,A,01,0,1,0,0,0,0,1,0,0,"- ","- ",,,"SAN FRANCISCO","SAN FRANCISCO",-122.42359161376953,37.771774291992188
9396451,2022,2022-06-16,3801,2022-05-11,2214,2035,MISSI,3,5,7,3801,0,0,0,,0,,"MISSION ST","ADMIRAL AV",71.00,S,N,A,-,N,,,,,,,,,,N,4,0,1,2,A,-,09,21801,A,F,B,G,A,A,-,-,C,D,0,,Y,,,Y,,A,01,0,0,1,0,0,0,1,0,0,"- ","- ",,,"SAN FRANCISCO","SAN FRANCISCO",-122.43030548095703,37.729709625244141
9396472,2022,2022-06-16,3801,2022-05-28,2107,2459,SOUTH,6,5,7,3801,0,0,0,,0,3B14E,"17TH ST","VERMONT ST",0.00,,Y,A,-,N,,,,,,,,,,N,3,0,1,2,A,-,12,22450,A,N,D,G,A,A,H,-,C,D,0,,Y,,,Y,,A,01,0,1,0,0,0,0,1,0,0,"- ","- ",,,"SAN FRANCISCO","SAN FRANCISCO",-122.40448760986328,37.764682769775391
9400421,2022,2022-02-15,3801,2022-01-21,1750,2355,TARAV,5,5,7,3801,0,0,0,,0,0I3,"SLOAT BL","42ND AV",22.00,E,N,A,-,N,,,,,,,,,,N,3,0,1,2,A,-,17,21209,A,N,C,G,A,A,H,-,C,D,0,,Y,,,Y,,A,01,0,1,0,0,0,0,1,0,0,"- ","- ",,,"SAN FRANCISCO","SAN FRANCISCO",-122.50000762939453,37.734867095947266
9400646,2022,2022-02-22,3801,2022-01-12,1411,649,INGLE,3,5,7,3801,0,0,0,,0,3H16C,"CORTLAND AV","ELSIE ST",5.00,W,N,A,-,N,,,,,,,,,,N,3,0,1,1,-,-,"- ",,,N,H,A,A,A,H,-,A,D,0,,Y,,,Y,,-,"- ",0,1,0,0,0,0,1,0,0,"- ","- ",,,"SAN FRANCISCO","SAN FRANCISCO",-122.41975402832031,37.739768981933594
9400660,2022,2022-02-22,3801,2022-01-17,1859,1520,BAYVI,1,5,7,3801,0,0,0,,0,0C5,"CARROLL AV","3RD ST",45.00,E,N,A,-,N,,,,,,,,,,N,3,0,1,2,A,-,08,22107,,F,D,G,A,A,H,-,C,D,0,,Y,,,Y,,A,01,0,1,0,0,0,0,1,0,0,"- ","- ",,,"SAN FRANCISCO","SAN FRANCISCO",-122.39424133300781,37.725448608398438
9403539,2022,2022-03-15,3801,2022-01-26,0422,933,CENTR,3,5,7,3801,0,0,0,,0,0A2,"PINE ST","MONTGOMERY ST",0.00,,Y,A,-,N,,,,,,,,,,N,4,0,1,2,A,-,05,21650,1,N,D,G,A,A,H,-,C,A,0,,Y,,,Y,Y,L,04,0,0,1,0,0,0,1,0,0,"- ","- ",,,"SAN FRANCISCO","SAN FRANCISCO",-122.40254974365234,37.791919708251953
9403922,2022,2022-03-17,3801,2022-02-14,0852,892,SOUTH,1,5,7,3801,0,0,0,,0,0B3,"MISSION ST","8TH ST",0.00,,Y,A,-,N,,,,,,,,,,N,4,0,1,2,A,-,04,21703,,N,C,G,A,A,H,-,A,A,0,,Y,,,Y,,A,07,0,0,1,0,0,0,1,0,0,"- ","- ",,,"SAN FRANCISCO","SAN FRANCISCO",-122.41315460205078,37.7774658203125
9403927,2022,2022-03-17,3801,2022-02-14,1033,1340,RICHM,1,5,7,3801,0,0,0,,0,3G12A,"GEARY BL","10TH AV",135.00,E,N,B,-,N,,,,,,,,,,N,3,0,1,2,A,-,03,22350,,F,H,-,F,A,H,-,A,D,0,Y,Y,,,Y,,L,04,0,1,0,0,1,0,0,0,0,"- ","- ",,,"SAN FRANCISCO","SAN FRANCISCO",-122.46811676025391,37.780914306640625
9405008,2022,2022-02-17,3801,2022-01-06,1250,2728,TENDE,4,5,7,3801,0,0,0,,0,908,"MARKET ST","5TH ST",0.00,,Y,A,-,N,,,,,,,,,,N,3,0,1,2,A,-,10,21950,A,F,A,C,A,A,B,G,A,D,0,,Y,,,Y,,L,04,0,1,0,0,0,0,1,0,0,"- ","- ",,,"SAN FRANCISCO","SAN FRANCISCO",-122.40805816650391,37.78399658203125
9405079,2022,2022-02-14,3801,2022-01-15,2031,1160,SOUTH,6,5,7,3801,0,0,0,,0,0B2,"3RD ST","MISSION ST",0.00,,Y,A,-,N,,,,,,,,,,N,4,0,1,2,D,-,00,,,N,D,G,A,A,H,-,C,A,0,,Y,,,Y,,-,"- ",0,0,1,0,0,0,1,0,0,"- ","- ",,,"SAN FRANCISCO","SAN FRANCISCO",-122.40200042724609,37.786266326904297
9405084,2021,2022-02-15,3801,2021-12-03,1259,2237,SOUTH,5,5,7,3801,0,0,0,,0,00B,"5TH ST","FOLSOM ST",0.00,,Y,A,-,N,,,,,,,,,,N,3,0,1,2,A,-,09,21804,A,N,D,G,A,A,H,-,A,A,0,,Y,,,Y,,A,01,0,1,0,0,0,0,1,0,0,"- ","- ",,,"SAN FRANCISCO","SAN FRANCISCO",-122.40340423583984,37.7802734375
9406523,2022,2022-02-16,3801,2022-01-07,1424,2209,MISSI,5,5,7,3801,0,0,0,,0,3D44C,"HARRISON ST","24TH ST",0.00,,Y,A,-,N,,,,,,,,,,Y,3,0,1,2,A,-,09,21801,A,N,D,G,A,A,H,-,A,A,0,,Y,,,Y,,D,22,0,1,0,0,0,0,1,0,0,"- ","- ",,,"SAN FRANCISCO","SAN FRANCISCO",-122.41188812255859,37.752651214599609
9409608,2022,2022-03-21,3801,2022-01-27,1321,398,CENTR,4,5,7,3801,0,0,0,,0,3A15C,"NEW MONTGOMERY ST","MISSION ST",0.00,,Y,A,-,N,,,,,,,,,,N,3,0,1,2,D,-,00,,,N,B,G,A,A,H,-,A,D,0,,Y,,,Y,,-,"- ",0,1,0,0,0,0,1,0,0,"- ","- ",,,"SAN FRANCISCO","SAN FRANCISCO",-122.40049743652344,37.787452697753906
9410008,2022,2022-03-16,3801,2022-02-16,1616,643,TARAV,3,5,7,3801,0,0,0,,0,5CAR,"OCEAN AV","20TH AV",0.00,,Y,A,-,N,,,,,,,,,,N,4,0,1,2,A,-,09,21801,A,N,D,G,A,A,H,-,A,A,0,,Y,,,Y,,A,01,0,0,1,0,0,0,1,0,0,"- ","- ",,,"SAN FRANCISCO","SAN FRANCISCO",-122.47604370117188,37.732688903808594
9410022,2022,2022-03-15,3801,2022-02-05,1448,101,INGLE,6,5,7,3801,0,0,0,,0,,"MISSION ST","LEO ST",0.00,,N,A,-,N,,,,,,,,,,N,3,0,1,2,A,-,08,22102,,N,D,G,A,A,H,-,A,D,0,,Y,,,Y,Y,-,,0,1,0,0,0,0,1,0,0,"- ","- ",,,"SAN FRANCISCO","SAN FRANCISCO",-122.43650817871094,37.722457885742188
9410023,2022,2022-03-15,3801,2022-02-04,1818,1113,PARK,5,5,7,3801,0,0,0,,0,3F14D,"TWIN PEAKS BL","PANORAMA DR",0.00,,Y,A,-,N,,,,,,,,,,N,2,0,1,2,A,-,09,21801,A,N,B,G,A,A,H,-,C,-,0,,Y,,,Y,,A,01,1,0,0,0,0,0,1,0,0,"- ","- ",,,"SAN FRANCISCO","SAN FRANCISCO",-122.44951629638672,37.746631622314453
9410090,2022,2022-03-14,3801,2022-01-25,1727,2733,SOUTH,2,5,7,3801,0,0,0,,0,0B5,"17TH ST","ARKANSAS ST",0.00,,Y,A,-,N,,,,,,,,,,N,4,0,1,2,A,-,08,22107,,N,C,G,A,A,D,-,C,D,0,,Y,,,Y,,L,04,0,0,1,0,0,0,1,0,0,"- ","- ",,,"SAN FRANCISCO","SAN FRANCISCO",-122.39869689941406,37.765026092529297
9425268,2022,2022-04-19,3801,2022-03-22,1728,1951,SOUTH,2,5,7,3801,0,0,0,,0,0B3,"HARRISON ST","7TH ST",0.00,,Y,A,-,N,,,,,,,,,,N,4,0,1,2,A,-,17,21657,,N,D,G,A,A,H,-,A,A,0,,Y,,,Y,,L,04,0,0,1,0,0,0,1,0,0,"- ","- ",,,"SAN FRANCISCO","SAN FRANCISCO",-122.40628051757812,37.775539398193359
9425279,2022,2022-04-20,3801,2022-03-15,0756,1917,TARAV,2,5,7,3801,0,0,0,,0,3I16A,"LAKEVIEW AV","MAJESTIC AV",0.00,,Y,C,-,N,,,,,,,,,,N,3,0,1,2,A,-,09,21801,A,N,D,G,A,B,H,-,A,A,0,,Y,,,Y,,A,07,0,1,0,0,0,0,1,0,0,"- ","- ",,,"SAN FRANCISCO","SAN FRANCISCO",-122.45188140869141,37.716957092285156
9428703,2022,2022-04-21,3801,2022-02-27,0739,2202,INGLE,7,5,7,3801,0,0,0,,0,3H13A,"ALEMANY BL","SICKLES AV",0.00,,Y,A,-,N,,,,,,,,,,N,4,0,1,2,A,-,12,21453,A,N,D,G,A,A,H,-,A,A,0,,Y,,,Y,Y,L,04,0,0,1,0,0,0,1,0,0,"- ","- ",,,"SAN FRANCISCO","SAN FRANCISCO",-122.45491790771484,37.710514068603516
9434244,2022,2022-04-19,3801,2022-03-20,1050,610,MISSI,7,5,7,3801,0,0,0,,0,3D11A,"GUERRERO ST","DUBOCE AV",93.00,S,N,A,-,N,,,,,,,,,,N,4,0,1,2,A,-,05,21650,,N,A,G,A,A,H,-,A,D,0,,Y,,,Y,,L,04,0,0,1,0,0,0,1,0,0,"- ","- ",,,"SAN FRANCISCO","SAN FRANCISCO",-122.424560546875,37.769485473632812