CASE_ID,ACCIDENT_YEAR,PROC_DATE,JURIS,COLLISION_DATE,COLLISION_TIME,OFFICER_ID,REPORTING_DISTRICT,DAY_OF_WEEK,CHP_SHIFT,POPULATION,CNTY_CITY_LOC,SPECIAL_COND,BEAT_TYPE,CHP_BEAT_TYPE,CITY_DIVISION_LAPD,CHP_BEAT_CLASS,BEAT_NUMBER,PRIMARY_RD,SECONDARY_RD,DISTANCE,DIRECTION,INTERSECTION,WEATHER_1,WEATHER_2,STATE_HWY_IND,CALTRANS_COUNTY,CALTRANS_DISTRICT,STATE_ROUTE,ROUTE_SUFFIX,POSTMILE_PREFIX,POSTMILE,LOCATION_TYPE,RAMP_INTERSECTION,SIDE_OF_HWY,TOW_AWAY,COLLISION_SEVERITY,NUMBER_KILLED,NUMBER_INJURED,PARTY_COUNT,PRIMARY_COLL_FACTOR,PCF_CODE_OF_VIOL,PCF_VIOL_CATEGORY,PCF_VIOLATION,PCF_VIOL_SUBSECTION,HIT_AND_RUN,TYPE_OF_COLLISION,MVIW,PED_ACTION,ROAD_SURFACE,ROAD_COND_1,ROAD_COND_2,LIGHTING,CONTROL_DEVICE,CHP_ROAD_TYPE,PEDESTRIAN_ACCIDENT,BICYCLE_ACCIDENT,MOTORCYCLE_ACCIDENT,TRUCK_ACCIDENT,NOT_PRIVATE_PROPERTY,ALCOHOL_INVOLVED,STWD_VEHTYPE_AT_FAULT,CHP_VEHTYPE_AT_FAULT,COUNT_SEVERE_INJ,COUNT_VISIBLE_INJ,COUNT_COMPLAINT_PAIN,COUNT_PED_KILLED,COUNT_PED_INJURED,COUNT_BICYCLIST_KILLED,COUNT_BICYCLIST_INJURED,COUNT_MC_KILLED,COUNT_MC_INJURED,PRIMARY_RAMP,SECONDARY_RAMP,LATITUDE,LONGITUDE,COUNTY,CITY,POINT_X,POINT_Y
9434291,2022,2022-04-19,3801,2022-03-23,0608,2089,TARAV,3,5,7,3801,0,0,0,,0,COI/1C,"IRVING ST","9TH AV",0.00,,Y,F,-,N,,,,,,,,,,N,3,0,1,1,A,-,03,22350,,N,F,-,A,B,H,-,C,A,0,,Y,,,Y,,L,04,0,1,0,0,0,0,1,0,0,"- ","- ",,,"SAN FRANCISCO","SAN FRANCISCO",-122.46632385253906,37.764034271240234
9434583,2022,2022-04-15,3801,2022-02-15,0858,1172,SOUTH,2,5,7,3801,0,0,0,,0,4CAR,"MARKET ST","OCTAVIA ST",0.00,,Y,A,-,N,,,,,,,,,,N,4,0,1,2,A,-,21,22106,,F,-,G,A,A,H,-,A,A,0,,Y,,,Y,Y,A,01,0,0,1,0,0,0,1,0,0,"- ","- ",,,"SAN FRANCISCO","SAN FRANCISCO",-122.42359161376953,37.771774291992188
9435251,2022,2022-05-11,3801,2022-03-10,1347,2017,MISSI,4,5,7,3801,0,0,0,,0,3D4C,"CESAR CHAVEZ ST",SHOTWELL,0.00,,Y,A,-,N,,,,,,,,,,N,4,0,2,2,A,-,12,21453,A,N,-,C,A,A,-,-,A,A,0,,Y,,,Y,,-,,0,0,2,0,0,0,1,0,0,"- ","- ",,,"SAN FRANCISCO","SAN FRANCISCO",-122.41490936279297,37.7481689453125
9437197,2022,2022-05-16,3801,2022-04-12,1423,2088,INGLE,2,5,7,3801,0,0,0,,0,3H12C,"BOSWORTH ST","DIAMOND ST",240.00,E,N,A,-,N,,,,,,,,,,N,3,0,2,2,A,-,08,22107,,F,-,G,A,A,H,-,A,D,0,,Y,,,Y,,-,,0,1,1,0,0,0,2,0,0,"- ","- ",,,"SAN FRANCISCO","SAN FRANCISCO",-122.433349609375,37.733329772949219
9437220,2022,2022-05-16,3801,2022-04-17,0142,1741,SOUTH,7,5,7,3801,0,0,0,,0,901,"6TH ST","FOLSOM ST",0.00,,Y,A,-,N,,,,,,,,,,N,2,0,2,3,A,-,11,21456,B,N,D,B,B,A,-,-,C,A,0,Y,Y,,,Y,Y,N,60,1,1,0,0,2,0,0,0,0,"- ","- ",,,"SAN FRANCISCO","SAN FRANCISCO",-122.40560150146484,37.778499603271484
9437550,2022,2022-05-13,3801,2022-04-07,2104,2056,SOUTH,4,5,7,3801,0,0,0,,0,0B4,"SOUTH VAN NESS","MISSION ST",0.00,,Y,A,-,N,,,,,,,,,,N,3,0,1,2,A,-,12,21453,,N,A,G,A,-,H,-,C,A,0,,Y,,,Y,,L,04,0,1,0,0,0,0,1,0,0,"- ","- ",,,"SAN FRANCISCO","SAN FRANCISCO",-122.41863250732422,37.773109436035156
9441313,2022,2022-05-19,3801,2022-04-02,1720,1994,TRAFF,6,5,7,3801,0,0,0,,0,4B3D,"POWELL ST","OFARRELL ST",70.00,N,N,A,-,N,,,,,,,,,,N,3,0,1,1,A,-,03,22350,,N,H,I,A,A,G,-,A,D,0,,Y,,,Y,,L,04,0,1,0,0,0,0,1,0,0,"- ","- ",,,"SAN FRANCISCO","SAN FRANCISCO",-122.40806579589844,37.786628723144531
9443769,2021,2022-05-16,3801,2021-12-16,0938,1825,SOUTH,4,5,7,3801,0,0,0,,0,3B15A,"7TH ST","16TH ST",0.00,,Y,A,-,N,,,,,,,,,,N,2,0,1,2,A,-,08,22107,,N,D,G,A,A,H,-,A,A,0,,Y,,,Y,,A,01,1,0,0,0,0,0,1,0,0,"- ","- ",,,"SAN FRANCISCO","SAN FRANCISCO",-122.39506530761719,37.766536712646484
9443985,2022,2022-05-16,3801,2022-03-24,1324,1114,RICHM,4,5,7,3801,0,0,0,,0,3G4A,"POINT LOBOS AV","POINT LOBOS AV 1090",0.00,,Y,A,-,N,,,,,,,,,,N,3,0,1,2,A,-,03,22350,,N,C,G,A,A,H,-,A,D,0,,Y,,,Y,,L,04,0,1,0,0,0,0,1,0,0,"- ","- ",37.464309692382812,-122.30496215820312,"SAN FRANCISCO","SAN FRANCISCO",,
9446819,2022,2022-06-08,3801,2022-04-27,0901,830,MISSI,3,5,7,3801,0,0,0,,0,3D15A,"16TH ST","POTRERO AV",0.00,,Y,A,-,N,,,,,,,,,,N,4,0,1,2,A,-,11,21950,B,N,D,C,A,A,H,-,A,A,0,,Y,,,Y,,L,04,0,0,1,0,0,0,1,0,0,"- ","- ",,,"SAN FRANCISCO","SAN FRANCISCO",-122.40756225585938,37.765773773193359
9446858,2022,2022-07-13,3801,2022-05-04,1524,1534,INGLE,3,5,7,3801,0,0,0,,0,3H14D,"OSHAUGHNESSY BL","PORTOLA DR",0.00,,N,A,-,N,,,,,,,,,,N,4,0,1,2,A,-,03,22350,,N,C,-,A,A,H,-,A,A,0,,Y,,,Y,Y,A,01,0,0,1,0,0,0,1,0,0,"- ","- ",,,"SAN FRANCISCO","SAN FRANCISCO",-122.45160675048828,37.745479583740234
9446900,2022,2022-05-19,3801,2022-04-08,1014,001460,SOUTH,5,5,7,3801,0,0,0,,0,3B5A,"2ND ST","CLEMENTINA ST",0.00,,Y,A,-,N,,,,,,,,,,N,3,0,1,2,A,-,07,21658,A,N,D,G,A,A,H,-,A,D,0,,Y,,,Y,,A,01,0,1,0,0,0,0,1,0,0,"- ","- ",,,"SAN FRANCISCO","SAN FRANCISCO",-122.39724731445312,37.785995483398438
9453825,2022,2022-07-14,3801,2022-05-17,0736,1339,NORTH,2,5,7,3801,0,0,0,,0,,"GOUGH ST","PAGE ST",0.00,,Y,A,-,N,,,,,,,,,,N,3,0,1,2,A,-,12,21453,A,N,D,G,A,A,H,-,A,A,0,,Y,,,Y,,L,04,0,1,0,0,0,0,1,0,0,"- ","- ",,,"SAN FRANCISCO","SAN FRANCISCO",-122.42240905761719,37.774070739746094
9453928,2022,2022-07-14,3801,2022-06-10,2209,2167,NORTH,5,5,7,3801,0,0,0,,0,3E13E,"POLK ST","OFARRELL ST",0.00,,Y,A,-,N,,,,,,,,,,N,3,0,1,2,A,-,08,22107,,F,D,G,A,A,H,-,C,A,0,,Y,,,Y,,-,,0,1,0,0,0,0,1,0,0,"- ","- ",,,"SAN FRANCISCO","SAN FRANCISCO",-122.41954803466797,37.784969329833984
9453965,2022,2022-07-14,3801,2022-06-23,2345,1096,CENTR,4,5,7,3801,0,0,0,,0,3A14E,"THE EMBARCADERO NORTH","BAY ST",235.00,S,N,B,-,N,,,,,,,,,,N,2,0,1,2,A,-,05,21651,,N,A,G,A,A,H,-,C,D,0,,Y,,,Y,,L,04,1,0,0,0,0,0,1,0,0,"- ","- ",,,"SAN FRANCISCO","SAN FRANCISCO",-122.40528106689453,37.806285858154297
9453980,2022,2022-07-14,3801,2022-06-23,0715,432,MISSI,4,5,7,3801,0,0,0,,0,3D11A,"17TH ST","FOLSOM ST",0.00,,Y,A,-,N,,,,,,,,,,N,3,0,1,2,A,-,08,22107,,N,B,G,A,A,H,-,A,D,0,,Y,,,Y,,A,01,0,1,0,0,0,0,1,0,0,"- ","- ",,,"SAN FRANCISCO","SAN FRANCISCO",-122.41515350341797,37.763694763183594
9453991,2022,2022-08-31,3801,2022-06-11,0847,242,NORTH,6,5,7,3801,0,0,0,,0,901,"SCOTT ST","FILBERT ST",31.00,N,N,A,-,N,,,,,,,,,,N,3,0,2,2,C,-,18,,,N,C,-,A,A,H,-,A,D,0,,Y,,,Y,,-,"- ",0,2,0,0,0,0,2,0,0,"- ","- ",,,"SAN FRANCISCO","SAN FRANCISCO",-122.44063568115234,37.797473907470703
9454023,2022,2022-07-15,3801,2022-06-03,2300,1463,SOUTH,5,5,7,3801,0,0,0,,0,0J1,"MARKET ST","7TH ST",0.00,,Y,B,-,N,,,,,,,,,,N,2,0,1,1,A,-,03,22350,,N,H,A,A,A,H,-,C,A,0,,Y,,,Y,,L,04,1,0,0,0,0,0,1,0,0,"- ","- ",,,"SAN FRANCISCO","SAN FRANCISCO",-122.41251373291016,37.780479431152344
9454060,2022,2022-07-15,3801,2022-06-07,0854,50,TENDE,2,5,7,3801,0,0,0,,0,,"CHARLES J BRENHAM ST","MARKET ST",60.00,N,N,A,-,N,,,,,,,,,,N,3,0,1,2,A,-,00,21655,1,F,A,G,A,A,H,-,A,D,0,,Y,,,Y,Y,A,07,0,1,0,0,0,0,1,0,0,"- ","- ",,,"SAN FRANCISCO","SAN FRANCISCO",-122.41265106201172,37.780601501464844
9454164,2022,2022-07-19,3801,2022-04-19,1300,4267,TARAV,2,5,7,3801,0,0,0,,0,3I16A,"ALEMANY BL","SAINT CHARLES AV",0.00,,Y,A,-,N,,,,,,,,,,N,3,0,1,2,A,-,09,21802,,N,D,J,A,A,H,-,A,A,0,,Y,,,Y,,A,01,0,1,0,0,0,0,1,0,0,"- ","- ",,,"SAN FRANCISCO","SAN FRANCISCO",-122.46935272216797,37.710700988769531
9454184,2022,2022-07-11,3801,2022-05-29,1016,2162,SOUTH,7,5,7,3801,0,0,0,,0,3B4A,"MISSION ST","9TH ST",0.00,,Y,A,-,N,,,,,,,,,,N,3,0,1,2,A,-,03,22350,,F,D,J,A,A,H,-,A,A,0,,Y,,,Y,,L,04,0,1,0,0,0,0,0,0,0,"- ","- ",,,"SAN FRANCISCO","SAN FRANCISCO",-122.41471862792969,37.776241302490234
9459051,2022,2022-06-09,3801,2022-05-26,2030,539,MISSI,4,5,7,3801,0,0,0,,0,MISSIO,"24TH ST","CAPP ST",0.00,,Y,A,-,N,,,,,,,,,,N,4,0,1,2,A,-,03,22350,,F,C,G,A,A,H,-,B,A,0,,Y,,,Y,,A,01,0,0,1,0,0,0,1,0,0,"- ","- ",,,"SAN FRANCISCO","SAN FRANCISCO",-122.41733551025391,37.752307891845703
9460100,2022,2022-06-24,3801,2022-01-18,1820,4314,RICHM,2,5,7,3801,0,0,0,,0,0G1,"JOHN F KENNEDY DR","47TH AV",530.00,E,N,A,-,N,,,,,,,,,,N,3,0,1,2,A,-,09,21801,A,N,D,G,A,A,H,-,A,D,0,,Y,,,Y,,A,07,0,1,0,0,0,0,1,0,0,"- ","- ",,,"SAN FRANCISCO","SAN FRANCISCO",-122.50727844238281,37.767997741699219
9468619,2023,2023-09-08,3801,2023-08-09,1816,2118,SOUTH,3,5,7,3801,0,0,0,,0,3B12D,"HARRISON ST","2ND ST",0.00,,Y,A,-,N,,,,,,,,,,N,2,0,2,2,A,-,12,21453,A,N,H,G,A,A,H,-,A,A,0,,Y,,,Y,,L,04,1,0,1,0,0,0,1,0,0,"- ","- ",,,"SAN FRANCISCO","SAN FRANCISCO",-122.39517974853516,37.784332275390625
9468625,2023,2023-09-08,3801,2023-08-24,1332,310,SOUTH,4,5,7,3801,0,0,0,,0,3B49,"17TH ST","MISSISSIPPI ST",0.00,,Y,A,-,N,,,,,,,,,,N,2,0,1,1,A,-,03,22350,,N,H,I,A,A,H,-,A,D,0,,Y,,,Y,,L,04,1,0,0,0,0,0,1,0,0,"- ","- ",,,"SAN FRANCISCO","SAN FRANCISCO",-122.39485168457031,37.765243530273438
9468665,2023,2023-09-11,3801,2023-08-14,1926,2725,RICHM,1,5,7,3801,0,0,0,,0,,"ARGUELLO BL","WASHINGTON ST",121.00,S,N,A,-,N,,,,,,,,,,N,3,0,1,2,A,-,09,21801,A,N,H,A,A,A,H,-,A,D,0,,Y,,,Y,,A,01,0,1,0,0,0,0,1,0,0,"- ","- ",,,"SAN FRANCISCO","SAN FRANCISCO",-122.45936584472656,37.788009643554688
9468692,2023,2023-09-15,3801,2023-08-04,"656 ",2195,NORTH,5,5,7,3801,0,0,0,,0,003,"GOUGH ST","FULTON ST",0.00,,Y,A,-,N,,,,,,,,,,N,3,0,1,2,A,-,08,22107,,N,D,G,A,A,H,-,A,A,0,,Y,,,Y,,A,01,0,1,0,0,0,0,1,0,0,"- ","- ",,,"SAN FRANCISCO","SAN FRANCISCO",-122.42334747314453,37.778751373291016
9468704,2023,2023-09-14,3801,2023-08-11,2223,2335,PARK,5,5,7,3801,0,0,0,,0,0F3,"OAK ST","CENTRAL AV",0.00,,Y,A,-,N,,,,,,,,,,N,4,0,1,2,A,-,03,22350,,N,B,G,A,A,H,-,C,A,0,,Y,,,Y,,L,04,0,0,1,0,0,0,1,0,0,"- ","- ",,,"SAN FRANCISCO","SAN FRANCISCO",-122.44405364990234,37.772289276123047
9468748,2023,2023-09-13,3801,2023-07-01,"210 ",2708,SOUTH,6,5,7,3801,0,0,0,,0,3B13E,"FOLSOM ST","7TH ST",0.00,,Y,A,-,N,,,,,,,,,,N,3,0,1,2,A,-,21,22106,A,N,-,G,A,A,H,-,C,D,0,,Y,,,Y,,A,01,0,1,0,0,0,0,1,0,0,"- ","- ",,,"SAN FRANCISCO","SAN FRANCISCO",-122.40784454345703,37.776771545410156
9468793,2023,2023-09-11,3801,2023-07-26,1440,82,MISSI,3,5,7,3801,0,0,0,,0,3D45C,"17TH ST","DOLORES ST",0.00,,Y,A,-,N,,,,,,,,,,N,4,0,1,2,A,-,12,21453,A,N,D,G,A,A,H,-,A,A,0,,Y,,,Y,,L,04,0,0,1,0,0,0,1,0,0,"- ","- ",,,"SAN FRANCISCO","SAN FRANCISCO",-122.42630004882812,37.763008117675781
9468804,2023,2023-09-11,3801,2023-07-28,"141 ",1308,SOUTH,5,5,7,3801,0,0,0,,0,3B12E,"HOWARD RD","6TH ST",0.00,,Y,A,-,N,,,,,,,,,,N,4,0,1,2,A,-,12,21453,A,F,D,G,A,A,H,-,B,A,0,,Y,Y,,Y,,L,04,0,0,1,0,0,0,1,0,0,"- ","- ",,,"SAN FRANCISCO","SAN FRANCISCO",-122.40714263916016,37.779750823974609
9468853,2023,2023-09-12,3801,2023-06-23,1610,2455,CENTR,5,5,7,3801,0,0,0,,0,3A15D,"THE EMBARCADERO","THE EMBARCADERO 1",0.00,,Y,A,-,N,,,,,,,,,,N,4,0,1,2,D,-,00,,,N,B,G,A,A,H,-,A,A,0,,Y,,,Y,,-,"- ",0,0,1,0,0,0,1,0,0,"- ","- ",,,"SAN FRANCISCO","SAN FRANCISCO",-122.38925933837891,37.780281066894531
9469452,2023,2023-09-21,3801,2023-08-27,1350,537,PARK,7,5,7,3801,0,0,0,,0,3F00,"OAK ST","SCOTT ST",0.00,,Y,A,-,N,,,,,,,,,,N,4,0,1,2,A,-,"- ",,,N,A,G,A,A,H,-,A,D,0,,Y,,,Y,,-,"- ",0,0,1,0,0,0,1,0,0,"- ","- ",,,"SAN FRANCISCO","SAN FRANCISCO",-122.43576812744141,37.773334503173828
9472117,2022,2022-07-14,3801,2022-06-15,1859,309,TARAV,3,5,7,3801,0,0,0,,0,3111D,"KIRKHAM ST","10TH AV",0.00,,Y,A,-,N,,,,,,,,,,N,3,0,1,2,A,-,04,21703,,F,C,G,A,A,H,-,A,A,0,,Y,,,Y,,A,01,0,1,0,0,0,0,1,0,0,"- ","- ",,,"SAN FRANCISCO","SAN FRANCISCO",-122.46714019775391,37.760246276855469
9478917,2022,2022-09-08,3801,2022-04-07,1518,2134,TENDE,4,5,7,3801,0,0,0,,0,3J11D,"7TH ST","MARKET ST",0.00,,N,A,-,N,,,,,,,,,,N,4,0,1,3,A,-,17,22517,,N,H,G,A,A,H,-,A,A,0,,Y,,,Y,,-,,0,0,1,0,0,0,1,0,0,"- ","- ",,,"SAN FRANCISCO","SAN FRANCISCO",-122.41251373291016,37.780479431152344
9481491,2022,2022-08-08,3801,2022-07-11,1712,4001,MISSI,1,5,7,3801,0,0,0,,0,,"CAPP ST","19TH ST",35.00,S,N,A,-,N,,,,,,,,,,N,3,0,1,2,A,-,03,22350,,F,A,G,A,A,H,-,A,A,0,,Y,,,Y,,A,01,0,1,0,0,0,0,1,0,0,"- ","- ",,,"SAN FRANCISCO","SAN FRANCISCO",-122.41809844970703,37.76019287109375
9481507,2022,2022-08-10,3801,2022-07-22,1920,1198,MISSI,5,5,7,3801,0,0,0,,0,,"17TH ST","CHURCH ST",0.00,,Y,A,-,N,,,,,,,,,,N,4,0,1,1,A,-,17,21209,,N,H,I,A,A,H,-,A,D,0,,Y,,,Y,Y,-,"- ",0,0,1,0,0,0,1,0,0,"- ","- ",,,"SAN FRANCISCO","SAN FRANCISCO",-122.42851257324219,37.762882232666016
9483543,2022,2022-08-08,3801,2022-07-14,2354,2491,SOUTH,4,5,7,3801,0,0,0,,0,3B14E,"11TH ST","HARRISON ST",0.00,,Y,A,-,N,,,,,,,,,,N,4,0,1,2,A,-,07,21658,A,F,B,G,A,A,H,-,C,D,0,,Y,,,Y,Y,A,07,0,0,1,0,0,0,1,0,0,"- ","- ",,,"SAN FRANCISCO","SAN FRANCISCO",-122.41246795654297,37.770633697509766
9483549,2022,2022-08-08,3801,2022-05-13,0823,1387,CENTR,5,5,7,3801,0,0,0,,0,3A5A,"MARKET ST","1ST ST",0.00,,Y,A,-,N,,,,,,,,,,N,3,0,1,2,A,-,09,21801,A,F,D,G,A,A,H,-,A,A,0,,Y,,,Y,,A,01,0,1,0,0,0,0,1,0,0,"- ","- ",,,"SAN FRANCISCO","SAN FRANCISCO",-122.39913940429688,37.791053771972656
9483600,2022,2022-08-05,3801,2022-07-05,1502,2493,PARK,2,5,7,3801,0,0,0,,0,3F13A,"7TH AV","LAWTON ST",0.00,,-,A,-,N,,,,,,,,,,N,2,0,1,2,A,-,17,22517,,N,B,G,A,A,H,-,A,D,0,,Y,,,Y,,A,01,1,0,0,0,0,0,1,0,0,"- ","- ",,,"SAN FRANCISCO","SAN FRANCISCO",-122.46382904052734,37.758537292480469
9488618,2022,2022-08-29,3801,2022-06-14,0900,308,1,2,5,7,3801,0,0,0,,0,001,"HOLLOWAY AV","TAPIA DR",113.00,W,N,A,-,N,,,,,,,,,,N,2,0,1,1,C,-,18,,,N,H,J,A,A,A,-,A,D,0,,Y,,,Y,,-,"- ",1,0,0,0,0,0,1,0,0,"- ","- ",37.721019744873047,-122.48133850097656,"SAN FRANCISCO","SAN FRANCISCO",-122.48100280761719,37.720912933349609
9503062,2022,2022-10-07,3801,2022-08-07,2218,4136,RICHM,7,5,7,3801,0,0,0,,0,3G2E,"CLAY ST","PRESIDIO AVE",0.00,,N,A,-,N,,,,,,,,,,N,2,0,1,1,D,-,00,,,N,E,I,A,A,C,G,C,D,0,,Y,,,Y,,-,"- ",1,0,0,0,0,0,1,0,0,"- ","- ",,,"SAN FRANCISCO","SAN FRANCISCO",-122.44715881347656,37.789073944091797
9503116,2022,2022-09-21,3801,2022-08-15,0849,621,CENTR,1,5,7,3801,0,0,0,,0,3A13A,"KEARNY ST","VER MEHR PL",18.00,S,N,A,-,N,,,,,,,,,,N,4,0,1,2,A,-,06,21755,,N,B,G,A,A,H,-,A,D,0,,Y,,,Y,,A,01,0,0,1,0,0,0,1,0,0,"- ","- ",,,"SAN FRANCISCO","SAN FRANCISCO",-122.40373992919922,37.789291381835938
9503119,2022,2022-09-21,3801,2022-08-11,1745,1148,MISSI,4,5,7,3801,0,0,0,,0,3D15D,"MISSION ST","15TH ST",76.00,N,N,A,-,N,,,,,,,,,,N,4,0,1,2,A,-,05,21460,A,N,D,G,A,A,H,-,A,D,0,,Y,,,Y,,A,01,0,0,1,0,0,0,1,0,0,"- ","- ",,,"SAN FRANCISCO","SAN FRANCISCO",-122.41983795166016,37.766880035400391
9503226,2022,2022-09-21,3801,2022-08-22,2148,679,NORTH,1,5,7,3801,0,0,0,,0,0E3,"TURK ST","GOUGH ST",0.00,,Y,A,-,N,,,,,,,,,,N,3,0,1,2,A,-,12,21453,A,N,D,C,A,A,H,-,C,A,0,,Y,,,Y,,L,04,0,1,0,0,0,0,1,0,0,"- ","- ",,,"SAN FRANCISCO","SAN FRANCISCO",-122.42391967773438,37.781532287597656
9503229,2022,2022-09-21,3801,2022-08-02,0546,390,PARK,2,5,7,3801,0,0,0,,0,001,"KEZAR DR","JOHN F KENNEDY DR",142.00,S,N,A,-,N,,,,,,,,,,N,4,0,1,2,D,-,00,,,N,D,G,A,A,H,-,C,A,0,,Y,,,Y,,-,"- ",0,0,1,0,0,0,1,0,0,"- ","- ",,,"SAN FRANCISCO","SAN FRANCISCO",-122.45545959472656,37.770488739013672
9505217,2022,2022-10-11,3801,2022-04-07,1737,1173,RICHM,4,5,7,3801,0,0,0,,0,901,"GREAT HWY","JOHN KENNEDY DR",0.00,,Y,A,-,N,,,,,,,,,,N,3,0,1,2,A,-,09,21801,A,N,D,G,A,A,H,-,A,D,0,,Y,,,Y,,A,01,0,1,0,0,0,0,1,0,0,"- ","- ",,,"SAN FRANCISCO","SAN FRANCISCO",-122.51103973388672,37.770481109619141
9505607,2022,2022-11-17,3801,2022-10-26,2210,2330,TARVA,3,5,7,3801,0,0,0,,0,3I13E,"TARAVAL ST","41ST AV",0.00,,Y,A,-,N,,,,,,,,,,N,2,0,1,2,A,-,17,21200,,N,D,G,A,A,H,-,C,A,0,,Y,,,Y,,L,04,1,0,0,0,0,0,1,0,0,"- ","- ",,,"SAN FRANCISCO","SAN FRANCISCO",-122.49925994873047,37.742012023925781
9505809,2022,2022-11-16,3801,2022-10-24,1540,2139,TARAV,1,5,7,3801,0,0,0,,0,901,"23RD AV","LINCOLN WY",0.00,,Y,A,-,N,,,,,,,,,,N,3,0,1,2,A,-,09,21800,A,N,B,G,A,A,H,-,A,A,0,,Y,,,Y,,A,01,0,1,0,0,0,0,1,0,0,"- ","- ",,,"SAN FRANCISCO","SAN FRANCISCO",-122.48155975341797,37.765251159667969
9506051,2022,2022-11-10,3801,2022-10-03,1752,307,NORTH,1,5,7,3801,0,0,0,,0,3E13D,"MCALLISTER ST","GOUGH ST",0.00,,Y,A,-,N,,,,,,,,,,N,3,0,1,2,A,-,09,21801,A,N,D,G,A,A,H,-,A,A,0,,Y,,,Y,,A,01,0,1,0,0,0,0,1,0,0,"- ","- ",,,"SAN FRANCISCO","SAN FRANCISCO",-122.42353820800781,37.779670715332031
9506074,2022,2022-11-10,3801,2022-10-11,1745,539,NORTH,2,5,7,3801,0,0,0,,0,NORTHE,"MCALLISTER ST","WEBSTER ST",0.00,,Y,B,-,N,,,,,,,,,,N,3,0,1,2,A,-,12,21453,A,N,D,G,A,A,H,-,A,A,0,,Y,,,Y,,L,04,0,1,0,0,0,0,1,0,0,CN,"- ",,,"SAN FRANCISCO","SAN FRANCISCO",-122.43010711669922,37.778839111328125
9506355,2022,2022-10-11,3801,2022-09-12,1517,2732,CENTR,1,5,7,3801,0,0,0,,0,3A11D,"LARKIN ST","CEDAR ST",34.00,S,N,A,-,N,,,,,,,,,,N,4,0,2,2,A,-,11,21954,A,N,G,B,D,A,H,-,A,A,0,Y,Y,,,Y,,N,60,0,0,2,0,1,0,1,0,0,"- ","- ",,,"SAN FRANCISCO","SAN FRANCISCO",-122.41817474365234,37.786476135253906
9506394,2022,2022-10-11,3801,2022-09-16,2025,1198,MISSI,5,5,7,3801,0,0,0,,0,,"VALENCIA ST","HILL ST",0.00,,Y,A,-,N,,,,,,,,,,N,4,0,1,2,A,-,08,22107,,N,B,G,A,A,H,-,C,D,0,,Y,,,Y,,A,01,0,0,1,0,0,0,1,0,0,"- ","- ",,,"SAN FRANCISCO","SAN FRANCISCO",-122.42104339599609,37.756099700927734
9506418,2022,2022-10-14,3801,2022-09-22,1008,2154,TENDE,4,5,7,3801,0,0,0,,0,3S13H,"4TH ST","JESSIE ST",0.00,,Y,A,-,N,,,,,,,,,,N,3,0,1,3,A,-,11,21954,A,N,-,G,D,A,H,-,A,A,0,Y,Y,,,Y,,N,60,0,1,0,0,0,0,1,0,0,"- ","- ",,,"SAN FRANCISCO","SAN FRANCISCO",-122.40476989746094,37.784942626953125
9506482,2022,2022-10-18,3801,2022-09-12,1422,1987,TENDE,1,5,7,3801,0,0,0,,0,3J92D,"MISSION ST","8TH ST",0.00,,Y,A,-,N,,,,,,,,,,N,4,0,1,2,A,-,"- ",,,N,B,C,A,A,H,-,A,A,0,,Y,,,Y,,L,04,0,0,1,0,0,0,1,0,0,"- ","- ",,,"SAN FRANCISCO","SAN FRANCISCO",-122.41315460205078,37.7774658203125
9506500,2022,2022-10-10,3801,2022-09-05,0905,4286,RICHM,1,5,7,3801,0,0,0,,0,0G2,"CLAY ST","BRODERICK ST",180.00,W,N,A,-,N,,,,,,,,,,N,3,0,1,2,A,-,09,21801,A,N,D,G,A,A,H,-,A,D,0,,Y,,,Y,,A,01,0,1,0,0,0,0,1,0,0,"- ","- ",,,"SAN FRANCISCO","SAN FRANCISCO",-122.44309997558594,37.789577484130859
9506537,2022,2022-10-11,3801,2022-09-20,1741,2433,SOUTH,2,5,7,3801,0,0,0,,0,3B3D,"4TH ST","FOLSOM ST",25.00,W,N,A,-,N,,,,,,,,,,N,4,0,1,2,A,-,03,22350,,N,B,G,A,A,H,-,A,A,0,,Y,,,Y,,L,04,0,0,1,0,0,0,1,0,0,"- ","- ",,,"SAN FRANCISCO","SAN FRANCISCO",-122.40122222900391,37.782085418701172
9506577,2022,2022-10-10,3801,2022-08-31,1938,4046,INGLE,3,5,7,3801,0,0,0,,0,3H61,"JARBOE AV","PUTNAM ST",0.00,,Y,A,-,N,,,,,,,,,,N,3,0,1,2,A,-,09,21802,A,N,D,C,A,A,H,-,A,A,0,,Y,,,Y,,L,04,0,1,0,0,0,0,1,0,0,"- ","- ",,,"SAN FRANCISCO","SAN FRANCISCO",-122.41088104248047,37.738170623779297
9506584,2022,2022-10-11,3801,2022-09-10,1419,4006,TARAV,6,5,7,3801,0,0,0,,0,3I2B,"31ST AV","KIRKHAM ST",0.00,,Y,A,-,N,,,,,,,,,,N,4,0,1,2,A,-,09,21800,C,N,D,G,A,A,H,-,A,A,0,,Y,,,Y,,L,04,0,0,1,0,0,0,1,0,0,"- ","- ",,,"SAN FRANCISCO","SAN FRANCISCO",-122.48972320556641,37.759258270263672